date,close,open,high,low
10/06/2024 00:00,69559.99000000,69648.15000000,69655.11000000,69426.00000000
10/06/2024 01:00,69625.52000000,69559.99000000,69686.42000000,69516.00000000
10/06/2024 02:00,69716.00000000,69625.52000000,69801.34000000,69608.40000000
10/06/2024 03:00,69613.20000000,69716.01000000,69767.41000000,69574.80000000
10/06/2024 04:00,69674.33000000,69613.20000000,69677.50000000,69530.95000000
10/06/2024 05:00,69580.48000000,69674.33000000,69674.33000000,69530.00000000
10/06/2024 06:00,69429.87000000,69580.47000000,69618.76000000,69301.00000000
10/06/2024 07:00,69303.99000000,69429.87000000,69500.00000000,69249.99000000
10/06/2024 08:00,69387.50000000,69304.00000000,69494.99000000,69279.35000000
10/06/2024 09:00,69449.99000000,69387.50000000,69474.39000000,69172.29000000
10/06/2024 10:00,69439.99000000,69450.00000000,69470.93000000,69357.38000000
10/06/2024 11:00,69473.89000000,69439.99000000,69550.00000000,69337.02000000
10/06/2024 12:00,69363.99000000,69473.89000000,69520.01000000,69331.55000000
10/06/2024 13:00,69408.21000000,69364.00000000,69512.90000000,69201.59000000
10/06/2024 14:00,69662.09000000,69408.21000000,69662.10000000,69300.01000000
10/06/2024 15:00,70066.12000000,69662.10000000,70195.94000000,69612.26000000
10/06/2024 16:00,69972.17000000,70066.12000000,70105.82000000,69722.00000000
10/06/2024 17:00,70043.00000000,69972.18000000,70060.00000000,69761.89000000
10/06/2024 18:00,69860.01000000,70043.01000000,70141.10000000,69737.56000000
10/06/2024 19:00,69490.80000000,69860.01000000,69860.01000000,69386.81000000
10/06/2024 20:00,69632.51000000,69490.81000000,69700.51000000,69334.46000000
10/06/2024 21:00,69585.48000000,69632.51000000,69694.68000000,69530.00000000
10/06/2024 22:00,69495.99000000,69585.49000000,69592.00000000,69424.28000000
10/06/2024 23:00,69540.00000000,69495.99000000,69563.38000000,69400.01000000
11/06/2024 00:00,69410.85000000,69540.00000000,69590.01000000,69400.00000000
11/06/2024 01:00,68724.01000000,69410.86000000,69523.71000000,68500.00000000
11/06/2024 02:00,68268.62000000,68724.00000000,68922.29000000,67900.00000000
11/06/2024 03:00,68464.00000000,68268.62000000,68488.00000000,68170.00000000
11/06/2024 04:00,68024.04000000,68464.00000000,68464.00000000,67617.00000000
11/06/2024 05:00,67903.57000000,68024.03000000,68056.28000000,67657.03000000
11/06/2024 06:00,67692.00000000,67903.58000000,67974.49000000,67325.00000000
11/06/2024 07:00,67570.18000000,67691.99000000,67844.76000000,67526.95000000
11/06/2024 08:00,67516.74000000,67570.18000000,67641.03000000,67284.38000000
11/06/2024 09:00,67084.34000000,67516.75000000,67662.49000000,66900.00000000
11/06/2024 10:00,66961.99000000,67084.33000000,67303.46000000,66732.00000000
11/06/2024 11:00,66890.01000000,66961.99000000,67123.13000000,66762.58000000
11/06/2024 12:00,67019.99000000,66890.00000000,67194.31000000,66790.80000000
11/06/2024 13:00,66812.00000000,67020.00000000,67278.88000000,66568.35000000
11/06/2024 14:00,66851.26000000,66812.01000000,67103.42000000,66776.81000000
11/06/2024 15:00,66244.48000000,66851.27000000,67076.00000000,66051.00000000
11/06/2024 16:00,66487.47000000,66244.48000000,66738.78000000,66161.26000000
11/06/2024 17:00,66770.99000000,66487.48000000,66805.98000000,66175.00000000
11/06/2024 18:00,67117.30000000,66771.00000000,67229.93000000,66652.39000000
11/06/2024 19:00,67407.01000000,67117.31000000,67586.64000000,67070.51000000
11/06/2024 20:00,67290.07000000,67407.02000000,67500.00000000,67173.92000000
11/06/2024 21:00,67396.61000000,67290.07000000,67396.62000000,67202.26000000
11/06/2024 22:00,67360.22000000,67396.61000000,67572.54000000,67311.42000000
11/06/2024 23:00,67314.24000000,67360.22000000,67588.22000000,67309.91000000
12/06/2024 00:00,67199.99000000,67314.23000000,67436.53000000,67183.47000000
12/06/2024 01:00,67180.01000000,67199.99000000,67240.00000000,66905.00000000
12/06/2024 02:00,67415.25000000,67180.00000000,67596.15000000,67128.08000000
12/06/2024 03:00,67407.00000000,67415.26000000,67496.25000000,67317.77000000
12/06/2024 04:00,67481.59000000,67407.01000000,67624.89000000,67350.01000000
12/06/2024 05:00,67243.21000000,67481.60000000,67505.13000000,67195.97000000
12/06/2024 06:00,67281.64000000,67243.21000000,67382.81000000,67243.20000000
12/06/2024 07:00,67453.63000000,67281.63000000,67500.01000000,67229.78000000
12/06/2024 08:00,67393.46000000,67453.64000000,67532.64000000,67376.10000000
12/06/2024 09:00,67753.32000000,67393.47000000,67804.00000000,67353.02000000
12/06/2024 10:00,67991.98000000,67753.33000000,68059.01000000,67753.32000000
12/06/2024 11:00,67778.43000000,67991.99000000,68015.40000000,67716.22000000
12/06/2024 12:00,69339.29000000,67778.43000000,69488.00000000,67736.00000000
12/06/2024 13:00,69320.00000000,69339.29000000,69649.80000000,69084.00000000
12/06/2024 14:00,69960.57000000,69320.01000000,69980.00000000,69300.01000000
12/06/2024 15:00,69734.00000000,69960.56000000,69999.00000000,69539.54000000
12/06/2024 16:00,69616.00000000,69734.00000000,69786.46000000,69289.50000000
12/06/2024 17:00,69799.99000000,69616.01000000,69862.40000000,69492.00000000
12/06/2024 18:00,68828.01000000,69800.00000000,69808.47000000,68575.00000000
12/06/2024 19:00,67532.92000000,68828.00000000,69226.14000000,67250.00000000
12/06/2024 20:00,68103.97000000,67532.92000000,68312.00000000,67413.51000000
12/06/2024 21:00,68536.00000000,68103.96000000,68667.44000000,68097.91000000
12/06/2024 22:00,68345.82000000,68536.00000000,68539.99000000,68270.92000000
12/06/2024 23:00,68263.99000000,68345.81000000,68347.00000000,68124.00000000
13/06/2024 00:00,68330.02000000,68263.98000000,68393.63000000,68005.85000000
13/06/2024 01:00,67979.63000000,68330.02000000,68363.35000000,67910.00000000
13/06/2024 02:00,67734.81000000,67979.63000000,68177.00000000,67690.95000000
13/06/2024 03:00,67474.94000000,67734.80000000,67850.08000000,66969.98000000
13/06/2024 04:00,67328.01000000,67474.95000000,67729.41000000,67328.00000000
13/06/2024 05:00,67604.04000000,67328.01000000,67680.00000000,67328.01000000
13/06/2024 06:00,67518.57000000,67604.04000000,67614.55000000,67300.30000000
13/06/2024 07:00,67724.81000000,67518.58000000,67724.81000000,67399.99000000
13/06/2024 08:00,67565.56000000,67724.80000000,67752.06000000,67508.00000000
13/06/2024 09:00,67419.86000000,67565.57000000,67569.67000000,67168.00000000
13/06/2024 10:00,67820.40000000,67419.86000000,67971.20000000,67230.94000000
13/06/2024 11:00,67739.99000000,67820.40000000,67961.07000000,67648.49000000
13/06/2024 12:00,67749.54000000,67740.00000000,68449.30000000,67439.43000000
13/06/2024 13:00,67589.99000000,67749.54000000,68272.00000000,67521.55000000
13/06/2024 14:00,67365.62000000,67590.00000000,67739.28000000,67150.00000000
13/06/2024 15:00,66470.01000000,67365.62000000,67537.87000000,66368.76000000
13/06/2024 16:00,66976.00000000,66470.01000000,67019.42000000,66251.78000000
13/06/2024 17:00,66920.00000000,66976.01000000,67080.13000000,66639.47000000
13/06/2024 18:00,66862.99000000,66919.99000000,66976.87000000,66693.43000000
13/06/2024 19:00,66604.01000000,66862.99000000,66884.00000000,66588.83000000
13/06/2024 20:00,66712.98000000,66604.01000000,66810.48000000,66530.84000000
13/06/2024 21:00,66969.99000000,66712.97000000,66969.99000000,66680.14000000
13/06/2024 22:00,66896.00000000,66969.99000000,66980.00000000,66840.07000000
13/06/2024 23:00,66773.01000000,66895.99000000,66909.26000000,66681.40000000
14/06/2024 00:00,66727.73000000,66773.01000000,66897.96000000,66604.60000000
14/06/2024 01:00,66806.17000000,66727.73000000,66833.10000000,66480.00000000
14/06/2024 02:00,66952.00000000,66806.17000000,67027.32000000,66713.50000000
14/06/2024 03:00,66744.00000000,66952.01000000,66982.98000000,66676.28000000
14/06/2024 04:00,66717.39000000,66744.00000000,66833.33000000,66717.00000000
14/06/2024 05:00,67052.49000000,66717.38000000,67221.32000000,66707.76000000
14/06/2024 06:00,66962.41000000,67052.50000000,67124.29000000,66876.00000000
14/06/2024 07:00,66904.98000000,66962.40000000,67110.10000000,66885.68000000
14/06/2024 08:00,67152.04000000,66904.98000000,67256.32000000,66863.46000000
14/06/2024 09:00,66920.01000000,67152.04000000,67152.04000000,66899.39000000
14/06/2024 10:00,66873.14000000,66920.01000000,67015.92000000,66836.54000000
14/06/2024 11:00,67036.00000000,66873.15000000,67101.00000000,66746.40000000
14/06/2024 12:00,67083.30000000,67035.99000000,67288.00000000,66960.58000000
14/06/2024 13:00,67070.50000000,67083.31000000,67370.24000000,66950.00000000
14/06/2024 14:00,66982.98000000,67070.49000000,67115.25000000,66561.30000000
14/06/2024 15:00,66392.00000000,66982.98000000,67059.46000000,66344.67000000
14/06/2024 16:00,65293.40000000,66392.00000000,66520.00000000,65200.87000000
14/06/2024 17:00,65416.01000000,65293.39000000,65753.23000000,65078.31000000
14/06/2024 18:00,65524.86000000,65416.01000000,65537.31000000,65078.00000000
14/06/2024 19:00,65520.02000000,65524.85000000,65684.00000000,65299.99000000
14/06/2024 20:00,65766.41000000,65520.02000000,65970.23000000,65480.00000000
14/06/2024 21:00,66196.01000000,65766.41000000,66627.52000000,65725.77000000
14/06/2024 22:00,66014.01000000,66196.01000000,66252.00000000,65882.35000000
14/06/2024 23:00,66043.99000000,66014.01000000,66081.39000000,65916.00000000
15/06/2024 00:00,66185.62000000,66043.99000000,66287.76000000,65967.50000000
15/06/2024 01:00,66076.01000000,66185.62000000,66290.00000000,66064.88000000
15/06/2024 02:00,66215.35000000,66076.00000000,66253.29000000,66050.32000000
15/06/2024 03:00,66267.87000000,66215.34000000,66273.88000000,66192.00000000
15/06/2024 04:00,66246.85000000,66267.87000000,66380.58000000,66210.00000000
15/06/2024 05:00,66231.82000000,66246.84000000,66389.10000000,66215.29000000
15/06/2024 06:00,66168.57000000,66231.81000000,66416.66000000,66127.00000000
15/06/2024 07:00,66076.99000000,66168.57000000,66200.00000000,66065.80000000
15/06/2024 08:00,66221.31000000,66076.99000000,66221.31000000,66076.98000000
15/06/2024 09:00,66227.00000000,66221.31000000,66280.80000000,66086.51000000
15/06/2024 10:00,66300.01000000,66227.00000000,66306.31000000,66195.91000000
15/06/2024 11:00,66319.95000000,66300.01000000,66348.00000000,66264.01000000
15/06/2024 12:00,66348.01000000,66319.94000000,66360.00000000,66222.70000000
15/06/2024 13:00,66313.47000000,66348.01000000,66354.82000000,66240.11000000
15/06/2024 14:00,66220.52000000,66313.47000000,66313.47000000,66153.84000000
15/06/2024 15:00,66316.02000000,66220.51000000,66478.48000000,66210.83000000
15/06/2024 16:00,66184.00000000,66316.02000000,66360.00000000,66179.99000000
15/06/2024 17:00,66250.01000000,66184.00000000,66304.94000000,66133.92000000
15/06/2024 18:00,66145.19000000,66250.00000000,66250.00000000,66139.50000000
15/06/2024 19:00,66154.70000000,66145.19000000,66208.00000000,66071.47000000
15/06/2024 20:00,66048.02000000,66154.70000000,66170.99000000,65857.10000000
15/06/2024 21:00,66126.89000000,66048.02000000,66149.00000000,66042.85000000
15/06/2024 22:00,66200.00000000,66126.89000000,66200.00000000,66045.08000000
15/06/2024 23:00,66228.25000000,66199.99000000,66287.76000000,66199.99000000
16/06/2024 00:00,66161.96000000,66228.25000000,66269.74000000,66161.95000000
16/06/2024 01:00,66175.68000000,66161.96000000,66218.48000000,66102.03000000
16/06/2024 02:00,66142.86000000,66175.68000000,66182.26000000,66114.27000000
16/06/2024 03:00,66146.00000000,66142.86000000,66164.30000000,66076.55000000
16/06/2024 04:00,66166.02000000,66145.99000000,66207.72000000,66034.50000000
16/06/2024 05:00,66264.00000000,66166.02000000,66264.00000000,66166.01000000
16/06/2024 06:00,66312.01000000,66264.00000000,66360.18000000,66178.77000000
16/06/2024 07:00,66266.30000000,66312.01000000,66357.97000000,66252.00000000
16/06/2024 08:00,66272.51000000,66266.30000000,66340.00000000,66241.64000000
16/06/2024 09:00,66409.97000000,66272.51000000,66428.45000000,66172.50000000
16/06/2024 10:00,66716.31000000,66409.97000000,66770.00000000,66372.47000000
16/06/2024 11:00,66492.83000000,66716.31000000,66742.39000000,66435.15000000
16/06/2024 12:00,66597.47000000,66492.83000000,66642.20000000,66480.00000000
16/06/2024 13:00,66762.49000000,66597.48000000,66762.50000000,66560.00000000
16/06/2024 14:00,66519.02000000,66762.49000000,66793.72000000,66504.00000000
16/06/2024 15:00,66712.80000000,66519.01000000,66723.00000000,66512.06000000
16/06/2024 16:00,66592.19000000,66712.80000000,66744.71000000,66557.20000000
16/06/2024 17:00,66578.02000000,66592.19000000,66669.99000000,66522.00000000
16/06/2024 18:00,66590.01000000,66578.02000000,66669.95000000,66573.51000000
16/06/2024 19:00,66562.52000000,66590.01000000,66647.69000000,66522.00000000
16/06/2024 20:00,66517.55000000,66562.52000000,66620.01000000,66461.25000000
16/06/2024 21:00,66525.00000000,66517.54000000,66541.53000000,66460.00000000
16/06/2024 22:00,66755.99000000,66525.01000000,66998.70000000,66525.00000000
16/06/2024 23:00,66676.87000000,66755.99000000,66826.13000000,66631.40000000
17/06/2024 00:00,66583.96000000,66676.86000000,66913.69000000,66549.37000000
17/06/2024 01:00,66472.26000000,66583.96000000,66610.00000000,66234.26000000
17/06/2024 02:00,66344.02000000,66472.25000000,66480.00000000,66213.71000000
17/06/2024 03:00,66222.00000000,66344.01000000,66431.36000000,66155.00000000
17/06/2024 04:00,66447.88000000,66222.00000000,66447.88000000,66170.77000000
17/06/2024 05:00,66351.62000000,66447.88000000,66567.68000000,66295.00000000
17/06/2024 06:00,66132.40000000,66351.62000000,66398.00000000,66080.00000000
17/06/2024 07:00,66172.00000000,66132.40000000,66376.00000000,65939.67000000
17/06/2024 08:00,66194.51000000,66172.00000000,66317.64000000,65984.01000000
17/06/2024 09:00,65722.08000000,66194.50000000,66250.01000000,65645.34000000
17/06/2024 10:00,65890.00000000,65722.07000000,65960.01000000,65556.00000000
17/06/2024 11:00,65817.20000000,65890.01000000,66051.50000000,65796.01000000
17/06/2024 12:00,65625.01000000,65817.20000000,65827.90000000,65500.00000000
17/06/2024 13:00,65200.01000000,65625.49000000,65807.05000000,65189.00000000
17/06/2024 14:00,65472.98000000,65200.00000000,65790.00000000,65130.00000000
17/06/2024 15:00,65368.00000000,65472.98000000,65788.73000000,65239.97000000
17/06/2024 16:00,65898.00000000,65368.00000000,66056.65000000,65138.00000000
17/06/2024 17:00,66607.28000000,65898.01000000,66607.28000000,65898.00000000
17/06/2024 18:00,67101.48000000,66607.27000000,67298.81000000,66550.03000000
17/06/2024 19:00,66691.99000000,67101.48000000,67114.00000000,66562.68000000
17/06/2024 20:00,66397.94000000,66691.99000000,66764.70000000,66164.01000000
17/06/2024 21:00,66572.00000000,66397.94000000,66717.90000000,66306.46000000
17/06/2024 22:00,66656.00000000,66572.00000000,66702.99000000,66482.00000000
17/06/2024 23:00,66504.33000000,66656.01000000,66714.81000000,66392.79000000
18/06/2024 00:00,65749.99000000,66504.33000000,66588.23000000,65485.71000000
18/06/2024 01:00,65133.99000000,65749.98000000,65966.11000000,64600.00000000
18/06/2024 02:00,65467.43000000,65133.99000000,65653.68000000,64569.00000000
18/06/2024 03:00,65500.00000000,65467.42000000,65575.16000000,65268.00000000
18/06/2024 04:00,65574.21000000,65500.00000000,65769.25000000,65344.24000000
18/06/2024 05:00,65596.01000000,65574.21000000,65845.47000000,65555.00000000
18/06/2024 06:00,65500.00000000,65596.01000000,65732.16000000,65389.44000000
18/06/2024 07:00,65672.51000000,65499.99000000,65800.00000000,65489.56000000
18/06/2024 08:00,65727.53000000,65672.51000000,65750.01000000,65588.00000000
18/06/2024 09:00,65469.92000000,65727.54000000,65727.54000000,65439.97000000
18/06/2024 10:00,65435.52000000,65469.92000000,65612.84000000,65344.99000000
18/06/2024 11:00,65366.00000000,65435.51000000,65487.83000000,65100.00000000
18/06/2024 12:00,65231.95000000,65366.00000000,65433.97000000,65001.00000000
18/06/2024 13:00,64844.00000000,65231.95000000,65268.00000000,64638.06000000
18/06/2024 14:00,64633.99000000,64844.01000000,65406.00000000,64359.92000000
18/06/2024 15:00,64706.00000000,64634.00000000,64929.95000000,64261.12000000
18/06/2024 16:00,64700.99000000,64705.99000000,64868.98000000,64336.00000000
18/06/2024 17:00,64610.00000000,64700.99000000,64904.91000000,64400.00000000
18/06/2024 18:00,64678.01000000,64609.99000000,64867.88000000,64321.00000000
18/06/2024 19:00,64412.19000000,64678.00000000,64738.83000000,64060.00000000
18/06/2024 20:00,64936.51000000,64412.18000000,65048.21000000,64178.10000000
18/06/2024 21:00,65220.02000000,64936.50000000,65305.00000000,64797.48000000
18/06/2024 22:00,65279.99000000,65220.02000000,65300.00000000,65052.44000000
18/06/2024 23:00,65175.32000000,65279.99000000,65279.99000000,65056.29000000
19/06/2024 00:00,65142.54000000,65175.32000000,65225.89000000,64855.96000000
19/06/2024 01:00,65035.59000000,65142.53000000,65500.00000000,64810.62000000
19/06/2024 02:00,65327.94000000,65035.59000000,65489.43000000,65012.00000000
19/06/2024 03:00,65404.00000000,65327.94000000,65603.91000000,65282.00000000
19/06/2024 04:00,65425.56000000,65404.00000000,65727.54000000,65349.99000000
19/06/2024 05:00,65413.09000000,65425.56000000,65557.13000000,65335.00000000
19/06/2024 06:00,65599.99000000,65413.09000000,65600.00000000,65400.00000000
19/06/2024 07:00,65326.89000000,65600.00000000,65656.24000000,65158.05000000
19/06/2024 08:00,65183.89000000,65326.89000000,65356.00000000,65102.00000000
19/06/2024 09:00,65306.65000000,65183.89000000,65306.66000000,65072.00000000
19/06/2024 10:00,65520.00000000,65306.66000000,65520.00000000,65132.09000000
19/06/2024 11:00,65210.00000000,65520.00000000,65544.00000000,65000.00000000
19/06/2024 12:00,65192.21000000,65210.00000000,65310.02000000,65030.48000000
19/06/2024 13:00,65090.22000000,65192.21000000,65245.21000000,65054.00000000
19/06/2024 14:00,64952.02000000,65090.22000000,65141.89000000,64832.57000000
19/06/2024 15:00,64922.00000000,64952.02000000,65129.57000000,64756.28000000
19/06/2024 16:00,64922.26000000,64921.99000000,65100.03000000,64807.35000000
19/06/2024 17:00,65083.99000000,64922.26000000,65284.37000000,64894.25000000
19/06/2024 18:00,64973.00000000,65083.99000000,65158.79000000,64964.06000000
19/06/2024 19:00,64882.01000000,64973.00000000,64985.49000000,64791.76000000
19/06/2024 20:00,64874.76000000,64882.02000000,64933.74000000,64666.00000000
19/06/2024 21:00,65004.38000000,64874.76000000,65087.76000000,64836.98000000
19/06/2024 22:00,64836.01000000,65004.38000000,65048.23000000,64836.00000000
19/06/2024 23:00,64974.37000000,64836.01000000,64995.19000000,64805.01000000
20/06/2024 00:00,65098.01000000,64974.37000000,65100.36000000,64818.72000000
20/06/2024 01:00,65158.56000000,65098.00000000,65407.40000000,65033.02000000
20/06/2024 02:00,65197.45000000,65158.57000000,65237.11000000,64960.00000000
20/06/2024 03:00,65189.99000000,65197.45000000,65244.21000000,65092.00000000
20/06/2024 04:00,65306.01000000,65190.00000000,65338.72000000,65070.91000000
20/06/2024 05:00,65513.93000000,65306.01000000,65613.30000000,65252.00000000
20/06/2024 06:00,65465.24000000,65513.93000000,65635.83000000,65386.00000000
20/06/2024 07:00,65858.84000000,65465.24000000,65967.39000000,65465.23000000
20/06/2024 08:00,65690.63000000,65858.84000000,65927.48000000,65603.33000000
20/06/2024 09:00,65719.99000000,65690.63000000,65750.32000000,65559.45000000
20/06/2024 10:00,66209.49000000,65719.99000000,66287.49000000,65646.00000000
20/06/2024 11:00,66169.85000000,66209.49000000,66482.94000000,66109.38000000
20/06/2024 12:00,65979.99000000,66169.86000000,66300.50000000,65864.88000000
20/06/2024 13:00,65142.65000000,65979.99000000,65998.00000000,65136.22000000
20/06/2024 14:00,64952.02000000,65142.65000000,65188.99000000,64658.06000000
20/06/2024 15:00,64831.23000000,64952.02000000,65126.91000000,64788.40000000
20/06/2024 16:00,64888.00000000,64831.24000000,64950.00000000,64559.15000000
20/06/2024 17:00,64970.02000000,64887.99000000,65027.26000000,64690.79000000
20/06/2024 18:00,65116.01000000,64970.01000000,65217.21000000,64940.00000000
20/06/2024 19:00,65050.00000000,65116.01000000,65116.01000000,64830.00000000
20/06/2024 20:00,65099.99000000,65049.99000000,65200.11000000,65001.97000000
20/06/2024 21:00,65050.46000000,65100.00000000,65188.23000000,65040.51000000
20/06/2024 22:00,64989.95000000,65050.47000000,65150.48000000,64970.00000000
20/06/2024 23:00,64869.99000000,64989.95000000,65064.42000000,64848.70000000
21/06/2024 00:00,64832.00000000,64869.99000000,64940.00000000,64635.49000000
21/06/2024 01:00,64967.98000000,64832.00000000,65015.40000000,64655.17000000
21/06/2024 02:00,64786.00000000,64967.99000000,65066.66000000,64721.01000000
21/06/2024 03:00,64506.14000000,64786.00000000,64832.75000000,64345.00000000
21/06/2024 04:00,64670.00000000,64506.15000000,64673.02000000,64318.00000000
21/06/2024 05:00,64661.47000000,64670.00000000,64681.02000000,64508.00000000
21/06/2024 06:00,64627.64000000,64661.47000000,64736.10000000,64562.50000000
21/06/2024 07:00,64201.63000000,64627.64000000,64739.09000000,64190.76000000
21/06/2024 08:00,63639.64000000,64201.63000000,64372.15000000,63522.75000000
21/06/2024 09:00,64100.00000000,63639.64000000,64300.00000000,63564.37000000
21/06/2024 10:00,63896.02000000,64100.00000000,64174.00000000,63814.00000000
21/06/2024 11:00,63770.00000000,63896.02000000,64060.01000000,63672.55000000
21/06/2024 12:00,63827.39000000,63770.01000000,63929.98000000,63505.00000000
21/06/2024 13:00,63615.21000000,63827.39000000,63879.07000000,63379.35000000
21/06/2024 14:00,64222.84000000,63615.21000000,64360.00000000,63452.47000000
21/06/2024 15:00,63732.02000000,64222.83000000,64353.54000000,63445.41000000
21/06/2024 16:00,63657.29000000,63732.02000000,63838.71000000,63564.56000000
21/06/2024 17:00,63671.04000000,63657.28000000,63891.68000000,63465.17000000
21/06/2024 18:00,64172.01000000,63671.04000000,64187.03000000,63648.02000000
21/06/2024 19:00,64232.01000000,64172.01000000,64264.95000000,63944.12000000
21/06/2024 20:00,64200.52000000,64232.01000000,64460.14000000,64099.89000000
21/06/2024 21:00,64084.43000000,64200.52000000,64208.00000000,63828.09000000
21/06/2024 22:00,64155.02000000,64084.44000000,64199.70000000,64084.44000000
21/06/2024 23:00,64143.56000000,64155.02000000,64224.00000000,64072.00000000
22/06/2024 00:00,64056.47000000,64143.56000000,64185.90000000,63943.82000000
22/06/2024 01:00,64144.33000000,64056.46000000,64221.45000000,64056.46000000
22/06/2024 02:00,64303.40000000,64144.34000000,64342.54000000,64144.34000000
22/06/2024 03:00,64327.45000000,64303.41000000,64332.00000000,64271.95000000
22/06/2024 04:00,64364.11000000,64327.46000000,64367.17000000,64253.07000000
22/06/2024 05:00,64424.21000000,64364.12000000,64427.98000000,64257.79000000
22/06/2024 06:00,64430.00000000,64424.21000000,64530.61000000,64362.06000000
22/06/2024 07:00,64520.00000000,64430.01000000,64540.26000000,64324.67000000
22/06/2024 08:00,64289.15000000,64519.99000000,64546.81000000,64284.00000000
22/06/2024 09:00,64325.99000000,64289.16000000,64338.28000000,64214.43000000
22/06/2024 10:00,64311.71000000,64325.99000000,64372.66000000,64280.00000000
22/06/2024 11:00,64265.26000000,64311.72000000,64320.00000000,64237.58000000
22/06/2024 12:00,64297.84000000,64265.27000000,64336.00000000,64265.26000000
22/06/2024 13:00,64284.00000000,64297.85000000,64303.22000000,64246.52000000
22/06/2024 14:00,64287.96000000,64284.00000000,64397.82000000,64250.25000000
22/06/2024 15:00,64307.08000000,64287.96000000,64307.09000000,64255.01000000
22/06/2024 16:00,64321.28000000,64307.09000000,64362.00000000,64272.29000000
22/06/2024 17:00,64256.37000000,64321.29000000,64348.87000000,64255.00000000
22/06/2024 18:00,64260.81000000,64256.38000000,64328.94000000,64250.71000000
22/06/2024 19:00,64295.01000000,64260.82000000,64295.02000000,64218.50000000
22/06/2024 20:00,64283.99000000,64295.01000000,64303.48000000,64246.01000000
22/06/2024 21:00,64330.00000000,64284.00000000,64330.00000000,64266.80000000
22/06/2024 22:00,64315.79000000,64330.00000000,64330.00000000,64272.09000000
22/06/2024 23:00,64262.01000000,64315.79000000,64328.00000000,64260.00000000
23/06/2024 00:00,64476.43000000,64262.01000000,64520.00000000,64262.00000000
23/06/2024 01:00,64476.19000000,64476.44000000,64521.00000000,64329.36000000
23/06/2024 02:00,64507.17000000,64476.20000000,64507.17000000,64370.00000000
23/06/2024 03:00,64416.14000000,64507.17000000,64519.57000000,64416.13000000
23/06/2024 04:00,64378.02000000,64416.14000000,64428.25000000,64375.19000000
23/06/2024 05:00,64380.00000000,64378.02000000,64419.98000000,64349.49000000
23/06/2024 06:00,64386.50000000,64380.01000000,64413.58000000,64380.00000000
23/06/2024 07:00,64415.27000000,64386.51000000,64433.03000000,64376.41000000
23/06/2024 08:00,64395.43000000,64415.27000000,64435.72000000,64384.19000000
23/06/2024 09:00,64418.81000000,64395.44000000,64437.28000000,64395.43000000
23/06/2024 10:00,64305.60000000,64418.81000000,64418.81000000,64281.32000000
23/06/2024 11:00,64341.45000000,64305.60000000,64341.46000000,64252.85000000
23/06/2024 12:00,64375.99000000,64341.46000000,64376.00000000,64318.15000000
23/06/2024 13:00,64297.79000000,64376.00000000,64429.10000000,64254.02000000
23/06/2024 14:00,64192.01000000,64297.79000000,64310.00000000,64140.90000000
23/06/2024 15:00,64094.00000000,64192.00000000,64200.00000000,64049.41000000
23/06/2024 16:00,63927.49000000,64094.01000000,64180.01000000,63918.58000000
23/06/2024 17:00,64120.39000000,63927.48000000,64178.76000000,63927.48000000
23/06/2024 18:00,64111.98000000,64120.39000000,64153.39000000,64068.00000000
23/06/2024 19:00,64149.78000000,64111.99000000,64187.62000000,64094.45000000
23/06/2024 20:00,63740.01000000,64149.78000000,64159.00000000,63601.01000000
23/06/2024 21:00,63844.67000000,63740.02000000,63860.00000000,63536.00000000
23/06/2024 22:00,63657.99000000,63844.67000000,63844.67000000,63639.99000000
23/06/2024 23:00,63210.01000000,63658.00000000,63700.01000000,63178.32000000
24/06/2024 00:00,63080.00000000,63210.01000000,63336.32000000,62903.69000000
24/06/2024 01:00,63315.99000000,63080.01000000,63348.32000000,62920.00000000
24/06/2024 02:00,62880.94000000,63315.99000000,63369.80000000,62695.02000000
24/06/2024 03:00,62862.00000000,62880.95000000,63077.44000000,62767.65000000
24/06/2024 04:00,62840.97000000,62862.00000000,62952.00000000,62634.00000000
24/06/2024 05:00,62314.01000000,62840.96000000,62881.86000000,62258.01000000
24/06/2024 06:00,62405.00000000,62314.01000000,62426.00000000,62160.72000000
24/06/2024 07:00,62456.00000000,62405.00000000,62596.24000000,62177.37000000
24/06/2024 08:00,62730.92000000,62456.00000000,62975.60000000,62340.01000000
24/06/2024 09:00,61402.28000000,62730.92000000,62867.00000000,60567.01000000
24/06/2024 10:00,61167.15000000,61402.28000000,61582.00000000,61125.00000000
24/06/2024 11:00,61291.95000000,61167.15000000,61382.65000000,60836.09000000
24/06/2024 12:00,61215.21000000,61291.95000000,61514.55000000,61121.21000000
24/06/2024 13:00,61569.20000000,61215.21000000,61649.63000000,60915.93000000
24/06/2024 14:00,61303.41000000,61569.19000000,61700.00000000,61100.00000000
24/06/2024 15:00,60843.99000000,61303.41000000,61368.00000000,60670.36000000
24/06/2024 16:00,60168.01000000,60843.99000000,61044.44000000,60000.00000000
24/06/2024 17:00,60244.89000000,60168.01000000,60548.46000000,59859.00000000
24/06/2024 18:00,60412.01000000,60244.89000000,60487.00000000,59711.20000000
24/06/2024 19:00,59306.72000000,60412.01000000,60478.34000000,59058.00000000
24/06/2024 20:00,59514.00000000,59306.72000000,59660.00000000,58402.00000000
24/06/2024 21:00,60119.24000000,59514.00000000,60119.24000000,59411.11000000
24/06/2024 22:00,60048.98000000,60119.24000000,60277.11000000,59985.79000000
24/06/2024 23:00,60293.30000000,60048.98000000,60442.71000000,60002.59000000
25/06/2024 00:00,60409.11000000,60293.30000000,60664.30000000,60257.06000000
25/06/2024 01:00,60492.00000000,60409.11000000,60511.00000000,60282.00000000
25/06/2024 02:00,60676.01000000,60492.00000000,60725.05000000,60412.00000000
25/06/2024 03:00,61302.59000000,60676.01000000,61598.87000000,60624.22000000
25/06/2024 04:00,61371.27000000,61302.59000000,61420.00000000,61160.05000000
25/06/2024 05:00,61024.01000000,61371.27000000,61420.00000000,60931.90000000
25/06/2024 06:00,61139.67000000,61024.01000000,61188.39000000,60958.00000000
25/06/2024 07:00,60685.16000000,61139.67000000,61255.60000000,60624.63000000
25/06/2024 08:00,60860.12000000,60685.16000000,60911.63000000,60668.01000000
25/06/2024 09:00,61468.01000000,60860.11000000,61583.18000000,60838.48000000
25/06/2024 10:00,61317.17000000,61468.01000000,61468.01000000,61156.38000000
25/06/2024 11:00,61187.64000000,61317.17000000,61488.71000000,61125.17000000
25/06/2024 12:00,61048.51000000,61187.64000000,61270.13000000,60953.23000000
25/06/2024 13:00,61200.00000000,61048.51000000,61432.42000000,61012.00000000
25/06/2024 14:00,61763.44000000,61200.00000000,62134.00000000,61155.75000000
25/06/2024 15:00,61810.00000000,61763.44000000,61960.00000000,61314.66000000
25/06/2024 16:00,61390.01000000,61810.00000000,61939.23000000,61364.31000000
25/06/2024 17:00,61381.44000000,61387.40000000,61780.00000000,61331.47000000
25/06/2024 18:00,62159.09000000,61381.44000000,62230.00000000,61135.37000000
25/06/2024 19:00,61975.46000000,62159.09000000,62420.00000000,61806.12000000
25/06/2024 20:00,61924.01000000,61975.46000000,62079.47000000,61872.26000000
25/06/2024 21:00,61916.53000000,61924.00000000,62030.00000000,61810.00000000
25/06/2024 22:00,61909.99000000,61916.53000000,62162.49000000,61866.68000000
25/06/2024 23:00,61806.01000000,61909.99000000,61946.39000000,61664.00000000
26/06/2024 00:00,61767.72000000,61806.01000000,61861.15000000,61643.48000000
26/06/2024 01:00,62090.01000000,61767.72000000,62184.31000000,61728.17000000
26/06/2024 02:00,62028.01000000,62090.01000000,62487.81000000,62012.73000000
26/06/2024 03:00,61936.07000000,62028.01000000,62079.99000000,61850.75000000
26/06/2024 04:00,61712.96000000,61936.07000000,61990.00000000,61712.94000000
26/06/2024 05:00,61562.01000000,61712.96000000,61795.99000000,61553.95000000
26/06/2024 06:00,61577.21000000,61562.01000000,61678.83000000,61520.00000000
26/06/2024 07:00,61720.02000000,61577.21000000,61800.00000000,61530.00000000
26/06/2024 08:00,61472.48000000,61720.02000000,61754.60000000,61370.44000000
26/06/2024 09:00,61376.73000000,61472.48000000,61524.34000000,61310.00000000
26/06/2024 10:00,61264.30000000,61376.73000000,61418.82000000,61149.64000000
26/06/2024 11:00,61445.26000000,61264.30000000,61561.47000000,61264.29000000
26/06/2024 12:00,61431.47000000,61445.26000000,61588.13000000,61338.00000000
26/06/2024 13:00,61760.00000000,61431.47000000,61840.34000000,61381.08000000
26/06/2024 14:00,61728.13000000,61760.00000000,61980.00000000,61549.61000000
26/06/2024 15:00,61467.86000000,61728.13000000,61766.00000000,61182.80000000
26/06/2024 16:00,61274.01000000,61467.85000000,61547.02000000,61151.63000000
26/06/2024 17:00,61242.00000000,61274.00000000,61358.76000000,60855.00000000
26/06/2024 18:00,60910.02000000,61242.00000000,61245.92000000,60902.00000000
26/06/2024 19:00,61000.01000000,60910.02000000,61142.00000000,60715.30000000
26/06/2024 20:00,60993.36000000,61000.01000000,61155.66000000,60712.00000000
26/06/2024 21:00,61054.35000000,60993.36000000,61080.00000000,60921.04000000
26/06/2024 22:00,60924.61000000,61054.35000000,61054.36000000,60783.13000000
26/06/2024 23:00,60864.99000000,60924.61000000,60969.79000000,60783.26000000
27/06/2024 00:00,60982.00000000,60864.98000000,61052.65000000,60764.73000000
27/06/2024 01:00,61064.01000000,60982.00000000,61150.00000000,60890.47000000
27/06/2024 02:00,61029.49000000,61064.01000000,61096.02000000,60852.87000000
27/06/2024 03:00,61037.31000000,61029.49000000,61300.00000000,60946.01000000
27/06/2024 04:00,61114.02000000,61037.31000000,61192.00000000,61013.24000000
27/06/2024 05:00,60805.50000000,61114.02000000,61148.84000000,60792.00000000
27/06/2024 06:00,60742.01000000,60805.50000000,60853.06000000,60606.63000000
27/06/2024 07:00,60794.01000000,60742.00000000,60914.51000000,60715.54000000
27/06/2024 08:00,60866.00000000,60794.01000000,60866.00000000,60736.62000000
27/06/2024 09:00,61282.78000000,60866.00000000,61346.00000000,60818.00000000
27/06/2024 10:00,61110.01000000,61282.78000000,61455.15000000,61110.00000000
27/06/2024 11:00,61196.02000000,61110.01000000,61314.20000000,61096.00000000
27/06/2024 12:00,61341.88000000,61196.01000000,61660.00000000,61154.60000000
27/06/2024 13:00,61990.00000000,61341.87000000,61994.00000000,61314.00000000
27/06/2024 14:00,61729.99000000,61990.00000000,62389.22000000,61696.64000000
27/06/2024 15:00,61576.00000000,61730.00000000,61855.23000000,61532.45000000
27/06/2024 16:00,61714.57000000,61576.00000000,61829.99000000,61539.77000000
27/06/2024 17:00,61842.11000000,61714.58000000,62015.52000000,61690.00000000
27/06/2024 18:00,61882.39000000,61842.11000000,61930.00000000,61740.00000000
27/06/2024 19:00,61450.00000000,61882.39000000,61890.00000000,61411.70000000
27/06/2024 20:00,61493.11000000,61450.00000000,61582.00000000,61338.56000000
27/06/2024 21:00,61536.04000000,61493.11000000,61587.06000000,61472.01000000
27/06/2024 22:00,61640.01000000,61536.04000000,61672.46000000,61523.03000000
27/06/2024 23:00,61706.47000000,61640.01000000,61719.92000000,61611.00000000
28/06/2024 00:00,61560.00000000,61706.46000000,61729.85000000,61472.37000000
28/06/2024 01:00,62091.99000000,61559.99000000,62225.31000000,61500.00000000
28/06/2024 02:00,61730.67000000,62091.99000000,62149.77000000,61584.76000000
28/06/2024 03:00,61828.17000000,61730.67000000,61919.33000000,61650.01000000
28/06/2024 04:00,61750.44000000,61828.17000000,61834.41000000,61500.07000000
28/06/2024 05:00,61604.01000000,61750.44000000,61750.44000000,61500.00000000
28/06/2024 06:00,61620.96000000,61604.00000000,61669.41000000,61504.48000000
28/06/2024 07:00,61350.01000000,61620.96000000,61620.96000000,61236.00000000
28/06/2024 08:00,61480.21000000,61350.01000000,61480.21000000,61212.11000000
28/06/2024 09:00,61547.55000000,61480.21000000,61592.00000000,61349.99000000
28/06/2024 10:00,61548.14000000,61547.55000000,61595.68000000,61435.41000000
28/06/2024 11:00,61690.00000000,61548.14000000,61792.34000000,61482.96000000
28/06/2024 12:00,61395.09000000,61690.00000000,61875.00000000,61275.61000000
28/06/2024 13:00,61297.99000000,61395.09000000,61848.49000000,61233.92000000
28/06/2024 14:00,60928.02000000,61297.99000000,61510.00000000,60780.01000000
28/06/2024 15:00,61062.01000000,60928.01000000,61191.62000000,60751.00000000
28/06/2024 16:00,60940.01000000,61062.00000000,61119.58000000,60650.00000000
28/06/2024 17:00,60826.63000000,60940.01000000,61076.25000000,60708.32000000
28/06/2024 18:00,60828.02000000,60826.63000000,60870.00000000,60669.74000000
28/06/2024 19:00,60123.73000000,60828.02000000,60849.82000000,60079.41000000
28/06/2024 20:00,60229.92000000,60123.73000000,60357.93000000,60063.00000000
28/06/2024 21:00,60366.01000000,60229.92000000,60400.00000000,60132.83000000
28/06/2024 22:00,60367.99000000,60366.00000000,60412.40000000,60293.88000000
28/06/2024 23:00,60427.84000000,60367.99000000,60450.00000000,60360.00000000
29/06/2024 00:00,60770.71000000,60427.84000000,60820.00000000,60383.77000000
29/06/2024 01:00,60901.03000000,60770.71000000,61009.29000000,60757.04000000
29/06/2024 02:00,60766.05000000,60901.03000000,60978.28000000,60703.53000000
29/06/2024 03:00,60762.00000000,60766.05000000,60811.45000000,60714.04000000
29/06/2024 04:00,60773.55000000,60762.00000000,60800.00000000,60704.46000000
29/06/2024 05:00,60762.02000000,60773.55000000,60788.20000000,60726.05000000
29/06/2024 06:00,60847.75000000,60762.02000000,60857.28000000,60742.08000000
29/06/2024 07:00,61052.30000000,60847.75000000,61146.64000000,60831.44000000
29/06/2024 08:00,60982.03000000,61052.30000000,61087.36000000,60912.72000000
29/06/2024 09:00,60970.00000000,60982.03000000,61006.68000000,60890.03000000
29/06/2024 10:00,60994.36000000,60970.00000000,61033.34000000,60907.80000000
29/06/2024 11:00,61102.33000000,60994.36000000,61224.00000000,60923.74000000
29/06/2024 12:00,61045.43000000,61102.33000000,61161.80000000,60990.74000000
29/06/2024 13:00,61102.98000000,61045.43000000,61182.70000000,61010.00000000
29/06/2024 14:00,61018.01000000,61102.98000000,61160.00000000,60949.67000000
29/06/2024 15:00,61106.00000000,61018.01000000,61106.00000000,60956.79000000
29/06/2024 16:00,61009.91000000,61106.00000000,61124.00000000,60915.12000000
29/06/2024 17:00,61040.77000000,61009.91000000,61060.98000000,60937.03000000
29/06/2024 18:00,61059.04000000,61040.77000000,61065.00000000,60990.00000000
29/06/2024 19:00,61057.39000000,61059.04000000,61080.00000000,60933.98000000
29/06/2024 20:00,61050.00000000,61057.38000000,61088.40000000,60970.00000000
29/06/2024 21:00,61044.99000000,61050.00000000,61090.00000000,60944.94000000
29/06/2024 22:00,60970.00000000,61044.99000000,61060.00000000,60839.51000000
29/06/2024 23:00,60986.68000000,60970.00000000,61059.37000000,60940.00000000
30/06/2024 00:00,61024.55000000,60986.68000000,61078.01000000,60922.00000000
30/06/2024 01:00,60961.99000000,61024.55000000,61043.44000000,60930.03000000
30/06/2024 02:00,60834.27000000,60961.99000000,60961.99000000,60740.94000000
30/06/2024 03:00,60898.32000000,60834.27000000,60949.36000000,60791.98000000
30/06/2024 04:00,60777.55000000,60898.32000000,60901.20000000,60765.18000000
30/06/2024 05:00,60789.26000000,60777.54000000,60809.99000000,60712.21000000
30/06/2024 06:00,61040.18000000,60789.26000000,61040.18000000,60771.33000000
30/06/2024 07:00,61528.01000000,61040.17000000,61782.00000000,61040.17000000
30/06/2024 08:00,61556.01000000,61528.01000000,61608.07000000,61393.07000000
30/06/2024 09:00,61529.70000000,61556.00000000,61713.65000000,61511.11000000
30/06/2024 10:00,61540.00000000,61529.70000000,61634.72000000,61504.42000000
30/06/2024 11:00,61560.00000000,61540.00000000,61668.00000000,61524.51000000
30/06/2024 12:00,61496.00000000,61560.00000000,61660.00000000,61346.00000000
30/06/2024 13:00,61719.61000000,61496.00000000,61747.00000000,61456.34000000
30/06/2024 14:00,61587.11000000,61719.61000000,61860.00000000,61528.16000000
30/06/2024 15:00,61717.90000000,61587.11000000,61776.71000000,61587.10000000
30/06/2024 16:00,61603.54000000,61717.90000000,61749.08000000,61590.01000000
30/06/2024 17:00,61707.99000000,61603.54000000,61864.01000000,61603.54000000
30/06/2024 18:00,62055.31000000,61707.99000000,62109.81000000,61674.25000000
30/06/2024 19:00,62026.83000000,62055.30000000,62100.00000000,61892.00000000
30/06/2024 20:00,61990.01000000,62026.83000000,62412.42000000,61980.92000000
30/06/2024 21:00,61940.01000000,61990.00000000,62014.00000000,61835.20000000
30/06/2024 22:00,62901.01000000,61940.00000000,62952.20000000,61940.00000000
30/06/2024 23:00,62772.01000000,62901.00000000,63058.76000000,62762.32000000
01/07/2024 00:00,62931.99000000,62772.01000000,62944.00000000,62573.32000000
01/07/2024 01:00,63640.82000000,62931.98000000,63730.00000000,62901.71000000
01/07/2024 02:00,63435.86000000,63640.81000000,63818.33000000,63288.53000000
01/07/2024 03:00,63437.69000000,63435.86000000,63536.47000000,63340.00000000
01/07/2024 04:00,63279.79000000,63437.69000000,63466.92000000,63223.20000000
01/07/2024 05:00,63432.94000000,63279.79000000,63457.47000000,63262.00000000
01/07/2024 06:00,63404.00000000,63432.94000000,63464.74000000,63293.75000000
01/07/2024 07:00,63277.84000000,63403.99000000,63432.00000000,63260.71000000
01/07/2024 08:00,62923.91000000,63277.84000000,63314.99000000,62836.47000000
01/07/2024 09:00,62938.97000000,62923.91000000,62997.98000000,62789.16000000
01/07/2024 10:00,62852.24000000,62938.97000000,62977.99000000,62781.05000000
01/07/2024 11:00,62662.09000000,62852.24000000,62858.00000000,62593.07000000
01/07/2024 12:00,62882.00000000,62662.09000000,62900.00000000,62641.99000000
01/07/2024 13:00,62685.27000000,62882.00000000,63081.11000000,62497.20000000
01/07/2024 14:00,62826.02000000,62685.27000000,62944.00000000,62610.35000000
01/07/2024 15:00,63132.90000000,62826.02000000,63166.11000000,62815.63000000
01/07/2024 16:00,63119.33000000,63132.90000000,63338.12000000,62966.77000000
01/07/2024 17:00,63697.66000000,63119.33000000,63697.66000000,63056.83000000
01/07/2024 18:00,63649.99000000,63697.66000000,63861.76000000,63438.45000000
01/07/2024 19:00,63226.78000000,63649.99000000,63649.99000000,63071.36000000
01/07/2024 20:00,63292.53000000,63226.78000000,63423.48000000,63162.06000000
01/07/2024 21:00,63130.01000000,63292.53000000,63292.53000000,63036.82000000
01/07/2024 22:00,62975.10000000,63130.01000000,63162.50000000,62804.60000000
01/07/2024 23:00,62899.99000000,62975.10000000,63037.18000000,62834.00000000
02/07/2024 00:00,62926.65000000,62900.00000000,62988.00000000,62787.42000000
02/07/2024 01:00,62926.00000000,62926.65000000,62960.86000000,62815.71000000
02/07/2024 02:00,62999.56000000,62926.00000000,63127.10000000,62924.00000000
02/07/2024 03:00,63138.67000000,62999.56000000,63288.83000000,62991.03000000
02/07/2024 04:00,63038.01000000,63138.68000000,63245.80000000,63038.01000000
02/07/2024 05:00,63024.00000000,63038.02000000,63094.73000000,63002.00000000
02/07/2024 06:00,62866.00000000,63024.00000000,63048.86000000,62818.72000000
02/07/2024 07:00,62629.99000000,62866.01000000,62880.00000000,62580.00000000
02/07/2024 08:00,62670.01000000,62630.00000000,62746.55000000,62401.23000000
02/07/2024 09:00,62650.01000000,62670.01000000,62795.68000000,62601.18000000
02/07/2024 10:00,62715.98000000,62650.01000000,62801.05000000,62485.63000000
02/07/2024 11:00,62832.01000000,62715.98000000,62866.20000000,62616.28000000
02/07/2024 12:00,62878.45000000,62832.01000000,63042.91000000,62723.79000000
02/07/2024 13:00,62626.92000000,62878.45000000,63152.00000000,62517.81000000
02/07/2024 14:00,62035.43000000,62626.92000000,62730.00000000,61867.29000000
02/07/2024 15:00,61948.08000000,62035.43000000,62160.04000000,61823.74000000
02/07/2024 16:00,61920.89000000,61948.08000000,62026.45000000,61806.28000000
02/07/2024 17:00,62147.98000000,61920.90000000,62152.20000000,61888.00000000
02/07/2024 18:00,62330.01000000,62147.99000000,62368.81000000,62141.81000000
02/07/2024 19:00,61939.10000000,62330.01000000,62367.51000000,61884.01000000
02/07/2024 20:00,62012.01000000,61939.10000000,62080.73000000,61875.55000000
02/07/2024 21:00,61958.02000000,62012.01000000,62089.61000000,61903.41000000
02/07/2024 22:00,62090.01000000,61958.03000000,62113.63000000,61958.02000000
02/07/2024 23:00,62135.47000000,62090.01000000,62181.24000000,62078.53000000
03/07/2024 00:00,62094.02000000,62135.46000000,62285.94000000,62093.36000000
03/07/2024 01:00,61617.91000000,62094.02000000,62218.00000000,61228.80000000
03/07/2024 02:00,61362.00000000,61617.90000000,61617.91000000,61245.96000000
03/07/2024 03:00,60987.99000000,61362.01000000,61371.19000000,60600.00000000
03/07/2024 04:00,60883.90000000,60988.00000000,60988.00000000,60816.00000000
03/07/2024 05:00,61121.52000000,60883.89000000,61121.52000000,60859.53000000
03/07/2024 06:00,61014.00000000,61121.52000000,61181.84000000,60976.56000000
03/07/2024 07:00,60870.01000000,61014.00000000,61029.39000000,60845.01000000
03/07/2024 08:00,60497.59000000,60870.01000000,60978.19000000,60390.00000000
03/07/2024 09:00,60606.01000000,60497.60000000,60667.18000000,60320.00000000
03/07/2024 10:00,60383.99000000,60606.02000000,60618.00000000,59600.00000000
03/07/2024 11:00,60386.01000000,60384.00000000,60480.00000000,60112.00000000
03/07/2024 12:00,60028.01000000,60386.01000000,60386.01000000,59921.17000000
03/07/2024 13:00,60589.99000000,60028.01000000,60640.10000000,59752.29000000
03/07/2024 14:00,60281.15000000,60590.00000000,60740.20000000,60263.09000000
03/07/2024 15:00,60186.25000000,60281.16000000,60464.00000000,59972.72000000
03/07/2024 16:00,60495.98000000,60186.25000000,60655.56000000,60100.00000000
03/07/2024 17:00,60371.34000000,60495.99000000,60515.99000000,60200.00000000
03/07/2024 18:00,60248.01000000,60371.34000000,60446.06000000,60240.00000000
03/07/2024 19:00,59671.10000000,60248.00000000,60248.00000000,59666.00000000
03/07/2024 20:00,59609.26000000,59671.11000000,59871.10000000,59581.71000000
03/07/2024 21:00,60247.59000000,59609.25000000,60340.00000000,59400.00000000
03/07/2024 22:00,60316.01000000,60247.58000000,60371.57000000,60125.49000000
03/07/2024 23:00,60208.58000000,60316.02000000,60374.82000000,60208.57000000
04/07/2024 00:00,60430.01000000,60208.57000000,60475.91000000,60208.57000000
04/07/2024 01:00,58561.10000000,60430.01000000,60498.19000000,58444.00000000
04/07/2024 02:00,58972.13000000,58561.10000000,59106.84000000,57800.01000000
04/07/2024 03:00,59102.00000000,58972.13000000,59155.80000000,58815.94000000
04/07/2024 04:00,58968.36000000,59102.00000000,59150.00000000,58724.98000000
04/07/2024 05:00,58902.00000000,58968.37000000,59036.00000000,58865.27000000
04/07/2024 06:00,58795.99000000,58902.00000000,59076.18000000,58535.80000000
04/07/2024 07:00,58219.99000000,58796.00000000,58857.99000000,58104.00000000
04/07/2024 08:00,57688.46000000,58219.99000000,58506.18000000,57238.68000000
04/07/2024 09:00,57748.00000000,57688.46000000,57873.53000000,56952.00000000
04/07/2024 10:00,57946.43000000,57748.01000000,57952.95000000,57427.71000000
04/07/2024 11:00,57761.94000000,57946.43000000,58118.96000000,57680.01000000
04/07/2024 12:00,57247.98000000,57761.95000000,57761.95000000,57161.55000000
04/07/2024 13:00,57420.02000000,57247.98000000,57504.38000000,56771.00000000
04/07/2024 14:00,57450.25000000,57420.02000000,57539.05000000,56853.77000000
04/07/2024 15:00,58140.00000000,57450.25000000,58350.19000000,57356.78000000
04/07/2024 16:00,58304.59000000,58140.00000000,58397.60000000,57752.27000000
04/07/2024 17:00,58240.00000000,58304.59000000,58383.99000000,58100.00000000
04/07/2024 18:00,58168.00000000,58239.99000000,58370.00000000,57938.00000000
04/07/2024 19:00,58283.62000000,58168.00000000,58676.24000000,58141.66000000
04/07/2024 20:00,58358.99000000,58283.62000000,58358.99000000,58130.01000000
04/07/2024 21:00,58494.01000000,58358.99000000,58647.22000000,58288.33000000
04/07/2024 22:00,58038.84000000,58494.00000000,58813.13000000,58000.00000000
04/07/2024 23:00,57050.01000000,58038.84000000,58112.84000000,56866.00000000
05/07/2024 00:00,57375.99000000,57050.02000000,57546.00000000,56690.00000000
05/07/2024 01:00,57172.01000000,57375.99000000,57442.00000000,56807.00000000
05/07/2024 02:00,55766.32000000,57172.02000000,57243.10000000,55458.70000000
05/07/2024 03:00,55227.99000000,55766.32000000,55992.58000000,55000.00000000
05/07/2024 04:00,53941.10000000,55228.00000000,55356.42000000,53485.93000000
05/07/2024 05:00,54806.02000000,53941.10000000,54812.96000000,53801.10000000
05/07/2024 06:00,54283.99000000,54806.02000000,54818.30000000,53871.16000000
05/07/2024 07:00,54415.05000000,54283.99000000,54449.36000000,53971.01000000
05/07/2024 08:00,54088.00000000,54415.04000000,54460.86000000,54070.99000000
05/07/2024 09:00,54528.00000000,54088.00000000,54734.34000000,53900.00000000
05/07/2024 10:00,54987.99000000,54528.00000000,55367.12000000,54410.00000000
05/07/2024 11:00,55486.50000000,54987.99000000,55650.00000000,54987.99000000
05/07/2024 12:00,55052.81000000,55486.51000000,55950.00000000,54987.99000000
05/07/2024 13:00,55829.99000000,55052.80000000,55884.69000000,54828.52000000
05/07/2024 14:00,55753.98000000,55830.00000000,55896.32000000,55350.00000000
05/07/2024 15:00,56662.00000000,55753.99000000,56678.19000000,55663.89000000
05/07/2024 16:00,56448.15000000,56662.99000000,56936.84000000,56150.00000000
05/07/2024 17:00,56453.18000000,56448.15000000,57040.02000000,56301.10000000
05/07/2024 18:00,56546.16000000,56453.19000000,56724.13000000,55779.33000000
05/07/2024 19:00,56465.42000000,56546.15000000,56746.89000000,56330.41000000
05/07/2024 20:00,56351.10000000,56465.41000000,56516.01000000,56315.00000000
05/07/2024 21:00,56517.61000000,56351.09000000,56791.10000000,56345.60000000
05/07/2024 22:00,56621.09000000,56517.61000000,56735.99000000,56400.00000000
05/07/2024 23:00,56628.79000000,56621.09000000,56866.00000000,56616.01000000
06/07/2024 00:00,56601.10000000,56628.79000000,56998.00000000,56355.08000000
06/07/2024 01:00,56219.64000000,56601.10000000,56611.99000000,56208.00000000
06/07/2024 02:00,56440.00000000,56219.65000000,56498.01000000,56170.50000000
06/07/2024 03:00,56410.00000000,56439.99000000,56520.00000000,56268.17000000
06/07/2024 04:00,56059.49000000,56409.99000000,56417.99000000,56044.00000000
06/07/2024 05:00,56362.54000000,56059.49000000,56489.53000000,56018.00000000
06/07/2024 06:00,56417.35000000,56362.54000000,56568.00000000,56346.84000000
06/07/2024 07:00,56606.00000000,56417.36000000,56683.90000000,56401.10000000
06/07/2024 08:00,56557.81000000,56606.00000000,56657.75000000,56506.99000000
06/07/2024 09:00,56766.00000000,56557.81000000,56780.01000000,56436.78000000
06/07/2024 10:00,56780.00000000,56765.99000000,56876.33000000,56650.00000000
06/07/2024 11:00,56731.42000000,56780.01000000,56799.99000000,56660.16000000
06/07/2024 12:00,56755.47000000,56731.42000000,56796.97000000,56500.00000000
06/07/2024 13:00,56991.10000000,56755.48000000,57299.00000000,56659.77000000
06/07/2024 14:00,57058.91000000,56991.09000000,57127.64000000,56699.97000000
06/07/2024 15:00,57317.98000000,57058.90000000,57441.10000000,56927.81000000
06/07/2024 16:00,57852.62000000,57317.99000000,58113.00000000,57185.76000000
06/07/2024 17:00,57965.19000000,57852.62000000,58031.67000000,57746.75000000
06/07/2024 18:00,57786.98000000,57965.20000000,58021.10000000,57746.41000000
06/07/2024 19:00,57857.99000000,57786.98000000,57931.77000000,57732.00000000
06/07/2024 20:00,57971.99000000,57857.99000000,58225.14000000,57836.00000000
06/07/2024 21:00,57868.01000000,57971.99000000,58278.07000000,57806.92000000
06/07/2024 22:00,58106.46000000,57868.01000000,58117.99000000,57868.00000000
06/07/2024 23:00,58230.13000000,58106.46000000,58475.00000000,58102.73000000
07/07/2024 00:00,57931.79000000,58230.13000000,58301.31000000,57914.14000000
07/07/2024 01:00,58114.00000000,57931.79000000,58318.69000000,57838.00000000
07/07/2024 02:00,58359.99000000,58114.00000000,58449.46000000,58113.99000000
07/07/2024 03:00,57963.45000000,58359.99000000,58364.00000000,57855.82000000
07/07/2024 04:00,57598.00000000,57963.46000000,58007.87000000,57575.00000000
07/07/2024 05:00,57648.00000000,57598.00000000,57800.00000000,57416.00000000
07/07/2024 06:00,57646.15000000,57647.99000000,57789.18000000,57609.31000000
07/07/2024 07:00,57369.99000000,57646.16000000,57691.10000000,57073.36000000
07/07/2024 08:00,57650.45000000,57369.99000000,57661.58000000,57369.98000000
07/07/2024 09:00,57733.40000000,57650.45000000,57733.99000000,57565.94000000
07/07/2024 10:00,57510.20000000,57733.41000000,57911.71000000,57499.36000000
07/07/2024 11:00,57460.00000000,57510.21000000,57543.69000000,57350.94000000
07/07/2024 12:00,57341.09000000,57460.00000000,57631.02000000,57204.63000000
07/07/2024 13:00,56872.00000000,57341.10000000,57361.10000000,56777.77000000
07/07/2024 14:00,56771.51000000,56872.01000000,56938.81000000,56563.46000000
07/07/2024 15:00,56825.42000000,56771.51000000,57061.10000000,56728.92000000
07/07/2024 16:00,57122.00000000,56825.42000000,57174.99000000,56755.55000000
07/07/2024 17:00,57231.10000000,57122.00000000,57285.91000000,56794.00000000
07/07/2024 18:00,57172.01000000,57231.10000000,57392.00000000,57122.14000000
07/07/2024 19:00,57151.10000000,57172.01000000,57197.98000000,57022.53000000
07/07/2024 20:00,57274.18000000,57151.10000000,57319.10000000,57041.10000000
07/07/2024 21:00,56596.00000000,57274.18000000,57285.29000000,56210.00000000
07/07/2024 22:00,56395.54000000,56596.00000000,56793.11000000,56392.39000000
07/07/2024 23:00,55857.81000000,56395.54000000,56527.76000000,55724.37000000
08/07/2024 00:00,55094.00000000,55857.81000000,56023.07000000,55036.59000000
08/07/2024 01:00,54958.19000000,55094.01000000,55109.88000000,54260.16000000
08/07/2024 02:00,55384.79000000,54958.19000000,55447.09000000,54588.00000000
08/07/2024 03:00,55160.01000000,55384.79000000,55489.00000000,54868.00000000
08/07/2024 04:00,55496.00000000,55160.00000000,55639.98000000,54963.62000000
08/07/2024 05:00,55478.70000000,55495.99000000,55711.10000000,55292.00000000
08/07/2024 06:00,55633.98000000,55478.71000000,55900.00000000,55207.17000000
08/07/2024 07:00,55852.01000000,55633.98000000,55867.58000000,55523.77000000
08/07/2024 08:00,57792.00000000,55852.00000000,57891.81000000,55741.11000000
08/07/2024 09:00,57512.14000000,57791.99000000,58236.73000000,57309.68000000
08/07/2024 10:00,56815.98000000,57512.13000000,57719.94000000,56705.94000000
08/07/2024 11:00,57154.01000000,56815.99000000,57360.01000000,56751.11000000
08/07/2024 12:00,57151.11000000,57154.01000000,57621.10000000,56864.00000000
08/07/2024 13:00,57236.01000000,57151.10000000,57439.60000000,56767.22000000
08/07/2024 14:00,56185.24000000,57236.01000000,57297.16000000,54800.00000000
08/07/2024 15:00,55761.52000000,56185.24000000,56785.59000000,55704.01000000
08/07/2024 16:00,55812.00000000,55761.52000000,56114.00000000,55425.74000000
08/07/2024 17:00,56287.38000000,55812.00000000,56370.00000000,55600.00000000
08/07/2024 18:00,56280.32000000,56287.38000000,56574.99000000,56160.00000000
08/07/2024 19:00,56477.31000000,56280.32000000,56544.00000000,56155.63000000
08/07/2024 20:00,56259.90000000,56477.30000000,56572.12000000,56200.01000000
08/07/2024 21:00,56642.47000000,56259.90000000,56835.25000000,56200.00000000
08/07/2024 22:00,56684.48000000,56642.47000000,56971.94000000,56550.16000000
08/07/2024 23:00,56714.62000000,56684.49000000,56870.16000000,56611.48000000
09/07/2024 00:00,56531.05000000,56714.61000000,56765.85000000,56289.45000000
09/07/2024 01:00,56560.39000000,56531.06000000,57275.67000000,56439.97000000
09/07/2024 02:00,57261.90000000,56560.39000000,57362.66000000,56335.03000000
09/07/2024 03:00,57168.36000000,57261.90000000,57272.00000000,56877.25000000
09/07/2024 04:00,57286.00000000,57168.36000000,57366.19000000,57109.21000000
09/07/2024 05:00,57291.49000000,57286.01000000,57432.93000000,57120.00000000
09/07/2024 06:00,57475.99000000,57291.48000000,57754.00000000,57192.54000000
09/07/2024 07:00,57116.84000000,57476.00000000,57560.00000000,57011.50000000
09/07/2024 08:00,57615.54000000,57116.84000000,57900.00000000,57024.01000000
09/07/2024 09:00,57588.01000000,57615.54000000,57689.04000000,57502.00000000
09/07/2024 10:00,57426.46000000,57588.01000000,57668.54000000,57273.25000000
09/07/2024 11:00,57428.01000000,57426.46000000,57545.80000000,57220.00000000
09/07/2024 12:00,57338.01000000,57428.01000000,57560.00000000,57269.86000000
09/07/2024 13:00,57325.27000000,57338.01000000,57410.80000000,56920.00000000
09/07/2024 14:00,57060.00000000,57325.27000000,58131.09000000,57027.77000000
09/07/2024 15:00,57477.01000000,57060.00000000,57500.01000000,56903.00000000
09/07/2024 16:00,57690.01000000,57477.00000000,57869.36000000,57362.08000000
09/07/2024 17:00,57523.01000000,57690.01000000,57797.88000000,57370.84000000
09/07/2024 18:00,57907.50000000,57523.00000000,58296.00000000,57442.62000000
09/07/2024 19:00,57862.01000000,57907.50000000,57930.00000000,57682.17000000
09/07/2024 20:00,57929.25000000,57862.01000000,58096.68000000,57704.30000000
09/07/2024 21:00,57800.01000000,57929.26000000,57977.46000000,57758.83000000
09/07/2024 22:00,57936.00000000,57800.01000000,58260.00000000,57720.00000000
09/07/2024 23:00,58050.00000000,57936.00000000,58116.13000000,57864.82000000
10/07/2024 00:00,57486.37000000,58050.00000000,58050.00000000,57422.94000000
10/07/2024 01:00,57798.89000000,57486.38000000,58000.01000000,57309.09000000
10/07/2024 02:00,57882.55000000,57798.89000000,57914.89000000,57642.86000000
10/07/2024 03:00,58180.01000000,57882.55000000,58208.00000000,57840.00000000
10/07/2024 04:00,59347.44000000,58180.00000000,59436.00000000,58180.00000000
10/07/2024 05:00,58975.01000000,59347.43000000,59470.00000000,58820.44000000
10/07/2024 06:00,59238.47000000,58975.01000000,59313.06000000,58846.45000000
10/07/2024 07:00,58977.99000000,59238.48000000,59286.20000000,58840.00000000
10/07/2024 08:00,58756.01000000,58977.99000000,59032.82000000,58602.84000000
10/07/2024 09:00,58490.00000000,58756.01000000,58769.40000000,58401.00000000
10/07/2024 10:00,58656.01000000,58489.99000000,58737.24000000,58311.66000000
10/07/2024 11:00,58492.00000000,58656.02000000,58717.09000000,58350.00000000
10/07/2024 12:00,58150.44000000,58492.00000000,58550.00000000,57740.86000000
10/07/2024 13:00,57760.00000000,58150.44000000,58288.30000000,57507.04000000
10/07/2024 14:00,57713.03000000,57760.00000000,57893.15000000,57471.12000000
10/07/2024 15:00,57699.69000000,57713.03000000,58047.07000000,57483.00000000
10/07/2024 16:00,57696.73000000,57699.69000000,58019.89000000,57584.37000000
10/07/2024 17:00,57627.81000000,57696.73000000,57755.74000000,57439.67000000
10/07/2024 18:00,57630.16000000,57627.81000000,57783.55000000,57480.72000000
10/07/2024 19:00,57392.03000000,57630.16000000,57630.16000000,57353.84000000
10/07/2024 20:00,57409.23000000,57392.03000000,57550.00000000,57157.79000000
10/07/2024 21:00,57434.41000000,57409.23000000,57550.00000000,57264.70000000
10/07/2024 22:00,57710.73000000,57434.41000000,57856.54000000,57427.10000000
10/07/2024 23:00,57725.85000000,57710.74000000,57879.58000000,57604.25000000
11/07/2024 00:00,57628.89000000,57725.85000000,57728.78000000,57358.20000000
11/07/2024 01:00,58280.35000000,57628.89000000,58407.05000000,57485.74000000
11/07/2024 02:00,57869.99000000,58280.35000000,58383.58000000,57743.75000000
11/07/2024 03:00,57568.00000000,57870.00000000,57959.14000000,57050.00000000
11/07/2024 04:00,57779.99000000,57568.00000000,57793.46000000,57488.28000000
11/07/2024 05:00,57994.01000000,57779.99000000,58100.00000000,57704.07000000
11/07/2024 06:00,57996.00000000,57994.01000000,58097.95000000,57872.89000000
11/07/2024 07:00,58191.50000000,57996.00000000,58300.00000000,57922.67000000
11/07/2024 08:00,58159.09000000,58191.50000000,58328.00000000,58052.00000000
11/07/2024 09:00,58290.13000000,58159.09000000,58381.70000000,58067.25000000
11/07/2024 10:00,58462.29000000,58290.14000000,58500.00000000,58174.25000000
11/07/2024 11:00,58777.99000000,58462.29000000,58936.52000000,58390.96000000
11/07/2024 12:00,58816.35000000,58777.99000000,59650.00000000,58470.76000000
11/07/2024 13:00,58566.16000000,58816.35000000,58970.98000000,58236.95000000
11/07/2024 14:00,57790.01000000,58566.16000000,58674.41000000,57555.00000000
11/07/2024 15:00,57402.01000000,57790.01000000,58125.80000000,57266.58000000
11/07/2024 16:00,57640.84000000,57402.01000000,57751.73000000,57178.00000000
11/07/2024 17:00,57797.32000000,57640.84000000,57940.01000000,57582.67000000
11/07/2024 18:00,57841.27000000,57797.32000000,58000.61000000,57674.32000000
11/07/2024 19:00,57378.01000000,57841.27000000,57849.41000000,57340.00000000
11/07/2024 20:00,57554.00000000,57378.00000000,57590.90000000,57205.45000000
11/07/2024 21:00,57460.02000000,57554.00000000,57636.00000000,57315.94000000
11/07/2024 22:00,57338.58000000,57460.02000000,57538.88000000,57150.00000000
11/07/2024 23:00,57339.89000000,57338.58000000,57399.88000000,57152.38000000
12/07/2024 00:00,57178.00000000,57339.89000000,57571.86000000,57150.01000000
12/07/2024 01:00,56950.01000000,57178.00000000,57346.97000000,56542.47000000
12/07/2024 02:00,57332.88000000,56950.01000000,57419.22000000,56880.29000000
12/07/2024 03:00,56914.01000000,57332.88000000,57368.00000000,56852.94000000
12/07/2024 04:00,57018.00000000,56914.01000000,57067.75000000,56716.68000000
12/07/2024 05:00,57026.00000000,57018.01000000,57104.92000000,56942.00000000
12/07/2024 06:00,57210.00000000,57026.01000000,57416.13000000,57020.15000000
12/07/2024 07:00,57106.94000000,57210.01000000,57319.50000000,56836.29000000
12/07/2024 08:00,57323.02000000,57106.95000000,57334.32000000,57028.87000000
12/07/2024 09:00,56949.99000000,57323.03000000,57325.60000000,56864.04000000
12/07/2024 10:00,57172.84000000,56950.00000000,57190.00000000,56767.05000000
12/07/2024 11:00,57203.54000000,57172.84000000,57278.00000000,57060.00000000
12/07/2024 12:00,57382.30000000,57203.54000000,57479.51000000,57000.00000000
12/07/2024 13:00,57850.20000000,57382.29000000,58006.79000000,57355.80000000
12/07/2024 14:00,57820.01000000,57850.20000000,58020.00000000,57688.90000000
12/07/2024 15:00,58214.00000000,57820.00000000,58278.00000000,57775.27000000
12/07/2024 16:00,58116.01000000,58213.99000000,58428.91000000,57936.97000000
12/07/2024 17:00,58161.82000000,58116.00000000,58317.12000000,57951.01000000
12/07/2024 18:00,58296.90000000,58161.82000000,58526.68000000,58065.00000000
12/07/2024 19:00,57576.01000000,58296.90000000,58355.51000000,57500.00000000
12/07/2024 20:00,57542.01000000,57576.01000000,57646.00000000,57150.06000000
12/07/2024 21:00,57597.03000000,57542.00000000,57680.60000000,57502.00000000
12/07/2024 22:00,57792.01000000,57597.02000000,57874.29000000,57580.00000000
12/07/2024 23:00,57889.10000000,57792.01000000,57906.10000000,57716.00000000
13/07/2024 00:00,57835.58000000,57889.09000000,57926.50000000,57762.39000000
13/07/2024 01:00,57880.00000000,57835.57000000,57969.70000000,57807.94000000
13/07/2024 02:00,57946.43000000,57880.00000000,57958.38000000,57766.78000000
13/07/2024 03:00,57814.00000000,57946.43000000,57991.50000000,57786.65000000
13/07/2024 04:00,57775.86000000,57814.00000000,57852.13000000,57769.82000000
13/07/2024 05:00,58076.02000000,57775.86000000,58179.92000000,57756.63000000
13/07/2024 06:00,58038.55000000,58076.02000000,58216.08000000,58002.00000000
13/07/2024 07:00,58170.32000000,58038.55000000,58170.33000000,58013.29000000
13/07/2024 08:00,57949.93000000,58170.33000000,58198.46000000,57940.10000000
13/07/2024 09:00,58678.02000000,57950.20000000,58854.98000000,57900.57000000
13/07/2024 10:00,58436.67000000,58678.02000000,58759.98000000,58346.58000000
13/07/2024 11:00,58534.00000000,58436.67000000,58599.00000000,58383.32000000
13/07/2024 12:00,58768.01000000,58534.00000000,58899.46000000,58434.38000000
13/07/2024 13:00,58617.72000000,58768.01000000,58830.00000000,58576.10000000
13/07/2024 14:00,58800.00000000,58617.71000000,58801.49000000,58479.48000000
13/07/2024 15:00,58830.63000000,58800.00000000,58869.16000000,58684.20000000
13/07/2024 16:00,58621.99000000,58830.62000000,58964.89000000,58601.55000000
13/07/2024 17:00,58708.00000000,58621.99000000,58708.00000000,58572.98000000
13/07/2024 18:00,58643.80000000,58708.00000000,58800.00000000,58573.61000000
13/07/2024 19:00,58624.38000000,58643.80000000,58738.44000000,58600.00000000
13/07/2024 20:00,58596.01000000,58624.38000000,58674.00000000,58554.69000000
13/07/2024 21:00,58686.00000000,58596.01000000,58690.00000000,58580.00000000
13/07/2024 22:00,59464.53000000,58686.00000000,59540.00000000,58288.19000000
13/07/2024 23:00,59204.02000000,59464.53000000,59850.00000000,59133.26000000
14/07/2024 00:00,59753.99000000,59204.01000000,59790.00000000,59194.01000000
14/07/2024 01:00,59705.99000000,59753.98000000,59838.00000000,59436.27000000
14/07/2024 02:00,59356.00000000,59705.99000000,59750.00000000,59279.99000000
14/07/2024 03:00,59466.15000000,59356.00000000,59590.12000000,59340.00000000
14/07/2024 04:00,59950.00000000,59466.16000000,60100.00000000,59418.68000000
14/07/2024 05:00,60265.38000000,59950.00000000,60296.00000000,59802.35000000
14/07/2024 06:00,59875.99000000,60265.39000000,60324.61000000,59786.69000000
14/07/2024 07:00,60062.01000000,59876.00000000,60124.01000000,59823.56000000
14/07/2024 08:00,60202.00000000,60062.01000000,60400.00000000,60062.00000000
14/07/2024 09:00,60186.01000000,60201.99000000,60359.57000000,60128.63000000
14/07/2024 10:00,59920.51000000,60186.00000000,60236.35000000,59905.71000000
14/07/2024 11:00,60099.10000000,59920.51000000,60120.86000000,59904.00000000
14/07/2024 12:00,59583.86000000,60099.10000000,60110.70000000,59577.77000000
14/07/2024 13:00,59701.93000000,59583.86000000,59800.00000000,59581.34000000
14/07/2024 14:00,60012.00000000,59701.92000000,60236.13000000,59466.67000000
14/07/2024 15:00,60084.00000000,60012.00000000,60148.00000000,59876.00000000
14/07/2024 16:00,60107.33000000,60084.00000000,60119.12000000,59894.16000000
14/07/2024 17:00,60005.56000000,60107.32000000,60184.99000000,59918.01000000
14/07/2024 18:00,60020.11000000,60005.56000000,60072.28000000,59935.42000000
14/07/2024 19:00,59915.99000000,60020.11000000,60020.11000000,59900.00000000
14/07/2024 20:00,60084.00000000,59916.00000000,60400.00000000,59880.00000000
14/07/2024 21:00,61276.36000000,60084.00000000,61420.69000000,60026.00000000
14/07/2024 22:00,60861.40000000,61276.36000000,61380.84000000,60756.65000000
14/07/2024 23:00,60797.91000000,60861.40000000,61176.32000000,60698.22000000
15/07/2024 00:00,61211.99000000,60797.91000000,61324.01000000,60632.30000000
15/07/2024 01:00,61390.00000000,61212.00000000,61800.00000000,61180.00000000
15/07/2024 02:00,62482.00000000,61389.99000000,62610.00000000,61300.87000000
15/07/2024 03:00,62647.87000000,62482.00000000,62796.01000000,62322.00000000
15/07/2024 04:00,62610.00000000,62647.87000000,62832.77000000,62433.01000000
15/07/2024 05:00,62799.99000000,62610.00000000,62968.15000000,62534.00000000
15/07/2024 06:00,62870.02000000,62800.00000000,62999.00000000,62706.01000000
15/07/2024 07:00,62840.12000000,62870.02000000,63084.00000000,62746.00000000
15/07/2024 08:00,62879.54000000,62840.12000000,63243.71000000,62778.81000000
15/07/2024 09:00,62637.64000000,62879.53000000,62900.00000000,62542.02000000
15/07/2024 10:00,62535.96000000,62637.63000000,62810.00000000,62413.50000000
15/07/2024 11:00,62454.00000000,62535.95000000,62603.53000000,62290.00000000
15/07/2024 12:00,62616.00000000,62454.00000000,62809.99000000,62444.67000000
15/07/2024 13:00,62908.01000000,62616.01000000,62981.00000000,62482.59000000
15/07/2024 14:00,63218.06000000,62908.01000000,63236.28000000,62731.48000000
15/07/2024 15:00,63026.00000000,63218.06000000,63328.00000000,62864.32000000
15/07/2024 16:00,63411.77000000,63026.01000000,63606.96000000,62852.00000000
15/07/2024 17:00,63081.97000000,63411.77000000,63730.00000000,63079.65000000
15/07/2024 18:00,63499.00000000,63081.97000000,63614.83000000,62993.33000000
15/07/2024 19:00,63342.00000000,63498.99000000,63820.15000000,63200.19000000
15/07/2024 20:00,63731.36000000,63342.00000000,63777.00000000,63251.65000000
15/07/2024 21:00,63532.44000000,63731.36000000,63780.00000000,63495.71000000
15/07/2024 22:00,64343.60000000,63532.44000000,64782.12000000,63508.00000000
15/07/2024 23:00,64724.14000000,64343.60000000,64900.00000000,64225.19000000
16/07/2024 00:00,64611.44000000,64724.06000000,64955.49000000,64436.20000000
16/07/2024 01:00,64848.08000000,64611.44000000,64860.00000000,64467.23000000
16/07/2024 02:00,64819.91000000,64848.07000000,64848.08000000,64541.35000000
16/07/2024 03:00,64752.14000000,64819.67000000,64863.98000000,64599.59000000
16/07/2024 04:00,64487.01000000,64752.14000000,64993.95000000,64473.68000000
16/07/2024 05:00,63654.92000000,64487.01000000,64550.00000000,63464.90000000
16/07/2024 06:00,62899.64000000,63654.92000000,63880.61000000,62794.00000000
16/07/2024 07:00,62895.01000000,62899.64000000,63333.19000000,62721.79000000
16/07/2024 08:00,62820.67000000,62895.01000000,63091.39000000,62373.24000000
16/07/2024 09:00,63187.54000000,62820.67000000,63259.12000000,62686.25000000
16/07/2024 10:00,63443.54000000,63187.53000000,63660.00000000,63088.83000000
16/07/2024 11:00,63746.11000000,63443.55000000,63872.20000000,63146.45000000
16/07/2024 12:00,63743.31000000,63746.11000000,64265.33000000,63601.02000000
16/07/2024 13:00,63419.99000000,63743.30000000,64100.00000000,63400.01000000
16/07/2024 14:00,63836.09000000,63419.99000000,63898.71000000,63063.83000000
16/07/2024 15:00,64878.24000000,63836.09000000,64960.86000000,63799.00000000
16/07/2024 16:00,64500.00000000,64878.24000000,65200.00000000,64207.96000000
16/07/2024 17:00,64547.52000000,64500.00000000,64642.79000000,64111.56000000
16/07/2024 18:00,64795.44000000,64547.52000000,64922.32000000,64405.10000000
16/07/2024 19:00,65165.43000000,64795.43000000,65178.83000000,64597.13000000
16/07/2024 20:00,64651.82000000,65165.42000000,65182.99000000,64612.16000000
16/07/2024 21:00,64500.01000000,64651.82000000,64831.33000000,64479.14000000
16/07/2024 22:00,64616.92000000,64500.00000000,64623.21000000,64115.00000000
16/07/2024 23:00,65043.99000000,64616.92000000,65388.97000000,64616.91000000
17/07/2024 00:00,65505.41000000,65044.00000000,65603.12000000,64932.31000000
17/07/2024 01:00,65670.19000000,65505.41000000,66128.63000000,65440.30000000
17/07/2024 02:00,65612.86000000,65670.18000000,65895.00000000,65541.05000000
17/07/2024 03:00,65701.66000000,65612.85000000,65792.87000000,65375.33000000
17/07/2024 04:00,65830.00000000,65701.66000000,65855.94000000,65546.32000000
17/07/2024 05:00,65624.01000000,65830.00000000,65993.14000000,65600.00000000
17/07/2024 06:00,65575.87000000,65624.00000000,65790.00000000,65454.17000000
17/07/2024 07:00,65258.00000000,65575.87000000,65575.87000000,65198.62000000
17/07/2024 08:00,65179.63000000,65258.01000000,65477.54000000,64807.49000000
17/07/2024 09:00,65331.98000000,65179.62000000,65500.00000000,65078.00000000
17/07/2024 10:00,65120.02000000,65331.99000000,65355.90000000,65100.00000000
17/07/2024 11:00,64723.73000000,65120.02000000,65144.76000000,64560.00000000
17/07/2024 12:00,64730.72000000,64723.73000000,65014.00000000,64571.91000000
17/07/2024 13:00,65141.95000000,64730.73000000,65339.86000000,64537.41000000
17/07/2024 14:00,65032.09000000,65141.95000000,65232.78000000,64660.00000000
17/07/2024 15:00,64724.01000000,65032.10000000,65400.00000000,64628.00000000
17/07/2024 16:00,64242.00000000,64724.01000000,64766.99000000,63854.00000000
17/07/2024 17:00,64278.83000000,64242.01000000,64411.76000000,63913.08000000
17/07/2024 18:00,64504.00000000,64278.83000000,64573.31000000,64214.01000000
17/07/2024 19:00,64585.78000000,64504.00000000,64756.02000000,64450.00000000
17/07/2024 20:00,64510.31000000,64585.78000000,64672.89000000,64503.99000000
17/07/2024 21:00,64318.00000000,64510.31000000,64558.03000000,64058.00000000
17/07/2024 22:00,64269.20000000,64318.00000000,64448.99000000,64080.00000000
17/07/2024 23:00,64087.99000000,64269.19000000,64371.87000000,64084.15000000
18/07/2024 00:00,64443.54000000,64087.99000000,64532.70000000,63910.00000000
18/07/2024 01:00,64678.99000000,64443.53000000,64678.99000000,64365.30000000
18/07/2024 02:00,64701.35000000,64678.98000000,65133.30000000,64245.95000000
18/07/2024 03:00,64865.08000000,64701.34000000,64959.99000000,64626.01000000
18/07/2024 04:00,64574.00000000,64865.09000000,64879.99000000,64534.38000000
18/07/2024 05:00,64756.77000000,64574.00000000,64860.18000000,64402.35000000
18/07/2024 06:00,65000.01000000,64756.76000000,65061.50000000,64712.49000000
18/07/2024 07:00,64668.00000000,65000.01000000,65036.00000000,64653.44000000
18/07/2024 08:00,64936.90000000,64668.00000000,64950.00000000,64640.00000000
18/07/2024 09:00,64865.99000000,64936.89000000,64943.32000000,64725.00000000
18/07/2024 10:00,64609.99000000,64865.98000000,64865.99000000,64494.27000000
18/07/2024 11:00,64758.00000000,64609.99000000,64763.98000000,64441.94000000
18/07/2024 12:00,64850.66000000,64758.00000000,65011.99000000,64726.33000000
18/07/2024 13:00,64594.20000000,64850.66000000,65111.29000000,64505.60000000
18/07/2024 14:00,63995.40000000,64594.20000000,64708.09000000,63701.00000000
18/07/2024 15:00,63538.12000000,63995.40000000,63995.40000000,63400.00000000
18/07/2024 16:00,63904.00000000,63538.12000000,63904.00000000,63333.00000000
18/07/2024 17:00,63555.52000000,63904.00000000,63958.51000000,63508.00000000
18/07/2024 18:00,63520.01000000,63555.52000000,63666.00000000,63335.99000000
18/07/2024 19:00,63555.00000000,63520.01000000,63753.05000000,63238.48000000
18/07/2024 20:00,63826.01000000,63555.00000000,63842.91000000,63438.21000000
18/07/2024 21:00,63850.00000000,63826.01000000,63905.73000000,63751.36000000
18/07/2024 22:00,64032.00000000,63849.99000000,64122.43000000,63714.00000000
18/07/2024 23:00,63987.92000000,64032.00000000,64090.00000000,63956.50000000
19/07/2024 00:00,63600.00000000,63987.92000000,64030.94000000,63551.11000000
19/07/2024 01:00,63816.00000000,63599.99000000,63858.85000000,63300.67000000
19/07/2024 02:00,63828.00000000,63815.99000000,63940.00000000,63643.76000000
19/07/2024 03:00,64325.00000000,63828.00000000,64368.62000000,63813.98000000
19/07/2024 04:00,64141.92000000,64324.99000000,64383.90000000,64141.91000000
19/07/2024 05:00,64164.00000000,64141.91000000,64249.32000000,64088.75000000
19/07/2024 06:00,64210.01000000,64164.00000000,64486.00000000,64130.70000000
19/07/2024 07:00,63694.01000000,64210.00000000,64210.01000000,63600.00000000
19/07/2024 08:00,63809.00000000,63694.01000000,63940.46000000,63409.01000000
19/07/2024 09:00,63700.00000000,63809.00000000,64117.64000000,63648.28000000
19/07/2024 10:00,63994.01000000,63700.00000000,64157.73000000,63640.20000000
19/07/2024 11:00,64116.00000000,63994.00000000,64182.77000000,63935.12000000
19/07/2024 12:00,64414.00000000,64115.99000000,64436.00000000,64043.37000000
19/07/2024 13:00,65135.90000000,64414.00000000,65330.24000000,64005.57000000
19/07/2024 14:00,65747.04000000,65135.89000000,65888.00000000,65000.50000000
19/07/2024 15:00,65836.77000000,65747.04000000,65849.65000000,65268.00000000
19/07/2024 16:00,66419.43000000,65836.76000000,66510.00000000,65827.62000000
19/07/2024 17:00,66755.42000000,66419.43000000,66829.82000000,66248.01000000
19/07/2024 18:00,66787.99000000,66755.42000000,66804.00000000,66417.66000000
19/07/2024 19:00,67157.26000000,66788.00000000,67386.00000000,66787.99000000
19/07/2024 20:00,66931.80000000,67157.25000000,67221.17000000,66880.39000000
19/07/2024 21:00,66892.28000000,66931.81000000,67352.44000000,66889.20000000
19/07/2024 22:00,66721.19000000,66892.27000000,66992.01000000,66654.00000000
19/07/2024 23:00,66660.00000000,66721.19000000,66904.00000000,66616.19000000
20/07/2024 00:00,66419.88000000,66660.01000000,66822.22000000,66268.60000000
20/07/2024 01:00,66361.99000000,66419.87000000,66700.10000000,66222.46000000
20/07/2024 02:00,66570.57000000,66361.99000000,66634.48000000,66323.80000000
20/07/2024 03:00,66602.01000000,66570.57000000,66750.00000000,66556.00000000
20/07/2024 04:00,66660.84000000,66602.00000000,66700.00000000,66475.48000000
20/07/2024 05:00,66537.32000000,66660.84000000,66660.84000000,66436.00000000
20/07/2024 06:00,66625.77000000,66537.31000000,66670.67000000,66500.00000000
20/07/2024 07:00,66562.28000000,66625.76000000,66775.11000000,66525.36000000
20/07/2024 08:00,66510.71000000,66562.27000000,66634.82000000,66458.83000000
20/07/2024 09:00,66582.79000000,66510.72000000,66733.09000000,66475.08000000
20/07/2024 10:00,66524.99000000,66582.78000000,66652.76000000,66485.67000000
20/07/2024 11:00,66483.69000000,66525.00000000,66554.42000000,66474.00000000
20/07/2024 12:00,66476.28000000,66483.69000000,66568.24000000,66470.78000000
20/07/2024 13:00,66539.89000000,66476.28000000,66652.21000000,66273.62000000
20/07/2024 14:00,66590.00000000,66539.88000000,66700.00000000,66510.00000000
20/07/2024 15:00,66825.00000000,66589.99000000,66832.00000000,66589.99000000
20/07/2024 16:00,66804.91000000,66824.99000000,67054.00000000,66679.01000000
20/07/2024 17:00,67403.01000000,66804.91000000,67598.00000000,66762.00000000
20/07/2024 18:00,67467.99000000,67403.01000000,67577.57000000,67218.52000000
20/07/2024 19:00,67224.00000000,67467.99000000,67506.55000000,67137.78000000
20/07/2024 20:00,67339.28000000,67224.00000000,67430.01000000,67223.99000000
20/07/2024 21:00,67092.41000000,67339.28000000,67342.70000000,66790.90000000
20/07/2024 22:00,67114.00000000,67092.40000000,67300.00000000,66861.99000000
20/07/2024 23:00,67139.96000000,67114.00000000,67200.00000000,67092.00000000
21/07/2024 00:00,67066.02000000,67139.97000000,67322.00000000,66962.00000000
21/07/2024 01:00,67276.33000000,67066.02000000,67436.22000000,67041.07000000
21/07/2024 02:00,67287.01000000,67276.32000000,67396.73000000,67270.00000000
21/07/2024 03:00,67171.33000000,67287.01000000,67375.00000000,67147.45000000
21/07/2024 04:00,67040.01000000,67171.33000000,67220.52000000,67001.00000000
21/07/2024 05:00,67046.00000000,67040.00000000,67100.00000000,66890.00000000
21/07/2024 06:00,66721.99000000,67046.00000000,67093.42000000,66611.09000000
21/07/2024 07:00,66701.99000000,66721.99000000,66820.00000000,66592.10000000
21/07/2024 08:00,66796.01000000,66702.00000000,66892.00000000,66680.00000000
21/07/2024 09:00,66976.00000000,66796.00000000,67017.08000000,66756.82000000
21/07/2024 10:00,66798.87000000,66976.00000000,67062.77000000,66798.86000000
21/07/2024 11:00,66879.99000000,66798.86000000,66879.99000000,66754.00000000
21/07/2024 12:00,66928.02000000,66879.99000000,66987.13000000,66840.00000000
21/07/2024 13:00,66760.01000000,66928.02000000,66961.91000000,66616.00000000
21/07/2024 14:00,67290.76000000,66760.01000000,67392.68000000,66682.00000000
21/07/2024 15:00,67164.00000000,67290.75000000,67499.99000000,66971.48000000
21/07/2024 16:00,67554.00000000,67164.00000000,67590.00000000,66952.21000000
21/07/2024 17:00,66648.01000000,67553.99000000,67713.00000000,66484.55000000
21/07/2024 18:00,66864.42000000,66648.01000000,67336.01000000,65777.00000000
21/07/2024 19:00,67422.02000000,66864.43000000,67712.99000000,66782.60000000
21/07/2024 20:00,67723.91000000,67422.03000000,68209.16000000,67274.69000000
21/07/2024 21:00,68193.99000000,67723.91000000,68298.02000000,67564.20000000
21/07/2024 22:00,68012.00000000,68194.00000000,68366.66000000,67934.00000000
21/07/2024 23:00,68165.34000000,68012.01000000,68200.00000000,67888.77000000
22/07/2024 00:00,68188.01000000,68165.35000000,68474.55000000,68036.00000000
22/07/2024 01:00,67850.01000000,68188.01000000,68228.01000000,67762.00000000
22/07/2024 02:00,68070.62000000,67850.01000000,68199.31000000,67753.72000000
22/07/2024 03:00,67880.01000000,68070.63000000,68102.00000000,67836.62000000
22/07/2024 04:00,67923.98000000,67880.01000000,67996.01000000,67760.00000000
22/07/2024 05:00,67626.01000000,67923.99000000,67940.01000000,67520.00000000
22/07/2024 06:00,67412.00000000,67626.01000000,67743.66000000,67122.22000000
22/07/2024 07:00,67236.00000000,67412.00000000,67412.00000000,67184.61000000
22/07/2024 08:00,67080.48000000,67236.01000000,67399.98000000,67030.00000000
22/07/2024 09:00,67427.22000000,67080.48000000,67427.22000000,66944.10000000
22/07/2024 10:00,67422.01000000,67427.22000000,67524.00000000,67293.53000000
22/07/2024 11:00,67516.01000000,67422.01000000,67599.00000000,67288.00000000
22/07/2024 12:00,67697.11000000,67516.01000000,67697.11000000,67366.02000000
22/07/2024 13:00,67098.00000000,67697.11000000,67952.39000000,66991.27000000
22/07/2024 14:00,66712.00000000,67098.01000000,67328.00000000,66616.68000000
22/07/2024 15:00,67063.87000000,66712.00000000,67190.01000000,66559.97000000
22/07/2024 16:00,67052.00000000,67063.87000000,67314.43000000,66798.36000000
22/07/2024 17:00,67468.00000000,67052.01000000,67468.00000000,67010.01000000
22/07/2024 18:00,67445.49000000,67467.99000000,67666.00000000,67322.50000000
22/07/2024 19:00,68232.07000000,67445.49000000,68250.00000000,67366.63000000
22/07/2024 20:00,68124.00000000,68232.08000000,68256.00000000,67822.00000000
22/07/2024 21:00,67841.60000000,68123.99000000,68166.01000000,67657.54000000
22/07/2024 22:00,67635.01000000,67841.61000000,67854.81000000,67502.59000000
22/07/2024 23:00,67532.01000000,67635.01000000,67642.00000000,67224.11000000
23/07/2024 00:00,67490.01000000,67532.00000000,67750.98000000,67449.65000000
23/07/2024 01:00,67410.01000000,67490.01000000,67499.88000000,67183.98000000
23/07/2024 02:00,67647.65000000,67410.01000000,67700.00000000,67248.00000000
23/07/2024 03:00,67473.99000000,67647.65000000,67710.01000000,67439.22000000
23/07/2024 04:00,66936.00000000,67473.98000000,67526.01000000,66936.00000000
23/07/2024 05:00,66428.00000000,66936.01000000,66945.48000000,66326.00000000
23/07/2024 06:00,66519.34000000,66428.01000000,66772.01000000,66386.38000000
23/07/2024 07:00,66576.00000000,66519.34000000,66644.01000000,66256.39000000
23/07/2024 08:00,66888.00000000,66576.00000000,66999.00000000,66518.51000000
23/07/2024 09:00,66938.20000000,66888.00000000,67166.01000000,66769.99000000
23/07/2024 10:00,66870.01000000,66938.19000000,67024.01000000,66814.23000000
23/07/2024 11:00,66676.01000000,66870.00000000,66870.01000000,66454.00000000
23/07/2024 12:00,66504.68000000,66676.00000000,66756.01000000,66358.02000000
23/07/2024 13:00,66092.01000000,66504.69000000,66744.47000000,65962.00000000
23/07/2024 14:00,67227.80000000,66092.00000000,67349.03000000,65988.00000000
23/07/2024 15:00,66584.01000000,67227.81000000,67246.01000000,66333.33000000
23/07/2024 16:00,65857.99000000,66584.01000000,66780.01000000,65850.00000000
23/07/2024 17:00,65940.29000000,65858.00000000,66118.29000000,65744.94000000
23/07/2024 18:00,65860.00000000,65940.29000000,66105.32000000,65778.00000000
23/07/2024 19:00,65536.01000000,65859.99000000,66062.01000000,65441.08000000
23/07/2024 20:00,65836.01000000,65536.00000000,65998.01000000,65472.54000000
23/07/2024 21:00,65872.00000000,65836.00000000,66049.99000000,65782.00000000
23/07/2024 22:00,65917.99000000,65872.00000000,66043.47000000,65790.00000000
23/07/2024 23:00,65936.01000000,65917.99000000,66054.00000000,65793.01000000
24/07/2024 00:00,65784.70000000,65936.00000000,66146.01000000,65780.00000000
24/07/2024 01:00,65666.01000000,65784.70000000,66114.21000000,65619.98000000
24/07/2024 02:00,65878.16000000,65666.01000000,65928.01000000,65476.84000000
24/07/2024 03:00,66052.71000000,65878.16000000,66111.50000000,65784.53000000
24/07/2024 04:00,65860.00000000,66052.71000000,66072.01000000,65791.42000000
24/07/2024 05:00,65814.01000000,65860.01000000,65914.49000000,65610.00000000
24/07/2024 06:00,65898.00000000,65814.01000000,65999.00000000,65762.01000000
24/07/2024 07:00,66078.00000000,65898.00000000,66080.01000000,65875.36000000
24/07/2024 08:00,66437.01000000,66078.00000000,66470.01000000,66008.00000000
24/07/2024 09:00,66398.10000000,66437.01000000,66489.51000000,66301.00000000
24/07/2024 10:00,66491.53000000,66398.10000000,66600.00000000,66343.87000000
24/07/2024 11:00,66367.99000000,66491.53000000,66555.00000000,66340.31000000
24/07/2024 12:00,66215.10000000,66368.00000000,66577.00000000,66146.70000000
24/07/2024 13:00,66344.00000000,66215.09000000,66900.00000000,66200.00000000
24/07/2024 14:00,66760.01000000,66344.00000000,67102.01000000,66282.74000000
24/07/2024 15:00,66176.00000000,66760.01000000,66812.00000000,66093.99000000
24/07/2024 16:00,66394.00000000,66176.00000000,66490.00000000,65963.17000000
24/07/2024 17:00,66586.01000000,66394.00000000,66709.55000000,66315.44000000
24/07/2024 18:00,65754.00000000,66586.01000000,66650.00000000,65715.17000000
24/07/2024 19:00,65652.00000000,65754.00000000,66102.00000000,65558.89000000
24/07/2024 20:00,66044.01000000,65652.01000000,66066.66000000,65648.00000000
24/07/2024 21:00,65647.05000000,66044.01000000,66066.66000000,65130.00000000
24/07/2024 22:00,65288.01000000,65647.05000000,65670.01000000,65250.00000000
24/07/2024 23:00,65376.00000000,65288.01000000,65470.00000000,65111.00000000
25/07/2024 00:00,65514.80000000,65376.01000000,65620.00000000,65269.40000000
25/07/2024 01:00,64478.00000000,65514.81000000,65514.81000000,64220.56000000
25/07/2024 02:00,64208.01000000,64477.99000000,64482.00000000,63950.00000000
25/07/2024 03:00,64093.59000000,64208.00000000,64288.00000000,63861.00000000
25/07/2024 04:00,64220.00000000,64093.58000000,64288.00000000,63800.00000000
25/07/2024 05:00,64263.01000000,64220.00000000,64348.94000000,64123.30000000
25/07/2024 06:00,64324.01000000,64263.01000000,64369.05000000,64086.43000000
25/07/2024 07:00,64134.00000000,64324.00000000,64390.00000000,64071.51000000
25/07/2024 08:00,64352.01000000,64134.00000000,64419.71000000,63878.00000000
25/07/2024 09:00,64306.71000000,64352.01000000,64480.00000000,64218.93000000
25/07/2024 10:00,64165.68000000,64306.71000000,64314.01000000,63973.46000000
25/07/2024 11:00,64096.00000000,64165.68000000,64284.01000000,64089.72000000
25/07/2024 12:00,64124.00000000,64096.01000000,64400.00000000,63900.24000000
25/07/2024 13:00,64050.01000000,64123.99000000,64360.00000000,63680.00000000
25/07/2024 14:00,64835.00000000,64050.01000000,64851.01000000,63456.70000000
25/07/2024 15:00,64790.88000000,64834.99000000,65005.00000000,64532.00000000
25/07/2024 16:00,64868.00000000,64790.89000000,65170.00000000,64630.00000000
25/07/2024 17:00,65051.98000000,64868.00000000,65073.70000000,64764.00000000
25/07/2024 18:00,64568.00000000,65051.98000000,65187.82000000,64388.46000000
25/07/2024 19:00,64692.01000000,64568.00000000,65008.00000000,64401.73000000
25/07/2024 20:00,65298.01000000,64692.01000000,65298.01000000,64425.00000000
25/07/2024 21:00,65838.00000000,65298.01000000,66000.00000000,65214.00000000
25/07/2024 22:00,65644.00000000,65838.01000000,66175.49000000,65639.89000000
25/07/2024 23:00,65799.95000000,65644.01000000,65825.36000000,65630.00000000
26/07/2024 00:00,66384.00000000,65799.95000000,66450.46000000,65722.63000000
26/07/2024 01:00,66430.01000000,66384.00000000,66570.01000000,66193.69000000
26/07/2024 02:00,67014.01000000,66430.01000000,67198.99000000,66393.18000000
26/07/2024 03:00,67042.01000000,67014.00000000,67480.00000000,66933.56000000
26/07/2024 04:00,67075.83000000,67042.00000000,67117.28000000,66894.00000000
26/07/2024 05:00,66924.00000000,67075.83000000,67100.00000000,66870.82000000
26/07/2024 06:00,67062.01000000,66924.01000000,67160.00000000,66874.01000000
26/07/2024 07:00,66890.56000000,67062.01000000,67190.00000000,66879.99000000
26/07/2024 08:00,67106.01000000,66890.56000000,67142.76000000,66890.56000000
26/07/2024 09:00,67296.01000000,67106.00000000,67498.00000000,67085.77000000
26/07/2024 10:00,67304.01000000,67296.01000000,67410.00000000,67172.90000000
26/07/2024 11:00,67322.00000000,67304.00000000,67366.31000000,67152.00000000
26/07/2024 12:00,67314.01000000,67321.99000000,67410.00000000,67086.45000000
26/07/2024 13:00,67887.88000000,67314.01000000,67976.05000000,67170.00000000
26/07/2024 14:00,67328.01000000,67887.88000000,68000.00000000,66892.00000000
26/07/2024 15:00,67560.01000000,67328.00000000,67751.01000000,67286.00000000
26/07/2024 16:00,67396.00000000,67560.00000000,67685.11000000,67366.79000000
26/07/2024 17:00,67372.00000000,67396.01000000,67600.00000000,67303.07000000
26/07/2024 18:00,67573.75000000,67372.00000000,67602.09000000,67336.08000000
26/07/2024 19:00,67990.00000000,67573.74000000,68144.01000000,67552.47000000
26/07/2024 20:00,67435.17000000,67990.00000000,68000.01000000,67413.50000000
26/07/2024 21:00,67946.01000000,67435.16000000,68200.00000000,67419.81000000
26/07/2024 22:00,67926.00000000,67946.00000000,68086.02000000,67855.42000000
26/07/2024 23:00,67907.99000000,67926.00000000,67976.10000000,67848.00000000
27/07/2024 00:00,67872.27000000,67908.00000000,67946.01000000,67808.01000000
27/07/2024 01:00,67657.99000000,67872.28000000,67874.00000000,67630.00000000
27/07/2024 02:00,68028.00000000,67657.99000000,68070.01000000,67657.99000000
27/07/2024 03:00,67798.00000000,68028.00000000,68081.57000000,67773.01000000
27/07/2024 04:00,67866.01000000,67797.99000000,67898.20000000,67782.73000000
27/07/2024 05:00,67895.21000000,67866.01000000,67998.05000000,67866.00000000
27/07/2024 06:00,68092.89000000,67895.21000000,68094.03000000,67886.46000000
27/07/2024 07:00,68036.68000000,68092.89000000,68295.39000000,68036.67000000
27/07/2024 08:00,67986.00000000,68036.68000000,68176.44000000,67892.24000000
27/07/2024 09:00,68217.21000000,67985.99000000,68217.22000000,67946.82000000
27/07/2024 10:00,68155.41000000,68217.20000000,68275.64000000,68082.99000000
27/07/2024 11:00,68209.88000000,68155.42000000,68212.00000000,68010.45000000
27/07/2024 12:00,68400.00000000,68209.88000000,68471.79000000,68195.43000000
27/07/2024 13:00,69226.01000000,68400.00000000,69385.06000000,68399.99000000
27/07/2024 14:00,68981.69000000,69226.01000000,69399.99000000,68794.46000000
27/07/2024 15:00,68844.00000000,68981.69000000,69086.00000000,68583.69000000
27/07/2024 16:00,68684.01000000,68844.00000000,68979.32000000,68644.00000000
27/07/2024 17:00,68540.01000000,68684.01000000,68754.34000000,68428.18000000
27/07/2024 18:00,68542.76000000,68540.00000000,68990.03000000,68508.12000000
27/07/2024 19:00,68246.00000000,68542.76000000,68641.53000000,67658.68000000
27/07/2024 20:00,67791.22000000,68246.00000000,68450.00000000,66650.00000000
27/07/2024 21:00,68860.00000000,67791.21000000,69182.94000000,67596.00000000
27/07/2024 22:00,68619.97000000,68860.01000000,68860.01000000,68502.60000000
27/07/2024 23:00,67896.50000000,68619.97000000,68619.97000000,67749.50000000
28/07/2024 00:00,67958.00000000,67896.49000000,68083.35000000,67260.54000000
28/07/2024 01:00,68090.01000000,67958.00000000,68285.43000000,67916.00000000
28/07/2024 02:00,68149.45000000,68090.01000000,68149.45000000,67966.00000000
28/07/2024 03:00,67940.95000000,68149.44000000,68149.45000000,67940.94000000
28/07/2024 04:00,67338.00000000,67940.94000000,68024.18000000,67300.00000000
28/07/2024 05:00,67422.00000000,67338.00000000,67500.00000000,67066.66000000
28/07/2024 06:00,67486.01000000,67422.01000000,67590.82000000,67386.00000000
28/07/2024 07:00,67560.86000000,67486.00000000,67560.86000000,67309.15000000
28/07/2024 08:00,67380.00000000,67560.86000000,67564.48000000,67220.00000000
28/07/2024 09:00,67433.65000000,67380.00000000,67550.28000000,67329.60000000
28/07/2024 10:00,67560.01000000,67433.65000000,67686.39000000,67390.34000000
28/07/2024 11:00,67836.00000000,67560.01000000,68000.00000000,67560.01000000
28/07/2024 12:00,68000.01000000,67836.01000000,68123.32000000,67745.46000000
28/07/2024 13:00,67988.01000000,68000.01000000,68044.01000000,67861.27000000
28/07/2024 14:00,67746.00000000,67988.01000000,68024.99000000,67634.70000000
28/07/2024 15:00,67645.00000000,67746.00000000,67777.77000000,67577.63000000
28/07/2024 16:00,67680.01000000,67645.00000000,67753.26000000,67624.00000000
28/07/2024 17:00,67988.47000000,67680.01000000,67998.42000000,67680.00000000
28/07/2024 18:00,68236.01000000,67988.47000000,68318.43000000,67939.81000000
28/07/2024 19:00,68112.00000000,68236.00000000,68295.00000000,68084.58000000
28/07/2024 20:00,68007.99000000,68112.00000000,68164.76000000,67954.48000000
28/07/2024 21:00,68021.93000000,68008.00000000,68069.00000000,67801.62000000
28/07/2024 22:00,68010.24000000,68021.93000000,68253.59000000,67941.94000000
28/07/2024 23:00,68249.88000000,68010.23000000,68277.83000000,67956.00000000
29/07/2024 00:00,68714.01000000,68249.88000000,68999.00000000,68168.00000000
29/07/2024 01:00,68547.99000000,68714.01000000,68833.33000000,68349.49000000
29/07/2024 02:00,69559.00000000,68548.00000000,69635.14000000,68533.45000000
29/07/2024 03:00,69347.67000000,69558.99000000,69800.00000000,69302.00000000
29/07/2024 04:00,69368.00000000,69347.66000000,69475.65000000,69263.07000000
29/07/2024 05:00,69662.07000000,69367.99000000,69800.00000000,69367.99000000
29/07/2024 06:00,69588.01000000,69662.07000000,69888.00000000,69551.00000000
29/07/2024 07:00,69528.01000000,69588.01000000,69611.30000000,69446.00000000
29/07/2024 08:00,69457.50000000,69528.01000000,69700.00000000,69375.00000000
29/07/2024 09:00,69520.00000000,69457.51000000,69618.90000000,69440.00000000
29/07/2024 10:00,69620.00000000,69520.00000000,69743.07000000,69378.80000000
29/07/2024 11:00,69580.01000000,69620.00000000,69838.62000000,69580.00000000
29/07/2024 12:00,69799.38000000,69580.01000000,69950.00000000,69396.74000000
29/07/2024 13:00,69273.60000000,69799.37000000,70079.99000000,69088.00000000
29/07/2024 14:00,68228.01000000,69273.59000000,69294.64000000,68071.98000000
29/07/2024 15:00,68104.00000000,68228.01000000,68304.00000000,67668.34000000
29/07/2024 16:00,66940.01000000,68103.99000000,68118.00000000,66800.00000000
29/07/2024 17:00,67015.08000000,66940.01000000,67177.52000000,66428.00000000
29/07/2024 18:00,67419.99000000,67015.09000000,67547.32000000,66940.00000000
29/07/2024 19:00,67303.05000000,67419.99000000,67549.73000000,67242.99000000
29/07/2024 20:00,67369.99000000,67303.05000000,67392.01000000,67158.00000000
29/07/2024 21:00,67500.00000000,67370.00000000,67510.01000000,67030.00000000
29/07/2024 22:00,67227.36000000,67499.99000000,67553.66000000,67140.00000000
29/07/2024 23:00,66784.69000000,67227.35000000,67264.01000000,66600.00000000
30/07/2024 00:00,66610.00000000,66784.68000000,66862.45000000,65862.00000000
30/07/2024 01:00,66211.33000000,66610.01000000,66886.00000000,66060.06000000
30/07/2024 02:00,66418.01000000,66211.32000000,66477.80000000,65958.57000000
30/07/2024 03:00,66610.00000000,66418.00000000,66680.00000000,66380.00000000
30/07/2024 04:00,66808.04000000,66610.00000000,66808.04000000,66533.14000000
30/07/2024 05:00,66484.01000000,66808.04000000,66808.04000000,66322.49000000
30/07/2024 06:00,66766.01000000,66484.01000000,66775.00000000,66464.17000000
30/07/2024 07:00,66952.00000000,66766.00000000,67000.00000000,66766.00000000
30/07/2024 08:00,66772.01000000,66952.00000000,66999.92000000,66712.00000000
30/07/2024 09:00,66608.01000000,66772.01000000,66900.56000000,66444.00000000
30/07/2024 10:00,66581.87000000,66608.01000000,66687.34000000,66404.53000000
30/07/2024 11:00,66574.01000000,66581.88000000,66720.00000000,66488.71000000
30/07/2024 12:00,66668.00000000,66574.00000000,66820.01000000,66233.07000000
30/07/2024 13:00,66381.99000000,66668.01000000,66948.00000000,66332.61000000
30/07/2024 14:00,65810.00000000,66382.00000000,66449.99000000,65660.89000000
30/07/2024 15:00,66216.01000000,65810.01000000,66332.01000000,65555.00000000
30/07/2024 16:00,66180.01000000,66216.01000000,66550.01000000,66145.00000000
30/07/2024 17:00,65868.01000000,66180.02000000,66210.01000000,65684.68000000
30/07/2024 18:00,65824.01000000,65868.01000000,66074.98000000,65600.00000000
30/07/2024 19:00,65931.02000000,65824.00000000,66008.01000000,65556.56000000
30/07/2024 20:00,66186.01000000,65931.03000000,66240.00000000,65302.67000000
30/07/2024 21:00,66304.00000000,66186.00000000,66312.80000000,65942.00000000
30/07/2024 22:00,66222.00000000,66304.00000000,66356.89000000,66072.43000000
30/07/2024 23:00,66188.00000000,66222.00000000,66307.50000000,66130.00000000
31/07/2024 00:00,66344.00000000,66188.00000000,66413.00000000,65881.96000000
31/07/2024 01:00,66296.00000000,66344.01000000,66404.01000000,66104.00000000
31/07/2024 02:00,66122.16000000,66295.99000000,66413.28000000,66068.63000000
31/07/2024 03:00,66058.00000000,66122.17000000,66228.86000000,66026.12000000
31/07/2024 04:00,65804.00000000,66058.00000000,66092.00000000,65496.00000000
31/07/2024 05:00,66175.52000000,65804.00000000,66221.55000000,65578.51000000
31/07/2024 06:00,66459.99000000,66175.53000000,66554.40000000,66120.60000000
31/07/2024 07:00,66224.00000000,66460.00000000,66527.11000000,66213.00000000
31/07/2024 08:00,66312.01000000,66224.00000000,66370.00000000,66044.00000000
31/07/2024 09:00,66262.00000000,66312.01000000,66374.01000000,66162.37000000
31/07/2024 10:00,65992.00000000,66262.01000000,66262.01000000,65954.54000000
31/07/2024 11:00,66094.01000000,65992.00000000,66144.00000000,65958.00000000
31/07/2024 12:00,66153.82000000,66094.01000000,66294.00000000,66000.00000000
31/07/2024 13:00,66508.00000000,66153.82000000,66849.24000000,66136.00000000
31/07/2024 14:00,66440.00000000,66508.01000000,66733.02000000,65963.25000000
31/07/2024 15:00,66379.99000000,66440.01000000,66560.01000000,66326.00000000
31/07/2024 16:00,66362.00000000,66379.99000000,66751.32000000,66287.87000000
31/07/2024 17:00,66686.00000000,66362.01000000,66836.30000000,66303.84000000
31/07/2024 18:00,66527.99000000,66686.01000000,66733.99000000,66138.00000000
31/07/2024 19:00,65256.83000000,66527.99000000,66649.12000000,64957.14000000
31/07/2024 20:00,64595.81000000,65256.83000000,65422.00000000,64543.57000000
31/07/2024 21:00,64978.00000000,64595.81000000,65136.04000000,64530.00000000
31/07/2024 22:00,64980.01000000,64978.00000000,65058.00000000,64634.00000000
31/07/2024 23:00,64628.00000000,64980.01000000,64996.00000000,64627.97000000
01/08/2024 00:00,64645.90000000,64628.01000000,64841.29000000,64316.55000000
01/08/2024 01:00,64202.00000000,64645.90000000,64816.01000000,64099.00000000
01/08/2024 02:00,64110.01000000,64202.00000000,64254.00000000,63900.00000000
01/08/2024 03:00,63936.01000000,64110.00000000,64139.82000000,63750.00000000
01/08/2024 04:00,63740.41000000,63936.01000000,64058.00000000,63613.33000000
01/08/2024 05:00,64303.99000000,63740.41000000,64357.38000000,63584.00000000
01/08/2024 06:00,64226.00000000,64304.00000000,64454.00000000,64124.00000000
01/08/2024 07:00,64328.59000000,64226.00000000,64488.00000000,64216.71000000
01/08/2024 08:00,64507.17000000,64328.60000000,64560.01000000,64310.00000000
01/08/2024 09:00,64466.00000000,64507.18000000,64701.41000000,64441.20000000
01/08/2024 10:00,64584.55000000,64466.01000000,64610.01000000,64299.87000000
01/08/2024 11:00,64674.25000000,64584.54000000,64690.00000000,64467.40000000
01/08/2024 12:00,64883.98000000,64674.26000000,64926.52000000,64634.89000000
01/08/2024 13:00,64754.03000000,64883.99000000,64949.58000000,64466.21000000
01/08/2024 14:00,63935.83000000,64754.02000000,64776.75000000,63928.10000000
01/08/2024 15:00,62906.60000000,63935.83000000,63962.00000000,62666.07000000
01/08/2024 16:00,62908.00000000,62907.44000000,63203.99000000,62652.55000000
01/08/2024 17:00,63220.00000000,62908.01000000,63254.82000000,62302.00000000
01/08/2024 18:00,62954.00000000,63220.00000000,63435.75000000,62811.26000000
01/08/2024 19:00,63422.01000000,62953.99000000,63509.83000000,62944.01000000
01/08/2024 20:00,64760.00000000,63422.01000000,64776.00000000,63336.61000000
01/08/2024 21:00,64889.03000000,64760.01000000,65356.00000000,64628.01000000
01/08/2024 22:00,65184.37000000,64889.04000000,65659.78000000,64869.49000000
01/08/2024 23:00,65354.02000000,65184.37000000,65470.84000000,65000.00000000
02/08/2024 00:00,64897.99000000,65354.02000000,65596.14000000,64895.83000000
02/08/2024 01:00,64647.99000000,64898.00000000,64898.00000000,64548.01000000
02/08/2024 02:00,64359.91000000,64648.00000000,64821.99000000,63668.00000000
02/08/2024 03:00,64609.18000000,64359.92000000,64636.80000000,64246.00000000
02/08/2024 04:00,64531.99000000,64609.17000000,64655.17000000,64438.00000000
02/08/2024 05:00,64170.01000000,64531.98000000,64541.72000000,64078.00000000
02/08/2024 06:00,64477.21000000,64170.01000000,64640.00000000,63807.29000000
02/08/2024 07:00,64164.07000000,64477.22000000,64516.01000000,64124.87000000
02/08/2024 08:00,64598.01000000,64164.07000000,64610.00000000,64044.00000000
02/08/2024 09:00,64511.99000000,64598.01000000,64618.75000000,64420.80000000
02/08/2024 10:00,64764.93000000,64512.00000000,64873.61000000,64350.00000000
02/08/2024 11:00,64660.01000000,64764.93000000,64974.00000000,64649.96000000
02/08/2024 12:00,64846.00000000,64660.01000000,64940.01000000,64118.60000000
02/08/2024 13:00,65229.99000000,64846.00000000,65524.01000000,64558.15000000
02/08/2024 14:00,63157.95000000,65229.99000000,65366.01000000,63102.00000000
02/08/2024 15:00,63416.01000000,63157.95000000,63636.46000000,62432.90000000
02/08/2024 16:00,63307.38000000,63416.00000000,63611.24000000,62964.41000000
02/08/2024 17:00,63098.01000000,63307.39000000,63456.01000000,63066.00000000
02/08/2024 18:00,62898.25000000,63098.01000000,63220.00000000,62784.00000000
02/08/2024 19:00,62633.57000000,62898.24000000,62981.56000000,62515.00000000
02/08/2024 20:00,62622.01000000,62633.58000000,63187.26000000,62088.00000000
02/08/2024 21:00,61987.01000000,62622.01000000,62736.01000000,61286.54000000
02/08/2024 22:00,61386.01000000,61987.02000000,62250.00000000,61230.01000000
02/08/2024 23:00,61498.33000000,61386.01000000,61782.00000000,61311.00000000
03/08/2024 00:00,61132.01000000,61498.34000000,61725.78000000,60903.00000000
03/08/2024 01:00,61342.01000000,61132.01000000,61390.12000000,60505.00000000
03/08/2024 02:00,61450.01000000,61342.01000000,61614.00000000,61217.99000000
03/08/2024 03:00,61895.99000000,61450.01000000,61975.00000000,61310.90000000
03/08/2024 04:00,61566.25000000,61895.99000000,61981.43000000,61398.01000000
03/08/2024 05:00,61693.99000000,61566.26000000,61720.34000000,61512.00000000
03/08/2024 06:00,61827.89000000,61694.00000000,61847.11000000,61674.69000000
03/08/2024 07:00,61662.01000000,61827.89000000,61906.37000000,61618.70000000
03/08/2024 08:00,61629.68000000,61662.02000000,61740.60000000,61480.00000000
03/08/2024 09:00,61735.99000000,61629.68000000,61749.07000000,61457.89000000
03/08/2024 10:00,61822.01000000,61735.98000000,61885.90000000,61668.06000000
03/08/2024 11:00,61919.38000000,61822.01000000,62002.39000000,61785.51000000
03/08/2024 12:00,62002.71000000,61919.38000000,62198.22000000,61847.04000000
03/08/2024 13:00,62007.99000000,62002.71000000,62040.01000000,61844.49000000
03/08/2024 14:00,61990.00000000,62007.99000000,62173.01000000,61900.00000000
03/08/2024 15:00,60879.00000000,61990.00000000,62088.38000000,60833.33000000
03/08/2024 16:00,60912.01000000,60879.01000000,61288.00000000,60387.00000000
03/08/2024 17:00,60576.00000000,60912.01000000,61015.50000000,60450.00000000
03/08/2024 18:00,60243.97000000,60575.99000000,60840.00000000,60174.54000000
03/08/2024 19:00,60246.00000000,60243.97000000,60628.24000000,59920.00000000
03/08/2024 20:00,60395.97000000,60246.01000000,60716.64000000,60158.00000000
03/08/2024 21:00,60648.00000000,60395.97000000,60849.93000000,59850.00000000
03/08/2024 22:00,60629.84000000,60648.00000000,60765.00000000,60370.67000000
03/08/2024 23:00,60697.99000000,60629.85000000,60830.00000000,60380.00000000
04/08/2024 00:00,60747.00000000,60697.99000000,60814.16000000,60597.32000000
04/08/2024 01:00,60743.58000000,60747.00000000,60774.02000000,60320.00000000
04/08/2024 02:00,60886.95000000,60743.57000000,61117.63000000,60714.29000000
04/08/2024 03:00,60735.00000000,60886.96000000,60902.36000000,60692.00000000
04/08/2024 04:00,60564.12000000,60735.00000000,60792.47000000,60546.67000000
04/08/2024 05:00,60792.00000000,60564.12000000,60938.54000000,60542.50000000
04/08/2024 06:00,60819.61000000,60792.00000000,60871.50000000,60714.60000000
04/08/2024 07:00,60373.99000000,60819.60000000,60830.00000000,60260.00000000
04/08/2024 08:00,60565.41000000,60374.00000000,60666.00000000,60081.57000000
04/08/2024 09:00,60708.00000000,60566.00000000,60740.00000000,60504.00000000
04/08/2024 10:00,60812.01000000,60708.00000000,60828.70000000,60529.08000000
04/08/2024 11:00,60896.00000000,60812.01000000,61000.00000000,60779.00000000
04/08/2024 12:00,61062.00000000,60896.00000000,61097.55000000,60800.00000000
04/08/2024 13:00,60822.01000000,61062.00000000,61089.36000000,60822.00000000
04/08/2024 14:00,59586.70000000,60822.01000000,60876.00000000,59317.00000000
04/08/2024 15:00,59086.01000000,59586.69000000,59600.00000000,58960.00000000
04/08/2024 16:00,58663.90000000,59086.01000000,59314.57000000,58621.00000000
04/08/2024 17:00,57864.43000000,58663.90000000,58750.00000000,57122.77000000
04/08/2024 18:00,58770.60000000,57864.43000000,58930.58000000,57748.85000000
04/08/2024 19:00,59257.66000000,58770.60000000,59497.21000000,58530.80000000
04/08/2024 20:00,59158.00000000,59257.67000000,59583.00000000,58850.39000000
04/08/2024 21:00,58459.98000000,59158.01000000,59163.52000000,58357.15000000
04/08/2024 22:00,58715.83000000,58459.98000000,59133.33000000,58392.21000000
04/08/2024 23:00,58161.00000000,58715.83000000,58762.01000000,58001.81000000
05/08/2024 00:00,56174.02000000,58161.00000000,58305.59000000,55701.00000000
05/08/2024 01:00,54432.65000000,56174.01000000,56294.00000000,52300.17000000
05/08/2024 02:00,54697.98000000,54432.65000000,54720.00000000,53600.00000000
05/08/2024 03:00,53890.87000000,54697.98000000,54713.99000000,53797.14000000
05/08/2024 04:00,53528.01000000,53890.87000000,54576.71000000,53394.01000000
05/08/2024 05:00,52718.00000000,53526.01000000,53856.05000000,52300.00000000
05/08/2024 06:00,51588.00000000,52717.99000000,52994.28000000,49000.00000000
05/08/2024 07:00,52674.19000000,51588.00000000,53088.22000000,51356.02000000
05/08/2024 08:00,52752.00000000,52674.20000000,53218.37000000,52288.00000000
05/08/2024 09:00,52667.80000000,52752.00000000,52935.63000000,51750.01000000
05/08/2024 10:00,51386.00000000,52667.80000000,52667.80000000,50671.66000000
05/08/2024 11:00,51340.00000000,51384.00000000,51899.99000000,50633.47000000
05/08/2024 12:00,49804.00000000,51340.00000000,51542.00000000,49542.83000000
05/08/2024 13:00,51951.00000000,49804.01000000,52534.09000000,49599.90000000
05/08/2024 14:00,54061.68000000,51951.01000000,54516.01000000,51951.01000000
05/08/2024 15:00,54321.09000000,54061.67000000,54980.00000000,53500.00000000
05/08/2024 16:00,54039.11000000,54321.08000000,55600.00000000,54034.00000000
05/08/2024 17:00,54707.99000000,54039.11000000,55068.42000000,53767.48000000
05/08/2024 18:00,53096.84000000,54708.00000000,54717.14000000,53000.00000000
05/08/2024 19:00,53470.09000000,53096.85000000,53601.00000000,52555.00000000
05/08/2024 20:00,54393.85000000,53470.08000000,54404.00000000,53462.00000000
05/08/2024 21:00,54372.01000000,54393.85000000,55200.00000000,54272.00000000
05/08/2024 22:00,54695.87000000,54372.00000000,54971.00000000,54206.09000000
05/08/2024 23:00,54018.81000000,54695.87000000,55082.00000000,53876.47000000
06/08/2024 00:00,56038.00000000,54018.82000000,56064.21000000,53950.00000000
06/08/2024 01:00,55723.98000000,56037.99000000,56276.00000000,55436.00000000
06/08/2024 02:00,55845.44000000,55723.99000000,56064.00000000,55628.44000000
06/08/2024 03:00,55665.73000000,55845.44000000,55888.00000000,55471.50000000
06/08/2024 04:00,55493.98000000,55665.73000000,55760.00000000,55255.00000000
06/08/2024 05:00,55925.97000000,55493.97000000,55999.00000000,55257.82000000
06/08/2024 06:00,55782.00000000,55925.96000000,56050.00000000,55535.69000000
06/08/2024 07:00,55999.99000000,55782.00000000,56169.48000000,55458.00000000
06/08/2024 08:00,54992.00000000,55998.02000000,56122.00000000,54600.01000000
06/08/2024 09:00,55211.99000000,54992.01000000,55309.54000000,54602.21000000
06/08/2024 10:00,55062.00000000,55211.98000000,55440.47000000,54879.25000000
06/08/2024 11:00,55210.01000000,55062.00000000,55400.85000000,54868.36000000
06/08/2024 12:00,54772.01000000,55210.00000000,55468.00000000,54677.49000000
06/08/2024 13:00,55204.00000000,54772.01000000,55438.03000000,54371.94000000
06/08/2024 14:00,56132.01000000,55203.99000000,56605.55000000,55152.00000000
06/08/2024 15:00,56405.99000000,56132.01000000,56429.98000000,55735.00000000
06/08/2024 16:00,56775.52000000,56405.99000000,56899.00000000,56234.80000000
06/08/2024 17:00,56494.00000000,56775.51000000,56988.83000000,56487.17000000
06/08/2024 18:00,56729.99000000,56492.01000000,57040.99000000,56356.00000000
06/08/2024 19:00,56765.48000000,56730.00000000,56878.00000000,56312.66000000
06/08/2024 20:00,56541.99000000,56769.98000000,56850.48000000,56172.09000000
06/08/2024 21:00,56458.01000000,56542.00000000,56632.00000000,56090.69000000
06/08/2024 22:00,56200.26000000,56458.00000000,56935.56000000,55942.02000000
06/08/2024 23:00,56022.01000000,56200.26000000,56416.46000000,55800.00000000
07/08/2024 00:00,56269.99000000,56022.00000000,56375.00000000,55557.88000000
07/08/2024 01:00,56965.99000000,56270.00000000,57000.00000000,55782.00000000
07/08/2024 02:00,56762.01000000,56965.99000000,57287.99000000,56501.00000000
07/08/2024 03:00,56862.00000000,56762.01000000,56980.62000000,56590.00000000
07/08/2024 04:00,57048.02000000,56862.01000000,57250.00000000,56750.00000000
07/08/2024 05:00,56796.01000000,57048.02000000,57246.23000000,56704.00000000
07/08/2024 06:00,56838.57000000,56796.01000000,56996.00000000,56692.39000000
07/08/2024 07:00,56920.91000000,56838.58000000,57091.57000000,56544.70000000
07/08/2024 08:00,57348.00000000,56920.91000000,57448.90000000,56871.44000000
07/08/2024 09:00,57350.01000000,57348.00000000,57669.00000000,57170.90000000
07/08/2024 10:00,57323.00000000,57350.01000000,57736.05000000,57255.10000000
07/08/2024 11:00,56963.38000000,57322.99000000,57372.01000000,56870.39000000
07/08/2024 12:00,57292.00000000,56963.39000000,57341.38000000,56812.00000000
07/08/2024 13:00,56834.00000000,57292.00000000,57479.60000000,56710.50000000
07/08/2024 14:00,56085.83000000,56832.06000000,56988.00000000,55650.00000000
07/08/2024 15:00,56094.50000000,56085.83000000,56400.00000000,55768.50000000
07/08/2024 16:00,56125.47000000,56094.51000000,56290.42000000,55800.03000000
07/08/2024 17:00,55570.59000000,56125.48000000,56300.00000000,55435.00000000
07/08/2024 18:00,54805.01000000,55570.59000000,55623.48000000,54676.35000000
07/08/2024 19:00,54759.22000000,54805.01000000,55152.15000000,54682.36000000
07/08/2024 20:00,55141.31000000,54760.97000000,55297.46000000,54643.02000000
07/08/2024 21:00,55416.00000000,55141.31000000,55566.24000000,54868.95000000
07/08/2024 22:00,55284.01000000,55416.00000000,55464.32000000,54558.62000000
07/08/2024 23:00,55134.16000000,55284.00000000,55434.57000000,54926.97000000
08/08/2024 00:00,55300.00000000,55133.76000000,55370.07000000,54730.00000000
08/08/2024 01:00,56868.00000000,55300.00000000,57381.36000000,55270.35000000
08/08/2024 02:00,57364.00000000,56868.00000000,57636.36000000,56822.00000000
08/08/2024 03:00,57049.74000000,57364.00000000,57636.35000000,57046.00000000
08/08/2024 04:00,56765.34000000,57049.74000000,57234.11000000,56670.47000000
08/08/2024 05:00,56955.62000000,56765.35000000,57019.62000000,56714.52000000
08/08/2024 06:00,57216.00000000,56955.62000000,57352.13000000,56794.35000000
08/08/2024 07:00,57193.49000000,57216.00000000,57434.35000000,57122.00000000
08/08/2024 08:00,57230.00000000,57193.48000000,57382.51000000,57100.69000000
08/08/2024 09:00,57339.19000000,57230.00000000,57495.00000000,56978.52000000
08/08/2024 10:00,57377.09000000,57339.20000000,57558.00000000,57197.43000000
08/08/2024 11:00,57320.51000000,57377.10000000,57670.04000000,57252.11000000
08/08/2024 12:00,57924.62000000,57320.51000000,58486.02000000,57000.00000000
08/08/2024 13:00,57266.73000000,57924.63000000,58255.00000000,56700.00000000
08/08/2024 14:00,58922.25000000,57266.73000000,58998.98000000,57168.71000000
08/08/2024 15:00,59428.03000000,58922.25000000,59505.00000000,58640.00000000
08/08/2024 16:00,59568.56000000,59428.03000000,59863.00000000,59354.45000000
08/08/2024 17:00,59469.88000000,59568.57000000,59854.53000000,59272.21000000
08/08/2024 18:00,59328.09000000,59469.89000000,59696.44000000,59317.89000000
08/08/2024 19:00,59414.51000000,59328.10000000,59819.60000000,59237.59000000
08/08/2024 20:00,59506.29000000,59414.52000000,59683.50000000,59297.34000000
08/08/2024 21:00,61173.69000000,59506.30000000,61355.66000000,59500.00000000
08/08/2024 22:00,62332.00000000,61170.44000000,62530.00000000,60621.22000000
08/08/2024 23:00,61685.99000000,62332.00000000,62745.14000000,61583.22000000
09/08/2024 00:00,61214.00000000,61686.00000000,61744.37000000,61086.95000000
09/08/2024 01:00,61400.00000000,61214.01000000,61550.08000000,60720.00000000
09/08/2024 02:00,61235.51000000,61400.00000000,61461.03000000,61147.88000000
09/08/2024 03:00,61358.39000000,61235.51000000,61573.27000000,61171.86000000
09/08/2024 04:00,60720.01000000,61358.39000000,61390.70000000,60720.00000000
09/08/2024 05:00,60989.00000000,60720.01000000,60998.00000000,60588.63000000
09/08/2024 06:00,60890.01000000,60988.99000000,61113.50000000,60734.87000000
09/08/2024 07:00,60863.57000000,60890.01000000,61225.00000000,60750.52000000
09/08/2024 08:00,61095.73000000,60863.58000000,61110.96000000,60600.34000000
09/08/2024 09:00,60759.99000000,61095.73000000,61210.31000000,60718.21000000
09/08/2024 10:00,60600.01000000,60760.00000000,60847.99000000,60170.16000000
09/08/2024 11:00,60655.24000000,60600.01000000,60797.75000000,60362.29000000
09/08/2024 12:00,60551.99000000,60655.25000000,60800.00000000,60236.00000000
09/08/2024 13:00,60450.01000000,60551.99000000,60757.83000000,59800.00000000
09/08/2024 14:00,60341.07000000,60450.02000000,61115.11000000,59535.00000000
09/08/2024 15:00,59810.23000000,60346.98000000,60587.24000000,59800.00000000
09/08/2024 16:00,60432.65000000,59810.24000000,60450.00000000,59700.00000000
09/08/2024 17:00,60197.50000000,60432.65000000,60747.53000000,60153.01000000
09/08/2024 18:00,60314.23000000,60197.50000000,60368.42000000,59835.38000000
09/08/2024 19:00,60681.42000000,60314.23000000,60750.00000000,60116.00000000
09/08/2024 20:00,60745.96000000,60681.79000000,60986.03000000,60526.66000000
09/08/2024 21:00,60732.01000000,60745.96000000,60866.65000000,59909.16000000
09/08/2024 22:00,60763.58000000,60732.00000000,60985.00000000,60289.53000000
09/08/2024 23:00,60837.99000000,60763.59000000,60927.95000000,60348.74000000
10/08/2024 00:00,60541.92000000,60837.99000000,61470.58000000,60495.56000000
10/08/2024 01:00,60464.00000000,60541.91000000,60963.00000000,60459.00000000
10/08/2024 02:00,60536.25000000,60464.01000000,60723.18000000,60287.51000000
10/08/2024 03:00,60437.84000000,60536.25000000,60536.25000000,60266.03000000
10/08/2024 04:00,60413.49000000,60437.85000000,60440.01000000,60242.00000000
10/08/2024 05:00,60355.46000000,60413.50000000,60469.50000000,60330.32000000
10/08/2024 06:00,60458.00000000,60355.46000000,60510.54000000,60330.00000000
10/08/2024 07:00,60842.00000000,60458.01000000,60851.91000000,60458.01000000
10/08/2024 08:00,60733.58000000,60842.01000000,60900.43000000,60601.96000000
10/08/2024 09:00,60896.50000000,60733.59000000,61116.65000000,60733.58000000
10/08/2024 10:00,60788.01000000,60896.50000000,61010.52000000,60646.00000000
10/08/2024 11:00,60920.88000000,60788.01000000,61008.00000000,60757.62000000
10/08/2024 12:00,60722.81000000,60920.88000000,60949.99000000,60717.03000000
10/08/2024 13:00,60431.56000000,60722.82000000,60744.00000000,60425.00000000
10/08/2024 14:00,60585.38000000,60431.57000000,60676.55000000,60400.00000000
10/08/2024 15:00,60515.89000000,60585.39000000,60750.00000000,60504.11000000
10/08/2024 16:00,60672.59000000,60515.90000000,60709.99000000,60400.00000000
10/08/2024 17:00,60767.80000000,60672.59000000,60860.92000000,60549.31000000
10/08/2024 18:00,60953.38000000,60767.81000000,61196.63000000,60735.28000000
10/08/2024 19:00,61016.45000000,60954.00000000,61140.00000000,60840.57000000
10/08/2024 20:00,60986.19000000,61016.44000000,61108.74000000,60902.07000000
10/08/2024 21:00,61075.99000000,60986.19000000,61160.00000000,60966.00000000
10/08/2024 22:00,60930.27000000,61076.00000000,61076.00000000,60884.89000000
10/08/2024 23:00,60923.51000000,60930.27000000,60940.72000000,60757.39000000
11/08/2024 00:00,61095.15000000,60923.51000000,61243.99000000,60892.00000000
11/08/2024 01:00,61112.10000000,61095.16000000,61160.91000000,60949.27000000
11/08/2024 02:00,61026.78000000,61112.11000000,61133.72000000,60977.95000000
11/08/2024 03:00,61085.01000000,61026.77000000,61382.73000000,61023.99000000
11/08/2024 04:00,60895.99000000,61085.01000000,61145.82000000,60881.36000000
11/08/2024 05:00,61114.29000000,60895.99000000,61150.00000000,60882.04000000
11/08/2024 06:00,61120.01000000,61114.29000000,61163.90000000,61013.49000000
11/08/2024 07:00,61257.00000000,61120.01000000,61271.43000000,61092.85000000
11/08/2024 08:00,61260.42000000,61257.00000000,61426.97000000,61158.00000000
11/08/2024 09:00,61110.00000000,61260.43000000,61858.00000000,61001.01000000
11/08/2024 10:00,61037.63000000,61110.00000000,61263.14000000,60946.11000000
11/08/2024 11:00,60669.15000000,61037.64000000,61063.02000000,60425.00000000
11/08/2024 12:00,60492.09000000,60669.14000000,60700.00000000,60228.21000000
11/08/2024 13:00,60457.54000000,60492.10000000,60640.94000000,60167.22000000
11/08/2024 14:00,60350.00000000,60457.54000000,60761.09000000,60200.00000000
11/08/2024 15:00,60127.29000000,60350.00000000,60431.58000000,59941.00000000
11/08/2024 16:00,60182.20000000,60127.29000000,60288.01000000,59986.00000000
11/08/2024 17:00,60265.07000000,60182.20000000,60350.00000000,60015.38000000
11/08/2024 18:00,60263.11000000,60265.07000000,60345.88000000,60117.06000000
11/08/2024 19:00,59621.11000000,60263.11000000,60274.94000000,59542.57000000
11/08/2024 20:00,58504.92000000,59621.11000000,59674.38000000,58286.73000000
11/08/2024 21:00,59009.80000000,58504.91000000,59087.00000000,58317.00000000
11/08/2024 22:00,58996.00000000,59009.79000000,59349.04000000,58525.08000000
11/08/2024 23:00,58712.59000000,58996.01000000,59021.66000000,58700.01000000
12/08/2024 00:00,58450.00000000,58712.59000000,59088.33000000,58100.06000000
12/08/2024 01:00,58584.01000000,58450.01000000,58798.69000000,58278.46000000
12/08/2024 02:00,58717.25000000,58584.02000000,58760.45000000,58310.00000000
12/08/2024 03:00,58509.50000000,58717.24000000,58818.78000000,58443.76000000
12/08/2024 04:00,58523.83000000,58509.50000000,58680.00000000,58363.08000000
12/08/2024 05:00,58571.57000000,58523.83000000,58693.02000000,58400.00000000
12/08/2024 06:00,58403.76000000,58571.57000000,58638.00000000,58124.15000000
12/08/2024 07:00,58674.61000000,58403.76000000,58984.85000000,57642.21000000
12/08/2024 08:00,58317.43000000,58674.62000000,59025.66000000,58240.51000000
12/08/2024 09:00,58296.67000000,58317.43000000,58636.36000000,58163.01000000
12/08/2024 10:00,58969.60000000,58296.68000000,58994.98000000,58125.75000000
12/08/2024 11:00,59851.70000000,58969.60000000,59990.00000000,58881.01000000
12/08/2024 12:00,59728.23000000,59851.71000000,59942.69000000,59518.26000000
12/08/2024 13:00,58157.55000000,59728.24000000,59876.90000000,58000.00000000
12/08/2024 14:00,60299.98000000,58157.55000000,60711.09000000,57800.00000000
12/08/2024 15:00,60207.37000000,60299.99000000,60510.20000000,59230.00000000
12/08/2024 16:00,59608.06000000,60207.38000000,60420.34000000,59555.56000000
12/08/2024 17:00,59296.11000000,59608.07000000,59919.69000000,59255.83000000
12/08/2024 18:00,58526.78000000,59296.12000000,59490.00000000,58440.54000000
12/08/2024 19:00,59043.98000000,58527.91000000,59300.88000000,58527.91000000
12/08/2024 20:00,58841.96000000,59043.99000000,59389.48000000,58723.58000000
12/08/2024 21:00,58969.44000000,58841.96000000,59223.47000000,58555.26000000
12/08/2024 22:00,59051.68000000,58969.45000000,59258.73000000,58849.44000000
12/08/2024 23:00,59346.64000000,59051.67000000,59745.99000000,59024.01000000
13/08/2024 00:00,59798.17000000,59346.64000000,59890.62000000,59275.86000000
13/08/2024 01:00,59740.00000000,59798.18000000,59923.28000000,59466.34000000
13/08/2024 02:00,59481.99000000,59740.00000000,59782.71000000,59269.85000000
13/08/2024 03:00,59040.00000000,59482.00000000,59520.00000000,58846.95000000
13/08/2024 04:00,59219.99000000,59040.00000000,59250.00000000,58830.23000000
13/08/2024 05:00,59211.99000000,59219.99000000,59359.99000000,59104.61000000
13/08/2024 06:00,59368.00000000,59212.00000000,59476.00000000,58947.75000000
13/08/2024 07:00,59238.05000000,59367.99000000,59457.34000000,59059.82000000
13/08/2024 08:00,59099.98000000,59238.05000000,59331.99000000,58919.86000000
13/08/2024 09:00,58946.01000000,59099.99000000,59103.99000000,58700.75000000
13/08/2024 10:00,58672.10000000,58946.01000000,58969.44000000,58392.88000000
13/08/2024 11:00,58830.00000000,58672.09000000,58904.00000000,58563.99000000
13/08/2024 12:00,59124.00000000,58830.01000000,59190.00000000,58709.57000000
13/08/2024 13:00,59395.25000000,59124.00000000,59427.74000000,58819.30000000
13/08/2024 14:00,59643.63000000,59395.25000000,59776.70000000,58996.81000000
13/08/2024 15:00,59472.26000000,59643.63000000,59729.84000000,59352.36000000
13/08/2024 16:00,61157.59000000,59472.25000000,61171.86000000,59446.22000000
13/08/2024 17:00,61167.58000000,61157.60000000,61578.10000000,60904.84000000
13/08/2024 18:00,60795.41000000,61167.58000000,61214.95000000,60761.91000000
13/08/2024 19:00,60820.15000000,60795.40000000,60969.39000000,60243.77000000
13/08/2024 20:00,60569.14000000,60820.16000000,60975.00000000,60566.37000000
13/08/2024 21:00,61030.03000000,60569.15000000,61138.87000000,60505.98000000
13/08/2024 22:00,60585.14000000,61030.04000000,61065.46000000,60455.00000000
13/08/2024 23:00,60587.15000000,60585.14000000,60611.94000000,60389.75000000
14/08/2024 00:00,60786.85000000,60587.16000000,60855.27000000,60425.01000000
14/08/2024 01:00,60520.40000000,60786.85000000,60826.24000000,60520.40000000
14/08/2024 02:00,60805.49000000,60520.41000000,60842.00000000,60487.89000000
14/08/2024 03:00,60952.83000000,60805.50000000,61302.88000000,60805.49000000
14/08/2024 04:00,60943.51000000,60952.83000000,61162.20000000,60895.02000000
14/08/2024 05:00,60834.64000000,60943.52000000,61087.98000000,60796.00000000
14/08/2024 06:00,60861.50000000,60834.64000000,60913.68000000,60637.30000000
14/08/2024 07:00,60914.02000000,60861.50000000,60940.00000000,60700.00000000
14/08/2024 08:00,60896.00000000,60914.02000000,60931.46000000,60640.40000000
14/08/2024 09:00,60857.21000000,60896.00000000,60980.01000000,60818.99000000
14/08/2024 10:00,61100.00000000,60856.85000000,61325.32000000,60839.00000000
14/08/2024 11:00,61296.87000000,61100.00000000,61453.00000000,60891.56000000
14/08/2024 12:00,61064.53000000,61296.88000000,61800.00000000,60846.53000000
14/08/2024 13:00,59611.92000000,61064.52000000,61171.14000000,59473.36000000
14/08/2024 14:00,59502.67000000,59611.93000000,59621.94000000,58823.52000000
14/08/2024 15:00,59435.69000000,59502.67000000,59841.73000000,58903.01000000
14/08/2024 16:00,59131.99000000,59435.69000000,59451.53000000,58615.06000000
14/08/2024 17:00,59168.36000000,59131.99000000,59379.51000000,59039.47000000
14/08/2024 18:00,58990.05000000,59168.37000000,59462.61000000,58809.00000000
14/08/2024 19:00,58891.13000000,58990.04000000,59120.09000000,58710.02000000
14/08/2024 20:00,59149.16000000,58891.13000000,59183.99000000,58880.51000000
14/08/2024 21:00,58913.56000000,59149.15000000,59156.00000000,58869.74000000
14/08/2024 22:00,58986.00000000,58913.57000000,59011.49000000,58433.18000000
14/08/2024 23:00,58683.39000000,58985.99000000,59022.50000000,58673.81000000
15/08/2024 00:00,58993.99000000,58683.39000000,59040.89000000,58678.00000000
15/08/2024 01:00,58204.93000000,58994.00000000,59044.44000000,58135.20000000
15/08/2024 02:00,58412.25000000,58204.93000000,58562.61000000,58010.00000000
15/08/2024 03:00,58442.98000000,58412.75000000,58494.74000000,58350.00000000
15/08/2024 04:00,58388.71000000,58442.99000000,58471.00000000,58160.00000000
15/08/2024 05:00,58315.01000000,58388.72000000,58639.00000000,58188.29000000
15/08/2024 06:00,58101.44000000,58315.01000000,58390.00000000,57847.32000000
15/08/2024 07:00,58060.37000000,58101.44000000,58149.00000000,57713.88000000
15/08/2024 08:00,58378.30000000,58060.36000000,58390.21000000,57964.85000000
15/08/2024 09:00,58412.64000000,58378.30000000,58551.87000000,58305.14000000
15/08/2024 10:00,58361.90000000,58412.64000000,58543.25000000,58298.60000000
15/08/2024 11:00,58745.36000000,58361.90000000,58872.85000000,58354.53000000
15/08/2024 12:00,58800.26000000,58745.36000000,59387.11000000,58607.86000000
15/08/2024 13:00,59451.34000000,58800.26000000,59477.00000000,58532.42000000
15/08/2024 14:00,59416.35000000,59451.33000000,59743.13000000,59210.48000000
15/08/2024 15:00,59682.84000000,59416.36000000,59787.37000000,59261.61000000
15/08/2024 16:00,59538.01000000,59682.85000000,59849.38000000,59428.57000000
15/08/2024 17:00,58875.10000000,59538.01000000,59547.96000000,58782.90000000
15/08/2024 18:00,57872.82000000,58875.10000000,58878.15000000,57524.56000000
15/08/2024 19:00,57047.46000000,57872.82000000,57963.04000000,56680.00000000
15/08/2024 20:00,56671.06000000,57046.34000000,57133.02000000,56078.54000000
15/08/2024 21:00,57622.21000000,56671.06000000,57632.34000000,56606.12000000
15/08/2024 22:00,57617.36000000,57622.21000000,57885.00000000,57382.90000000
15/08/2024 23:00,57541.06000000,57617.35000000,57824.46000000,57484.54000000
16/08/2024 00:00,57469.99000000,57541.05000000,57673.80000000,57355.00000000
16/08/2024 01:00,57540.96000000,57469.99000000,57616.00000000,57098.62000000
16/08/2024 02:00,58199.99000000,57540.97000000,58517.47000000,57336.00000000
16/08/2024 03:00,57890.00000000,58199.98000000,58237.31000000,57801.00000000
16/08/2024 04:00,58309.99000000,57890.00000000,58313.16000000,57800.47000000
16/08/2024 05:00,58196.01000000,58310.00000000,58350.45000000,58122.95000000
16/08/2024 06:00,58527.59000000,58196.01000000,58666.77000000,58059.73000000
16/08/2024 07:00,58456.99000000,58528.70000000,58562.97000000,58325.10000000
16/08/2024 08:00,58360.00000000,58456.99000000,58600.00000000,58327.99000000
16/08/2024 09:00,58672.51000000,58360.01000000,58683.47000000,58258.52000000
16/08/2024 10:00,58433.95000000,58672.51000000,58672.76000000,58300.00000000
16/08/2024 11:00,58400.00000000,58433.95000000,58625.56000000,58218.71000000
16/08/2024 12:00,57868.13000000,58400.00000000,58509.95000000,57526.31000000
16/08/2024 13:00,58343.66000000,57868.80000000,58915.18000000,57750.00000000
16/08/2024 14:00,58018.86000000,58343.65000000,58472.87000000,57861.99000000
16/08/2024 15:00,58071.06000000,58018.85000000,58223.04000000,57647.05000000
16/08/2024 16:00,58563.18000000,58071.07000000,58728.39000000,58000.00000000
16/08/2024 17:00,59215.85000000,58563.18000000,59360.23000000,58385.13000000
16/08/2024 18:00,59467.00000000,59215.85000000,59570.01000000,59081.42000000
16/08/2024 19:00,59683.39000000,59467.01000000,59817.76000000,59410.25000000
16/08/2024 20:00,59257.06000000,59683.39000000,59715.69000000,59184.72000000
16/08/2024 21:00,59023.98000000,59256.89000000,59314.91000000,58950.00000000
16/08/2024 22:00,58966.56000000,59023.97000000,59178.21000000,58966.55000000
16/08/2024 23:00,58874.60000000,58966.56000000,59047.21000000,58703.99000000
17/08/2024 00:00,59187.25000000,58874.59000000,59259.90000000,58785.05000000
17/08/2024 01:00,59248.49000000,59187.26000000,59389.18000000,59120.08000000
17/08/2024 02:00,59146.36000000,59248.50000000,59339.72000000,59110.79000000
17/08/2024 03:00,59158.37000000,59146.36000000,59178.00000000,59000.00000000
17/08/2024 04:00,59216.74000000,59158.36000000,59263.47000000,59083.90000000
17/08/2024 05:00,59163.17000000,59216.74000000,59247.03000000,59150.18000000
17/08/2024 06:00,59158.18000000,59163.16000000,59220.20000000,59141.96000000
17/08/2024 07:00,59248.00000000,59158.18000000,59261.21000000,59051.98000000
17/08/2024 08:00,59279.08000000,59248.00000000,59287.85000000,59163.16000000
17/08/2024 09:00,59326.34000000,59279.09000000,59477.16000000,59223.17000000
17/08/2024 10:00,59106.40000000,59326.35000000,59346.33000000,59083.58000000
17/08/2024 11:00,59137.12000000,59106.41000000,59189.43000000,59060.00000000
17/08/2024 12:00,59230.07000000,59137.12000000,59267.79000000,59100.28000000
17/08/2024 13:00,59324.28000000,59230.07000000,59442.89000000,59190.00000000
17/08/2024 14:00,59535.37000000,59324.29000000,59571.99000000,59254.11000000
17/08/2024 15:00,59388.11000000,59535.37000000,59654.90000000,59363.64000000
17/08/2024 16:00,59610.10000000,59388.11000000,59700.00000000,59388.11000000
17/08/2024 17:00,59428.57000000,59610.09000000,59669.95000000,59428.57000000
17/08/2024 18:00,59417.67000000,59428.57000000,59471.18000000,59294.31000000
17/08/2024 19:00,59473.19000000,59417.68000000,59541.93000000,59385.71000000
17/08/2024 20:00,59397.12000000,59473.19000000,59500.00000000,59330.00000000
17/08/2024 21:00,59303.80000000,59397.13000000,59429.79000000,59113.68000000
17/08/2024 22:00,59314.19000000,59303.80000000,59348.38000000,59246.43000000
17/08/2024 23:00,59491.99000000,59314.19000000,59492.00000000,59300.95000000
18/08/2024 00:00,59678.93000000,59491.99000000,59747.77000000,59424.16000000
18/08/2024 01:00,59435.95000000,59678.93000000,59690.99000000,59410.21000000
18/08/2024 02:00,60126.00000000,59435.95000000,60259.01000000,59393.10000000
18/08/2024 03:00,59337.42000000,60125.99000000,60254.77000000,59300.00000000
18/08/2024 04:00,59456.00000000,59337.41000000,59499.99000000,59256.56000000
18/08/2024 05:00,59490.00000000,59456.00000000,59698.00000000,59406.02000000
18/08/2024 06:00,59595.99000000,59490.00000000,59623.97000000,59480.00000000
18/08/2024 07:00,59573.39000000,59596.00000000,59678.40000000,59516.00000000
18/08/2024 08:00,59706.02000000,59573.39000000,59717.89000000,59436.00000000
18/08/2024 09:00,59880.00000000,59706.01000000,60125.99000000,59651.68000000
18/08/2024 10:00,59870.73000000,59880.01000000,60200.00000000,59826.31000000
18/08/2024 11:00,60024.01000000,59870.72000000,60033.34000000,59759.04000000
18/08/2024 12:00,59969.55000000,60024.00000000,60284.99000000,59892.98000000
18/08/2024 13:00,59828.00000000,59969.56000000,60227.71000000,59826.31000000
18/08/2024 14:00,59806.01000000,59828.01000000,59971.14000000,59669.85000000
18/08/2024 15:00,59863.99000000,59806.00000000,59931.51000000,59700.67000000
18/08/2024 16:00,59840.45000000,59863.99000000,59945.83000000,59766.30000000
18/08/2024 17:00,59527.58000000,59840.45000000,59858.05000000,59377.14000000
18/08/2024 18:00,59602.17000000,59527.58000000,59623.97000000,59468.19000000
18/08/2024 19:00,59708.38000000,59602.18000000,59756.00000000,59511.79000000
18/08/2024 20:00,59814.53000000,59708.38000000,59869.77000000,59682.63000000
18/08/2024 21:00,59439.33000000,59814.53000000,59814.53000000,59311.14000000
18/08/2024 22:00,59350.00000000,59439.33000000,59577.88000000,59350.00000000
18/08/2024 23:00,58427.35000000,59350.00000000,59407.61000000,58408.92000000
19/08/2024 00:00,58346.03000000,58427.35000000,58710.00000000,58210.03000000
19/08/2024 01:00,58564.00000000,58346.03000000,58630.00000000,58216.33000000
19/08/2024 02:00,58670.51000000,58564.00000000,58748.00000000,58427.07000000
19/08/2024 03:00,58736.85000000,58670.51000000,58763.83000000,58561.87000000
19/08/2024 04:00,58582.00000000,58736.85000000,58746.00000000,58450.00000000
19/08/2024 05:00,58475.18000000,58581.99000000,58612.00000000,58359.50000000
19/08/2024 06:00,58570.00000000,58475.19000000,58660.84000000,58388.85000000
19/08/2024 07:00,58502.19000000,58570.00000000,58745.82000000,58500.00000000
19/08/2024 08:00,58608.27000000,58502.19000000,58660.85000000,58403.16000000
19/08/2024 09:00,58006.59000000,58608.28000000,58671.38000000,57965.60000000
19/08/2024 10:00,58046.01000000,58006.60000000,58199.28000000,57787.30000000
19/08/2024 11:00,58396.95000000,58046.01000000,58520.21000000,57984.18000000
19/08/2024 12:00,58412.00000000,58396.94000000,58520.13000000,58264.00000000
19/08/2024 13:00,58199.99000000,58412.01000000,58970.00000000,58029.77000000
19/08/2024 14:00,58617.42000000,58200.00000000,58633.34000000,58075.49000000
19/08/2024 15:00,58539.24000000,58617.42000000,58777.00000000,58510.01000000
19/08/2024 16:00,58705.99000000,58539.25000000,58716.11000000,58380.00000000
19/08/2024 17:00,59021.61000000,58706.00000000,59290.00000000,58555.92000000
19/08/2024 18:00,59011.99000000,59021.61000000,59235.93000000,58732.00000000
19/08/2024 19:00,58967.53000000,59012.00000000,59130.83000000,58873.87000000
19/08/2024 20:00,59080.01000000,58967.54000000,59342.11000000,58914.00000000
19/08/2024 21:00,58967.54000000,59080.02000000,59242.74000000,58967.53000000
19/08/2024 22:00,59241.00000000,58967.54000000,59280.01000000,58967.54000000
19/08/2024 23:00,59438.50000000,59240.99000000,59617.63000000,59089.95000000
20/08/2024 00:00,60482.78000000,59438.50000000,60643.51000000,59363.31000000
20/08/2024 01:00,60446.03000000,60482.77000000,60910.55000000,60378.02000000
20/08/2024 02:00,60528.83000000,60446.04000000,60552.64000000,60336.97000000
20/08/2024 03:00,60619.18000000,60528.84000000,60619.19000000,60422.37000000
20/08/2024 04:00,60865.61000000,60619.19000000,61000.00000000,60576.06000000
20/08/2024 05:00,61119.99000000,60865.61000000,61400.00000000,60860.01000000
20/08/2024 06:00,60960.84000000,61120.00000000,61144.02000000,60938.00000000
20/08/2024 07:00,60924.33000000,60960.84000000,61020.74000000,60799.81000000
20/08/2024 08:00,60765.13000000,60924.33000000,60947.40000000,60679.36000000
20/08/2024 09:00,60856.04000000,60765.14000000,60975.00000000,60752.30000000
20/08/2024 10:00,60716.01000000,60856.04000000,60878.01000000,60668.30000000
20/08/2024 11:00,60518.82000000,60716.01000000,60734.91000000,60401.90000000
20/08/2024 12:00,60693.71000000,60518.83000000,60752.25000000,60502.83000000
20/08/2024 13:00,60891.99000000,60693.72000000,60955.99000000,60324.33000000
20/08/2024 14:00,59461.80000000,60892.00000000,60904.00000000,59446.03000000
20/08/2024 15:00,58825.53000000,59461.81000000,59483.52000000,58680.01000000
20/08/2024 16:00,58801.15000000,58825.53000000,59046.76000000,58548.23000000
20/08/2024 17:00,59039.48000000,58801.15000000,59059.84000000,58681.40000000
20/08/2024 18:00,59191.45000000,59039.47000000,59479.80000000,59000.00000000
20/08/2024 19:00,59511.99000000,59191.45000000,59597.28000000,59137.78000000
20/08/2024 20:00,59317.57000000,59512.00000000,59722.72000000,59285.71000000
20/08/2024 21:00,59296.94000000,59317.58000000,59331.01000000,58802.35000000
20/08/2024 22:00,59368.00000000,59296.94000000,59545.51000000,59238.08000000
20/08/2024 23:00,59013.80000000,59368.00000000,59402.64000000,58992.81000000
21/08/2024 00:00,58989.00000000,59013.80000000,59279.96000000,58954.99000000
21/08/2024 01:00,59281.58000000,58989.00000000,59281.58000000,58783.47000000
21/08/2024 02:00,59363.32000000,59281.57000000,59519.99000000,59253.12000000
21/08/2024 03:00,59320.00000000,59363.32000000,59419.49000000,59209.87000000
21/08/2024 04:00,59358.00000000,59320.00000000,59406.21000000,59183.13000000
21/08/2024 05:00,59379.99000000,59357.99000000,59404.97000000,59292.64000000
21/08/2024 06:00,59627.32000000,59379.99000000,59739.52000000,59364.10000000
21/08/2024 07:00,59712.00000000,59627.32000000,59735.99000000,59580.00000000
21/08/2024 08:00,59443.00000000,59711.99000000,59924.13000000,59231.33000000
21/08/2024 09:00,59290.51000000,59443.00000000,59508.00000000,59085.88000000
21/08/2024 10:00,59468.40000000,59290.51000000,59484.40000000,59210.48000000
21/08/2024 11:00,59361.14000000,59468.40000000,59509.34000000,59254.47000000
21/08/2024 12:00,59506.90000000,59361.14000000,59600.00000000,59265.77000000
21/08/2024 13:00,59928.00000000,59506.90000000,60100.00000000,58850.00000000
21/08/2024 14:00,59410.41000000,59928.01000000,60201.98000000,59193.66000000
21/08/2024 15:00,59511.80000000,59410.41000000,59782.97000000,59300.99000000
21/08/2024 16:00,59885.58000000,59511.79000000,59947.36000000,59375.00000000
21/08/2024 17:00,59928.42000000,59885.58000000,60046.00000000,59708.04000000
21/08/2024 18:00,60771.28000000,59928.42000000,60831.90000000,59843.23000000
21/08/2024 19:00,61570.00000000,60771.28000000,61625.20000000,60588.64000000
21/08/2024 20:00,61236.00000000,61570.00000000,61820.93000000,60902.13000000
21/08/2024 21:00,61235.97000000,61236.00000000,61499.93000000,60928.00000000
21/08/2024 22:00,61176.47000000,61235.97000000,61500.00000000,61173.51000000
21/08/2024 23:00,61156.03000000,61176.47000000,61300.01000000,61002.17000000
22/08/2024 00:00,60818.15000000,61156.03000000,61229.00000000,60811.07000000
22/08/2024 01:00,60970.00000000,60818.15000000,60995.96000000,60724.79000000
22/08/2024 02:00,60186.48000000,60970.00000000,60970.01000000,59724.87000000
22/08/2024 03:00,60548.90000000,60186.49000000,60624.00000000,60074.00000000
22/08/2024 04:00,60834.52000000,60548.90000000,60850.00000000,60459.98000000
22/08/2024 05:00,60724.00000000,60834.53000000,60834.53000000,60602.45000000
22/08/2024 06:00,60762.91000000,60724.01000000,60944.53000000,60682.41000000
22/08/2024 07:00,60984.31000000,60762.92000000,61114.23000000,60708.69000000
22/08/2024 08:00,60926.81000000,60984.31000000,61112.00000000,60859.79000000
22/08/2024 09:00,60887.98000000,60926.81000000,60976.32000000,60802.38000000
22/08/2024 10:00,61350.01000000,60887.99000000,61400.00000000,60827.12000000
22/08/2024 11:00,61336.09000000,61350.02000000,61382.24000000,61097.59000000
22/08/2024 12:00,60879.19000000,61336.09000000,61398.18000000,60772.12000000
22/08/2024 13:00,60815.99000000,60879.19000000,60934.03000000,60394.64000000
22/08/2024 14:00,60510.48000000,60816.00000000,60854.28000000,60300.00000000
22/08/2024 15:00,60407.40000000,60510.48000000,60833.00000000,60100.00000000
22/08/2024 16:00,60329.70000000,60407.39000000,60600.20000000,60281.02000000
22/08/2024 17:00,60164.70000000,60329.70000000,60512.01000000,60142.85000000
22/08/2024 18:00,60331.16000000,60164.70000000,60566.51000000,60131.00000000
22/08/2024 19:00,60308.00000000,60331.16000000,60439.11000000,60154.78000000
22/08/2024 20:00,60680.01000000,60307.99000000,60691.20000000,60288.00000000
22/08/2024 21:00,60545.47000000,60680.00000000,60707.88000000,60439.78000000
22/08/2024 22:00,60435.05000000,60545.46000000,60609.80000000,60400.00000000
22/08/2024 23:00,60375.84000000,60435.04000000,60462.56000000,60297.50000000
23/08/2024 00:00,60726.16000000,60375.83000000,60968.24000000,60342.14000000
23/08/2024 01:00,60768.45000000,60726.17000000,60855.77000000,60603.99000000
23/08/2024 02:00,60625.70000000,60768.45000000,60806.74000000,60618.00000000
23/08/2024 03:00,60593.31000000,60625.69000000,60689.40000000,60572.94000000
23/08/2024 04:00,60707.51000000,60593.31000000,60742.85000000,60582.68000000
23/08/2024 05:00,60856.26000000,60707.52000000,61089.60000000,60707.51000000
23/08/2024 06:00,61189.58000000,60856.26000000,61367.74000000,60832.27000000
23/08/2024 07:00,61069.27000000,61189.59000000,61259.93000000,60937.97000000
23/08/2024 08:00,61321.40000000,61069.26000000,61322.66000000,61036.84000000
23/08/2024 09:00,61022.13000000,61321.40000000,61337.57000000,61003.00000000
23/08/2024 10:00,61060.75000000,61022.12000000,61166.01000000,61007.17000000
23/08/2024 11:00,60741.68000000,61060.75000000,61079.04000000,60691.11000000
23/08/2024 12:00,61146.58000000,60741.68000000,61217.39000000,60741.68000000
23/08/2024 13:00,61119.99000000,61146.59000000,61175.60000000,60881.34000000
23/08/2024 14:00,60994.91000000,61119.99000000,62320.36000000,60802.36000000
23/08/2024 15:00,61533.05000000,60994.91000000,61778.76000000,60916.41000000
23/08/2024 16:00,61731.99000000,61533.04000000,61828.82000000,61349.99000000
23/08/2024 17:00,62999.89000000,61731.99000000,63015.99000000,61616.02000000
23/08/2024 18:00,63152.60000000,62999.88000000,63411.23000000,62659.09000000
23/08/2024 19:00,63628.84000000,63152.59000000,63819.16000000,63000.01000000
23/08/2024 20:00,63627.74000000,63628.84000000,63818.21000000,63484.18000000
23/08/2024 21:00,64392.58000000,63627.74000000,64777.00000000,63598.96000000
23/08/2024 22:00,64084.96000000,64392.58000000,64955.00000000,63850.00000000
23/08/2024 23:00,64037.24000000,64084.95000000,64318.93000000,63836.69000000
24/08/2024 00:00,63961.78000000,64037.24000000,64206.70000000,63816.05000000
24/08/2024 01:00,63836.48000000,63961.79000000,64006.40000000,63626.58000000
24/08/2024 02:00,63949.99000000,63836.49000000,64000.00000000,63788.80000000
24/08/2024 03:00,63832.01000000,63949.99000000,63990.00000000,63759.01000000
24/08/2024 04:00,63897.61000000,63832.00000000,63986.00000000,63822.00000000
24/08/2024 05:00,63987.98000000,63897.61000000,64032.95000000,63860.61000000
24/08/2024 06:00,64048.00000000,63987.98000000,64277.43000000,63924.56000000
24/08/2024 07:00,64315.00000000,64048.00000000,64332.00000000,64048.00000000
24/08/2024 08:00,64416.00000000,64315.00000000,64450.63000000,64144.50000000
24/08/2024 09:00,64328.66000000,64416.00000000,64494.50000000,64200.00000000
24/08/2024 10:00,64117.76000000,64328.65000000,64382.36000000,64098.00000000
24/08/2024 11:00,63905.01000000,64117.77000000,64186.67000000,63868.00000000
24/08/2024 12:00,64086.99000000,63905.00000000,64180.00000000,63902.00000000
24/08/2024 13:00,64221.49000000,64086.99000000,64244.00000000,63961.25000000
24/08/2024 14:00,64171.84000000,64221.50000000,64228.89000000,64013.03000000
24/08/2024 15:00,63976.00000000,64171.84000000,64171.84000000,63872.00000000
24/08/2024 16:00,64298.01000000,63976.00000000,64413.01000000,63903.58000000
24/08/2024 17:00,64050.99000000,64298.01000000,64298.01000000,63951.97000000
24/08/2024 18:00,64223.06000000,64051.00000000,64444.00000000,63938.00000000
24/08/2024 19:00,64210.60000000,64223.06000000,64372.00000000,64210.60000000
24/08/2024 20:00,64131.00000000,64210.60000000,64328.00000000,64123.77000000
24/08/2024 21:00,63612.37000000,64131.00000000,64172.01000000,63531.00000000
24/08/2024 22:00,63833.98000000,63612.36000000,64000.00000000,63570.00000000
24/08/2024 23:00,64157.01000000,63833.98000000,64163.62000000,63796.41000000
25/08/2024 00:00,64175.99000000,64157.02000000,64507.04000000,64107.16000000
25/08/2024 01:00,64150.08000000,64175.98000000,64376.69000000,64042.42000000
25/08/2024 02:00,64137.00000000,64150.08000000,64269.00000000,64102.50000000
25/08/2024 03:00,64101.01000000,64137.00000000,64170.00000000,64000.00000000
25/08/2024 04:00,64150.99000000,64101.01000000,64161.00000000,64000.00000000
25/08/2024 05:00,64137.50000000,64151.00000000,64196.00000000,64100.01000000
25/08/2024 06:00,63994.00000000,64137.50000000,64163.64000000,63976.82000000
25/08/2024 07:00,63868.26000000,63994.00000000,64038.00000000,63785.76000000
25/08/2024 08:00,63931.00000000,63868.27000000,64010.00000000,63806.00000000
25/08/2024 09:00,63861.31000000,63931.00000000,63978.00000000,63773.27000000
25/08/2024 10:00,63881.01000000,63861.30000000,63932.00000000,63787.50000000
25/08/2024 11:00,63873.91000000,63881.02000000,64009.83000000,63870.73000000
25/08/2024 12:00,63924.00000000,63873.92000000,63940.00000000,63805.00000000
25/08/2024 13:00,64082.02000000,63923.99000000,64167.00000000,63851.34000000
25/08/2024 14:00,64148.01000000,64082.03000000,64251.00000000,64082.02000000
25/08/2024 15:00,64132.16000000,64148.00000000,64288.00000000,64086.00000000
25/08/2024 16:00,64033.99000000,64132.17000000,64201.00000000,64000.00000000
25/08/2024 17:00,64140.99000000,64033.99000000,64162.94000000,64024.00000000
25/08/2024 18:00,64166.99000000,64141.00000000,64248.66000000,64065.25000000
25/08/2024 19:00,64187.41000000,64166.99000000,64210.05000000,64145.13000000
25/08/2024 20:00,64206.99000000,64187.42000000,64264.00000000,64122.49000000
25/08/2024 21:00,64383.73000000,64207.00000000,64572.00000000,64206.99000000
25/08/2024 22:00,64482.01000000,64383.73000000,64616.00000000,64279.12000000
25/08/2024 23:00,64220.00000000,64482.00000000,65000.00000000,64200.00000000
26/08/2024 00:00,64111.01000000,64219.99000000,64481.00000000,63891.00000000
26/08/2024 01:00,63939.98000000,64111.01000000,64196.00000000,63890.94000000
26/08/2024 02:00,64070.00000000,63939.98000000,64071.60000000,63790.00000000
26/08/2024 03:00,64114.99000000,64070.00000000,64121.00000000,64004.00000000
26/08/2024 04:00,64019.00000000,64115.00000000,64205.31000000,63948.00000000
26/08/2024 05:00,63950.01000000,64019.00000000,64050.00000000,63885.00000000
26/08/2024 06:00,63728.44000000,63950.01000000,64012.92000000,63420.00000000
26/08/2024 07:00,63627.01000000,63728.43000000,63867.84000000,63575.00000000
26/08/2024 08:00,63738.00000000,63627.01000000,63868.00000000,63595.39000000
26/08/2024 09:00,63856.99000000,63737.99000000,63875.81000000,63220.95000000
26/08/2024 10:00,63780.00000000,63857.00000000,64039.20000000,63733.28000000
26/08/2024 11:00,63859.00000000,63780.01000000,63996.77000000,63739.39000000
26/08/2024 12:00,63633.00000000,63859.00000000,63958.95000000,63464.00000000
26/08/2024 13:00,63766.00000000,63633.00000000,63873.00000000,63500.00000000
26/08/2024 14:00,63500.60000000,63766.00000000,63874.34000000,63125.53000000
26/08/2024 15:00,63532.53000000,63500.60000000,63635.00000000,63061.00000000
26/08/2024 16:00,63705.00000000,63532.54000000,63826.00000000,63412.06000000
26/08/2024 17:00,63375.99000000,63705.00000000,63878.78000000,63204.00000000
26/08/2024 18:00,63643.94000000,63376.00000000,63702.85000000,63192.04000000
26/08/2024 19:00,63342.99000000,63643.94000000,63703.00000000,63252.01000000
26/08/2024 20:00,63417.01000000,63342.99000000,63557.58000000,63202.71000000
26/08/2024 21:00,63155.81000000,63417.00000000,63423.89000000,62838.00000000
26/08/2024 22:00,62973.01000000,63155.82000000,63280.00000000,62888.24000000
26/08/2024 23:00,62834.00000000,62973.01000000,63168.00000000,62800.00000000
27/08/2024 00:00,62722.00000000,62834.00000000,63050.00000000,62657.00000000
27/08/2024 01:00,62994.80000000,62722.00000000,63212.00000000,62688.15000000
27/08/2024 02:00,62900.07000000,62994.81000000,63193.94000000,62892.00000000
27/08/2024 03:00,62970.00000000,62900.07000000,63009.91000000,62716.00000000
27/08/2024 04:00,63038.99000000,62970.00000000,63099.69000000,62911.49000000
27/08/2024 05:00,63150.02000000,63038.99000000,63200.00000000,63038.98000000
27/08/2024 06:00,62761.00000000,63150.02000000,63151.26000000,62701.06000000
27/08/2024 07:00,62902.31000000,62761.00000000,62961.00000000,62750.19000000
27/08/2024 08:00,62813.38000000,62902.32000000,63000.00000000,62700.00000000
27/08/2024 09:00,62679.99000000,62813.38000000,62952.41000000,62566.00000000
27/08/2024 10:00,62332.05000000,62679.99000000,62679.99000000,62244.37000000
27/08/2024 11:00,62417.00000000,62332.06000000,62545.00000000,62230.00000000
27/08/2024 12:00,62419.56000000,62416.99000000,62475.00000000,62132.00000000
27/08/2024 13:00,62232.64000000,62419.57000000,62495.00000000,62128.24000000
27/08/2024 14:00,61851.01000000,62232.65000000,62293.00000000,61801.01000000
27/08/2024 15:00,61709.13000000,61851.01000000,61981.82000000,61473.03000000
27/08/2024 16:00,61560.12000000,61709.13000000,61989.90000000,61534.60000000
27/08/2024 17:00,61933.32000000,61560.13000000,61933.32000000,61518.74000000
27/08/2024 18:00,62096.01000000,61933.31000000,62142.84000000,61885.30000000
27/08/2024 19:00,62102.01000000,62096.01000000,62196.75000000,61884.98000000
27/08/2024 20:00,61859.00000000,62102.00000000,62102.01000000,61846.33000000
27/08/2024 21:00,60419.99000000,61858.99000000,61956.17000000,60000.00000000
27/08/2024 22:00,59506.94000000,60419.99000000,60420.00000000,58034.01000000
27/08/2024 23:00,59415.00000000,59506.94000000,59780.00000000,59150.00000000
28/08/2024 00:00,59088.94000000,59415.00000000,59448.96000000,59000.00000000
28/08/2024 01:00,59383.63000000,59088.94000000,59459.45000000,58917.12000000
28/08/2024 02:00,59336.02000000,59383.63000000,59424.00000000,59190.75000000
28/08/2024 03:00,59629.01000000,59336.02000000,59650.00000000,59304.92000000
28/08/2024 04:00,59325.33000000,59629.01000000,59661.00000000,59275.87000000
28/08/2024 05:00,59287.94000000,59325.33000000,59486.54000000,59250.42000000
28/08/2024 06:00,59186.91000000,59287.93000000,59356.66000000,59126.21000000
28/08/2024 07:00,58600.98000000,59186.91000000,59271.82000000,58516.00000000
28/08/2024 08:00,59223.99000000,58600.98000000,59296.92000000,58534.35000000
28/08/2024 09:00,60200.12000000,59224.00000000,60231.00000000,59136.18000000
28/08/2024 10:00,59756.99000000,60200.11000000,60234.98000000,59700.00000000
28/08/2024 11:00,59935.00000000,59757.00000000,60099.99000000,59680.03000000
28/08/2024 12:00,59946.22000000,59934.99000000,60160.00000000,59886.01000000
28/08/2024 13:00,59334.00000000,59946.23000000,60004.96000000,59310.16000000
28/08/2024 14:00,59195.26000000,59334.00000000,59942.00000000,58926.00000000
28/08/2024 15:00,59000.00000000,59195.26000000,59195.26000000,58443.07000000
28/08/2024 16:00,59198.01000000,59000.00000000,59218.38000000,57860.00000000
28/08/2024 17:00,58650.00000000,59198.01000000,59255.00000000,58636.47000000
28/08/2024 18:00,59487.00000000,58650.00000000,59510.00000000,58597.66000000
28/08/2024 19:00,58898.85000000,59487.00000000,59849.99000000,58815.00000000
28/08/2024 20:00,59312.01000000,58898.85000000,59602.00000000,58623.01000000
28/08/2024 21:00,59113.91000000,59312.00000000,59483.88000000,59077.86000000
28/08/2024 22:00,59195.43000000,59113.91000000,59255.41000000,58844.59000000
28/08/2024 23:00,59034.90000000,59195.43000000,59197.14000000,58989.00000000
29/08/2024 00:00,59205.83000000,59034.90000000,59237.00000000,58917.83000000
29/08/2024 01:00,58997.99000000,59205.83000000,59320.00000000,58878.46000000
29/08/2024 02:00,59137.00000000,58998.00000000,59187.50000000,58919.99000000
29/08/2024 03:00,59141.10000000,59137.01000000,59200.00000000,59032.48000000
29/08/2024 04:00,59197.96000000,59141.11000000,59226.22000000,59049.79000000
29/08/2024 05:00,59436.17000000,59197.96000000,59460.00000000,59146.33000000
29/08/2024 06:00,59570.65000000,59436.17000000,59764.00000000,59370.00000000
29/08/2024 07:00,59583.88000000,59570.65000000,59685.99000000,59499.63000000
29/08/2024 08:00,59551.97000000,59583.88000000,59635.66000000,59374.00000000
29/08/2024 09:00,59586.00000000,59551.97000000,59773.75000000,59551.20000000
29/08/2024 10:00,59673.01000000,59586.00000000,59841.66000000,59575.04000000
29/08/2024 11:00,60067.06000000,59673.01000000,60477.00000000,59614.86000000
29/08/2024 12:00,60322.00000000,60067.06000000,60498.00000000,59990.00000000
29/08/2024 13:00,60626.01000000,60321.99000000,60664.00000000,60170.01000000
29/08/2024 14:00,60814.99000000,60626.99000000,60949.00000000,60452.00000000
29/08/2024 15:00,60779.99000000,60815.00000000,61166.99000000,60741.93000000
29/08/2024 16:00,60295.00000000,60779.99000000,60960.00000000,60220.22000000
29/08/2024 17:00,60533.00000000,60294.99000000,60585.63000000,60174.20000000
29/08/2024 18:00,59161.00000000,60533.00000000,60548.99000000,58915.01000000
29/08/2024 19:00,59258.00000000,59161.01000000,59703.77000000,58951.10000000
29/08/2024 20:00,59529.00000000,59257.99000000,59529.00000000,59234.00000000
29/08/2024 21:00,59496.00000000,59529.00000000,59638.37000000,59423.77000000
29/08/2024 22:00,59211.99000000,59496.00000000,59496.01000000,58713.09000000
29/08/2024 23:00,59359.01000000,59211.99000000,59397.00000000,59145.10000000
30/08/2024 00:00,59204.01000000,59359.00000000,59487.64000000,59132.00000000
30/08/2024 01:00,59217.00000000,59204.01000000,59300.95000000,58953.70000000
30/08/2024 02:00,59202.51000000,59217.00000000,59341.00000000,59062.52000000
30/08/2024 03:00,59032.01000000,59202.50000000,59206.00000000,58899.70000000
30/08/2024 04:00,59013.01000000,59032.00000000,59156.00000000,59001.11000000
30/08/2024 05:00,58784.00000000,59013.01000000,59023.85000000,58685.00000000
30/08/2024 06:00,59361.00000000,58783.99000000,59373.00000000,58705.01000000
30/08/2024 07:00,59271.10000000,59361.01000000,59582.86000000,59226.84000000
30/08/2024 08:00,59445.00000000,59271.11000000,59587.12000000,59271.00000000
30/08/2024 09:00,59580.64000000,59445.00000000,59669.96000000,59421.10000000
30/08/2024 10:00,59581.13000000,59580.65000000,59674.42000000,59426.50000000
30/08/2024 11:00,59396.00000000,59581.13000000,59650.00000000,59318.00000000
30/08/2024 12:00,59539.00000000,59396.00000000,59944.07000000,59375.00000000
30/08/2024 13:00,59653.00000000,59538.99000000,59668.00000000,58901.00000000
30/08/2024 14:00,58462.89000000,59653.00000000,59830.00000000,58441.31000000
30/08/2024 15:00,58094.99000000,58462.89000000,58675.01000000,57946.01000000
30/08/2024 16:00,58551.11000000,58095.00000000,58600.00000000,57701.10000000
30/08/2024 17:00,58630.91000000,58551.10000000,58811.04000000,58406.00000000
30/08/2024 18:00,59370.99000000,58630.91000000,59371.00000000,58625.00000000
30/08/2024 19:00,58700.02000000,59371.00000000,59371.00000000,58700.01000000
30/08/2024 20:00,59048.00000000,58700.02000000,59048.00000000,58700.00000000
30/08/2024 21:00,59055.99000000,59048.00000000,59155.00000000,58975.40000000
30/08/2024 22:00,59237.50000000,59056.00000000,59298.89000000,59051.10000000
30/08/2024 23:00,59123.99000000,59237.50000000,59275.78000000,59088.01000000
31/08/2024 00:00,59246.01000000,59123.99000000,59462.38000000,59070.40000000
31/08/2024 01:00,59285.00000000,59246.00000000,59335.00000000,59180.94000000
31/08/2024 02:00,59196.50000000,59285.00000000,59293.00000000,59119.01000000
31/08/2024 03:00,59232.01000000,59196.50000000,59254.00000000,59129.33000000
31/08/2024 04:00,59350.00000000,59232.01000000,59350.00000000,59215.00000000
31/08/2024 05:00,59212.00000000,59350.00000000,59350.00000000,59211.88000000
31/08/2024 06:00,59154.01000000,59212.01000000,59264.95000000,59151.80000000
31/08/2024 07:00,59095.00000000,59154.02000000,59188.99000000,59043.12000000
31/08/2024 08:00,58985.01000000,59095.01000000,59130.00000000,58981.10000000
31/08/2024 09:00,58905.01000000,58985.01000000,59023.00000000,58831.88000000
31/08/2024 10:00,59136.99000000,58905.01000000,59170.40000000,58872.00000000
31/08/2024 11:00,59120.99000000,59136.99000000,59188.90000000,59103.54000000
31/08/2024 12:00,59192.26000000,59120.99000000,59244.04000000,59071.10000000
31/08/2024 13:00,58954.99000000,59192.26000000,59244.04000000,58929.96000000
31/08/2024 14:00,59126.00000000,58955.00000000,59170.11000000,58892.15000000
31/08/2024 15:00,59006.54000000,59126.01000000,59155.00000000,58954.81000000
31/08/2024 16:00,58971.55000000,59006.54000000,59032.12000000,58854.00000000
31/08/2024 17:00,59013.16000000,58971.55000000,59034.84000000,58744.00000000
31/08/2024 18:00,58920.52000000,59013.17000000,59140.01000000,58868.22000000
31/08/2024 19:00,58856.00000000,58920.53000000,58941.29000000,58823.73000000
31/08/2024 20:00,58951.08000000,58856.00000000,58971.56000000,58763.29000000
31/08/2024 21:00,59061.01000000,58951.09000000,59130.00000000,58900.00000000
31/08/2024 22:00,59024.00000000,59061.00000000,59141.72000000,59006.00000000
31/08/2024 23:00,58973.99000000,59023.99000000,59056.00000000,58927.00000000
01/09/2024 00:00,58930.00000000,58974.00000000,59076.59000000,58900.00000000
01/09/2024 01:00,58828.01000000,58929.99000000,58957.00000000,58819.78000000
01/09/2024 02:00,58540.25000000,58828.00000000,58851.65000000,58276.01000000
01/09/2024 03:00,58524.21000000,58540.25000000,58672.01000000,58399.01000000
01/09/2024 04:00,58442.00000000,58524.21000000,58599.98000000,58355.00000000
01/09/2024 05:00,57986.00000000,58442.01000000,58468.00000000,57777.00000000
01/09/2024 06:00,58201.10000000,57986.00000000,58298.00000000,57952.00000000
01/09/2024 07:00,58478.64000000,58201.11000000,58500.00000000,58131.12000000
01/09/2024 08:00,58233.99000000,58478.64000000,58504.81000000,58200.51000000
01/09/2024 09:00,58205.00000000,58234.00000000,58400.00000000,58126.98000000
01/09/2024 10:00,57931.00000000,58205.00000000,58222.00000000,57896.01000000
01/09/2024 11:00,58240.52000000,57931.00000000,58250.21000000,57840.00000000
01/09/2024 12:00,58020.00000000,58240.51000000,58320.15000000,57912.30000000
01/09/2024 13:00,58175.01000000,58020.01000000,58215.00000000,57710.00000000
01/09/2024 14:00,57879.99000000,58175.00000000,58179.00000000,57201.00000000
01/09/2024 15:00,58217.00000000,57879.99000000,58360.38000000,57714.35000000
01/09/2024 16:00,58132.06000000,58217.00000000,58350.00000000,58090.01000000
01/09/2024 17:00,58127.98000000,58132.07000000,58201.00000000,57864.30000000
01/09/2024 18:00,58541.10000000,58127.98000000,58788.93000000,58122.00000000
01/09/2024 19:00,58514.00000000,58541.11000000,58775.00000000,58292.00000000
01/09/2024 20:00,58431.10000000,58514.01000000,58656.77000000,58381.10000000
01/09/2024 21:00,58351.11000000,58431.10000000,58431.10000000,58093.57000000
01/09/2024 22:00,57309.01000000,58351.11000000,58414.00000000,57232.00000000
01/09/2024 23:00,57301.86000000,57309.00000000,57598.00000000,57205.00000000
02/09/2024 00:00,57467.24000000,57301.77000000,57650.00000000,57128.00000000
02/09/2024 01:00,57423.23000000,57467.25000000,57578.99000000,57242.00000000
02/09/2024 02:00,57509.01000000,57423.23000000,57721.00000000,57294.00000000
02/09/2024 03:00,57742.01000000,57509.01000000,57767.14000000,57502.05000000
02/09/2024 04:00,57459.51000000,57742.00000000,57766.00000000,57445.91000000
02/09/2024 05:00,57785.01000000,57459.51000000,57987.99000000,57449.75000000
02/09/2024 06:00,57688.00000000,57785.00000000,57883.00000000,57662.01000000
02/09/2024 07:00,57547.99000000,57688.00000000,57792.00000000,57362.06000000
02/09/2024 08:00,58056.01000000,57548.00000000,58300.00000000,57520.12000000
02/09/2024 09:00,58402.35000000,58056.01000000,58462.00000000,57901.20000000
02/09/2024 10:00,58498.51000000,58402.00000000,58587.00000000,58293.00000000
02/09/2024 11:00,58422.01000000,58498.51000000,58680.76000000,58349.02000000
02/09/2024 12:00,58393.94000000,58422.01000000,58509.00000000,58256.10000000
02/09/2024 13:00,58181.22000000,58393.94000000,58489.00000000,58149.54000000
02/09/2024 14:00,58597.00000000,58181.21000000,58808.00000000,58104.00000000
02/09/2024 15:00,58537.99000000,58597.00000000,58741.10000000,58480.90000000
02/09/2024 16:00,58345.00000000,58537.99000000,58653.00000000,58293.12000000
02/09/2024 17:00,58514.01000000,58345.00000000,58558.49000000,58301.00000000
02/09/2024 18:00,58486.01000000,58514.01000000,58666.64000000,58318.33000000
02/09/2024 19:00,58439.99000000,58486.01000000,58559.00000000,58390.39000000
02/09/2024 20:00,58992.00000000,58440.03000000,59243.00000000,58384.61000000
02/09/2024 21:00,59047.00000000,58992.01000000,59274.32000000,58875.03000000
02/09/2024 22:00,59349.99000000,59047.00000000,59350.00000000,59008.81000000
02/09/2024 23:00,59132.13000000,59349.99000000,59425.69000000,59073.00000000
03/09/2024 00:00,59257.99000000,59132.12000000,59258.00000000,59021.62000000
03/09/2024 01:00,59388.01000000,59258.00000000,59406.57000000,59195.41000000
03/09/2024 02:00,59311.01000000,59388.01000000,59809.65000000,59300.00000000
03/09/2024 03:00,59110.99000000,59311.01000000,59327.71000000,59041.86000000
03/09/2024 04:00,59099.01000000,59111.00000000,59236.00000000,59003.99000000
03/09/2024 05:00,59186.00000000,59099.00000000,59259.00000000,58988.00000000
03/09/2024 06:00,58891.00000000,59186.00000000,59186.00000000,58872.00000000
03/09/2024 07:00,59112.00000000,58891.01000000,59140.35000000,58880.57000000
03/09/2024 08:00,58789.02000000,59112.01000000,59136.58000000,58717.00000000
03/09/2024 09:00,58874.00000000,58789.01000000,58961.50000000,58783.00000000
03/09/2024 10:00,59078.94000000,58874.01000000,59195.63000000,58836.87000000
03/09/2024 11:00,59072.00000000,59078.94000000,59106.01000000,58951.00000000
03/09/2024 12:00,59135.01000000,59072.01000000,59350.00000000,59057.34000000
03/09/2024 13:00,58398.99000000,59135.01000000,59320.14000000,58198.28000000
03/09/2024 14:00,57672.84000000,58398.99000000,58398.99000000,57568.00000000
03/09/2024 15:00,57725.00000000,57672.84000000,58018.00000000,57630.00000000
03/09/2024 16:00,57708.00000000,57725.01000000,57924.00000000,57655.81000000
03/09/2024 17:00,57698.00000000,57707.99000000,58100.00000000,57680.00000000
03/09/2024 18:00,57926.00000000,57698.00000000,58055.00000000,57589.01000000
03/09/2024 19:00,58046.00000000,57925.99000000,58251.09000000,57852.00000000
03/09/2024 20:00,58228.00000000,58045.99000000,58247.00000000,58045.99000000
03/09/2024 21:00,58134.61000000,58228.01000000,58238.00000000,57957.50000000
03/09/2024 22:00,57865.00000000,58134.61000000,58183.68000000,57863.99000000
03/09/2024 23:00,57487.73000000,57865.00000000,57899.00000000,57415.00000000
04/09/2024 00:00,57140.02000000,57487.74000000,57943.53000000,57100.00000000
04/09/2024 01:00,56784.01000000,57140.02000000,57161.06000000,55606.00000000
04/09/2024 02:00,56648.01000000,56784.01000000,56823.00000000,56520.35000000
04/09/2024 03:00,56653.98000000,56648.01000000,56850.00000000,56618.00000000
04/09/2024 04:00,56694.00000000,56653.99000000,56728.00000000,56559.15000000
04/09/2024 05:00,56252.01000000,56694.00000000,56694.00000000,56201.00000000
04/09/2024 06:00,56277.00000000,56252.01000000,56530.01000000,56209.99000000
04/09/2024 07:00,56746.00000000,56277.00000000,56881.00000000,56253.00000000
04/09/2024 08:00,56783.01000000,56746.00000000,56909.94000000,56668.28000000
04/09/2024 09:00,56596.99000000,56783.01000000,56855.00000000,56570.00000000
04/09/2024 10:00,56456.45000000,56596.99000000,56710.47000000,56453.00000000
04/09/2024 11:00,56573.00000000,56456.46000000,56682.32000000,56454.73000000
04/09/2024 12:00,56599.99000000,56573.00000000,56763.99000000,56479.95000000
04/09/2024 13:00,56490.00000000,56600.00000000,56700.00000000,56319.41000000
04/09/2024 14:00,57511.10000000,56489.99000000,57581.40000000,56187.61000000
04/09/2024 15:00,58134.00000000,57511.11000000,58181.43000000,57365.00000000
04/09/2024 16:00,58406.07000000,58134.00000000,58519.00000000,58121.10000000
04/09/2024 17:00,57878.00000000,58406.06000000,58472.00000000,57821.79000000
04/09/2024 18:00,57684.01000000,57878.01000000,57997.99000000,57646.00000000
04/09/2024 19:00,58058.01000000,57684.01000000,58165.00000000,57662.00000000
04/09/2024 20:00,58048.01000000,58058.00000000,58181.00000000,57792.46000000
04/09/2024 21:00,58100.00000000,58048.00000000,58120.00000000,57948.00000000
04/09/2024 22:00,58130.99000000,58100.00000000,58390.00000000,58041.10000000
04/09/2024 23:00,57970.90000000,58130.98000000,58232.00000000,57889.81000000
05/09/2024 00:00,57997.75000000,57970.90000000,58327.07000000,57964.00000000
05/09/2024 01:00,58021.99000000,57997.75000000,58249.00000000,57955.55000000
05/09/2024 02:00,57692.99000000,58021.99000000,58063.99000000,57653.13000000
05/09/2024 03:00,57135.42000000,57693.00000000,57693.00000000,56891.07000000
05/09/2024 04:00,57206.40000000,57135.42000000,57291.10000000,57076.01000000
05/09/2024 05:00,57194.99000000,57206.40000000,57268.75000000,57029.00000000
05/09/2024 06:00,56914.01000000,57195.00000000,57222.78000000,56541.68000000
05/09/2024 07:00,57155.10000000,56914.01000000,57245.03000000,56831.71000000
05/09/2024 08:00,57004.00000000,57155.10000000,57232.00000000,56952.65000000
05/09/2024 09:00,56797.00000000,57004.00000000,57012.00000000,56623.00000000
05/09/2024 10:00,56771.00000000,56797.00000000,56848.97000000,56654.31000000
05/09/2024 11:00,56698.01000000,56771.00000000,56863.80000000,56663.00000000
05/09/2024 12:00,56662.00000000,56698.01000000,56850.00000000,56318.00000000
05/09/2024 13:00,57028.62000000,56662.01000000,57158.81000000,56571.47000000
05/09/2024 14:00,56558.01000000,57028.62000000,57350.00000000,56479.36000000
05/09/2024 15:00,55976.01000000,56558.00000000,56674.83000000,55817.51000000
05/09/2024 16:00,56335.00000000,55976.01000000,56416.65000000,55960.00000000
05/09/2024 17:00,56602.99000000,56335.00000000,56614.00000000,56200.42000000
05/09/2024 18:00,56548.99000000,56603.00000000,56710.00000000,56506.30000000
05/09/2024 19:00,56060.01000000,56549.00000000,56568.00000000,55800.00000000
05/09/2024 20:00,56094.00000000,56060.00000000,56259.97000000,56010.00000000
05/09/2024 21:00,56150.60000000,56094.00000000,56253.44000000,55643.65000000
05/09/2024 22:00,56104.60000000,56150.59000000,56227.50000000,55783.00000000
05/09/2024 23:00,56180.00000000,56104.99000000,56208.00000000,55993.45000000
06/09/2024 00:00,56182.00000000,56180.00000000,56333.82000000,55989.00000000
06/09/2024 01:00,56558.99000000,56182.01000000,56615.49000000,55993.00000000
06/09/2024 02:00,56738.00000000,56559.00000000,56858.88000000,56499.87000000
06/09/2024 03:00,56588.00000000,56738.00000000,56840.88000000,56532.00000000
06/09/2024 04:00,56594.66000000,56588.01000000,56747.91000000,56585.29000000
06/09/2024 05:00,56491.01000000,56594.67000000,56665.26000000,56295.49000000
06/09/2024 06:00,56430.01000000,56491.01000000,56518.00000000,56278.57000000
06/09/2024 07:00,55804.29000000,56430.01000000,56439.00000000,55280.00000000
06/09/2024 08:00,55783.01000000,55804.28000000,55938.42000000,55639.00000000
06/09/2024 09:00,55889.86000000,55783.01000000,55925.46000000,55676.72000000
06/09/2024 10:00,56178.01000000,55889.86000000,56262.11000000,55889.85000000
06/09/2024 11:00,55999.09000000,56178.01000000,56252.00000000,55826.26000000
06/09/2024 12:00,56873.99000000,55999.09000000,56944.59000000,55653.42000000
06/09/2024 13:00,55896.01000000,56873.99000000,57008.00000000,55849.80000000
06/09/2024 14:00,54733.24000000,55896.01000000,55936.00000000,54424.24000000
06/09/2024 15:00,54045.01000000,54734.00000000,55000.00000000,53808.00000000
06/09/2024 16:00,54074.00000000,54045.00000000,54256.00000000,53632.83000000
06/09/2024 17:00,53935.00000000,54074.00000000,54435.00000000,53705.78000000
06/09/2024 18:00,53352.67000000,53935.01000000,53995.00000000,53350.00000000
06/09/2024 19:00,53534.28000000,53352.67000000,53997.00000000,53267.54000000
06/09/2024 20:00,52887.99000000,53534.27000000,53800.00000000,52650.00000000
06/09/2024 21:00,53766.57000000,52888.00000000,53766.58000000,52550.00000000
06/09/2024 22:00,53644.01000000,53766.58000000,53856.82000000,53614.52000000
06/09/2024 23:00,53962.97000000,53644.00000000,53969.99000000,53611.10000000
07/09/2024 00:00,53914.00000000,53962.97000000,54095.65000000,53891.51000000
07/09/2024 01:00,53813.37000000,53914.00000000,54000.11000000,53745.54000000
07/09/2024 02:00,53802.00000000,53813.37000000,53945.42000000,53756.56000000
07/09/2024 03:00,53818.91000000,53802.00000000,53873.81000000,53791.42000000
07/09/2024 04:00,54060.59000000,53818.92000000,54061.10000000,53814.00000000
07/09/2024 05:00,54185.01000000,54060.59000000,54381.10000000,54007.67000000
07/09/2024 06:00,54320.23000000,54185.01000000,54379.00000000,54028.22000000
07/09/2024 07:00,54286.00000000,54320.23000000,54405.37000000,54183.31000000
07/09/2024 08:00,54370.99000000,54286.00000000,54393.48000000,54189.60000000
07/09/2024 09:00,54251.11000000,54371.00000000,54419.38000000,54168.23000000
07/09/2024 10:00,54346.01000000,54251.11000000,54454.80000000,54247.00000000
07/09/2024 11:00,54326.00000000,54346.01000000,54492.98000000,54264.54000000
07/09/2024 12:00,54578.71000000,54326.01000000,54663.00000000,54326.00000000
07/09/2024 13:00,54546.99000000,54578.72000000,54665.94000000,54404.00000000
07/09/2024 14:00,54632.17000000,54547.00000000,54691.10000000,54488.41000000
07/09/2024 15:00,54780.00000000,54632.17000000,54829.00000000,54600.00000000
07/09/2024 16:00,54465.97000000,54780.00000000,54850.00000000,54434.84000000
07/09/2024 17:00,54134.00000000,54465.97000000,54535.72000000,54000.00000000
07/09/2024 18:00,54291.10000000,54134.00000000,54396.88000000,54037.00000000
07/09/2024 19:00,54404.01000000,54291.10000000,54457.82000000,54231.10000000
07/09/2024 20:00,54166.01000000,54404.01000000,54437.97000000,54166.00000000
07/09/2024 21:00,53926.99000000,54166.01000000,54188.00000000,53867.00000000
07/09/2024 22:00,53954.00000000,53927.00000000,54082.89000000,53868.00000000
07/09/2024 23:00,54160.86000000,53954.00000000,54196.64000000,53814.01000000
08/09/2024 00:00,54137.50000000,54160.86000000,54190.17000000,53964.00000000
08/09/2024 01:00,54275.00000000,54137.50000000,54365.44000000,54136.00000000
08/09/2024 02:00,54337.43000000,54274.99000000,54509.00000000,54274.99000000
08/09/2024 03:00,54402.99000000,54337.44000000,54405.01000000,54266.88000000
08/09/2024 04:00,54491.99000000,54402.98000000,54575.00000000,54371.10000000
08/09/2024 05:00,54344.01000000,54492.00000000,54518.75000000,54327.52000000
08/09/2024 06:00,54292.01000000,54344.01000000,54419.99000000,54261.10000000
08/09/2024 07:00,54436.25000000,54292.01000000,54525.00000000,54292.00000000
08/09/2024 08:00,54480.00000000,54436.25000000,54500.01000000,54356.00000000
08/09/2024 09:00,54456.02000000,54480.00000000,54722.85000000,54456.01000000
08/09/2024 10:00,54608.01000000,54456.02000000,54643.20000000,54440.00000000
08/09/2024 11:00,54556.08000000,54608.01000000,54669.60000000,54517.39000000
08/09/2024 12:00,54194.70000000,54556.08000000,54567.00000000,54095.52000000
08/09/2024 13:00,54399.00000000,54194.71000000,54399.00000000,54072.01000000
08/09/2024 14:00,54149.50000000,54398.99000000,54444.00000000,54041.61000000
08/09/2024 15:00,53687.00000000,54149.51000000,54189.99000000,53640.00000000
08/09/2024 16:00,53907.18000000,53686.99000000,54024.56000000,53629.01000000
08/09/2024 17:00,54510.01000000,53907.18000000,54519.30000000,53907.17000000
08/09/2024 18:00,54412.01000000,54510.00000000,54531.10000000,54277.00000000
08/09/2024 19:00,54337.01000000,54412.01000000,54475.00000000,54317.00000000
08/09/2024 20:00,54379.02000000,54337.02000000,54384.00000000,54184.00000000
08/09/2024 21:00,54464.00000000,54379.01000000,54619.84000000,54299.89000000
08/09/2024 22:00,54530.00000000,54463.99000000,55318.00000000,54367.50000000
08/09/2024 23:00,54869.95000000,54530.00000000,54975.00000000,54424.75000000
09/09/2024 00:00,55045.00000000,54869.95000000,55210.00000000,54688.69000000
09/09/2024 01:00,55103.99000000,55045.01000000,55370.23000000,54901.10000000
09/09/2024 02:00,55113.00000000,55104.00000000,55137.00000000,54851.10000000
09/09/2024 03:00,55115.00000000,55113.01000000,55215.74000000,54764.68000000
09/09/2024 04:00,54849.65000000,55115.00000000,55150.00000000,54849.64000000
09/09/2024 05:00,54668.00000000,54849.65000000,54935.39000000,54591.96000000
09/09/2024 06:00,54898.00000000,54668.00000000,54971.10000000,54644.01000000
09/09/2024 07:00,54974.01000000,54898.00000000,55010.87000000,54730.00000000
09/09/2024 08:00,55244.00000000,54974.01000000,55341.78000000,54960.00000000
09/09/2024 09:00,55152.00000000,55244.00000000,55555.00000000,55102.00000000
09/09/2024 10:00,55364.00000000,55152.00000000,55457.51000000,55100.00000000
09/09/2024 11:00,55264.87000000,55364.00000000,55386.00000000,55159.91000000
09/09/2024 12:00,55341.10000000,55264.87000000,55356.00000000,54965.71000000
09/09/2024 13:00,55686.92000000,55341.10000000,55799.00000000,55252.00000000
09/09/2024 14:00,54840.01000000,55686.93000000,55750.00000000,54804.00000000
09/09/2024 15:00,55386.00000000,54840.00000000,55470.00000000,54828.00000000
09/09/2024 16:00,56430.11000000,55385.99000000,56525.14000000,55348.54000000
09/09/2024 17:00,56514.00000000,56430.11000000,56775.24000000,56339.51000000
09/09/2024 18:00,56530.00000000,56514.00000000,56650.00000000,56264.00000000
09/09/2024 19:00,57089.54000000,56529.99000000,57177.00000000,56482.00000000
09/09/2024 20:00,57007.98000000,57089.53000000,57128.00000000,56810.00000000
09/09/2024 21:00,57454.27000000,57007.98000000,58088.00000000,57002.93000000
09/09/2024 22:00,57216.00000000,57454.27000000,57620.00000000,57184.32000000
09/09/2024 23:00,57042.00000000,57216.01000000,57265.13000000,56998.19000000
10/09/2024 00:00,56982.01000000,57042.01000000,57065.34000000,56624.50000000
10/09/2024 01:00,56900.00000000,56982.01000000,57050.72000000,56709.16000000
10/09/2024 02:00,56775.28000000,56900.00000000,56911.09000000,56635.80000000
10/09/2024 03:00,56524.74000000,56775.27000000,56802.00000000,56522.86000000
10/09/2024 04:00,56609.99000000,56524.74000000,56739.40000000,56386.40000000
10/09/2024 05:00,56945.45000000,56610.00000000,56966.00000000,56591.10000000
10/09/2024 06:00,56825.99000000,56945.45000000,56945.45000000,56771.10000000
10/09/2024 07:00,57218.57000000,56826.00000000,57290.00000000,56773.43000000
10/09/2024 08:00,57046.99000000,57218.56000000,57378.00000000,56990.00000000
10/09/2024 09:00,57086.01000000,57046.99000000,57273.52000000,56878.65000000
10/09/2024 10:00,57170.00000000,57086.01000000,57184.22000000,56947.13000000
10/09/2024 11:00,57228.00000000,57170.00000000,57260.00000000,57018.00000000
10/09/2024 12:00,57203.19000000,57228.01000000,57468.98000000,57162.00000000
10/09/2024 13:00,56741.09000000,57203.20000000,57204.00000000,56630.56000000
10/09/2024 14:00,56941.09000000,56741.10000000,57165.99000000,56502.31000000
10/09/2024 15:00,56596.00000000,56941.09000000,57210.00000000,56596.00000000
10/09/2024 16:00,56819.60000000,56596.01000000,56945.94000000,56566.00000000
10/09/2024 17:00,57175.96000000,56819.59000000,57380.00000000,56795.05000000
10/09/2024 18:00,57581.99000000,57175.96000000,57978.41000000,57175.96000000
10/09/2024 19:00,57952.01000000,57581.99000000,58044.36000000,57334.01000000
10/09/2024 20:00,57567.89000000,57952.01000000,57975.99000000,57545.02000000
10/09/2024 21:00,57507.99000000,57567.89000000,57754.00000000,57455.72000000
10/09/2024 22:00,57615.85000000,57508.00000000,57677.64000000,57453.00000000
10/09/2024 23:00,57635.99000000,57615.86000000,57870.00000000,57581.05000000
11/09/2024 00:00,57640.50000000,57635.99000000,57687.71000000,57438.34000000
11/09/2024 01:00,56717.99000000,57640.51000000,57750.00000000,56681.32000000
11/09/2024 02:00,56921.10000000,56717.99000000,57180.98000000,56696.93000000
11/09/2024 03:00,56819.55000000,56921.11000000,56971.10000000,56688.40000000
11/09/2024 04:00,56530.50000000,56819.56000000,56819.56000000,56252.00000000
11/09/2024 05:00,56244.00000000,56530.51000000,56539.99000000,56100.00000000
11/09/2024 06:00,56460.00000000,56244.00000000,56578.00000000,56174.00000000
11/09/2024 07:00,56712.00000000,56460.00000000,56783.10000000,56460.00000000
11/09/2024 08:00,56398.00000000,56712.01000000,56716.13000000,56325.70000000
11/09/2024 09:00,56677.99000000,56398.01000000,56741.24000000,56381.67000000
11/09/2024 10:00,56510.00000000,56678.00000000,56700.00000000,56328.26000000
11/09/2024 11:00,56797.99000000,56510.00000000,56895.82000000,56507.39000000
11/09/2024 12:00,56748.01000000,56798.00000000,56915.66000000,56279.42000000
11/09/2024 13:00,55740.00000000,56748.00000000,57166.66000000,55710.70000000
11/09/2024 14:00,55974.00000000,55740.01000000,56024.00000000,55545.19000000
11/09/2024 15:00,56701.23000000,55974.00000000,57003.99000000,55852.00000000
11/09/2024 16:00,57312.00000000,56701.22000000,57514.47000000,56646.00000000
11/09/2024 17:00,57694.00000000,57311.99000000,57868.47000000,57254.00000000
11/09/2024 18:00,57500.00000000,57694.00000000,57981.71000000,57377.50000000
11/09/2024 19:00,57585.50000000,57499.99000000,57776.32000000,57325.38000000
11/09/2024 20:00,57486.00000000,57585.50000000,57676.83000000,57438.00000000
11/09/2024 21:00,57352.00000000,57486.01000000,57558.00000000,57252.00000000
11/09/2024 22:00,57467.99000000,57352.00000000,57468.00000000,57211.10000000
11/09/2024 23:00,57338.00000000,57468.00000000,57508.00000000,57310.97000000
12/09/2024 00:00,57626.01000000,57338.00000000,57907.90000000,57324.00000000
12/09/2024 01:00,58137.74000000,57626.01000000,58275.00000000,57597.80000000
12/09/2024 02:00,57946.28000000,58137.74000000,58470.01000000,57827.61000000
12/09/2024 03:00,58232.72000000,57946.29000000,58335.53000000,57946.28000000
12/09/2024 04:00,58181.98000000,58232.73000000,58430.56000000,58160.00000000
12/09/2024 05:00,57968.01000000,58181.99000000,58181.99000000,57909.92000000
12/09/2024 06:00,57947.99000000,57968.01000000,58100.11000000,57836.28000000
12/09/2024 07:00,58138.16000000,57948.00000000,58148.00000000,57876.00000000
12/09/2024 08:00,58171.06000000,58138.15000000,58350.00000000,58100.00000000
12/09/2024 09:00,58022.00000000,58171.06000000,58250.00000000,57980.00000000
12/09/2024 10:00,57930.41000000,58022.00000000,58098.00000000,57929.07000000
12/09/2024 11:00,58057.99000000,57930.41000000,58146.17000000,57894.00000000
12/09/2024 12:00,57691.56000000,58058.00000000,58162.11000000,57583.29000000
12/09/2024 13:00,57627.99000000,57691.55000000,57875.99000000,57345.23000000
12/09/2024 14:00,57541.29000000,57628.00000000,58588.00000000,57541.29000000
12/09/2024 15:00,57512.03000000,57541.30000000,57878.77000000,57408.41000000
12/09/2024 16:00,58065.99000000,57512.03000000,58125.00000000,57494.01000000
12/09/2024 17:00,58389.10000000,58065.99000000,58410.00000000,58007.56000000
12/09/2024 18:00,58181.99000000,58389.11000000,58450.99000000,57949.18000000
12/09/2024 19:00,58388.00000000,58181.99000000,58442.86000000,58129.13000000
12/09/2024 20:00,58199.99000000,58388.00000000,58388.00000000,58085.09000000
12/09/2024 21:00,57921.11000000,58199.99000000,58385.81000000,57781.10000000
12/09/2024 22:00,58143.34000000,57921.10000000,58260.00000000,57904.18000000
12/09/2024 23:00,58132.32000000,58143.33000000,58190.38000000,58031.00000000
13/09/2024 00:00,58031.14000000,58132.31000000,58244.00000000,57999.90000000
13/09/2024 01:00,58129.99000000,58031.14000000,58290.40000000,57876.90000000
13/09/2024 02:00,58050.80000000,58129.98000000,58170.00000000,57974.00000000
13/09/2024 03:00,57845.97000000,58050.80000000,58070.00000000,57798.49000000
13/09/2024 04:00,57844.00000000,57845.97000000,57985.99000000,57804.01000000
13/09/2024 05:00,57946.00000000,57844.00000000,58024.89000000,57833.97000000
13/09/2024 06:00,57767.01000000,57946.01000000,57952.00000000,57742.00000000
13/09/2024 07:00,58109.31000000,57767.00000000,58137.68000000,57767.00000000
13/09/2024 08:00,57953.64000000,58109.31000000,58150.00000000,57898.56000000
13/09/2024 09:00,58058.60000000,57953.63000000,58146.84000000,57924.00000000
13/09/2024 10:00,58343.99000000,58058.60000000,58350.00000000,58031.11000000
13/09/2024 11:00,57871.10000000,58343.99000000,58343.99000000,57815.00000000
13/09/2024 12:00,57910.00000000,57871.10000000,57951.10000000,57632.62000000
13/09/2024 13:00,58056.01000000,57910.01000000,58157.12000000,57686.67000000
13/09/2024 14:00,58456.89000000,58056.00000000,58553.01000000,57833.38000000
13/09/2024 15:00,59667.38000000,58456.89000000,59723.97000000,58362.00000000
13/09/2024 16:00,59452.31000000,59666.01000000,59796.70000000,59312.01000000
13/09/2024 17:00,59584.00000000,59452.31000000,59971.17000000,59444.04000000
13/09/2024 18:00,59752.17000000,59584.00000000,59900.00000000,59478.00000000
13/09/2024 19:00,59743.99000000,59752.17000000,59999.00000000,59652.72000000
13/09/2024 20:00,59838.52000000,59743.99000000,59956.00000000,59633.40000000
13/09/2024 21:00,60283.86000000,59838.52000000,60358.00000000,59822.00000000
13/09/2024 22:00,60608.00000000,60283.85000000,60625.00000000,60240.00000000
13/09/2024 23:00,60498.00000000,60608.00000000,60623.48000000,60169.00000000
14/09/2024 00:00,60414.39000000,60497.99000000,60610.45000000,60372.77000000
14/09/2024 01:00,60406.06000000,60414.39000000,60595.70000000,60406.06000000
14/09/2024 02:00,60287.99000000,60406.06000000,60496.00000000,60285.55000000
14/09/2024 03:00,60329.37000000,60288.00000000,60431.98000000,60287.99000000
14/09/2024 04:00,60213.05000000,60329.38000000,60348.24000000,60184.86000000
14/09/2024 05:00,59926.00000000,60213.06000000,60242.47000000,59900.32000000
14/09/2024 06:00,60046.00000000,59926.00000000,60079.36000000,59900.00000000
14/09/2024 07:00,60138.14000000,60046.01000000,60174.00000000,59998.01000000
14/09/2024 08:00,59973.99000000,60138.14000000,60156.00000000,59933.94000000
14/09/2024 09:00,60070.20000000,59973.99000000,60070.21000000,59858.58000000
14/09/2024 10:00,59851.09000000,60070.20000000,60070.21000000,59789.32000000
14/09/2024 11:00,59706.39000000,59851.10000000,59851.10000000,59605.98000000
14/09/2024 12:00,59794.03000000,59706.40000000,59851.27000000,59626.01000000
14/09/2024 13:00,59769.11000000,59794.03000000,59794.03000000,59646.00000000
14/09/2024 14:00,59914.00000000,59769.11000000,60010.00000000,59706.00000000
14/09/2024 15:00,59876.00000000,59914.00000000,59949.11000000,59828.07000000
14/09/2024 16:00,59981.99000000,59875.99000000,59982.00000000,59838.22000000
14/09/2024 17:00,59885.26000000,59982.00000000,59983.39000000,59854.32000000
14/09/2024 18:00,59786.00000000,59885.26000000,59897.79000000,59400.00000000
14/09/2024 19:00,59810.00000000,59786.01000000,59903.56000000,59735.16000000
14/09/2024 20:00,60024.01000000,59810.01000000,60134.13000000,59774.00000000
14/09/2024 21:00,60036.00000000,60024.02000000,60056.71000000,59950.21000000
14/09/2024 22:00,60006.97000000,60036.01000000,60125.00000000,59940.00000000
14/09/2024 23:00,59993.03000000,60006.97000000,60050.00000000,59936.91000000
15/09/2024 00:00,60025.95000000,59993.02000000,60119.42000000,59986.01000000
15/09/2024 01:00,60235.22000000,60025.95000000,60280.06000000,60025.95000000
15/09/2024 02:00,60238.01000000,60235.22000000,60267.86000000,60116.00000000
15/09/2024 03:00,60155.93000000,60238.01000000,60238.57000000,60134.00000000
15/09/2024 04:00,60117.99000000,60155.93000000,60216.00000000,60032.90000000
15/09/2024 05:00,60160.00000000,60118.00000000,60214.89000000,60117.99000000
15/09/2024 06:00,60164.01000000,60160.00000000,60183.02000000,60144.17000000
15/09/2024 07:00,60196.00000000,60164.01000000,60214.34000000,60129.93000000
15/09/2024 08:00,60069.99000000,60195.99000000,60204.00000000,60044.00000000
15/09/2024 09:00,60016.00000000,60069.99000000,60105.74000000,60009.96000000
15/09/2024 10:00,59991.30000000,60016.01000000,60042.00000000,59880.00000000
15/09/2024 11:00,60000.51000000,59991.31000000,60034.00000000,59894.00000000
15/09/2024 12:00,60104.39000000,60000.51000000,60118.00000000,59949.99000000
15/09/2024 13:00,60189.98000000,60104.39000000,60350.98000000,60085.62000000
15/09/2024 14:00,60279.52000000,60189.99000000,60280.00000000,59871.00000000
15/09/2024 15:00,60335.41000000,60279.51000000,60395.80000000,60170.75000000
15/09/2024 16:00,59950.05000000,60335.41000000,60352.65000000,59934.54000000
15/09/2024 17:00,59814.07000000,59950.05000000,60042.63000000,59707.08000000
15/09/2024 18:00,59971.09000000,59814.07000000,60181.80000000,59746.00000000
15/09/2024 19:00,59878.22000000,59971.09000000,60140.00000000,59812.00000000
15/09/2024 20:00,59795.99000000,59878.23000000,59939.10000000,59691.10000000
15/09/2024 21:00,59651.69000000,59796.00000000,59797.15000000,59479.06000000
15/09/2024 22:00,59430.31000000,59651.70000000,59670.15000000,59392.00000000
15/09/2024 23:00,59132.00000000,59430.30000000,59456.00000000,58691.05000000
16/09/2024 00:00,58666.36000000,59132.00000000,59210.70000000,58606.30000000
16/09/2024 01:00,58607.07000000,58666.36000000,58798.00000000,58420.00000000
16/09/2024 02:00,58263.99000000,58607.07000000,58670.62000000,58112.00000000
16/09/2024 03:00,58575.09000000,58263.99000000,58606.00000000,58218.00000000
16/09/2024 04:00,58352.00000000,58575.09000000,58592.00000000,58312.54000000
16/09/2024 05:00,58670.00000000,58351.99000000,58670.01000000,58343.70000000
16/09/2024 06:00,58707.43000000,58670.00000000,58863.86000000,58628.00000000
16/09/2024 07:00,58911.10000000,58707.43000000,58970.00000000,58668.89000000
16/09/2024 08:00,58924.98000000,58911.10000000,59179.35000000,58854.86000000
16/09/2024 09:00,58636.54000000,58924.98000000,59032.20000000,58579.27000000
16/09/2024 10:00,58749.99000000,58636.54000000,58750.00000000,58506.00000000
16/09/2024 11:00,58663.99000000,58749.99000000,58835.84000000,58652.00000000
16/09/2024 12:00,58527.99000000,58664.00000000,58789.93000000,58419.91000000
16/09/2024 13:00,58497.10000000,58527.99000000,58610.10000000,58021.00000000
16/09/2024 14:00,57604.00000000,58497.11000000,58560.44000000,57555.00000000
16/09/2024 15:00,57881.69000000,57604.00000000,58000.00000000,57553.38000000
16/09/2024 16:00,57809.98000000,57881.70000000,57951.86000000,57676.93000000
16/09/2024 17:00,58176.01000000,57809.98000000,58263.84000000,57493.30000000
16/09/2024 18:00,57896.00000000,58176.00000000,58192.00000000,57701.56000000
16/09/2024 19:00,57943.99000000,57896.00000000,58030.00000000,57797.56000000
16/09/2024 20:00,57687.99000000,57943.99000000,58172.50000000,57642.00000000
16/09/2024 21:00,57995.50000000,57688.00000000,57995.50000000,57608.00000000
16/09/2024 22:00,57970.01000000,57995.50000000,58037.62000000,57842.00000000
16/09/2024 23:00,58213.99000000,57970.01000000,58410.00000000,57970.01000000
17/09/2024 00:00,57630.01000000,58213.99000000,58343.99000000,57610.01000000
17/09/2024 01:00,57896.00000000,57630.01000000,57960.00000000,57622.00000000
17/09/2024 02:00,58115.52000000,57896.00000000,58211.10000000,57837.17000000
17/09/2024 03:00,58060.00000000,58115.53000000,58148.84000000,58011.10000000
17/09/2024 04:00,58246.01000000,58060.00000000,58350.03000000,58028.00000000
17/09/2024 05:00,58642.76000000,58246.00000000,58779.08000000,58232.87000000
17/09/2024 06:00,58488.00000000,58642.62000000,58670.00000000,58450.00000000
17/09/2024 07:00,58695.39000000,58488.00000000,58711.10000000,58452.78000000
17/09/2024 08:00,58792.00000000,58695.39000000,58863.00000000,58636.36000000
17/09/2024 09:00,58966.48000000,58792.00000000,59079.99000000,58702.01000000
17/09/2024 10:00,59236.00000000,58966.47000000,59275.00000000,58898.37000000
17/09/2024 11:00,59080.99000000,59235.99000000,59300.00000000,59032.66000000
17/09/2024 12:00,59381.10000000,59080.99000000,59445.76000000,59044.06000000
17/09/2024 13:00,58966.00000000,59381.10000000,59416.00000000,58872.02000000
17/09/2024 14:00,60265.17000000,58966.00000000,60406.18000000,58940.00000000
17/09/2024 15:00,61135.50000000,60265.99000000,61320.00000000,60220.90000000
17/09/2024 16:00,60873.86000000,61135.49000000,61261.00000000,60725.11000000
17/09/2024 17:00,60958.37000000,60873.86000000,60999.00000000,60686.36000000
17/09/2024 18:00,60540.17000000,60958.37000000,61075.39000000,60363.81000000
17/09/2024 19:00,59967.99000000,60540.17000000,60696.48000000,59618.26000000
17/09/2024 20:00,60120.00000000,59967.98000000,60342.85000000,59715.42000000
17/09/2024 21:00,60334.07000000,60119.99000000,60424.25000000,60105.01000000
17/09/2024 22:00,60240.01000000,60334.07000000,60343.99000000,60122.50000000
17/09/2024 23:00,60313.99000000,60240.01000000,60324.00000000,60005.31000000
18/09/2024 00:00,60240.00000000,60313.99000000,60334.00000000,59854.60000000
18/09/2024 01:00,60114.00000000,60240.01000000,60330.05000000,59988.41000000
18/09/2024 02:00,60352.00000000,60114.00000000,60361.00000000,60073.09000000
18/09/2024 03:00,60509.99000000,60352.00000000,60769.00000000,60348.51000000
18/09/2024 04:00,60429.99000000,60510.00000000,60689.62000000,60318.00000000
18/09/2024 05:00,60241.07000000,60429.99000000,60429.99000000,60199.68000000
18/09/2024 06:00,60453.99000000,60241.07000000,60488.96000000,60204.00000000
18/09/2024 07:00,60428.01000000,60453.99000000,60541.65000000,60334.00000000
18/09/2024 08:00,60198.05000000,60428.01000000,60428.01000000,60086.54000000
18/09/2024 09:00,59654.77000000,60198.05000000,60198.06000000,59654.77000000
18/09/2024 10:00,59907.49000000,59654.76000000,59924.00000000,59348.88000000
18/09/2024 11:00,59846.00000000,59907.50000000,60000.00000000,59821.81000000
18/09/2024 12:00,59978.24000000,59846.00000000,60000.00000000,59689.57000000
18/09/2024 13:00,59508.50000000,59978.24000000,60160.00000000,59308.61000000
18/09/2024 14:00,59487.60000000,59508.50000000,59776.00000000,59340.00000000
18/09/2024 15:00,59429.18000000,59487.61000000,59757.06000000,59320.00000000
18/09/2024 16:00,59915.26000000,59429.19000000,59954.00000000,59174.80000000
18/09/2024 17:00,60013.01000000,59915.26000000,60247.69000000,59485.45000000
18/09/2024 18:00,60629.79000000,60013.02000000,61318.60000000,59759.84000000
18/09/2024 19:00,60057.99000000,60629.79000000,60745.99000000,59987.25000000
18/09/2024 20:00,60230.01000000,60057.99000000,60320.00000000,59473.68000000
18/09/2024 21:00,60199.46000000,60230.01000000,60496.95000000,60168.04000000
18/09/2024 22:00,60684.78000000,60199.46000000,60700.00000000,60194.00000000
18/09/2024 23:00,61759.99000000,60684.78000000,61786.24000000,60680.00000000
19/09/2024 00:00,62226.00000000,61759.98000000,62589.52000000,61704.02000000
19/09/2024 01:00,62005.99000000,62226.00000000,62316.00000000,61555.00000000
19/09/2024 02:00,62204.32000000,62006.00000000,62329.00000000,61799.90000000
19/09/2024 03:00,62117.99000000,62204.32000000,62278.00000000,61998.29000000
19/09/2024 04:00,62082.00000000,62117.98000000,62150.00000000,61892.10000000
19/09/2024 05:00,61990.42000000,62082.00000000,62179.99000000,61902.00000000
19/09/2024 06:00,62020.60000000,61990.42000000,62124.00000000,61814.00000000
19/09/2024 07:00,62093.99000000,62020.60000000,62176.21000000,61923.45000000
19/09/2024 08:00,61932.00000000,62094.00000000,62197.39000000,61888.18000000
19/09/2024 09:00,62272.01000000,61932.01000000,62349.00000000,61892.00000000
19/09/2024 10:00,62320.01000000,62272.01000000,62727.52000000,62272.00000000
19/09/2024 11:00,62645.44000000,62320.00000000,62708.00000000,62242.00000000
19/09/2024 12:00,62924.07000000,62645.44000000,63200.00000000,62582.14000000
19/09/2024 13:00,63035.98000000,62924.06000000,63370.50000000,62690.00000000
19/09/2024 14:00,62935.83000000,63035.98000000,63500.84000000,62888.00000000
19/09/2024 15:00,63154.04000000,62935.84000000,63355.00000000,62810.68000000
19/09/2024 16:00,63556.92000000,63154.03000000,63675.97000000,62940.00000000
19/09/2024 17:00,63709.22000000,63556.92000000,63850.00000000,63279.35000000
19/09/2024 18:00,63628.00000000,63709.22000000,63776.99000000,63490.00000000
19/09/2024 19:00,63251.99000000,63628.01000000,63639.69000000,63149.44000000
19/09/2024 20:00,63016.74000000,63251.99000000,63254.14000000,62961.20000000
19/09/2024 21:00,62879.76000000,63016.75000000,63168.75000000,62879.76000000
19/09/2024 22:00,62940.01000000,62879.76000000,63086.01000000,62650.00000000
19/09/2024 23:00,62947.99000000,62940.01000000,63070.00000000,62900.01000000
20/09/2024 00:00,62756.40000000,62948.00000000,63010.00000000,62663.72000000
20/09/2024 01:00,63037.99000000,62756.39000000,63184.54000000,62606.00000000
20/09/2024 02:00,63125.01000000,63037.99000000,63125.01000000,62819.85000000
20/09/2024 03:00,63742.16000000,63125.01000000,63750.00000000,63086.95000000
20/09/2024 04:00,63843.81000000,63742.15000000,64133.32000000,63670.30000000
20/09/2024 05:00,63809.99000000,63843.81000000,64033.99000000,63608.81000000
20/09/2024 06:00,63795.33000000,63810.00000000,63925.32000000,63636.00000000
20/09/2024 07:00,63524.80000000,63795.34000000,63795.34000000,63390.32000000
20/09/2024 08:00,63298.91000000,63524.81000000,63530.00000000,63090.43000000
20/09/2024 09:00,63468.00000000,63298.91000000,63554.99000000,63264.01000000
20/09/2024 10:00,63664.00000000,63468.00000000,63677.99000000,63350.93000000
20/09/2024 11:00,63440.00000000,63664.01000000,63700.00000000,63344.00000000
20/09/2024 12:00,63417.45000000,63440.01000000,63544.37000000,63332.89000000
20/09/2024 13:00,62836.46000000,63417.45000000,63450.00000000,62676.90000000
20/09/2024 14:00,63037.53000000,62836.46000000,63506.00000000,62553.90000000
20/09/2024 15:00,63153.99000000,63037.53000000,63359.99000000,62703.00000000
20/09/2024 16:00,62872.50000000,63153.99000000,63282.00000000,62810.46000000
20/09/2024 17:00,62704.00000000,62872.51000000,62987.50000000,62622.01000000
20/09/2024 18:00,62865.45000000,62704.01000000,62979.07000000,62350.00000000
20/09/2024 19:00,62809.13000000,62865.45000000,63030.01000000,62786.80000000
20/09/2024 20:00,62814.00000000,62809.13000000,62947.72000000,62709.30000000
20/09/2024 21:00,63116.03000000,62814.00000000,63300.00000000,62809.68000000
20/09/2024 22:00,63180.24000000,63116.04000000,63273.21000000,63116.03000000
20/09/2024 23:00,63201.05000000,63180.23000000,63212.00000000,63072.00000000
21/09/2024 00:00,63174.00000000,63201.05000000,63310.37000000,63040.00000000
21/09/2024 01:00,62836.98000000,63174.01000000,63200.00000000,62832.60000000
21/09/2024 02:00,62917.11000000,62836.98000000,62991.89000000,62816.47000000
21/09/2024 03:00,62889.57000000,62917.11000000,63000.00000000,62876.00000000
21/09/2024 04:00,62860.00000000,62889.58000000,62930.00000000,62820.00000000
21/09/2024 05:00,62908.82000000,62860.01000000,62946.00000000,62758.00000000
21/09/2024 06:00,62999.98000000,62908.82000000,63091.69000000,62890.00000000
21/09/2024 07:00,63091.02000000,62999.99000000,63134.00000000,62974.00000000
21/09/2024 08:00,63028.00000000,63091.02000000,63120.00000000,63000.00000000
21/09/2024 09:00,63115.99000000,63028.01000000,63136.00000000,63003.84000000
21/09/2024 10:00,62979.05000000,63116.00000000,63118.98000000,62966.01000000
21/09/2024 11:00,63089.77000000,62979.06000000,63105.01000000,62972.00000000
21/09/2024 12:00,63151.98000000,63089.76000000,63160.00000000,63040.00000000
21/09/2024 13:00,63188.00000000,63151.98000000,63225.00000000,63036.92000000
21/09/2024 14:00,63300.00000000,63188.00000000,63300.00000000,63138.54000000
21/09/2024 15:00,63167.98000000,63300.00000000,63306.00000000,63061.97000000
21/09/2024 16:00,63215.13000000,63167.98000000,63232.00000000,63086.00000000
21/09/2024 17:00,63279.99000000,63215.13000000,63400.00000000,63176.41000000
21/09/2024 18:00,63267.99000000,63279.99000000,63302.99000000,63233.69000000
21/09/2024 19:00,63203.59000000,63267.99000000,63340.00000000,63170.00000000
21/09/2024 20:00,63139.99000000,63203.59000000,63215.97000000,63132.30000000
21/09/2024 21:00,63088.00000000,63139.99000000,63150.00000000,63059.00000000
21/09/2024 22:00,63230.32000000,63087.99000000,63233.99000000,63058.00000000
21/09/2024 23:00,63348.96000000,63230.32000000,63559.90000000,63153.23000000
22/09/2024 00:00,63230.93000000,63348.97000000,63450.00000000,63110.00000000
22/09/2024 01:00,63046.00000000,63230.92000000,63294.00000000,63018.60000000
22/09/2024 02:00,62957.31000000,63046.01000000,63103.20000000,62830.01000000
22/09/2024 03:00,63106.00000000,62957.31000000,63208.82000000,62924.00000000
22/09/2024 04:00,63080.01000000,63106.00000000,63200.00000000,63077.69000000
22/09/2024 05:00,62938.51000000,63080.01000000,63083.99000000,62910.05000000
22/09/2024 06:00,62876.24000000,62938.52000000,63044.63000000,62838.00000000
22/09/2024 07:00,62936.00000000,62876.24000000,62973.99000000,62876.23000000
22/09/2024 08:00,63025.35000000,62936.00000000,63034.99000000,62900.00000000
22/09/2024 09:00,62702.94000000,63025.35000000,63025.35000000,62659.96000000
22/09/2024 10:00,62655.99000000,62702.93000000,62776.75000000,62544.94000000
22/09/2024 11:00,62784.00000000,62655.99000000,62842.00000000,62552.00000000
22/09/2024 12:00,62781.99000000,62784.00000000,62930.00000000,62749.53000000
22/09/2024 13:00,62589.99000000,62781.99000000,62835.67000000,62566.00000000
22/09/2024 14:00,62668.00000000,62590.00000000,62711.84000000,62429.16000000
22/09/2024 15:00,62652.12000000,62668.00000000,62813.36000000,62579.20000000
22/09/2024 16:00,62776.03000000,62652.12000000,62848.00000000,62468.01000000
22/09/2024 17:00,63062.66000000,62776.03000000,63134.00000000,62776.03000000
22/09/2024 18:00,62955.99000000,63062.66000000,63068.00000000,62835.20000000
22/09/2024 19:00,63160.00000000,62956.00000000,63229.50000000,62806.24000000
22/09/2024 20:00,63208.00000000,63160.00000000,63315.99000000,63106.54000000
22/09/2024 21:00,62779.99000000,63208.00000000,63329.19000000,62750.22000000
22/09/2024 22:00,63881.51000000,62780.00000000,64000.00000000,62357.93000000
22/09/2024 23:00,63578.76000000,63881.50000000,63970.00000000,63424.46000000
23/09/2024 00:00,63577.88000000,63578.76000000,63762.70000000,62538.75000000
23/09/2024 01:00,63826.80000000,63577.87000000,63966.00000000,63486.00000000
23/09/2024 02:00,63940.47000000,63826.80000000,63985.00000000,63675.75000000
23/09/2024 03:00,64354.00000000,63940.47000000,64745.88000000,63921.37000000
23/09/2024 04:00,63912.30000000,64354.00000000,64455.13000000,63787.68000000
23/09/2024 05:00,63754.00000000,63912.31000000,63937.97000000,63668.98000000
23/09/2024 06:00,63671.42000000,63754.00000000,63774.40000000,63524.36000000
23/09/2024 07:00,63548.82000000,63671.42000000,63671.42000000,63400.00000000
23/09/2024 08:00,63492.01000000,63548.83000000,63630.27000000,63300.00000000
23/09/2024 09:00,63635.69000000,63492.00000000,63710.00000000,63482.76000000
23/09/2024 10:00,63496.96000000,63635.69000000,63642.17000000,63415.08000000
23/09/2024 11:00,63435.04000000,63496.96000000,63550.02000000,63374.14000000
23/09/2024 12:00,63315.80000000,63435.03000000,63540.00000000,63236.98000000
23/09/2024 13:00,63185.21000000,63315.81000000,63420.00000000,63059.93000000
23/09/2024 14:00,63394.50000000,63185.21000000,63806.00000000,63059.93000000
23/09/2024 15:00,63618.00000000,63394.50000000,63772.30000000,63099.99000000
23/09/2024 16:00,63227.55000000,63617.99000000,63825.96000000,63200.00000000
23/09/2024 17:00,63318.01000000,63227.55000000,63341.67000000,63098.97000000
23/09/2024 18:00,63430.19000000,63318.01000000,63559.08000000,63280.72000000
23/09/2024 19:00,63298.56000000,63430.18000000,63489.00000000,63256.00000000
23/09/2024 20:00,63308.00000000,63300.01000000,63438.00000000,63260.09000000
23/09/2024 21:00,63380.00000000,63308.00000000,63489.00000000,63088.69000000
23/09/2024 22:00,63219.00000000,63380.00000000,63380.00000000,63193.39000000
23/09/2024 23:00,63339.99000000,63219.00000000,63418.87000000,63186.00000000
24/09/2024 00:00,62906.00000000,63339.99000000,63401.21000000,62800.49000000
24/09/2024 01:00,62942.01000000,62906.01000000,63270.10000000,62800.00000000
24/09/2024 02:00,63123.99000000,62942.00000000,63160.00000000,62700.00000000
24/09/2024 03:00,63124.00000000,63124.00000000,63190.37000000,62898.30000000
24/09/2024 04:00,63088.00000000,63124.01000000,63140.00000000,62900.00000000
24/09/2024 05:00,63215.99000000,63088.00000000,63226.33000000,63045.94000000
24/09/2024 06:00,63305.43000000,63216.00000000,63394.00000000,63215.99000000
24/09/2024 07:00,63559.92000000,63305.43000000,63569.99000000,63300.00000000
24/09/2024 08:00,63851.05000000,63559.93000000,63948.00000000,63540.00000000
24/09/2024 09:00,63524.50000000,63851.05000000,63893.51000000,63484.00000000
24/09/2024 10:00,63526.00000000,63524.50000000,63883.00000000,63504.10000000
24/09/2024 11:00,63478.34000000,63526.01000000,63600.00000000,63380.00000000
24/09/2024 12:00,63446.01000000,63478.35000000,63663.57000000,63412.00000000
24/09/2024 13:00,63519.85000000,63446.01000000,63768.00000000,63402.50000000
24/09/2024 14:00,63194.89000000,63519.86000000,63551.81000000,62731.10000000
24/09/2024 15:00,63159.99000000,63194.89000000,63370.09000000,62999.90000000
24/09/2024 16:00,63262.00000000,63159.99000000,63372.45000000,63088.02000000
24/09/2024 17:00,63775.86000000,63262.01000000,64000.00000000,63241.75000000
24/09/2024 18:00,63727.58000000,63775.54000000,63886.00000000,63540.48000000
24/09/2024 19:00,64292.34000000,63727.58000000,64375.00000000,63682.93000000
24/09/2024 20:00,64215.01000000,64292.35000000,64596.53000000,64093.15000000
24/09/2024 21:00,64030.00000000,64215.02000000,64285.59000000,63966.66000000
24/09/2024 22:00,64579.90000000,64030.00000000,64688.00000000,64030.00000000
24/09/2024 23:00,64262.70000000,64579.91000000,64626.00000000,64249.91000000
25/09/2024 00:00,64126.93000000,64262.70000000,64444.00000000,63990.41000000
25/09/2024 01:00,64390.01000000,64126.94000000,64817.99000000,64090.50000000
25/09/2024 02:00,64422.52000000,64390.00000000,64564.26000000,64287.49000000
25/09/2024 03:00,64460.00000000,64422.52000000,64461.95000000,64224.37000000
25/09/2024 04:00,64172.85000000,64460.01000000,64460.23000000,64172.84000000
25/09/2024 05:00,64170.63000000,64172.84000000,64274.70000000,64140.12000000
25/09/2024 06:00,63806.00000000,64170.63000000,64170.63000000,63700.00000000
25/09/2024 07:00,63843.33000000,63806.01000000,63867.99000000,63645.49000000
25/09/2024 08:00,63819.10000000,63843.34000000,63915.07000000,63743.93000000
25/09/2024 09:00,63609.89000000,63819.09000000,63873.50000000,63600.00000000
25/09/2024 10:00,63630.45000000,63609.89000000,63750.01000000,63407.70000000
25/09/2024 11:00,63838.01000000,63630.44000000,63857.41000000,63500.02000000
25/09/2024 12:00,63600.01000000,63838.01000000,63841.02000000,63600.00000000
25/09/2024 13:00,63761.34000000,63600.01000000,63766.00000000,63283.37000000
25/09/2024 14:00,63936.50000000,63761.33000000,63946.00000000,63648.00000000
25/09/2024 15:00,63495.66000000,63936.51000000,63999.00000000,63450.01000000
25/09/2024 16:00,63463.88000000,63495.66000000,63670.00000000,63440.00000000
25/09/2024 17:00,63168.00000000,63463.87000000,63550.00000000,63000.00000000
25/09/2024 18:00,63351.00000000,63168.01000000,63393.86000000,63128.97000000
25/09/2024 19:00,63181.50000000,63351.00000000,63468.00000000,63138.12000000
25/09/2024 20:00,63505.78000000,63181.51000000,63548.24000000,63176.00000000
25/09/2024 21:00,63437.99000000,63505.78000000,63551.81000000,63410.00000000
25/09/2024 22:00,63261.99000000,63438.00000000,63508.69000000,63053.50000000
25/09/2024 23:00,63152.01000000,63262.00000000,63270.00000000,62947.08000000
26/09/2024 00:00,62946.01000000,63152.01000000,63285.85000000,62829.40000000
26/09/2024 01:00,63154.74000000,62946.01000000,63154.74000000,62670.00000000
26/09/2024 02:00,63353.99000000,63154.73000000,63400.00000000,63104.00000000
26/09/2024 03:00,63514.34000000,63353.99000000,63544.00000000,63304.54000000
26/09/2024 04:00,63427.51000000,63514.35000000,63532.15000000,63340.00000000
26/09/2024 05:00,63594.00000000,63427.51000000,63724.45000000,63362.00000000
26/09/2024 06:00,63721.48000000,63593.99000000,63780.00000000,63590.23000000
26/09/2024 07:00,63852.07000000,63721.49000000,63874.41000000,63661.50000000
26/09/2024 08:00,63709.50000000,63852.07000000,63892.59000000,63696.50000000
26/09/2024 09:00,63798.00000000,63709.50000000,63979.89000000,63595.67000000
26/09/2024 10:00,64391.99000000,63798.00000000,64464.00000000,63766.08000000
26/09/2024 11:00,64393.99000000,64391.99000000,64500.00000000,64295.77000000
26/09/2024 12:00,64481.82000000,64393.98000000,64720.00000000,64321.42000000
26/09/2024 13:00,64428.21000000,64481.82000000,64550.78000000,64150.00000000
26/09/2024 14:00,64426.64000000,64428.34000000,65200.00000000,64374.76000000
26/09/2024 15:00,65229.03000000,64426.64000000,65550.00000000,64319.90000000
26/09/2024 16:00,65338.00000000,65229.03000000,65571.25000000,65104.00000000
26/09/2024 17:00,65132.54000000,65338.00000000,65839.00000000,65122.00000000
26/09/2024 18:00,65285.52000000,65132.54000000,65308.00000000,64950.00000000
26/09/2024 19:00,64711.06000000,65285.53000000,65298.00000000,64693.26000000
26/09/2024 20:00,64664.26000000,64711.07000000,64869.85000000,64646.84000000
26/09/2024 21:00,65052.00000000,64664.26000000,65200.00000000,64633.52000000
26/09/2024 22:00,65086.33000000,65052.00000000,65244.00000000,64967.22000000
26/09/2024 23:00,65173.99000000,65086.32000000,65174.00000000,64732.37000000
27/09/2024 00:00,65241.98000000,65173.99000000,65296.53000000,64995.47000000
27/09/2024 01:00,65119.90000000,65241.99000000,65349.65000000,65014.00000000
27/09/2024 02:00,64878.12000000,65119.91000000,65200.00000000,64833.33000000
27/09/2024 03:00,65366.01000000,64878.13000000,65425.00000000,64819.90000000
27/09/2024 04:00,65303.96000000,65366.01000000,65459.74000000,65276.00000000
27/09/2024 05:00,65354.58000000,65303.96000000,65378.37000000,65099.99000000
27/09/2024 06:00,65344.79000000,65354.59000000,65520.14000000,65228.00000000
27/09/2024 07:00,65460.02000000,65344.78000000,65550.00000000,65265.65000000
27/09/2024 08:00,65725.99000000,65460.02000000,65795.63000000,65414.00000000
27/09/2024 09:00,65754.01000000,65726.00000000,65986.00000000,65668.78000000
27/09/2024 10:00,65490.01000000,65754.00000000,65779.07000000,65490.00000000
27/09/2024 11:00,65437.35000000,65490.02000000,65611.99000000,65342.78000000
27/09/2024 12:00,65741.19000000,65437.36000000,65890.00000000,65314.31000000
27/09/2024 13:00,65678.01000000,65741.19000000,65791.95000000,65361.11000000
27/09/2024 14:00,66242.66000000,65678.02000000,66498.00000000,65576.01000000
27/09/2024 15:00,66006.01000000,66242.65000000,66422.79000000,66006.00000000
27/09/2024 16:00,66303.03000000,66006.01000000,66360.00000000,65888.01000000
27/09/2024 17:00,65915.61000000,66303.03000000,66347.56000000,65698.00000000
27/09/2024 18:00,65876.42000000,65915.61000000,65929.02000000,65524.00000000
27/09/2024 19:00,65657.99000000,65876.42000000,65968.74000000,65636.00000000
27/09/2024 20:00,65804.87000000,65657.99000000,65920.00000000,65625.00000000
27/09/2024 21:00,65816.62000000,65804.87000000,65880.00000000,65766.03000000
27/09/2024 22:00,65870.00000000,65816.62000000,65962.00000000,65766.00000000
27/09/2024 23:00,65769.95000000,65870.00000000,65910.00000000,65683.01000000
28/09/2024 00:00,65899.10000000,65769.95000000,65900.00000000,65720.00000000
28/09/2024 01:00,65994.00000000,65899.10000000,66000.00000000,65793.00000000
28/09/2024 02:00,66168.74000000,65994.00000000,66198.72000000,65906.00000000
28/09/2024 03:00,66063.76000000,66168.74000000,66260.00000000,65984.96000000
28/09/2024 04:00,66006.50000000,66063.76000000,66087.00000000,65970.00000000
28/09/2024 05:00,65953.80000000,66006.51000000,66026.00000000,65912.75000000
28/09/2024 06:00,65800.00000000,65953.81000000,65955.24000000,65738.00000000
28/09/2024 07:00,65824.01000000,65799.99000000,65898.33000000,65753.73000000
28/09/2024 08:00,65635.90000000,65824.01000000,65824.01000000,65578.22000000
28/09/2024 09:00,65628.20000000,65635.90000000,65635.91000000,65453.00000000
28/09/2024 10:00,65764.01000000,65628.50000000,65779.06000000,65580.53000000
28/09/2024 11:00,65798.01000000,65764.01000000,65800.00000000,65702.00000000
28/09/2024 12:00,65548.12000000,65798.01000000,65798.01000000,65430.46000000
28/09/2024 13:00,65528.03000000,65548.12000000,65602.00000000,65422.23000000
28/09/2024 14:00,65720.74000000,65528.04000000,65816.00000000,65528.03000000
28/09/2024 15:00,65619.13000000,65720.73000000,65722.70000000,65618.57000000
28/09/2024 16:00,65516.00000000,65619.14000000,65667.14000000,65492.59000000
28/09/2024 17:00,65633.20000000,65516.00000000,65718.69000000,65506.00000000
28/09/2024 18:00,65715.01000000,65633.20000000,65823.08000000,65633.20000000
28/09/2024 19:00,65724.00000000,65715.01000000,65776.00000000,65700.38000000
28/09/2024 20:00,65645.99000000,65724.00000000,65769.96000000,65640.72000000
28/09/2024 21:00,65692.00000000,65646.00000000,65692.00000000,65432.00000000
28/09/2024 22:00,65680.01000000,65692.00000000,65775.00000000,65582.51000000
28/09/2024 23:00,65858.00000000,65680.01000000,65982.16000000,65617.42000000
29/09/2024 00:00,65687.10000000,65858.00000000,65984.00000000,65647.28000000
29/09/2024 01:00,65872.90000000,65687.10000000,65872.91000000,65665.96000000
29/09/2024 02:00,65824.00000000,65872.90000000,65936.00000000,65820.47000000
29/09/2024 03:00,65815.92000000,65824.00000000,65827.99000000,65728.00000000
29/09/2024 04:00,65741.99000000,65815.93000000,65815.93000000,65688.31000000
29/09/2024 05:00,65594.01000000,65742.00000000,65750.00000000,65518.00000000
29/09/2024 06:00,65499.99000000,65594.00000000,65620.00000000,65489.93000000
29/09/2024 07:00,65477.01000000,65500.00000000,65566.01000000,65432.00000000
29/09/2024 08:00,65559.91000000,65477.01000000,65602.55000000,65433.00000000
29/09/2024 09:00,65579.91000000,65559.91000000,65665.18000000,65559.90000000
29/09/2024 10:00,65571.99000000,65579.91000000,65582.00000000,65470.67000000
29/09/2024 11:00,65691.92000000,65572.00000000,65720.00000000,65571.99000000
29/09/2024 12:00,65631.68000000,65691.92000000,65759.50000000,65616.80000000
29/09/2024 13:00,65817.98000000,65631.68000000,65850.00000000,65576.21000000
29/09/2024 14:00,65694.07000000,65817.98000000,65824.00000000,65661.17000000
29/09/2024 15:00,65751.34000000,65694.07000000,65807.81000000,65584.71000000
29/09/2024 16:00,65764.99000000,65751.34000000,65791.95000000,65654.01000000
29/09/2024 17:00,65818.01000000,65765.00000000,65960.01000000,65764.99000000
29/09/2024 18:00,65789.45000000,65818.01000000,65855.99000000,65750.00000000
29/09/2024 19:00,65958.82000000,65789.44000000,65972.17000000,65786.00000000
29/09/2024 20:00,65812.00000000,65958.81000000,66076.12000000,65800.02000000
29/09/2024 21:00,65868.60000000,65812.01000000,65973.16000000,65800.00000000
29/09/2024 22:00,65674.42000000,65868.60000000,65948.86000000,65578.66000000
29/09/2024 23:00,65602.01000000,65674.42000000,65731.55000000,65528.00000000
30/09/2024 00:00,65463.85000000,65602.01000000,65618.80000000,65094.00000000
30/09/2024 01:00,64769.99000000,65463.86000000,65544.00000000,64699.98000000
30/09/2024 02:00,64376.01000000,64769.99000000,64810.00000000,64335.36000000
30/09/2024 03:00,64553.68000000,64376.01000000,64580.34000000,64190.00000000
30/09/2024 04:00,64441.70000000,64553.68000000,64553.68000000,64310.00000000
30/09/2024 05:00,64525.99000000,64441.69000000,64532.00000000,64394.00000000
30/09/2024 06:00,64356.00000000,64526.00000000,64750.01000000,64356.00000000
30/09/2024 07:00,64562.01000000,64356.00000000,64689.36000000,64350.00000000
30/09/2024 08:00,64311.58000000,64562.01000000,64576.01000000,64000.00000000
30/09/2024 09:00,63541.01000000,64311.58000000,64311.59000000,63541.00000000
30/09/2024 10:00,63645.99000000,63541.00000000,63665.60000000,63249.68000000
30/09/2024 11:00,63819.44000000,63645.98000000,63870.00000000,63520.00000000
30/09/2024 12:00,64048.00000000,63819.45000000,64132.00000000,63760.83000000
30/09/2024 13:00,63874.54000000,64048.01000000,64161.08000000,63799.81000000
30/09/2024 14:00,63740.72000000,63874.54000000,64010.07000000,63571.28000000
30/09/2024 15:00,63561.41000000,63740.72000000,63999.50000000,63508.00000000
30/09/2024 16:00,63486.98000000,63561.42000000,63732.00000000,63462.59000000
30/09/2024 17:00,63696.00000000,63486.98000000,63711.61000000,63372.69000000
30/09/2024 18:00,63330.55000000,63696.00000000,63738.25000000,63056.00000000
30/09/2024 19:00,63488.00000000,63330.56000000,63634.72000000,63282.00000000
30/09/2024 20:00,63809.99000000,63488.00000000,63860.00000000,63456.00000000
30/09/2024 21:00,63706.93000000,63810.00000000,63831.63000000,63640.00000000
30/09/2024 22:00,63481.98000000,63706.93000000,63771.11000000,63480.00000000
30/09/2024 23:00,63327.59000000,63481.99000000,63617.45000000,62856.30000000
01/10/2024 00:00,63531.99000000,63327.60000000,63606.00000000,63006.70000000
01/10/2024 01:00,63458.00000000,63532.00000000,63639.86000000,63370.01000000
01/10/2024 02:00,63443.76000000,63458.00000000,63458.00000000,63180.00000000
01/10/2024 03:00,63723.48000000,63443.76000000,63744.00000000,63430.00000000
01/10/2024 04:00,63868.94000000,63723.47000000,63879.81000000,63652.06000000
01/10/2024 05:00,63749.99000000,63868.93000000,63899.99000000,63674.49000000
01/10/2024 06:00,64033.98000000,63750.00000000,64097.03000000,63750.00000000
01/10/2024 07:00,64045.92000000,64033.99000000,64130.63000000,63920.00000000
01/10/2024 08:00,63956.00000000,64045.92000000,64096.00000000,63839.00000000
01/10/2024 09:00,63864.46000000,63955.99000000,64118.00000000,63864.46000000
01/10/2024 10:00,63910.12000000,63864.47000000,63942.00000000,63707.89000000
01/10/2024 11:00,63734.00000000,63910.11000000,63989.58000000,63723.40000000
01/10/2024 12:00,63668.21000000,63734.01000000,63809.97000000,63559.63000000
01/10/2024 13:00,62866.80000000,63668.21000000,63688.00000000,62522.00000000
01/10/2024 14:00,62598.00000000,62866.80000000,63084.00000000,62448.01000000
01/10/2024 15:00,62628.85000000,62598.00000000,62821.76000000,61814.01000000
01/10/2024 16:00,62448.00000000,62628.85000000,62778.73000000,61906.04000000
01/10/2024 17:00,62151.99000000,62448.00000000,62448.00000000,61092.00000000
01/10/2024 18:00,61987.99000000,62152.00000000,62440.00000000,61859.57000000
01/10/2024 19:00,61755.99000000,61987.98000000,62091.29000000,61610.71000000
01/10/2024 20:00,60809.02000000,61755.99000000,61760.74000000,60164.00000000
01/10/2024 21:00,61142.01000000,60809.03000000,61214.73000000,60656.77000000
01/10/2024 22:00,60767.99000000,61142.00000000,61142.01000000,60630.01000000
01/10/2024 23:00,60805.78000000,60768.00000000,61033.71000000,60652.00000000
02/10/2024 00:00,61046.26000000,60804.92000000,61208.49000000,60733.81000000
02/10/2024 01:00,61522.89000000,61046.27000000,61536.16000000,61000.00000000
02/10/2024 02:00,61782.89000000,61522.89000000,61822.62000000,61433.49000000
02/10/2024 03:00,61750.47000000,61782.89000000,61883.00000000,61662.65000000
02/10/2024 04:00,61495.79000000,61750.46000000,61750.47000000,61440.00000000
02/10/2024 05:00,61489.71000000,61495.78000000,61609.30000000,61350.00000000
02/10/2024 06:00,61700.01000000,61489.71000000,61788.40000000,61359.90000000
02/10/2024 07:00,61727.40000000,61700.01000000,61940.00000000,61588.78000000
02/10/2024 08:00,61806.01000000,61727.39000000,61914.34000000,61603.49000000
02/10/2024 09:00,61271.25000000,61806.01000000,61817.76000000,61130.00000000
02/10/2024 10:00,61188.28000000,61271.24000000,61555.00000000,61151.04000000
02/10/2024 11:00,61164.01000000,61188.27000000,61380.00000000,60888.88000000
02/10/2024 12:00,60798.80000000,61164.01000000,61220.00000000,60696.40000000
02/10/2024 13:00,61350.00000000,60798.80000000,61460.00000000,60524.21000000
02/10/2024 14:00,61077.78000000,61350.00000000,61672.00000000,61047.16000000
02/10/2024 15:00,61874.01000000,61077.77000000,61926.90000000,61059.90000000
02/10/2024 16:00,61800.00000000,61874.01000000,62390.31000000,61779.87000000
02/10/2024 17:00,61628.01000000,61800.01000000,61835.99000000,61242.00000000
02/10/2024 18:00,60762.09000000,61628.01000000,61691.00000000,60762.09000000
02/10/2024 19:00,60190.01000000,60762.10000000,60926.00000000,60000.00000000
02/10/2024 20:00,60924.00000000,60190.01000000,60999.24000000,60128.00000000
02/10/2024 21:00,60831.99000000,60923.99000000,60952.00000000,60656.00000000
02/10/2024 22:00,60851.74000000,60832.00000000,60851.75000000,60438.00000000
02/10/2024 23:00,60649.28000000,60851.74000000,60869.56000000,60622.00000000
03/10/2024 00:00,60988.01000000,60649.27000000,61105.00000000,60536.00000000
03/10/2024 01:00,61024.00000000,60988.01000000,61183.76000000,60919.90000000
03/10/2024 02:00,61185.17000000,61024.00000000,61274.00000000,60987.00000000
03/10/2024 03:00,61463.99000000,61185.18000000,61464.00000000,61092.00000000
03/10/2024 04:00,61326.00000000,61464.00000000,61477.19000000,61276.31000000
03/10/2024 05:00,61176.01000000,61326.00000000,61360.00000000,61100.00000000
03/10/2024 06:00,61334.01000000,61176.00000000,61418.42000000,61106.01000000
03/10/2024 07:00,60926.00000000,61334.00000000,61424.25000000,60814.12000000
03/10/2024 08:00,60354.00000000,60926.00000000,60978.00000000,60138.00000000
03/10/2024 09:00,60720.48000000,60354.00000000,60765.33000000,60126.56000000
03/10/2024 10:00,61025.98000000,60720.48000000,61036.00000000,60648.00000000
03/10/2024 11:00,60764.74000000,61025.98000000,61070.47000000,60594.00000000
03/10/2024 12:00,60469.95000000,60764.73000000,60770.00000000,60372.12000000
03/10/2024 13:00,60382.05000000,60469.95000000,60583.99000000,59828.11000000
03/10/2024 14:00,60172.01000000,60382.06000000,60900.00000000,60100.00000000
03/10/2024 15:00,60641.50000000,60172.01000000,60690.00000000,60044.00000000
03/10/2024 16:00,60168.00000000,60641.50000000,60781.53000000,60084.00000000
03/10/2024 17:00,60632.00000000,60167.99000000,60723.68000000,59917.02000000
03/10/2024 18:00,60722.31000000,60632.00000000,60858.31000000,60531.85000000
03/10/2024 19:00,61036.00000000,60722.31000000,61058.00000000,60544.33000000
03/10/2024 20:00,60773.99000000,61036.00000000,61100.00000000,60668.00000000
03/10/2024 21:00,60807.13000000,60774.00000000,60950.00000000,60596.40000000
03/10/2024 22:00,60895.27000000,60807.13000000,60978.26000000,60714.00000000
03/10/2024 23:00,60752.71000000,60895.27000000,60984.00000000,60700.49000000
04/10/2024 00:00,60504.01000000,60752.72000000,60812.00000000,60459.90000000
04/10/2024 01:00,61218.00000000,60504.01000000,61256.47000000,60488.00000000
04/10/2024 02:00,61036.14000000,61218.00000000,61272.73000000,60939.75000000
04/10/2024 03:00,60951.99000000,61036.15000000,61065.36000000,60890.00000000
04/10/2024 04:00,61001.44000000,60951.99000000,61200.00000000,60936.66000000
04/10/2024 05:00,61224.34000000,61001.45000000,61238.00000000,60982.70000000
04/10/2024 06:00,61119.99000000,61224.34000000,61343.75000000,61100.00000000
04/10/2024 07:00,61443.64000000,61120.00000000,61544.98000000,61068.00000000
04/10/2024 08:00,61449.73000000,61443.64000000,61646.27000000,61340.22000000
04/10/2024 09:00,61339.43000000,61449.73000000,61586.00000000,61302.42000000
04/10/2024 10:00,61284.01000000,61339.43000000,61432.64000000,61266.42000000
04/10/2024 11:00,61449.84000000,61284.01000000,61483.02000000,61274.00000000
04/10/2024 12:00,61932.24000000,61449.84000000,61936.00000000,61211.92000000
04/10/2024 13:00,61580.02000000,61932.24000000,62004.48000000,61488.10000000
04/10/2024 14:00,61239.99000000,61580.02000000,61584.00000000,60753.97000000
04/10/2024 15:00,61873.04000000,61240.00000000,61873.04000000,61224.00000000
04/10/2024 16:00,62244.00000000,61873.05000000,62294.87000000,61644.01000000
04/10/2024 17:00,61983.32000000,62243.99000000,62340.00000000,61843.00000000
04/10/2024 18:00,62345.00000000,61983.32000000,62360.00000000,61909.09000000
04/10/2024 19:00,62368.00000000,62344.99000000,62468.00000000,62254.37000000
04/10/2024 20:00,62407.69000000,62368.00000000,62484.85000000,62171.33000000
04/10/2024 21:00,62274.45000000,62407.70000000,62463.54000000,62274.45000000
04/10/2024 22:00,62213.14000000,62274.46000000,62350.00000000,62193.18000000
04/10/2024 23:00,62086.00000000,62213.15000000,62213.15000000,61965.14000000
05/10/2024 00:00,62170.00000000,62086.00000000,62214.00000000,62045.97000000
05/10/2024 01:00,62069.99000000,62170.00000000,62200.00000000,61990.01000000
05/10/2024 02:00,61812.00000000,62069.99000000,62070.00000000,61794.62000000
05/10/2024 03:00,61861.99000000,61812.01000000,61971.93000000,61689.26000000
05/10/2024 04:00,61950.01000000,61861.99000000,62020.00000000,61824.01000000
05/10/2024 05:00,62149.47000000,61950.01000000,62157.14000000,61944.01000000
05/10/2024 06:00,62224.00000000,62149.48000000,62246.11000000,62076.19000000
05/10/2024 07:00,62076.19000000,62224.00000000,62268.28000000,62076.19000000
05/10/2024 08:00,62151.52000000,62076.20000000,62198.87000000,62076.19000000
05/10/2024 09:00,62252.00000000,62151.52000000,62326.48000000,62146.16000000
05/10/2024 10:00,62213.84000000,62252.01000000,62269.13000000,62202.53000000
05/10/2024 11:00,62180.00000000,62213.85000000,62233.09000000,62169.53000000
05/10/2024 12:00,62302.03000000,62179.99000000,62304.00000000,62179.99000000
05/10/2024 13:00,62153.35000000,62302.02000000,62370.56000000,62100.00000000
05/10/2024 14:00,62196.01000000,62153.35000000,62239.09000000,62100.07000000
05/10/2024 15:00,62167.66000000,62196.00000000,62220.00000000,62119.20000000
05/10/2024 16:00,61958.39000000,62167.65000000,62180.00000000,61958.39000000
05/10/2024 17:00,62016.01000000,61958.40000000,62030.00000000,61908.00000000
05/10/2024 18:00,61864.00000000,62016.01000000,62050.00000000,61840.01000000
05/10/2024 19:00,61848.48000000,61864.00000000,61900.00000000,61790.00000000
05/10/2024 20:00,61723.38000000,61848.48000000,61848.49000000,61700.00000000
05/10/2024 21:00,61857.64000000,61723.39000000,61939.40000000,61706.00000000
05/10/2024 22:00,62039.52000000,61857.65000000,62089.99000000,61850.29000000
05/10/2024 23:00,62058.00000000,62039.52000000,62100.00000000,61980.33000000
06/10/2024 00:00,61920.00000000,62058.01000000,62088.17000000,61888.46000000
06/10/2024 01:00,62081.01000000,61919.99000000,62150.00000000,61919.99000000
06/10/2024 02:00,61966.01000000,62081.01000000,62115.99000000,61940.11000000
06/10/2024 03:00,61878.66000000,61966.01000000,62020.00000000,61876.00000000
06/10/2024 04:00,61878.03000000,61878.66000000,61966.25000000,61798.97000000
06/10/2024 05:00,61938.51000000,61878.03000000,61974.69000000,61845.07000000
06/10/2024 06:00,61961.99000000,61938.51000000,62010.00000000,61879.92000000
06/10/2024 07:00,61949.01000000,61962.00000000,62001.99000000,61948.02000000
06/10/2024 08:00,61989.81000000,61949.01000000,62070.00000000,61922.00000000
06/10/2024 09:00,62066.38000000,61989.81000000,62176.75000000,61976.52000000
06/10/2024 10:00,62023.83000000,62066.38000000,62079.00000000,62006.55000000
06/10/2024 11:00,62101.92000000,62023.84000000,62145.00000000,62012.00000000
06/10/2024 12:00,62222.00000000,62101.92000000,62230.00000000,62065.31000000
06/10/2024 13:00,62257.73000000,62221.99000000,62371.05000000,62221.99000000
06/10/2024 14:00,62715.99000000,62257.73000000,62777.00000000,62196.00000000
06/10/2024 15:00,62720.01000000,62716.00000000,62766.22000000,62444.00000000
06/10/2024 16:00,62602.00000000,62720.01000000,62927.87000000,62597.50000000
06/10/2024 17:00,62591.20000000,62602.01000000,62760.01000000,62550.00000000
06/10/2024 18:00,62718.36000000,62591.20000000,62765.00000000,62590.91000000
06/10/2024 19:00,62631.38000000,62718.37000000,62975.00000000,62590.00000000
06/10/2024 20:00,62620.62000000,62631.38000000,62753.86000000,62585.00000000
06/10/2024 21:00,62303.03000000,62620.62000000,62658.23000000,62302.00000000
06/10/2024 22:00,62618.85000000,62303.04000000,62624.03000000,62303.03000000
06/10/2024 23:00,62819.91000000,62618.84000000,62912.33000000,62618.84000000
07/10/2024 00:00,63677.98000000,62819.91000000,63718.84000000,62657.44000000
07/10/2024 01:00,63819.00000000,63677.98000000,63970.19000000,63660.00000000
07/10/2024 02:00,63637.29000000,63819.00000000,63948.46000000,63597.22000000
07/10/2024 03:00,63530.51000000,63637.29000000,63769.84000000,63345.97000000
07/10/2024 04:00,63466.66000000,63530.51000000,63670.00000000,63462.88000000
07/10/2024 05:00,63380.01000000,63466.67000000,63628.00000000,63300.48000000
07/10/2024 06:00,63706.00000000,63380.00000000,63753.91000000,63312.00000000
07/10/2024 07:00,63531.99000000,63705.99000000,63710.56000000,63452.01000000
07/10/2024 08:00,63554.62000000,63532.00000000,63706.00000000,63520.00000000
07/10/2024 09:00,63210.83000000,63554.62000000,63554.63000000,63088.00000000
07/10/2024 10:00,62891.48000000,63210.82000000,63222.00000000,62865.09000000
07/10/2024 11:00,63135.44000000,62891.49000000,63179.99000000,62649.95000000
07/10/2024 12:00,62883.33000000,63135.45000000,63135.45000000,62834.03000000
07/10/2024 13:00,63457.36000000,62883.32000000,63566.67000000,62825.37000000
07/10/2024 14:00,63991.89000000,63457.37000000,64478.19000000,63457.37000000
07/10/2024 15:00,63651.60000000,63991.89000000,63995.00000000,63525.00000000
07/10/2024 16:00,63819.90000000,63651.59000000,63874.65000000,63427.96000000
07/10/2024 17:00,63819.99000000,63819.91000000,63906.57000000,63519.99000000
07/10/2024 18:00,62848.00000000,63820.00000000,63822.49000000,62735.90000000
07/10/2024 19:00,63382.00000000,62848.00000000,63468.72000000,62848.00000000
07/10/2024 20:00,63020.00000000,63381.99000000,63410.00000000,62984.29000000
07/10/2024 21:00,63373.99000000,63020.00000000,63374.00000000,63002.29000000
07/10/2024 22:00,62471.08000000,63373.99000000,63374.00000000,62419.90000000
07/10/2024 23:00,62224.00000000,62471.08000000,62665.83000000,62128.00000000
08/10/2024 00:00,62552.98000000,62224.01000000,62585.06000000,62156.02000000
08/10/2024 01:00,62630.01000000,62552.98000000,62737.84000000,62312.00000000
08/10/2024 02:00,62785.78000000,62630.01000000,62789.65000000,62419.90000000
08/10/2024 03:00,62629.80000000,62785.79000000,62820.00000000,62522.61000000
08/10/2024 04:00,62694.90000000,62629.80000000,62778.04000000,62533.56000000
08/10/2024 05:00,62517.35000000,62694.90000000,62723.69000000,62305.78000000
08/10/2024 06:00,62509.42000000,62517.35000000,62531.52000000,62200.00000000
08/10/2024 07:00,62319.99000000,62509.42000000,62509.42000000,62005.00000000
08/10/2024 08:00,62409.46000000,62319.99000000,62439.32000000,62193.63000000
08/10/2024 09:00,62537.38000000,62409.46000000,62590.00000000,62301.14000000
08/10/2024 10:00,62519.78000000,62537.37000000,62589.86000000,62410.82000000
08/10/2024 11:00,62624.01000000,62519.77000000,62670.16000000,62471.24000000
08/10/2024 12:00,62440.00000000,62624.02000000,62670.00000000,62427.15000000
08/10/2024 13:00,63035.27000000,62440.01000000,63058.43000000,62326.52000000
08/10/2024 14:00,62778.00000000,63035.27000000,63200.00000000,62157.46000000
08/10/2024 15:00,62288.01000000,62778.00000000,62850.24000000,61864.89000000
08/10/2024 16:00,62570.00000000,62288.01000000,62598.00000000,62023.42000000
08/10/2024 17:00,62393.94000000,62569.99000000,62570.00000000,62071.31000000
08/10/2024 18:00,62110.72000000,62393.94000000,62534.00000000,61930.34000000
08/10/2024 19:00,62245.53000000,62110.71000000,62350.00000000,61860.31000000
08/10/2024 20:00,62400.02000000,62245.99000000,62400.02000000,62147.39000000
08/10/2024 21:00,62443.74000000,62400.02000000,62565.95000000,62320.00000000
08/10/2024 22:00,62175.01000000,62443.75000000,62453.14000000,62159.90000000
08/10/2024 23:00,62160.49000000,62175.01000000,62281.21000000,62026.13000000
09/10/2024 00:00,62154.00000000,62160.50000000,62266.00000000,62002.50000000
09/10/2024 01:00,62414.55000000,62154.00000000,62494.00000000,62108.00000000
09/10/2024 02:00,62264.01000000,62414.55000000,62420.01000000,62264.00000000
09/10/2024 03:00,62394.07000000,62264.00000000,62460.00000000,62150.09000000
09/10/2024 04:00,62347.78000000,62394.07000000,62433.37000000,62300.00000000
09/10/2024 05:00,62524.09000000,62347.78000000,62542.06000000,62347.78000000
09/10/2024 06:00,62430.00000000,62524.09000000,62543.75000000,62380.00000000
09/10/2024 07:00,62276.78000000,62430.00000000,62430.00000000,62200.00000000
09/10/2024 08:00,62149.99000000,62276.79000000,62287.07000000,62046.69000000
09/10/2024 09:00,62264.02000000,62150.00000000,62275.37000000,62102.00000000
09/10/2024 10:00,62150.00000000,62264.02000000,62264.02000000,62051.27000000
09/10/2024 11:00,62200.00000000,62149.99000000,62231.12000000,62104.35000000
09/10/2024 12:00,61980.00000000,62199.99000000,62225.99000000,61766.00000000
09/10/2024 13:00,61800.99000000,61980.00000000,62094.77000000,61750.00000000
09/10/2024 14:00,61872.99000000,61801.00000000,62028.00000000,61634.61000000
09/10/2024 15:00,62316.00000000,61872.99000000,62412.09000000,61780.00000000
09/10/2024 16:00,61814.01000000,62316.00000000,62350.00000000,61686.00000000
09/10/2024 17:00,61748.00000000,61814.01000000,61906.28000000,61666.98000000
09/10/2024 18:00,61196.01000000,61748.00000000,61818.19000000,61150.00000000
09/10/2024 19:00,61031.98000000,61196.00000000,61218.00000000,60835.00000000
09/10/2024 20:00,60420.01000000,61031.99000000,61122.53000000,60301.00000000
09/10/2024 21:00,60902.01000000,60420.01000000,60958.00000000,60362.01000000
09/10/2024 22:00,60798.01000000,60902.01000000,60915.66000000,60699.90000000
09/10/2024 23:00,60636.02000000,60798.01000000,60829.88000000,60610.00000000
10/10/2024 00:00,60437.61000000,60636.01000000,60693.50000000,60355.00000000
10/10/2024 01:00,60803.02000000,60437.61000000,60860.87000000,60435.73000000
10/10/2024 02:00,60882.08000000,60803.01000000,60937.99000000,60708.07000000
10/10/2024 03:00,60865.29000000,60882.08000000,60956.00000000,60821.06000000
10/10/2024 04:00,60865.90000000,60865.29000000,60957.41000000,60814.90000000
10/10/2024 05:00,60941.48000000,60865.89000000,61052.00000000,60842.09000000
10/10/2024 06:00,61143.85000000,60941.48000000,61149.58000000,60892.29000000
10/10/2024 07:00,60900.00000000,61143.86000000,61145.99000000,60900.00000000
10/10/2024 08:00,60815.70000000,60900.01000000,61073.42000000,60784.75000000
10/10/2024 09:00,60935.15000000,60815.71000000,60988.92000000,60630.71000000
10/10/2024 10:00,61075.56000000,60935.14000000,61211.99000000,60932.69000000
10/10/2024 11:00,61262.00000000,61075.56000000,61321.68000000,61052.00000000
10/10/2024 12:00,60962.00000000,61262.01000000,61320.00000000,60752.04000000
10/10/2024 13:00,60940.01000000,60962.01000000,61254.00000000,60617.05000000
10/10/2024 14:00,60593.95000000,60940.01000000,61055.99000000,60513.44000000
10/10/2024 15:00,60789.36000000,60593.95000000,60814.98000000,60444.99000000
10/10/2024 16:00,60298.12000000,60789.36000000,61030.31000000,60255.36000000
10/10/2024 17:00,59611.01000000,60298.12000000,60460.00000000,59561.51000000
10/10/2024 18:00,59502.01000000,59611.00000000,59611.01000000,58946.00000000
10/10/2024 19:00,59727.28000000,59502.00000000,59761.00000000,59360.00000000
10/10/2024 20:00,59799.83000000,59727.27000000,60026.08000000,59586.29000000
10/10/2024 21:00,60198.77000000,59799.83000000,60198.78000000,59692.79000000
10/10/2024 22:00,60148.01000000,60198.78000000,60250.00000000,59945.62000000
10/10/2024 23:00,60326.39000000,60148.00000000,60329.27000000,60148.00000000
11/10/2024 00:00,60194.01000000,60326.40000000,60360.00000000,60151.23000000
11/10/2024 01:00,60578.55000000,60194.01000000,60768.64000000,60087.64000000
11/10/2024 02:00,60553.31000000,60578.55000000,60649.99000000,60362.30000000
11/10/2024 03:00,60614.00000000,60553.32000000,60710.21000000,60553.31000000
11/10/2024 04:00,60699.99000000,60614.01000000,60720.03000000,60578.00000000
11/10/2024 05:00,60600.00000000,60699.99000000,60770.00000000,60588.23000000
11/10/2024 06:00,60800.00000000,60600.01000000,60925.16000000,60600.00000000
11/10/2024 07:00,60674.69000000,60800.01000000,60919.83000000,60656.00000000
11/10/2024 08:00,60669.39000000,60674.68000000,60810.89000000,60650.44000000
11/10/2024 09:00,61086.00000000,60669.39000000,61118.19000000,60654.05000000
11/10/2024 10:00,61160.00000000,61086.00000000,61263.40000000,61002.49000000
11/10/2024 11:00,61174.87000000,61160.01000000,61260.00000000,61079.90000000
11/10/2024 12:00,61379.00000000,61174.88000000,61477.57000000,61129.72000000
11/10/2024 13:00,61676.00000000,61379.01000000,61848.00000000,61206.15000000
11/10/2024 14:00,61753.65000000,61675.99000000,61950.00000000,61634.41000000
11/10/2024 15:00,62259.05000000,61753.65000000,62450.00000000,61753.65000000
11/10/2024 16:00,62272.00000000,62259.04000000,62438.64000000,62123.00000000
11/10/2024 17:00,62918.00000000,62272.01000000,62934.80000000,62166.02000000
11/10/2024 18:00,62922.08000000,62918.00000000,62973.47000000,62714.00000000
11/10/2024 19:00,63086.01000000,62922.07000000,63417.56000000,62819.47000000
11/10/2024 20:00,62993.68000000,63086.00000000,63087.50000000,62924.00000000
11/10/2024 21:00,62848.48000000,62993.68000000,63160.00000000,62796.19000000
11/10/2024 22:00,62450.27000000,62848.48000000,62910.00000000,62374.13000000
11/10/2024 23:00,62540.00000000,62450.27000000,62666.67000000,62357.70000000
12/10/2024 00:00,62840.00000000,62539.99000000,62930.00000000,62500.00000000
12/10/2024 01:00,62733.67000000,62840.01000000,63073.78000000,62684.67000000
12/10/2024 02:00,62554.97000000,62733.67000000,62757.58000000,62505.64000000
12/10/2024 03:00,62568.00000000,62554.98000000,62636.00000000,62487.23000000
12/10/2024 04:00,62583.58000000,62568.00000000,62746.00000000,62565.51000000
12/10/2024 05:00,62778.01000000,62583.58000000,62800.00000000,62579.00000000
12/10/2024 06:00,62679.91000000,62778.00000000,62778.01000000,62670.65000000
12/10/2024 07:00,62767.57000000,62679.91000000,62774.00000000,62645.73000000
12/10/2024 08:00,62725.58000000,62767.57000000,62783.06000000,62699.98000000
12/10/2024 09:00,62843.32000000,62725.59000000,62843.33000000,62672.34000000
12/10/2024 10:00,63043.73000000,62843.32000000,63049.00000000,62815.03000000
12/10/2024 11:00,62936.91000000,63043.73000000,63260.53000000,62914.65000000
12/10/2024 12:00,63056.26000000,62936.91000000,63062.00000000,62824.03000000
12/10/2024 13:00,63072.12000000,63056.26000000,63151.52000000,62975.00000000
12/10/2024 14:00,63234.99000000,63072.12000000,63400.00000000,63014.00000000
12/10/2024 15:00,63157.49000000,63235.00000000,63480.00000000,63057.00000000
12/10/2024 16:00,63064.06000000,63157.50000000,63400.00000000,63063.40000000
12/10/2024 17:00,63103.47000000,63064.06000000,63260.00000000,63048.00000000
12/10/2024 18:00,62936.01000000,63103.46000000,63177.64000000,62936.00000000
12/10/2024 19:00,63000.01000000,62936.01000000,63075.61000000,62911.00000000
12/10/2024 20:00,63043.29000000,63000.01000000,63113.21000000,63000.00000000
12/10/2024 21:00,63221.16000000,63043.29000000,63225.24000000,63043.28000000
12/10/2024 22:00,63296.63000000,63221.16000000,63324.00000000,63140.00000000
12/10/2024 23:00,63206.22000000,63296.63000000,63388.00000000,63169.82000000
13/10/2024 00:00,63190.23000000,63206.23000000,63285.72000000,63035.00000000
13/10/2024 01:00,62879.26000000,63190.24000000,63190.24000000,62818.00000000
13/10/2024 02:00,62867.20000000,62879.26000000,62920.00000000,62700.00000000
13/10/2024 03:00,62712.31000000,62867.20000000,62900.00000000,62654.91000000
13/10/2024 04:00,62814.00000000,62712.31000000,62860.00000000,62707.21000000
13/10/2024 05:00,62853.92000000,62814.00000000,62964.00000000,62813.99000000
13/10/2024 06:00,62867.29000000,62853.91000000,62990.00000000,62853.91000000
13/10/2024 07:00,62843.48000000,62867.29000000,62912.92000000,62729.81000000
13/10/2024 08:00,62809.99000000,62843.48000000,62962.00000000,62797.93000000
13/10/2024 09:00,62830.00000000,62809.99000000,62867.57000000,62770.61000000
13/10/2024 10:00,62700.99000000,62830.00000000,62830.01000000,62688.01000000
13/10/2024 11:00,62561.33000000,62700.99000000,62776.00000000,62520.18000000
13/10/2024 12:00,62664.01000000,62561.34000000,62728.37000000,62546.00000000
13/10/2024 13:00,62660.00000000,62664.01000000,62818.00000000,62624.75000000
13/10/2024 14:00,62249.60000000,62660.00000000,62660.00000000,62200.00000000
13/10/2024 15:00,62229.31000000,62249.60000000,62347.49000000,62050.00000000
13/10/2024 16:00,62629.10000000,62229.32000000,62712.50000000,62177.67000000
13/10/2024 17:00,62515.59000000,62629.11000000,62887.78000000,62410.21000000
13/10/2024 18:00,62414.00000000,62515.58000000,62623.12000000,62314.13000000
13/10/2024 19:00,62734.32000000,62414.00000000,62740.00000000,62414.00000000
13/10/2024 20:00,62762.91000000,62734.31000000,62762.92000000,62610.67000000
13/10/2024 21:00,62895.11000000,62762.92000000,63010.00000000,62679.90000000
13/10/2024 22:00,62837.99000000,62895.11000000,63125.00000000,62727.27000000
13/10/2024 23:00,62870.02000000,62838.00000000,62895.90000000,62630.00000000
14/10/2024 00:00,62520.18000000,62870.02000000,62898.43000000,62457.81000000
14/10/2024 01:00,62631.83000000,62520.19000000,62850.00000000,62510.01000000
14/10/2024 02:00,62614.00000000,62631.83000000,62634.17000000,62478.65000000
14/10/2024 03:00,64299.99000000,62614.00000000,64392.49000000,62612.00000000
14/10/2024 04:00,64137.99000000,64300.00000000,64500.00000000,64082.37000000
14/10/2024 05:00,63941.54000000,64137.99000000,64160.00000000,63778.62000000
14/10/2024 06:00,64095.99000000,63941.54000000,64227.86000000,63801.89000000
14/10/2024 07:00,64620.87000000,64096.00000000,64686.00000000,64028.99000000
14/10/2024 08:00,64427.99000000,64620.87000000,64860.00000000,64382.72000000
14/10/2024 09:00,64822.23000000,64427.99000000,64899.98000000,64340.98000000
14/10/2024 10:00,64860.18000000,64822.24000000,64999.00000000,64695.79000000
14/10/2024 11:00,64920.06000000,64860.18000000,65188.57000000,64800.01000000
14/10/2024 12:00,64868.05000000,64920.05000000,65000.00000000,64743.00000000
14/10/2024 13:00,65150.01000000,64868.06000000,65292.00000000,64660.56000000
14/10/2024 14:00,65922.00000000,65150.01000000,66299.93000000,65116.00000000
14/10/2024 15:00,65870.00000000,65922.00000000,66111.16000000,65800.00000000
14/10/2024 16:00,65703.99000000,65870.00000000,66014.00000000,65609.04000000
14/10/2024 17:00,65640.01000000,65703.99000000,65846.00000000,65459.00000000
14/10/2024 18:00,65769.59000000,65640.00000000,65960.00000000,65579.90000000
14/10/2024 19:00,65939.40000000,65769.59000000,66072.30000000,65723.40000000
14/10/2024 20:00,65925.97000000,65939.41000000,66050.00000000,65815.56000000
14/10/2024 21:00,65782.14000000,65925.98000000,65999.00000000,65730.00000000
14/10/2024 22:00,66454.00000000,65782.14000000,66500.00000000,65770.00000000
14/10/2024 23:00,66083.99000000,66454.01000000,66500.00000000,66035.29000000
15/10/2024 00:00,65929.99000000,66084.00000000,66330.00000000,65856.45000000
15/10/2024 01:00,65866.48000000,65930.00000000,66013.83000000,65733.39000000
15/10/2024 02:00,65759.99000000,65866.48000000,65928.00000000,65706.01000000
15/10/2024 03:00,65400.00000000,65759.99000000,65760.00000000,65324.40000000
15/10/2024 04:00,65599.99000000,65399.99000000,65691.21000000,65322.00000000
15/10/2024 05:00,65363.24000000,65599.99000000,65600.00000000,65201.00000000
15/10/2024 06:00,65564.98000000,65363.25000000,65612.17000000,65285.24000000
15/10/2024 07:00,65638.74000000,65564.98000000,65846.00000000,65560.01000000
15/10/2024 08:00,65754.00000000,65638.74000000,65850.00000000,65615.57000000
15/10/2024 09:00,65637.99000000,65753.99000000,65785.33000000,65602.68000000
15/10/2024 10:00,65679.94000000,65637.99000000,65750.00000000,65582.95000000
15/10/2024 11:00,65399.69000000,65679.95000000,65720.00000000,65280.00000000
15/10/2024 12:00,65802.01000000,65399.68000000,65964.56000000,65383.50000000
15/10/2024 13:00,67658.00000000,65802.01000000,67767.66000000,65770.00000000
15/10/2024 14:00,65376.00000000,67658.00000000,67950.00000000,65150.01000000
15/10/2024 15:00,66022.00000000,65376.01000000,66300.00000000,64800.01000000
15/10/2024 16:00,66868.20000000,66022.01000000,67218.00000000,65982.55000000
15/10/2024 17:00,66808.01000000,66868.21000000,67059.33000000,66501.00000000
15/10/2024 18:00,66901.15000000,66808.00000000,67390.89000000,66754.00000000
15/10/2024 19:00,66970.18000000,66901.15000000,67051.99000000,66574.94000000
15/10/2024 20:00,66469.41000000,66970.18000000,67007.99000000,66391.65000000
15/10/2024 21:00,66432.00000000,66469.41000000,66614.00000000,66130.64000000
15/10/2024 22:00,66747.58000000,66432.01000000,66992.00000000,66409.42000000
15/10/2024 23:00,67074.14000000,66747.59000000,67156.47000000,66675.06000000
16/10/2024 00:00,66874.04000000,67074.14000000,67138.96000000,66759.01000000
16/10/2024 01:00,67375.99000000,66874.04000000,67496.89000000,66750.49000000
16/10/2024 02:00,67280.01000000,67376.00000000,67561.04000000,67241.04000000
16/10/2024 03:00,67095.98000000,67280.01000000,67293.99000000,67071.33000000
16/10/2024 04:00,67000.00000000,67095.99000000,67236.00000000,66885.05000000
16/10/2024 05:00,67218.74000000,67000.00000000,67361.41000000,66930.71000000
16/10/2024 06:00,67050.00000000,67218.74000000,67300.00000000,66961.62000000
16/10/2024 07:00,66972.53000000,67050.00000000,67050.01000000,66775.67000000
16/10/2024 08:00,67129.82000000,66972.53000000,67270.15000000,66917.52000000
16/10/2024 09:00,67420.01000000,67129.82000000,67469.00000000,67087.26000000
16/10/2024 10:00,67733.54000000,67420.01000000,67799.00000000,67323.61000000
16/10/2024 11:00,67894.72000000,67733.55000000,68424.00000000,67602.05000000
16/10/2024 12:00,67832.00000000,67894.73000000,68058.00000000,67670.00000000
16/10/2024 13:00,67386.00000000,67832.00000000,67962.00000000,67117.18000000
16/10/2024 14:00,67671.91000000,67386.00000000,68308.91000000,67346.00000000
16/10/2024 15:00,67749.99000000,67671.91000000,68050.00000000,67391.01000000
16/10/2024 16:00,67823.88000000,67750.00000000,67929.99000000,67482.00000000
16/10/2024 17:00,67942.00000000,67823.88000000,68100.00000000,67686.00000000
16/10/2024 18:00,67822.74000000,67942.00000000,68064.00000000,67780.32000000
16/10/2024 19:00,67728.00000000,67822.73000000,67952.84000000,67643.24000000
16/10/2024 20:00,67630.01000000,67728.01000000,67954.03000000,67630.00000000
16/10/2024 21:00,67566.90000000,67630.01000000,67706.00000000,67500.00000000
16/10/2024 22:00,67790.01000000,67566.90000000,67860.00000000,67563.84000000
16/10/2024 23:00,67620.01000000,67790.00000000,67827.48000000,67602.34000000
17/10/2024 00:00,67709.99000000,67620.00000000,67939.40000000,67580.00000000
17/10/2024 01:00,67893.98000000,67709.99000000,67899.99000000,67406.99000000
17/10/2024 02:00,67472.01000000,67893.98000000,67908.48000000,67408.00000000
17/10/2024 03:00,67601.40000000,67472.01000000,67700.00000000,67438.00000000
17/10/2024 04:00,67260.00000000,67601.40000000,67601.40000000,67260.00000000
17/10/2024 05:00,67340.82000000,67260.01000000,67470.00000000,67260.00000000
17/10/2024 06:00,67162.87000000,67340.81000000,67504.49000000,67104.18000000
17/10/2024 07:00,67303.18000000,67162.87000000,67317.17000000,67087.35000000
17/10/2024 08:00,67450.00000000,67303.18000000,67473.49000000,67200.00000000
17/10/2024 09:00,67191.40000000,67450.00000000,67530.01000000,67185.16000000
17/10/2024 10:00,67214.00000000,67191.41000000,67295.40000000,66818.96000000
17/10/2024 11:00,66872.43000000,67214.01000000,67285.00000000,66741.09000000
17/10/2024 12:00,67171.42000000,66872.44000000,67184.00000000,66799.90000000
17/10/2024 13:00,67021.99000000,67171.42000000,67354.94000000,66669.00000000
17/10/2024 14:00,67123.80000000,67021.99000000,67293.94000000,66666.00000000
17/10/2024 15:00,67590.66000000,67123.80000000,67680.00000000,66925.06000000
17/10/2024 16:00,67384.42000000,67590.67000000,67590.67000000,67122.68000000
17/10/2024 17:00,67290.00000000,67384.42000000,67526.00000000,67156.70000000
17/10/2024 18:00,66938.01000000,67290.00000000,67308.82000000,66720.00000000
17/10/2024 19:00,66840.00000000,66938.01000000,67017.39000000,66780.00000000
17/10/2024 20:00,66940.00000000,66840.00000000,67149.50000000,66827.68000000
17/10/2024 21:00,67084.00000000,66940.00000000,67129.98000000,66940.00000000
17/10/2024 22:00,67444.02000000,67084.01000000,67480.00000000,67084.01000000
17/10/2024 23:00,67421.78000000,67444.02000000,67479.99000000,67288.01000000
18/10/2024 00:00,67214.42000000,67421.78000000,67457.07000000,67192.36000000
18/10/2024 01:00,68085.50000000,67214.41000000,68260.92000000,67194.00000000
18/10/2024 02:00,68103.99000000,68085.50000000,68142.00000000,67800.00000000
18/10/2024 03:00,67555.40000000,68104.00000000,68108.58000000,67522.00000000
18/10/2024 04:00,67742.72000000,67555.41000000,67867.93000000,67544.00000000
18/10/2024 05:00,68000.79000000,67742.71000000,68050.00000000,67640.00000000
18/10/2024 06:00,68108.00000000,68000.79000000,68378.95000000,67925.98000000
18/10/2024 07:00,67969.70000000,68108.00000000,68194.00000000,67864.00000000
18/10/2024 08:00,67922.45000000,67969.69000000,68050.00000000,67830.00000000
18/10/2024 09:00,67802.00000000,67922.44000000,68045.55000000,67763.26000000
18/10/2024 10:00,67874.92000000,67802.00000000,67970.33000000,67776.43000000
18/10/2024 11:00,67702.00000000,67874.92000000,68028.44000000,67674.98000000
18/10/2024 12:00,67662.00000000,67702.00000000,67820.66000000,67642.71000000
18/10/2024 13:00,68196.00000000,67662.00000000,68196.00000000,67656.99000000
18/10/2024 14:00,68426.98000000,68195.99000000,68600.00000000,67936.18000000
18/10/2024 15:00,68735.35000000,68426.99000000,68870.68000000,68293.04000000
18/10/2024 16:00,68787.88000000,68735.34000000,68897.99000000,68360.00000000
18/10/2024 17:00,68710.14000000,68787.87000000,68908.05000000,68656.53000000
18/10/2024 18:00,68892.42000000,68710.13000000,69000.00000000,68560.00000000
18/10/2024 19:00,68608.01000000,68892.41000000,68974.00000000,68572.72000000
18/10/2024 20:00,68432.00000000,68608.01000000,68690.00000000,68400.00000000
18/10/2024 21:00,68412.00000000,68431.99000000,68495.45000000,68230.00000000
18/10/2024 22:00,68205.60000000,68412.00000000,68420.00000000,68204.10000000
18/10/2024 23:00,68428.00000000,68205.59000000,68470.00000000,68205.59000000
19/10/2024 00:00,68334.20000000,68427.99000000,68480.00000000,68303.03000000
19/10/2024 01:00,68340.02000000,68334.21000000,68454.55000000,68330.00000000
19/10/2024 02:00,68459.59000000,68340.02000000,68469.91000000,68334.00000000
19/10/2024 03:00,68450.01000000,68459.58000000,68693.26000000,68435.96000000
19/10/2024 04:00,68334.01000000,68450.00000000,68560.00000000,68334.00000000
19/10/2024 05:00,68390.01000000,68334.00000000,68432.62000000,68326.00000000
19/10/2024 06:00,68335.83000000,68390.01000000,68439.00000000,68335.83000000
19/10/2024 07:00,68346.54000000,68335.84000000,68405.11000000,68302.31000000
19/10/2024 08:00,68409.99000000,68346.54000000,68475.70000000,68346.54000000
19/10/2024 09:00,68352.00000000,68410.00000000,68436.44000000,68352.00000000
19/10/2024 10:00,68244.00000000,68352.00000000,68380.00000000,68242.00000000
19/10/2024 11:00,68090.30000000,68244.01000000,68297.28000000,68090.30000000
19/10/2024 12:00,68222.00000000,68090.30000000,68268.32000000,68088.00000000
19/10/2024 13:00,68114.70000000,68222.00000000,68222.01000000,68114.69000000
19/10/2024 14:00,68300.01000000,68114.71000000,68350.00000000,68114.70000000
19/10/2024 15:00,68226.93000000,68300.00000000,68338.00000000,68159.90000000
19/10/2024 16:00,68042.00000000,68226.94000000,68227.54000000,68041.02000000
19/10/2024 17:00,68121.99000000,68042.00000000,68142.80000000,68010.00000000
19/10/2024 18:00,68179.99000000,68121.99000000,68190.06000000,68094.40000000
19/10/2024 19:00,68181.98000000,68179.99000000,68242.43000000,68154.31000000
19/10/2024 20:00,68245.18000000,68181.98000000,68277.96000000,68168.45000000
19/10/2024 21:00,68222.43000000,68245.18000000,68345.41000000,68222.43000000
19/10/2024 22:00,68330.00000000,68222.43000000,68410.00000000,68203.18000000
19/10/2024 23:00,68378.00000000,68330.00000000,68413.96000000,68304.00000000
20/10/2024 00:00,68231.24000000,68377.99000000,68446.00000000,68231.23000000
20/10/2024 01:00,68158.00000000,68231.24000000,68253.30000000,68155.00000000
20/10/2024 02:00,68177.01000000,68158.00000000,68220.00000000,68114.43000000
20/10/2024 03:00,68188.00000000,68177.01000000,68198.00000000,68100.00000000
20/10/2024 04:00,68235.99000000,68188.01000000,68316.00000000,68184.96000000
20/10/2024 05:00,68214.00000000,68236.00000000,68291.67000000,68180.99000000
20/10/2024 06:00,68400.01000000,68213.99000000,68410.00000000,68176.26000000
20/10/2024 07:00,68378.00000000,68400.01000000,68433.50000000,68364.10000000
20/10/2024 08:00,68394.00000000,68378.01000000,68500.00000000,68355.01000000
20/10/2024 09:00,68434.20000000,68393.99000000,68445.99000000,68355.00000000
20/10/2024 10:00,68376.05000000,68434.20000000,68458.30000000,68376.04000000
20/10/2024 11:00,68420.01000000,68376.05000000,68443.40000000,68374.01000000
20/10/2024 12:00,68268.36000000,68420.01000000,68438.69000000,68259.90000000
20/10/2024 13:00,68451.85000000,68268.37000000,68486.00000000,68198.22000000
20/10/2024 14:00,68637.99000000,68451.85000000,68772.70000000,68451.84000000
20/10/2024 15:00,68625.99000000,68638.00000000,68687.99000000,68366.00000000
20/10/2024 16:00,68505.47000000,68625.99000000,68660.00000000,68505.46000000
20/10/2024 17:00,68562.00000000,68505.47000000,68608.00000000,68422.00000000
20/10/2024 18:00,68604.00000000,68562.01000000,68653.50000000,68562.00000000
20/10/2024 19:00,68508.29000000,68604.01000000,68604.01000000,68495.99000000
20/10/2024 20:00,68781.98000000,68508.30000000,68900.00000000,68461.93000000
20/10/2024 21:00,68770.00000000,68781.98000000,68870.00000000,68658.00000000
20/10/2024 22:00,69137.28000000,68770.00000000,69400.00000000,68600.00000000
20/10/2024 23:00,69031.99000000,69137.28000000,69196.16000000,68923.32000000
21/10/2024 00:00,69160.00000000,69032.00000000,69519.52000000,68972.56000000
21/10/2024 01:00,69210.89000000,69160.00000000,69480.00000000,69106.00000000
21/10/2024 02:00,68710.00000000,69210.88000000,69266.64000000,68709.87000000
21/10/2024 03:00,68939.99000000,68709.99000000,68940.00000000,68588.51000000
21/10/2024 04:00,69039.00000000,68940.00000000,69039.00000000,68795.75000000
21/10/2024 05:00,68979.97000000,69039.00000000,69185.18000000,68951.27000000
21/10/2024 06:00,68699.36000000,68979.96000000,69146.51000000,68639.90000000
21/10/2024 07:00,68514.00000000,68699.36000000,68799.95000000,68488.33000000
21/10/2024 08:00,68301.46000000,68513.99000000,68661.00000000,68290.04000000
21/10/2024 09:00,68378.00000000,68301.47000000,68426.00000000,68119.01000000
21/10/2024 10:00,68281.49000000,68377.99000000,68482.87000000,68261.61000000
21/10/2024 11:00,68238.01000000,68281.50000000,68434.00000000,68169.02000000
21/10/2024 12:00,68207.27000000,68238.00000000,68328.68000000,68046.00000000
21/10/2024 13:00,67312.00000000,68207.26000000,68242.00000000,67152.00000000
21/10/2024 14:00,67268.00000000,67312.01000000,67620.25000000,67020.00000000
21/10/2024 15:00,67341.02000000,67268.00000000,67347.96000000,66840.67000000
21/10/2024 16:00,67327.00000000,67341.02000000,67344.00000000,66894.00000000
21/10/2024 17:00,67526.01000000,67326.99000000,67669.62000000,67260.00000000
21/10/2024 18:00,67335.05000000,67526.00000000,67526.01000000,67035.04000000
21/10/2024 19:00,67763.00000000,67335.05000000,67941.17000000,67335.01000000
21/10/2024 20:00,67749.99000000,67763.99000000,67818.19000000,67624.18000000
21/10/2024 21:00,67803.21000000,67750.00000000,67933.79000000,67688.14000000
21/10/2024 22:00,67781.07000000,67803.21000000,67878.78000000,67602.84000000
21/10/2024 23:00,67377.50000000,67781.07000000,67781.08000000,67366.66000000
22/10/2024 00:00,67149.73000000,67377.50000000,67406.50000000,66571.42000000
22/10/2024 01:00,67508.29000000,67149.73000000,67538.00000000,67050.00000000
22/10/2024 02:00,67317.23000000,67508.29000000,67694.92000000,67269.32000000
22/10/2024 03:00,67390.02000000,67317.23000000,67553.34000000,67300.55000000
22/10/2024 04:00,67493.34000000,67390.01000000,67493.35000000,67278.02000000
22/10/2024 05:00,67579.99000000,67493.35000000,67642.23000000,67452.05000000
22/10/2024 06:00,67572.01000000,67579.99000000,67800.00000000,67572.00000000
22/10/2024 07:00,67402.00000000,67572.00000000,67696.97000000,67386.04000000
22/10/2024 08:00,66934.07000000,67402.00000000,67402.14000000,66900.00000000
22/10/2024 09:00,66960.02000000,66934.08000000,67127.71000000,66740.00000000
22/10/2024 10:00,67184.56000000,66960.02000000,67240.00000000,66868.53000000
22/10/2024 11:00,67299.15000000,67184.56000000,67526.67000000,67166.95000000
22/10/2024 12:00,66984.00000000,67299.15000000,67474.23000000,66860.00000000
22/10/2024 13:00,66998.21000000,66984.00000000,67175.00000000,66644.18000000
22/10/2024 14:00,67559.03000000,66998.21000000,67686.67000000,66828.00000000
22/10/2024 15:00,67282.27000000,67559.03000000,67693.34000000,67105.65000000
22/10/2024 16:00,66966.07000000,67282.27000000,67282.28000000,66920.00000000
22/10/2024 17:00,67331.58000000,66966.06000000,67435.00000000,66946.50000000
22/10/2024 18:00,67385.00000000,67331.58000000,67534.19000000,67246.79000000
22/10/2024 19:00,67482.98000000,67385.00000000,67635.72000000,67343.81000000
22/10/2024 20:00,67532.00000000,67482.99000000,67575.57000000,67422.12000000
22/10/2024 21:00,67534.85000000,67532.00000000,67550.00000000,67415.30000000
22/10/2024 22:00,67724.00000000,67534.85000000,67836.01000000,67491.05000000
22/10/2024 23:00,67426.00000000,67724.00000000,67773.94000000,67292.00000000
23/10/2024 00:00,67179.13000000,67426.01000000,67472.83000000,67130.43000000
23/10/2024 01:00,67348.46000000,67179.13000000,67386.94000000,67179.13000000
23/10/2024 02:00,67096.00000000,67348.46000000,67386.93000000,67068.28000000
23/10/2024 03:00,67082.10000000,67095.99000000,67180.92000000,66890.00000000
23/10/2024 04:00,67217.48000000,67082.10000000,67249.84000000,66999.99000000
23/10/2024 05:00,67087.06000000,67217.48000000,67227.59000000,67042.44000000
23/10/2024 06:00,66917.55000000,67087.06000000,67302.83000000,66904.18000000
23/10/2024 07:00,66852.34000000,66917.55000000,67000.77000000,66800.00000000
23/10/2024 08:00,66530.00000000,66852.33000000,67048.00000000,66415.62000000
23/10/2024 09:00,66516.00000000,66530.00000000,66602.35000000,66200.00000000
23/10/2024 10:00,66398.19000000,66515.99000000,66643.50000000,66397.37000000
23/10/2024 11:00,66414.00000000,66398.18000000,66600.00000000,66276.04000000
23/10/2024 12:00,66416.72000000,66414.00000000,66512.11000000,66105.00000000
23/10/2024 13:00,66800.00000000,66416.72000000,66910.15000000,66340.40000000
23/10/2024 14:00,66490.00000000,66799.99000000,66878.79000000,66433.00000000
23/10/2024 15:00,66223.44000000,66489.99000000,66492.00000000,65923.01000000
23/10/2024 16:00,65878.02000000,66223.45000000,66288.00000000,65801.00000000
23/10/2024 17:00,65723.32000000,65878.02000000,65989.97000000,65637.00000000
23/10/2024 18:00,66057.79000000,65723.31000000,66070.26000000,65260.00000000
23/10/2024 19:00,66472.00000000,66057.78000000,66573.58000000,65872.00000000
23/10/2024 20:00,66669.00000000,66472.00000000,66680.00000000,66338.99000000
23/10/2024 21:00,66414.01000000,66668.99000000,66683.34000000,66362.15000000
23/10/2024 22:00,66472.96000000,66414.00000000,66575.76000000,66351.58000000
23/10/2024 23:00,66668.65000000,66472.95000000,66807.37000000,66460.00000000
24/10/2024 00:00,67432.01000000,66668.65000000,67476.11000000,66510.00000000
24/10/2024 01:00,67268.17000000,67432.00000000,67612.12000000,67058.03000000
24/10/2024 02:00,67459.63000000,67268.17000000,67507.60000000,67157.09000000
24/10/2024 03:00,67213.16000000,67459.63000000,67474.29000000,67213.15000000
24/10/2024 04:00,67382.19000000,67213.16000000,67442.33000000,67210.26000000
24/10/2024 05:00,67364.00000000,67382.20000000,67479.55000000,67353.14000000
24/10/2024 06:00,67119.99000000,67364.01000000,67475.00000000,67117.78000000
24/10/2024 07:00,67123.08000000,67119.99000000,67321.16000000,67068.75000000
24/10/2024 08:00,66852.87000000,67123.09000000,67260.61000000,66850.00000000
24/10/2024 09:00,66876.00000000,66852.88000000,67005.61000000,66700.00000000
24/10/2024 10:00,66999.99000000,66875.99000000,67123.00000000,66852.04000000
24/10/2024 11:00,67285.99000000,67000.00000000,67322.26000000,66989.92000000
24/10/2024 12:00,67517.75000000,67286.00000000,67612.48000000,67262.00000000
24/10/2024 13:00,67905.99000000,67517.76000000,67998.00000000,67450.00000000
24/10/2024 14:00,67786.27000000,67906.00000000,67980.00000000,67529.18000000
24/10/2024 15:00,67701.22000000,67786.27000000,67972.00000000,67600.00000000
24/10/2024 16:00,67574.14000000,67701.21000000,67793.34000000,67350.01000000
24/10/2024 17:00,67653.44000000,67574.15000000,67859.50000000,67460.00000000
24/10/2024 18:00,67832.00000000,67653.45000000,67958.00000000,67627.50000000
24/10/2024 19:00,68309.79000000,67831.99000000,68323.00000000,67732.54000000
24/10/2024 20:00,68196.00000000,68309.79000000,68341.64000000,67978.04000000
24/10/2024 21:00,68348.01000000,68196.00000000,68850.00000000,68196.00000000
24/10/2024 22:00,68183.78000000,68348.00000000,68557.99000000,68183.78000000
24/10/2024 23:00,68198.28000000,68183.78000000,68264.97000000,68055.75000000
25/10/2024 00:00,67989.27000000,68198.27000000,68286.56000000,67903.00000000
25/10/2024 01:00,67969.70000000,67989.26000000,68010.01000000,67845.01000000
25/10/2024 02:00,68066.99000000,67969.70000000,68080.00000000,67836.00000000
25/10/2024 03:00,68008.00000000,68066.99000000,68234.34000000,67989.55000000
25/10/2024 04:00,67744.00000000,68007.99000000,68045.36000000,67691.44000000
25/10/2024 05:00,67757.21000000,67744.01000000,67875.08000000,67574.92000000
25/10/2024 06:00,67646.21000000,67757.21000000,67860.00000000,67596.92000000
25/10/2024 07:00,67531.97000000,67646.21000000,67727.30000000,67250.00000000
25/10/2024 08:00,67658.50000000,67531.96000000,67757.58000000,67286.28000000
25/10/2024 09:00,67837.28000000,67658.49000000,67878.00000000,67524.91000000
25/10/2024 10:00,67855.23000000,67837.29000000,67878.76000000,67678.00000000
25/10/2024 11:00,68105.79000000,67855.23000000,68183.78000000,67801.21000000
25/10/2024 12:00,68061.90000000,68105.79000000,68294.92000000,67959.68000000
25/10/2024 13:00,68334.00000000,68061.89000000,68427.62000000,67737.61000000
25/10/2024 14:00,68311.31000000,68334.01000000,68771.49000000,68140.00000000
25/10/2024 15:00,67690.01000000,68311.30000000,68543.30000000,67429.87000000
25/10/2024 16:00,67670.00000000,67690.01000000,67890.52000000,67355.00000000
25/10/2024 17:00,66836.01000000,67669.99000000,67814.00000000,66770.70000000
25/10/2024 18:00,67026.61000000,66836.00000000,67585.87000000,66006.60000000
25/10/2024 19:00,66850.00000000,67026.62000000,67237.01000000,66618.58000000
25/10/2024 20:00,66937.99000000,66849.99000000,67034.36000000,66620.38000000
25/10/2024 21:00,67297.90000000,66938.00000000,67297.90000000,66938.00000000
25/10/2024 22:00,66626.42000000,67297.89000000,67392.52000000,66618.01000000
25/10/2024 23:00,66698.33000000,66626.43000000,66800.00000000,65596.29000000
26/10/2024 00:00,66736.00000000,66698.32000000,66859.76000000,66546.67000000
26/10/2024 01:00,66711.99000000,66736.00000000,66816.00000000,66543.46000000
26/10/2024 02:00,66847.18000000,66711.99000000,67050.20000000,66439.90000000
26/10/2024 03:00,66914.00000000,66847.19000000,66988.00000000,66700.00000000
26/10/2024 04:00,66948.07000000,66914.00000000,66994.31000000,66784.26000000
26/10/2024 05:00,67132.00000000,66948.06000000,67223.92000000,66944.00000000
26/10/2024 06:00,67170.03000000,67131.99000000,67240.02000000,67047.54000000
26/10/2024 07:00,67007.99000000,67170.03000000,67186.00000000,66995.61000000
26/10/2024 08:00,67134.65000000,67007.99000000,67175.31000000,66997.52000000
26/10/2024 09:00,67054.75000000,67134.65000000,67264.34000000,67054.75000000
26/10/2024 10:00,67053.96000000,67054.76000000,67177.38000000,66994.31000000
26/10/2024 11:00,67138.00000000,67053.95000000,67162.81000000,66953.02000000
26/10/2024 12:00,67034.11000000,67138.00000000,67180.00000000,67006.47000000
26/10/2024 13:00,66894.00000000,67034.12000000,67118.00000000,66867.96000000
26/10/2024 14:00,66797.99000000,66894.00000000,66953.28000000,66744.00000000
26/10/2024 15:00,66886.49000000,66797.99000000,67010.00000000,66762.57000000
26/10/2024 16:00,66979.99000000,66886.49000000,67053.61000000,66788.00000000
26/10/2024 17:00,67062.00000000,66980.00000000,67140.00000000,66970.00000000
26/10/2024 18:00,67042.00000000,67062.01000000,67143.64000000,67027.14000000
26/10/2024 19:00,67177.99000000,67042.00000000,67181.82000000,67042.00000000
26/10/2024 20:00,67265.46000000,67178.00000000,67454.55000000,67144.00000000
26/10/2024 21:00,67176.82000000,67265.46000000,67272.00000000,67103.45000000
26/10/2024 22:00,67132.00000000,67176.82000000,67235.69000000,67106.43000000
26/10/2024 23:00,67092.76000000,67132.00000000,67149.53000000,67084.00000000
27/10/2024 00:00,67014.85000000,67092.76000000,67118.12000000,66974.00000000
27/10/2024 01:00,67074.94000000,67014.85000000,67127.49000000,66913.73000000
27/10/2024 02:00,67054.00000000,67074.94000000,67116.44000000,67024.32000000
27/10/2024 03:00,67289.57000000,67054.00000000,67325.46000000,67000.00000000
27/10/2024 04:00,67160.00000000,67289.57000000,67317.78000000,67120.00000000
27/10/2024 05:00,67181.82000000,67160.00000000,67213.99000000,67149.79000000
27/10/2024 06:00,67186.00000000,67181.81000000,67186.00000000,67128.00000000
27/10/2024 07:00,67204.01000000,67186.00000000,67230.67000000,67184.94000000
27/10/2024 08:00,67226.00000000,67204.00000000,67266.49000000,67168.50000000
27/10/2024 09:00,67149.45000000,67226.00000000,67226.00000000,67101.04000000
27/10/2024 10:00,67088.00000000,67149.44000000,67194.00000000,67072.64000000
27/10/2024 11:00,67128.04000000,67088.00000000,67185.03000000,67036.85000000
27/10/2024 12:00,67400.00000000,67128.03000000,67500.00000000,67121.45000000
27/10/2024 13:00,67616.00000000,67399.99000000,67776.99000000,67396.00000000
27/10/2024 14:00,67695.99000000,67616.00000000,67750.00000000,67608.00000000
27/10/2024 15:00,67791.99000000,67696.00000000,67858.00000000,67693.72000000
27/10/2024 16:00,67828.00000000,67792.00000000,67878.79000000,67662.00000000
27/10/2024 17:00,67759.70000000,67828.00000000,68000.00000000,67722.56000000
27/10/2024 18:00,67560.00000000,67759.70000000,67771.51000000,67540.88000000
27/10/2024 19:00,67850.00000000,67560.00000000,67850.00000000,67554.00000000
27/10/2024 20:00,67762.01000000,67850.00000000,67921.26000000,67688.09000000
27/10/2024 21:00,67930.01000000,67762.00000000,68195.11000000,67740.10000000
27/10/2024 22:00,68124.00000000,67930.02000000,68332.05000000,67930.02000000
27/10/2024 23:00,68021.70000000,68124.00000000,68290.00000000,67988.00000000
28/10/2024 00:00,67859.91000000,68021.69000000,68116.78000000,67839.90000000
28/10/2024 01:00,67751.89000000,67859.90000000,67907.20000000,67740.11000000
28/10/2024 02:00,67803.99000000,67751.89000000,67860.00000000,67677.77000000
28/10/2024 03:00,67727.59000000,67804.00000000,67991.28000000,67700.51000000
28/10/2024 04:00,67744.29000000,67727.59000000,67800.00000000,67636.44000000
28/10/2024 05:00,67909.85000000,67744.30000000,67964.10000000,67618.00000000
28/10/2024 06:00,67959.15000000,67909.85000000,67959.15000000,67800.00000000
28/10/2024 07:00,68415.52000000,67959.15000000,68680.00000000,67959.15000000
28/10/2024 08:00,68328.00000000,68415.52000000,68596.00000000,68328.00000000
28/10/2024 09:00,68574.00000000,68328.00000000,68614.09000000,68238.81000000
28/10/2024 10:00,68625.87000000,68573.99000000,68833.57000000,68548.00000000
28/10/2024 11:00,68753.78000000,68625.86000000,68768.57000000,68490.00000000
28/10/2024 12:00,68908.01000000,68753.78000000,69063.62000000,68590.00000000
28/10/2024 13:00,68819.99000000,68908.00000000,69280.00000000,68777.00000000
28/10/2024 14:00,68840.00000000,68820.00000000,69100.00000000,68688.00000000
28/10/2024 15:00,68494.20000000,68840.00000000,68853.27000000,68426.67000000
28/10/2024 16:00,68709.27000000,68494.20000000,68980.00000000,68452.54000000
28/10/2024 17:00,68984.00000000,68709.27000000,69208.43000000,68513.10000000
28/10/2024 18:00,69212.12000000,68984.00000000,69240.00000000,68846.00000000
28/10/2024 19:00,69629.98000000,69212.12000000,69900.00000000,69150.01000000
28/10/2024 20:00,69644.56000000,69629.99000000,69719.59000000,69427.79000000
28/10/2024 21:00,69791.00000000,69644.57000000,69797.99000000,69518.35000000
28/10/2024 22:00,69961.65000000,69791.00000000,70270.00000000,69791.00000000
28/10/2024 23:00,69962.21000000,69961.64000000,70145.50000000,69733.30000000
29/10/2024 00:00,69960.88000000,69962.21000000,70010.00000000,69760.00000000
29/10/2024 01:00,70310.58000000,69960.89000000,70387.97000000,69840.24000000
29/10/2024 02:00,71190.05000000,70310.58000000,71587.88000000,70221.11000000
29/10/2024 03:00,70938.14000000,71190.05000000,71430.96000000,70885.02000000
29/10/2024 04:00,71088.01000000,70938.15000000,71139.22000000,70926.73000000
29/10/2024 05:00,71039.99000000,71088.00000000,71110.40000000,70886.59000000
29/10/2024 06:00,71248.45000000,71039.99000000,71370.00000000,71006.00000000
29/10/2024 07:00,71017.97000000,71248.46000000,71267.08000000,70837.83000000
29/10/2024 08:00,71134.01000000,71017.96000000,71219.72000000,70974.00000000
29/10/2024 09:00,71301.42000000,71134.00000000,71344.00000000,71114.68000000
29/10/2024 10:00,71171.32000000,71301.42000000,71344.00000000,71078.67000000
29/10/2024 11:00,71452.01000000,71171.32000000,71578.95000000,71150.01000000
29/10/2024 12:00,71108.01000000,71452.02000000,71500.00000000,71102.02000000
29/10/2024 13:00,71804.00000000,71108.00000000,71825.75000000,70929.00000000
29/10/2024 14:00,71867.09000000,71803.99000000,71983.00000000,71327.67000000
29/10/2024 15:00,72402.01000000,71867.10000000,72429.99000000,71654.01000000
29/10/2024 16:00,72739.44000000,72402.00000000,72923.74000000,72350.70000000
29/10/2024 17:00,72721.50000000,72739.43000000,72990.00000000,72529.58000000
29/10/2024 18:00,73170.01000000,72721.49000000,73250.00000000,72666.32000000
29/10/2024 19:00,72536.16000000,73170.00000000,73620.12000000,72504.03000000
29/10/2024 20:00,72336.22000000,72536.38000000,72670.47000000,71864.65000000
29/10/2024 21:00,72289.98000000,72336.22000000,72612.27000000,72221.28000000
29/10/2024 22:00,72660.00000000,72289.97000000,72978.90000000,72192.03000000
29/10/2024 23:00,72736.42000000,72659.99000000,72808.77000000,72516.56000000
30/10/2024 00:00,72289.99000000,72736.41000000,72785.72000000,72113.78000000
30/10/2024 01:00,72415.36000000,72289.99000000,72415.36000000,72000.01000000
30/10/2024 02:00,72342.99000000,72415.36000000,72634.50000000,72330.00000000
30/10/2024 03:00,72234.00000000,72342.99000000,72482.12000000,72171.47000000
30/10/2024 04:00,72282.00000000,72234.00000000,72350.00000000,72187.55000000
30/10/2024 05:00,72498.00000000,72281.99000000,72513.03000000,72268.00000000
30/10/2024 06:00,72306.31000000,72498.00000000,72610.00000000,72306.31000000
30/10/2024 07:00,72227.99000000,72306.32000000,72445.63000000,72100.00000000
30/10/2024 08:00,72241.35000000,72227.99000000,72542.20000000,72211.59000000
30/10/2024 09:00,72576.01000000,72241.35000000,72588.00000000,72224.31000000
30/10/2024 10:00,72378.02000000,72576.02000000,72604.97000000,72369.00000000
30/10/2024 11:00,71983.99000000,72378.02000000,72378.02000000,71926.82000000
30/10/2024 12:00,71862.17000000,71984.00000000,72140.34000000,71750.04000000
30/10/2024 13:00,71966.00000000,71862.17000000,72100.00000000,71436.00000000
30/10/2024 14:00,72411.79000000,71966.00000000,72470.00000000,71932.00000000
30/10/2024 15:00,72061.34000000,72411.79000000,72440.00000000,71693.94000000
30/10/2024 16:00,72110.86000000,72061.34000000,72197.50000000,71800.00000000
30/10/2024 17:00,71894.72000000,72110.86000000,72126.00000000,71641.77000000
30/10/2024 18:00,71974.75000000,71894.73000000,72150.00000000,71851.57000000
30/10/2024 19:00,71822.01000000,71974.74000000,72060.00000000,71783.19000000
30/10/2024 20:00,72857.14000000,71822.01000000,72857.15000000,71644.19000000
30/10/2024 21:00,72388.10000000,72857.14000000,72961.00000000,72112.70000000
30/10/2024 22:00,72397.40000000,72388.10000000,72675.53000000,72252.00000000
30/10/2024 23:00,72344.74000000,72397.40000000,72700.00000000,72343.98000000
31/10/2024 00:00,72165.99000000,72344.75000000,72413.99000000,72052.98000000
31/10/2024 01:00,72370.00000000,72165.99000000,72455.49000000,72030.08000000
31/10/2024 02:00,72553.01000000,72370.01000000,72588.00000000,72189.00000000
31/10/2024 03:00,72353.74000000,72553.01000000,72599.99000000,72293.01000000
31/10/2024 04:00,72273.99000000,72353.75000000,72380.91000000,72224.38000000
31/10/2024 05:00,72282.00000000,72273.99000000,72384.17000000,72207.85000000
31/10/2024 06:00,72212.12000000,72282.01000000,72320.64000000,72152.00000000
31/10/2024 07:00,72417.19000000,72212.13000000,72478.00000000,72150.00000000
31/10/2024 08:00,72276.05000000,72417.19000000,72452.00000000,72149.79000000
31/10/2024 09:00,72304.70000000,72276.06000000,72397.78000000,72253.55000000
31/10/2024 10:00,72639.27000000,72304.70000000,72700.00000000,72222.77000000
31/10/2024 11:00,72226.00000000,72639.28000000,72660.00000000,72222.00000000
31/10/2024 12:00,72114.00000000,72226.00000000,72276.00000000,71966.00000000
31/10/2024 13:00,71308.00000000,72114.00000000,72178.60000000,71110.00000000
31/10/2024 14:00,70752.02000000,71308.00000000,71386.00000000,70624.01000000
31/10/2024 15:00,70620.00000000,70752.01000000,71060.00000000,70431.77000000
31/10/2024 16:00,70403.58000000,70620.01000000,70949.51000000,70355.93000000
31/10/2024 17:00,70785.28000000,70403.59000000,70803.12000000,70359.00000000
31/10/2024 18:00,70633.67000000,70785.28000000,70787.88000000,70106.20000000
31/10/2024 19:00,70092.07000000,70633.67000000,70750.00000000,70036.00000000
31/10/2024 20:00,70026.73000000,70092.07000000,70299.44000000,69685.76000000
31/10/2024 21:00,70442.39000000,70026.74000000,70541.52000000,69856.04000000
31/10/2024 22:00,70480.00000000,70442.39000000,70543.98000000,70174.09000000
31/10/2024 23:00,70292.01000000,70479.99000000,70654.76000000,70292.00000000
01/11/2024 00:00,70173.73000000,70292.01000000,70470.00000000,70146.80000000
01/11/2024 01:00,69402.01000000,70173.72000000,70360.00000000,69313.74000000
01/11/2024 02:00,69579.89000000,69402.00000000,69600.00000000,68830.00000000
01/11/2024 03:00,69369.99000000,69579.89000000,69714.45000000,69334.00000000
01/11/2024 04:00,69592.00000000,69369.99000000,69623.99000000,69342.01000000
01/11/2024 05:00,69609.29000000,69592.00000000,69670.90000000,69526.00000000
01/11/2024 06:00,69212.13000000,69609.28000000,69699.14000000,69212.12000000
01/11/2024 07:00,69273.70000000,69212.13000000,69420.13000000,69080.00000000
01/11/2024 08:00,69376.10000000,69273.70000000,69538.00000000,69237.26000000
01/11/2024 09:00,69534.90000000,69376.10000000,69588.00000000,69324.00000000
01/11/2024 10:00,69989.65000000,69534.90000000,70156.00000000,69524.28000000
01/11/2024 11:00,70002.01000000,69989.64000000,70228.00000000,69987.77000000
01/11/2024 12:00,70354.87000000,70002.01000000,70467.65000000,69897.02000000
01/11/2024 13:00,71200.44000000,70354.86000000,71220.00000000,70142.00000000
01/11/2024 14:00,71271.17000000,71200.43000000,71632.95000000,70912.60000000
01/11/2024 15:00,69387.77000000,71271.17000000,71360.00000000,69044.00000000
01/11/2024 16:00,69920.73000000,69387.78000000,70515.16000000,69352.00000000
01/11/2024 17:00,69586.01000000,69920.72000000,70181.83000000,69475.00000000
01/11/2024 18:00,69151.66000000,69586.01000000,69636.37000000,69066.07000000
01/11/2024 19:00,69268.00000000,69151.66000000,69454.00000000,68820.14000000
01/11/2024 20:00,69248.95000000,69268.00000000,69460.00000000,69168.60000000
01/11/2024 21:00,69263.99000000,69248.95000000,69358.77000000,68854.50000000
01/11/2024 22:00,69440.01000000,69264.00000000,69455.95000000,69234.00000000
01/11/2024 23:00,69496.01000000,69440.01000000,69627.00000000,69364.00000000
02/11/2024 00:00,69665.99000000,69496.00000000,69675.92000000,69479.91000000
02/11/2024 01:00,69668.10000000,69665.99000000,69696.97000000,69506.72000000
02/11/2024 02:00,69661.96000000,69668.10000000,69914.37000000,69655.47000000
02/11/2024 03:00,69599.99000000,69661.95000000,69787.74000000,69563.22000000
02/11/2024 04:00,69568.00000000,69599.99000000,69627.90000000,69468.05000000
02/11/2024 05:00,69710.00000000,69568.00000000,69727.28000000,69446.00000000
02/11/2024 06:00,69744.86000000,69709.99000000,69748.16000000,69576.32000000
02/11/2024 07:00,69813.91000000,69744.86000000,69823.94000000,69682.00000000
02/11/2024 08:00,69630.95000000,69813.91000000,69838.62000000,69580.81000000
02/11/2024 09:00,69558.86000000,69630.95000000,69670.00000000,69510.91000000
02/11/2024 10:00,69623.63000000,69558.86000000,69628.00000000,69417.88000000
02/11/2024 11:00,69608.00000000,69623.63000000,69701.68000000,69576.00000000
02/11/2024 12:00,69459.05000000,69608.00000000,69680.00000000,69390.09000000
02/11/2024 13:00,69365.99000000,69459.05000000,69711.59000000,69358.87000000
02/11/2024 14:00,69263.48000000,69366.00000000,69437.85000000,69000.14000000
02/11/2024 15:00,69393.17000000,69263.49000000,69450.01000000,69139.90000000
02/11/2024 16:00,69587.98000000,69393.18000000,69616.00000000,69321.99000000
02/11/2024 17:00,69401.99000000,69587.98000000,69600.00000000,69340.00000000
02/11/2024 18:00,69422.93000000,69401.99000000,69481.48000000,69215.00000000
02/11/2024 19:00,69510.00000000,69422.94000000,69562.00000000,69384.00000000
02/11/2024 20:00,69540.00000000,69510.00000000,69571.99000000,69462.29000000
02/11/2024 21:00,69442.00000000,69539.99000000,69560.00000000,69442.00000000
02/11/2024 22:00,69434.00000000,69442.01000000,69550.68000000,69363.08000000
02/11/2024 23:00,69374.74000000,69434.00000000,69446.00000000,69149.00000000
03/11/2024 00:00,69159.76000000,69374.74000000,69391.00000000,69159.76000000
03/11/2024 01:00,69010.13000000,69159.77000000,69225.03000000,69000.21000000
03/11/2024 02:00,68214.91000000,69010.14000000,69028.72000000,67864.16000000
03/11/2024 03:00,68379.89000000,68214.91000000,68454.55000000,68018.79000000
03/11/2024 04:00,68592.01000000,68379.90000000,68696.97000000,68303.99000000
03/11/2024 05:00,68432.00000000,68592.00000000,68693.99000000,68428.54000000
03/11/2024 06:00,68569.99000000,68432.00000000,68771.58000000,68400.00000000
03/11/2024 07:00,68397.42000000,68570.00000000,68703.68000000,68379.90000000
03/11/2024 08:00,68480.01000000,68397.42000000,68603.58000000,68299.62000000
03/11/2024 09:00,68242.43000000,68480.01000000,68527.78000000,68200.01000000
03/11/2024 10:00,68441.99000000,68242.43000000,68571.94000000,68242.42000000
03/11/2024 11:00,68358.86000000,68442.00000000,68589.50000000,68316.52000000
03/11/2024 12:00,68486.05000000,68358.86000000,68560.00000000,68269.70000000
03/11/2024 13:00,68048.13000000,68486.04000000,68504.92000000,67972.00000000
03/11/2024 14:00,67777.00000000,68048.13000000,68187.50000000,67588.61000000
03/11/2024 15:00,68090.90000000,67776.99000000,68222.00000000,67478.73000000
03/11/2024 16:00,68152.01000000,68090.91000000,68547.98000000,68054.00000000
03/11/2024 17:00,68359.98000000,68152.00000000,68482.00000000,68132.16000000
03/11/2024 18:00,68018.00000000,68359.98000000,68446.00000000,67667.21000000
03/11/2024 19:00,68679.00000000,68018.00000000,68693.81000000,68000.00000000
03/11/2024 20:00,68970.07000000,68679.00000000,68979.76000000,68499.90000000
03/11/2024 21:00,69145.35000000,68970.06000000,69358.00000000,68966.65000000
03/11/2024 22:00,68880.01000000,69145.35000000,69301.00000000,68784.10000000
03/11/2024 23:00,68775.99000000,68880.00000000,68915.00000000,68492.82000000
04/11/2024 00:00,68712.00000000,68775.99000000,68775.99000000,68240.61000000
04/11/2024 01:00,68970.01000000,68712.00000000,69037.03000000,68568.00000000
04/11/2024 02:00,69305.56000000,68970.00000000,69338.58000000,68882.00000000
04/11/2024 03:00,69047.86000000,69305.55000000,69500.00000000,69004.00000000
04/11/2024 04:00,69150.31000000,69047.86000000,69401.55000000,69047.85000000
04/11/2024 05:00,68820.01000000,69150.30000000,69177.37000000,68699.90000000
04/11/2024 06:00,69126.18000000,68820.01000000,69170.01000000,68820.00000000
04/11/2024 07:00,68618.00000000,69126.18000000,69175.97000000,68618.00000000
04/11/2024 08:00,68699.99000000,68618.00000000,68755.24000000,68470.00000000
04/11/2024 09:00,68640.83000000,68699.98000000,68924.00000000,68480.01000000
04/11/2024 10:00,68834.05000000,68640.83000000,68921.28000000,68602.00000000
04/11/2024 11:00,68792.71000000,68834.04000000,69036.00000000,68700.00000000
04/11/2024 12:00,68978.20000000,68792.72000000,69019.16000000,68739.90000000
04/11/2024 13:00,68662.39000000,68978.19000000,69264.52000000,68650.00000000
04/11/2024 14:00,68394.01000000,68662.39000000,68722.00000000,68202.99000000
04/11/2024 15:00,68646.01000000,68394.01000000,68758.00000000,68234.00000000
04/11/2024 16:00,67756.00000000,68646.01000000,68814.32000000,67613.91000000
04/11/2024 17:00,67830.00000000,67756.00000000,67934.39000000,67251.50000000
04/11/2024 18:00,67651.81000000,67830.00000000,68098.05000000,67535.96000000
04/11/2024 19:00,67856.00000000,67651.81000000,68100.00000000,67642.07000000
04/11/2024 20:00,67348.00000000,67856.01000000,67856.01000000,67316.00000000
04/11/2024 21:00,67120.57000000,67347.99000000,67622.00000000,66835.00000000
04/11/2024 22:00,67920.01000000,67120.56000000,68106.07000000,67059.90000000
04/11/2024 23:00,67850.01000000,67920.00000000,68030.00000000,67639.90000000
05/11/2024 00:00,68030.00000000,67850.01000000,68180.00000000,67788.00000000
05/11/2024 01:00,67997.31000000,68030.00000000,68097.07000000,67476.63000000
05/11/2024 02:00,67880.77000000,67997.32000000,68075.48000000,67830.00000000
05/11/2024 03:00,68243.00000000,67880.78000000,68255.00000000,67880.00000000
05/11/2024 04:00,68323.01000000,68243.01000000,68500.00000000,68218.51000000
05/11/2024 05:00,68741.50000000,68323.00000000,68796.88000000,68300.00000000
05/11/2024 06:00,68779.90000000,68741.50000000,68803.04000000,68565.99000000
05/11/2024 07:00,68893.99000000,68779.91000000,68976.00000000,68570.24000000
05/11/2024 08:00,69038.01000000,68894.00000000,69050.00000000,68786.00000000
05/11/2024 09:00,68776.49000000,69038.00000000,69100.00000000,68741.36000000
05/11/2024 10:00,68764.29000000,68776.49000000,68855.50000000,68615.11000000
05/11/2024 11:00,68810.03000000,68764.29000000,68964.00000000,68758.47000000
05/11/2024 12:00,68865.09000000,68810.03000000,68948.00000000,68666.00000000
05/11/2024 13:00,68820.00000000,68865.09000000,68914.02000000,68671.98000000
05/11/2024 14:00,69964.00000000,68820.01000000,70325.06000000,68766.03000000
05/11/2024 15:00,69639.99000000,69964.01000000,70071.43000000,69216.50000000
05/11/2024 16:00,70191.98000000,69640.00000000,70577.91000000,69530.00000000
05/11/2024 17:00,69949.66000000,70191.98000000,70468.35000000,69890.00000000
05/11/2024 18:00,70229.99000000,69949.65000000,70260.00000000,69739.90000000
05/11/2024 19:00,68995.99000000,70229.99000000,70267.95000000,68732.77000000
05/11/2024 20:00,69445.99000000,68995.99000000,69663.01000000,68786.91000000
05/11/2024 21:00,69160.00000000,69446.00000000,69620.00000000,69085.26000000
05/11/2024 22:00,69594.00000000,69160.00000000,69600.00000000,68888.88000000
05/11/2024 23:00,69372.01000000,69594.01000000,69898.02000000,69294.99000000
06/11/2024 00:00,71096.04000000,69372.01000000,71455.00000000,69298.00000000
06/11/2024 01:00,71128.81000000,71096.03000000,71412.03000000,70606.00000000
06/11/2024 02:00,73077.05000000,71128.81000000,73287.21000000,70950.22000000
06/11/2024 03:00,74348.53000000,73077.05000000,75000.00000000,73070.05000000
06/11/2024 04:00,74261.07000000,74348.53000000,74966.70000000,73912.00000000
06/11/2024 05:00,74768.38000000,74261.06000000,74850.00000000,73638.97000000
06/11/2024 06:00,74252.57000000,74768.38000000,75407.10000000,74200.01000000
06/11/2024 07:00,73370.89000000,74252.56000000,74659.99000000,72727.00000000
06/11/2024 08:00,73456.04000000,73370.89000000,73539.53000000,72656.31000000
06/11/2024 09:00,73756.34000000,73456.05000000,74083.01000000,73456.04000000
06/11/2024 10:00,73830.01000000,73756.35000000,73944.27000000,73314.85000000
06/11/2024 11:00,74272.01000000,73830.01000000,74475.47000000,73657.27000000
06/11/2024 12:00,74171.47000000,74272.00000000,74757.58000000,74166.21000000
06/11/2024 13:00,73987.05000000,74171.48000000,74271.99000000,73585.78000000
06/11/2024 14:00,73640.00000000,73987.06000000,74736.03000000,73488.00000000
06/11/2024 15:00,74298.00000000,73639.99000000,74499.00000000,73514.00000000
06/11/2024 16:00,74333.99000000,74297.99000000,74566.99000000,74150.00000000
06/11/2024 17:00,74452.01000000,74333.99000000,74666.00000000,74151.52000000
06/11/2024 18:00,75229.99000000,74452.00000000,75230.00000000,74404.57000000
06/11/2024 19:00,75823.55000000,75229.99000000,75850.00000000,75037.87000000
06/11/2024 20:00,76101.99000000,75823.55000000,76400.00000000,75507.10000000
06/11/2024 21:00,75890.00000000,76101.98000000,76170.13000000,75658.20000000
06/11/2024 22:00,75638.49000000,75890.00000000,76035.50000000,75519.94000000
06/11/2024 23:00,75571.99000000,75638.50000000,75837.47000000,75552.78000000
07/11/2024 00:00,75349.08000000,75571.99000000,75643.64000000,75050.00000000
07/11/2024 01:00,75386.00000000,75349.07000000,76022.79000000,75228.00000000
07/11/2024 02:00,75276.01000000,75386.00000000,75458.00000000,75141.51000000
07/11/2024 03:00,75048.01000000,75276.01000000,75392.67000000,75003.83000000
07/11/2024 04:00,74707.34000000,75048.01000000,75048.01000000,74611.50000000
07/11/2024 05:00,74755.49000000,74707.34000000,74889.50000000,74670.00000000
07/11/2024 06:00,74768.27000000,74755.49000000,74831.07000000,74416.00000000
07/11/2024 07:00,74757.58000000,74768.28000000,74964.87000000,74673.67000000
07/11/2024 08:00,75150.00000000,74757.58000000,75150.00000000,74649.54000000
07/11/2024 09:00,74916.76000000,75149.99000000,75150.11000000,74809.63000000
07/11/2024 10:00,75031.20000000,74916.76000000,75040.00000000,74766.00000000
07/11/2024 11:00,74746.00000000,75031.20000000,75043.50000000,74691.74000000
07/11/2024 12:00,74991.88000000,74745.99000000,75118.00000000,74726.00000000
07/11/2024 13:00,74672.53000000,74991.88000000,75038.00000000,74601.63000000
07/11/2024 14:00,74822.00000000,74672.54000000,75000.00000000,74512.19000000
07/11/2024 15:00,76059.69000000,74822.00000000,76059.69000000,74675.05000000
07/11/2024 16:00,75893.99000000,76059.68000000,76200.00000000,75555.17000000
07/11/2024 17:00,76257.89000000,75893.98000000,76466.48000000,75739.90000000
07/11/2024 18:00,76604.01000000,76257.90000000,76718.99000000,75671.09000000
07/11/2024 19:00,76530.39000000,76604.00000000,76612.00000000,75906.56000000
07/11/2024 20:00,76431.48000000,76530.40000000,76849.99000000,76268.52000000
07/11/2024 21:00,75876.49000000,76431.49000000,76572.00000000,75860.00000000
07/11/2024 22:00,75872.00000000,75876.49000000,75984.00000000,75494.00000000
07/11/2024 23:00,75857.89000000,75872.00000000,76079.80000000,75700.00000000
08/11/2024 00:00,76005.25000000,75857.89000000,76358.00000000,75844.99000000
08/11/2024 01:00,75983.91000000,76005.24000000,76329.63000000,75832.14000000
08/11/2024 02:00,75711.14000000,75983.91000000,76020.00000000,75652.65000000
08/11/2024 03:00,75890.79000000,75711.15000000,75890.80000000,75555.00000000
08/11/2024 04:00,75832.14000000,75890.79000000,76026.00000000,75808.04000000
08/11/2024 05:00,75975.32000000,75832.13000000,76139.83000000,75800.00000000
08/11/2024 06:00,75876.00000000,75975.32000000,76012.82000000,75830.00000000
08/11/2024 07:00,76148.49000000,75876.00000000,76220.00000000,75686.00000000
08/11/2024 08:00,75802.00000000,76148.49000000,76164.00000000,75760.00000000
08/11/2024 09:00,75947.69000000,75802.00000000,76073.78000000,75777.16000000
08/11/2024 10:00,76229.98000000,75947.68000000,76320.00000000,75780.70000000
08/11/2024 11:00,75934.46000000,76229.97000000,76284.60000000,75924.00000000
08/11/2024 12:00,76067.55000000,75934.47000000,76172.00000000,75934.46000000
08/11/2024 13:00,76268.13000000,76067.56000000,76279.71000000,75846.09000000
08/11/2024 14:00,75752.00000000,76268.13000000,76309.13000000,75630.76000000
08/11/2024 15:00,76427.72000000,75752.01000000,76584.60000000,75636.36000000
08/11/2024 16:00,75919.30000000,76427.72000000,76514.99000000,75834.00000000
08/11/2024 17:00,76385.99000000,75919.30000000,76522.00000000,75822.07000000
08/11/2024 18:00,76812.00000000,76386.00000000,76999.00000000,76342.00000000
08/11/2024 19:00,76912.58000000,76812.00000000,77199.99000000,76699.05000000
08/11/2024 20:00,76591.33000000,76912.58000000,77097.00000000,76414.63000000
08/11/2024 21:00,76483.09000000,76591.33000000,76695.99000000,76379.36000000
08/11/2024 22:00,76369.12000000,76483.08000000,76622.70000000,76303.03000000
08/11/2024 23:00,76509.78000000,76369.13000000,76530.03000000,76300.23000000
09/11/2024 00:00,76430.00000000,76509.78000000,76639.84000000,76363.63000000
09/11/2024 01:00,76310.00000000,76430.00000000,76541.65000000,76256.00000000
09/11/2024 02:00,76422.98000000,76310.00000000,76430.44000000,76136.00000000
09/11/2024 03:00,76341.47000000,76422.97000000,76440.00000000,76240.08000000
09/11/2024 04:00,76377.99000000,76341.47000000,76406.12000000,76294.00000000
09/11/2024 05:00,76552.00000000,76377.99000000,76657.13000000,76358.60000000
09/11/2024 06:00,76510.00000000,76552.00000000,76795.69000000,76408.01000000
09/11/2024 07:00,76529.08000000,76510.01000000,76529.08000000,76354.00000000
09/11/2024 08:00,76539.99000000,76529.07000000,76735.59000000,76436.00000000
09/11/2024 09:00,76554.00000000,76539.99000000,76636.37000000,76506.90000000
09/11/2024 10:00,76468.01000000,76554.00000000,76620.00000000,76415.89000000
09/11/2024 11:00,76487.11000000,76468.01000000,76511.78000000,76358.91000000
09/11/2024 12:00,76280.27000000,76487.11000000,76541.53000000,76280.00000000
09/11/2024 13:00,76426.39000000,76280.26000000,76495.77000000,76280.26000000
09/11/2024 14:00,76355.61000000,76426.40000000,76440.82000000,76272.72000000
09/11/2024 15:00,76319.90000000,76355.61000000,76416.52000000,76300.00000000
09/11/2024 16:00,76087.18000000,76319.91000000,76324.84000000,76058.00000000
09/11/2024 17:00,76238.77000000,76087.19000000,76238.77000000,75714.66000000
09/11/2024 18:00,76356.53000000,76238.77000000,76387.19000000,76198.00000000
09/11/2024 19:00,76204.92000000,76356.53000000,76700.00000000,76116.00000000
09/11/2024 20:00,76294.00000000,76204.91000000,76360.00000000,76179.00000000
09/11/2024 21:00,76451.60000000,76293.99000000,76486.00000000,76227.52000000
09/11/2024 22:00,76519.90000000,76451.61000000,76606.34000000,76365.25000000
09/11/2024 23:00,76677.46000000,76519.90000000,76900.00000000,76474.00000000
10/11/2024 00:00,76884.01000000,76677.46000000,77100.00000000,76492.00000000
10/11/2024 01:00,76702.31000000,76884.01000000,76964.00000000,76679.36000000
10/11/2024 02:00,77033.99000000,76702.31000000,77498.00000000,76661.40000000
10/11/2024 03:00,77205.96000000,77033.99000000,77426.68000000,76985.43000000
10/11/2024 04:00,79122.02000000,77205.97000000,79323.74000000,77138.00000000
10/11/2024 05:00,79064.16000000,79122.02000000,79788.96000000,78803.38000000
10/11/2024 06:00,78903.42000000,79064.16000000,79249.97000000,78612.00000000
10/11/2024 07:00,78832.37000000,78903.42000000,79148.94000000,78743.98000000
10/11/2024 08:00,79130.10000000,78832.36000000,79137.83000000,78832.36000000
10/11/2024 09:00,79368.00000000,79130.09000000,79494.67000000,79122.00000000
10/11/2024 10:00,79540.74000000,79367.99000000,79769.88000000,79280.00000000
10/11/2024 11:00,79844.01000000,79540.75000000,80040.00000000,79540.74000000
10/11/2024 12:00,79654.00000000,79844.00000000,80080.00000000,79268.15000000
10/11/2024 13:00,79728.01000000,79654.00000000,79899.90000000,79540.00000000
10/11/2024 14:00,79508.01000000,79728.01000000,79960.00000000,79200.00000000
10/11/2024 15:00,79694.03000000,79508.00000000,79758.88000000,79379.90000000
10/11/2024 16:00,79775.99000000,79694.03000000,79782.29000000,79486.01000000
10/11/2024 17:00,80333.01000000,79776.00000000,80703.10000000,79648.00000000
10/11/2024 18:00,80538.04000000,80333.01000000,81069.99000000,80333.01000000
10/11/2024 19:00,79748.99000000,80538.04000000,80845.19000000,79324.59000000
10/11/2024 20:00,78950.01000000,79748.99000000,79907.66000000,78940.77000000
10/11/2024 21:00,79873.97000000,78950.00000000,80004.09000000,78473.13000000
10/11/2024 22:00,80614.01000000,79873.98000000,81500.00000000,79788.01000000
10/11/2024 23:00,80370.01000000,80614.00000000,80700.00000000,79945.23000000
11/11/2024 00:00,80579.99000000,80370.01000000,80803.00000000,80216.01000000
11/11/2024 01:00,81214.00000000,80579.99000000,81730.00000000,80366.02000000
11/11/2024 02:00,81431.17000000,81213.99000000,81519.19000000,81032.00000000
11/11/2024 03:00,81612.23000000,81431.18000000,81846.71000000,80946.00000000
11/11/2024 04:00,81440.01000000,81612.23000000,81727.47000000,81116.53000000
11/11/2024 05:00,80731.99000000,81440.01000000,81581.65000000,80432.00000000
11/11/2024 06:00,80900.68000000,80731.99000000,81250.00000000,80590.98000000
11/11/2024 07:00,81109.10000000,80900.68000000,81205.99000000,80747.58000000
11/11/2024 08:00,81239.53000000,81109.11000000,81368.00000000,81023.29000000
11/11/2024 09:00,81695.33000000,81239.52000000,81766.56000000,81166.00000000
11/11/2024 10:00,81984.19000000,81695.34000000,82380.94000000,81668.73000000
11/11/2024 11:00,82134.00000000,81984.19000000,82244.67000000,81842.01000000
11/11/2024 12:00,82168.91000000,82133.99000000,82471.20000000,81719.21000000
11/11/2024 13:00,81835.74000000,82168.92000000,82222.13000000,81460.19000000
11/11/2024 14:00,82484.90000000,81835.73000000,82580.00000000,81500.01000000
11/11/2024 15:00,84059.54000000,82484.91000000,84263.51000000,82349.98000000
11/11/2024 16:00,84200.00000000,84059.53000000,84886.00000000,83831.84000000
11/11/2024 17:00,84603.99000000,84200.00000000,84880.03000000,84196.41000000
11/11/2024 18:00,85831.99000000,84603.99000000,85832.65000000,84208.77000000
11/11/2024 19:00,86102.21000000,85831.99000000,86650.00000000,85314.00000000
11/11/2024 20:00,86922.65000000,86102.21000000,87386.50000000,86052.00000000
11/11/2024 21:00,87900.01000000,86922.66000000,88378.00000000,86703.00000000
11/11/2024 22:00,87979.28000000,87900.00000000,88083.47000000,86372.31000000
11/11/2024 23:00,88647.99000000,87979.27000000,89530.54000000,87979.27000000
12/11/2024 00:00,88978.57000000,88648.00000000,89012.23000000,86561.35000000
12/11/2024 01:00,88542.51000000,88978.56000000,89470.00000000,88392.51000000
12/11/2024 02:00,87694.53000000,88542.51000000,88876.00000000,86928.68000000
12/11/2024 03:00,88047.46000000,87694.53000000,88206.93000000,87474.19000000
12/11/2024 04:00,88430.57000000,88047.45000000,88983.93000000,87700.00000000
12/11/2024 05:00,88378.46000000,88430.56000000,88798.93000000,88159.99000000
12/11/2024 06:00,89545.46000000,88378.46000000,89800.00000000,88160.01000000
12/11/2024 07:00,88983.35000000,89545.46000000,89940.00000000,88953.58000000
12/11/2024 08:00,89280.01000000,88983.35000000,89300.00000000,88720.91000000
12/11/2024 09:00,87630.89000000,89280.00000000,89372.00000000,87620.00000000
12/11/2024 10:00,86787.51000000,87630.89000000,88023.66000000,85229.00000000
12/11/2024 11:00,87155.55000000,86787.52000000,87860.75000000,86524.14000000
12/11/2024 12:00,86348.01000000,87155.55000000,87860.00000000,86203.83000000
12/11/2024 13:00,86330.52000000,86348.02000000,86521.95000000,85072.00000000
12/11/2024 14:00,87001.51000000,86330.52000000,87074.53000000,85208.20000000
12/11/2024 15:00,86632.00000000,87001.51000000,87493.37000000,86148.00000000
12/11/2024 16:00,87030.31000000,86632.00000000,87600.00000000,85730.35000000
12/11/2024 17:00,86966.07000000,87030.31000000,87878.00000000,86850.66000000
12/11/2024 18:00,88796.41000000,86966.07000000,88877.36000000,86907.26000000
12/11/2024 19:00,88704.28000000,88796.41000000,89764.38000000,88620.01000000
12/11/2024 20:00,89473.10000000,88704.28000000,89876.94000000,88672.00000000
12/11/2024 21:00,88240.32000000,89472.01000000,89683.65000000,88160.27000000
12/11/2024 22:00,88592.00000000,88240.32000000,88642.00000000,87612.00000000
12/11/2024 23:00,87952.01000000,88592.00000000,88592.00000000,87379.59000000
13/11/2024 00:00,88040.00000000,87952.00000000,88453.16000000,87604.00000000
13/11/2024 01:00,88253.53000000,88040.00000000,88562.94000000,87708.00000000
13/11/2024 02:00,87868.00000000,88253.54000000,88320.00000000,87004.00000000
13/11/2024 03:00,87136.00000000,87868.01000000,88150.00000000,87049.52000000
13/11/2024 04:00,87172.01000000,87136.00000000,87692.69000000,86226.15000000
13/11/2024 05:00,86545.99000000,87172.00000000,87436.67000000,86452.78000000
13/11/2024 06:00,86500.00000000,86545.99000000,86950.54000000,86127.99000000
13/11/2024 07:00,87356.00000000,86500.00000000,87492.30000000,86480.07000000
13/11/2024 08:00,87228.68000000,87356.01000000,87684.00000000,87100.00000000
13/11/2024 09:00,87400.02000000,87228.69000000,87550.00000000,87082.42000000
13/11/2024 10:00,87535.55000000,87400.03000000,87553.64000000,87124.92000000
13/11/2024 11:00,87669.39000000,87535.55000000,88083.00000000,87454.54000000
13/11/2024 12:00,87626.96000000,87669.40000000,87997.20000000,87502.49000000
13/11/2024 13:00,89152.01000000,87626.95000000,89696.97000000,87548.00000000
13/11/2024 14:00,91508.00000000,89152.00000000,91827.09000000,88623.64000000
13/11/2024 15:00,92540.01000000,91508.00000000,92690.00000000,90432.23000000
13/11/2024 16:00,92256.00000000,92540.00000000,93265.64000000,91467.90000000
13/11/2024 17:00,92218.87000000,92256.01000000,92803.00000000,91755.00000000
13/11/2024 18:00,92824.00000000,92218.87000000,93139.93000000,92050.07000000
13/11/2024 19:00,90193.51000000,92824.00000000,92892.98000000,89969.87000000
13/11/2024 20:00,89691.99000000,90193.50000000,91184.02000000,89292.00000000
13/11/2024 21:00,88539.77000000,89692.00000000,89796.21000000,87970.98000000
13/11/2024 22:00,89715.12000000,88539.77000000,89854.27000000,88350.00000000
13/11/2024 23:00,90375.20000000,89715.12000000,90518.89000000,89248.28000000
14/11/2024 00:00,90104.93000000,90375.21000000,90511.63000000,89685.10000000
14/11/2024 01:00,90372.01000000,90104.93000000,90444.00000000,89458.13000000
14/11/2024 02:00,90104.01000000,90372.00000000,90566.00000000,89664.00000000
14/11/2024 03:00,89937.02000000,90104.00000000,90220.00000000,89531.86000000
14/11/2024 04:00,90123.99000000,89937.03000000,90192.35000000,89320.37000000
14/11/2024 05:00,89957.22000000,90123.99000000,90123.99000000,89647.19000000
14/11/2024 06:00,89300.69000000,89957.23000000,90308.83000000,89283.50000000
14/11/2024 07:00,90769.42000000,89309.41000000,90850.00000000,89104.54000000
14/11/2024 08:00,90558.28000000,90769.42000000,91438.41000000,90329.80000000
14/11/2024 09:00,90909.01000000,90558.28000000,90918.18000000,90368.00000000
14/11/2024 10:00,91103.00000000,90909.01000000,91424.00000000,90840.01000000
14/11/2024 11:00,91491.86000000,91102.99000000,91657.77000000,90472.00000000
14/11/2024 12:00,91243.17000000,91491.85000000,91599.99000000,90945.00000000
14/11/2024 13:00,90754.42000000,91243.17000000,91380.00000000,90559.65000000
14/11/2024 14:00,88720.03000000,90754.42000000,91790.00000000,88639.76000000
14/11/2024 15:00,87947.99000000,88720.03000000,89638.50000000,87829.57000000
14/11/2024 16:00,89198.31000000,87947.99000000,89239.79000000,87526.74000000
14/11/2024 17:00,89239.35000000,89198.32000000,89449.49000000,88584.00000000
14/11/2024 18:00,89111.55000000,89239.35000000,89775.24000000,88916.80000000
14/11/2024 19:00,89463.99000000,89111.55000000,89664.19000000,89111.54000000
14/11/2024 20:00,87612.66000000,89463.99000000,89464.00000000,87565.01000000
14/11/2024 21:00,88227.22000000,87612.67000000,88280.91000000,87029.65000000
14/11/2024 22:00,87640.01000000,88227.23000000,88360.00000000,87050.00000000
14/11/2024 23:00,87325.59000000,87640.01000000,87771.85000000,86668.21000000
15/11/2024 00:00,87870.27000000,87325.59000000,88435.16000000,87252.00000000
15/11/2024 01:00,88098.99000000,87870.26000000,88168.63000000,87373.45000000
15/11/2024 02:00,88364.07000000,88098.99000000,88443.83000000,87736.00000000
15/11/2024 03:00,88218.21000000,88364.07000000,88473.70000000,88116.00000000
15/11/2024 04:00,87454.57000000,88218.22000000,88242.43000000,87073.38000000
15/11/2024 05:00,87724.00000000,87454.58000000,87860.46000000,87276.01000000
15/11/2024 06:00,88182.67000000,87724.00000000,88182.69000000,87584.20000000
15/11/2024 07:00,87612.00000000,88182.68000000,88391.99000000,87588.00000000
15/11/2024 08:00,88082.96000000,87612.01000000,88165.91000000,87368.00000000
15/11/2024 09:00,89195.99000000,88082.96000000,89350.00000000,88024.40000000
15/11/2024 10:00,89354.55000000,89195.99000000,89458.13000000,88943.53000000
15/11/2024 11:00,89741.25000000,89354.54000000,89771.99000000,89138.94000000
15/11/2024 12:00,89753.84000000,89741.24000000,90709.74000000,89591.55000000
15/11/2024 13:00,90148.00000000,89753.84000000,90482.30000000,89241.57000000
15/11/2024 14:00,89107.98000000,90148.00000000,90200.00000000,88585.33000000
15/11/2024 15:00,88445.41000000,89107.97000000,89134.74000000,87754.45000000
15/11/2024 16:00,89375.99000000,88445.40000000,89768.41000000,88386.99000000
15/11/2024 17:00,89484.85000000,89376.00000000,89944.00000000,89191.47000000
15/11/2024 18:00,89387.99000000,89484.84000000,89810.00000000,89214.55000000
15/11/2024 19:00,90377.89000000,89388.00000000,90844.90000000,89260.00000000
15/11/2024 20:00,91447.98000000,90377.89000000,91461.01000000,90324.85000000
15/11/2024 21:00,91678.78000000,91447.99000000,91830.35000000,91067.60000000
15/11/2024 22:00,91208.00000000,91678.78000000,91850.00000000,91033.66000000
15/11/2024 23:00,91032.07000000,91208.00000000,91450.00000000,90866.72000000
16/11/2024 00:00,91000.00000000,91032.08000000,91348.50000000,90850.00000000
16/11/2024 01:00,91249.29000000,91000.00000000,91442.11000000,90942.42000000
16/11/2024 02:00,91405.54000000,91249.30000000,91709.06000000,91151.51000000
16/11/2024 03:00,91252.03000000,91405.54000000,91597.08000000,91053.48000000
16/11/2024 04:00,91269.69000000,91252.04000000,91400.00000000,91064.24000000
16/11/2024 05:00,91350.34000000,91269.70000000,91779.66000000,91144.74000000
16/11/2024 06:00,91192.00000000,91350.34000000,91447.74000000,91149.76000000
16/11/2024 07:00,91117.53000000,91192.00000000,91388.45000000,91068.19000000
16/11/2024 08:00,91425.98000000,91117.52000000,91430.00000000,91025.11000000
16/11/2024 09:00,91235.24000000,91425.98000000,91428.00000000,91199.18000000
16/11/2024 10:00,91393.93000000,91235.23000000,91598.13000000,91220.15000000
16/11/2024 11:00,91169.69000000,91393.94000000,91423.33000000,90993.15000000
16/11/2024 12:00,90894.74000000,91169.69000000,91320.00000000,90500.00000000
16/11/2024 13:00,90755.99000000,90894.75000000,91190.00000000,90684.21000000
16/11/2024 14:00,90968.00000000,90756.00000000,91074.22000000,90608.80000000
16/11/2024 15:00,90521.20000000,90968.01000000,91016.93000000,90056.17000000
16/11/2024 16:00,90612.65000000,90521.20000000,90865.48000000,90186.64000000
16/11/2024 17:00,90904.03000000,90612.64000000,91000.00000000,90505.39000000
16/11/2024 18:00,91303.04000000,90904.02000000,91396.03000000,90840.00000000
16/11/2024 19:00,91100.24000000,91303.04000000,91332.00000000,90949.61000000
16/11/2024 20:00,90752.01000000,91100.23000000,91181.82000000,90670.60000000
16/11/2024 21:00,90993.50000000,90752.01000000,91067.67000000,90702.00000000
16/11/2024 22:00,90328.39000000,90993.49000000,91000.00000000,90300.00000000
16/11/2024 23:00,90586.92000000,90328.39000000,90651.98000000,90328.00000000
17/11/2024 00:00,90808.00000000,90587.98000000,90888.00000000,90576.00000000
17/11/2024 01:00,90272.74000000,90808.00000000,90876.81000000,90001.00000000
17/11/2024 02:00,90024.01000000,90272.73000000,90272.74000000,89364.00000000
17/11/2024 03:00,90247.86000000,90024.02000000,90247.86000000,89775.37000000
17/11/2024 04:00,90576.00000000,90247.86000000,90681.37000000,90158.56000000
17/11/2024 05:00,90470.13000000,90576.01000000,90888.00000000,90374.45000000
17/11/2024 06:00,90645.44000000,90470.13000000,90769.99000000,90369.72000000
17/11/2024 07:00,90550.80000000,90645.44000000,90666.67000000,90368.00000000
17/11/2024 08:00,90985.11000000,90550.80000000,91050.01000000,90478.99000000
17/11/2024 09:00,91295.24000000,90985.11000000,91449.99000000,90968.80000000
17/11/2024 10:00,91056.00000000,91295.24000000,91330.88000000,90882.74000000
17/11/2024 11:00,90684.19000000,91055.99000000,91076.00000000,90508.00000000
17/11/2024 12:00,91080.68000000,90684.19000000,91189.88000000,90632.00000000
17/11/2024 13:00,90504.01000000,91080.68000000,91112.00000000,90310.00000000
17/11/2024 14:00,90310.91000000,90504.02000000,90765.96000000,89925.91000000
17/11/2024 15:00,90260.01000000,90310.92000000,90587.99000000,90114.50000000
17/11/2024 16:00,90446.92000000,90260.01000000,90523.45000000,90076.29000000
17/11/2024 17:00,90578.66000000,90446.91000000,90640.18000000,90150.23000000
17/11/2024 18:00,89936.00000000,90578.66000000,90616.78000000,89832.44000000
17/11/2024 19:00,90044.00000000,89936.00000000,90140.00000000,89664.34000000
17/11/2024 20:00,89636.00000000,90044.00000000,90212.13000000,89500.00000000
17/11/2024 21:00,89137.98000000,89636.00000000,89748.02000000,89002.08000000
17/11/2024 22:00,89556.00000000,89137.97000000,89647.84000000,88722.00000000
17/11/2024 23:00,89855.99000000,89556.00000000,89863.99000000,89316.98000000
18/11/2024 00:00,89940.00000000,89855.98000000,90120.74000000,89617.96000000
18/11/2024 01:00,90747.57000000,89940.00000000,90935.44000000,89894.38000000
18/11/2024 02:00,90493.89000000,90747.57000000,90847.61000000,90405.01000000
18/11/2024 03:00,90668.58000000,90493.88000000,90676.92000000,90300.00000000
18/11/2024 04:00,90441.30000000,90668.58000000,90700.00000000,90438.85000000
18/11/2024 05:00,90615.71000000,90441.30000000,90809.36000000,90441.29000000
18/11/2024 06:00,92061.84000000,90615.72000000,92079.30000000,90615.71000000
18/11/2024 07:00,91719.90000000,92061.84000000,92300.00000000,91415.79000000
18/11/2024 08:00,91810.61000000,91719.90000000,92141.13000000,91555.54000000
18/11/2024 09:00,91710.60000000,91810.60000000,92211.99000000,91640.00000000
18/11/2024 10:00,91769.42000000,91710.59000000,92016.00000000,91680.00000000
18/11/2024 11:00,90275.13000000,91769.43000000,91816.01000000,90051.10000000
18/11/2024 12:00,90517.13000000,90275.13000000,90757.58000000,90100.50000000
18/11/2024 13:00,89502.23000000,90517.14000000,90595.98000000,89376.90000000
18/11/2024 14:00,90308.01000000,89502.23000000,91053.58000000,89436.29000000
18/11/2024 15:00,92309.51000000,90308.00000000,92594.00000000,90242.61000000
18/11/2024 16:00,91403.12000000,92309.51000000,92584.95000000,91121.23000000
18/11/2024 17:00,91564.69000000,91403.12000000,92149.85000000,90904.25000000
18/11/2024 18:00,90356.80000000,91564.69000000,91660.90000000,90100.00000000
18/11/2024 19:00,90608.26000000,90356.80000000,90640.00000000,89667.66000000
18/11/2024 20:00,91473.42000000,90608.26000000,91924.04000000,90412.00000000
18/11/2024 21:00,91276.33000000,91473.43000000,91980.00000000,91144.08000000
18/11/2024 22:00,91148.02000000,91276.33000000,91461.01000000,91001.00000000
18/11/2024 23:00,90464.08000000,91148.02000000,91220.00000000,90224.02000000
19/11/2024 00:00,91042.94000000,90464.07000000,91228.58000000,90357.00000000
19/11/2024 01:00,90714.26000000,91042.95000000,91241.46000000,90616.00000000
19/11/2024 02:00,91236.00000000,90714.27000000,91271.65000000,90702.73000000
19/11/2024 03:00,91428.00000000,91236.00000000,91529.00000000,91163.90000000
19/11/2024 04:00,91528.00000000,91428.00000000,91816.28000000,91248.01000000
19/11/2024 05:00,91877.00000000,91528.00000000,91891.80000000,91238.09000000
19/11/2024 06:00,91959.11000000,91877.00000000,91980.00000000,91598.50000000
19/11/2024 07:00,91620.01000000,91959.11000000,92000.00000000,91600.00000000
19/11/2024 08:00,91780.99000000,91620.00000000,91781.00000000,91400.03000000
19/11/2024 09:00,91694.38000000,91780.99000000,91950.00000000,91200.00000000
19/11/2024 10:00,91750.77000000,91694.37000000,91916.24000000,91485.04000000
19/11/2024 11:00,91652.02000000,91750.78000000,91842.89000000,91524.00000000
19/11/2024 12:00,92467.99000000,91652.01000000,92500.00000000,91652.01000000
19/11/2024 13:00,91142.28000000,92467.99000000,92788.00000000,91044.15000000
19/11/2024 14:00,91824.00000000,91142.27000000,92381.00000000,90975.80000000
19/11/2024 15:00,92391.99000000,91824.00000000,92446.00000000,91500.00000000
19/11/2024 16:00,92553.79000000,92391.99000000,92628.90000000,92147.12000000
19/11/2024 17:00,92853.76000000,92553.78000000,93265.80000000,92339.26000000
19/11/2024 18:00,93646.15000000,92853.75000000,93856.00000000,92711.50000000
19/11/2024 19:00,93227.87000000,93646.16000000,93905.51000000,93060.00000000
19/11/2024 20:00,92458.00000000,93227.87000000,93571.08000000,92165.05000000
19/11/2024 21:00,92196.82000000,92457.99000000,92748.00000000,91800.00000000
19/11/2024 22:00,91826.19000000,92196.82000000,92424.25000000,91320.00000000
19/11/2024 23:00,92310.79000000,91826.19000000,92333.77000000,91585.30000000
20/11/2024 00:00,92044.19000000,92310.80000000,92418.68000000,92000.00000000
20/11/2024 01:00,91976.79000000,92044.18000000,92284.53000000,91720.00000000
20/11/2024 02:00,91748.00000000,91976.79000000,92028.74000000,91580.00000000
20/11/2024 03:00,92039.99000000,91748.00000000,92066.66000000,91500.00000000
20/11/2024 04:00,92121.21000000,92039.99000000,92271.71000000,91850.00000000
20/11/2024 05:00,92505.47000000,92121.21000000,92516.00000000,91958.56000000
20/11/2024 06:00,92372.95000000,92505.47000000,92654.93000000,92352.59000000
20/11/2024 07:00,92850.38000000,92372.95000000,92851.09000000,92300.00000000
20/11/2024 08:00,93200.00000000,92850.38000000,93333.33000000,92720.00000000
20/11/2024 09:00,93100.01000000,93200.00000000,93669.98000000,92970.00000000
20/11/2024 10:00,93278.50000000,93100.01000000,93520.00000000,93009.98000000
20/11/2024 11:00,93454.65000000,93278.50000000,93614.98000000,92808.00000000
20/11/2024 12:00,93531.95000000,93454.65000000,93750.00000000,93314.49000000
20/11/2024 13:00,94382.88000000,93531.95000000,94585.23000000,93531.94000000
20/11/2024 14:00,94627.41000000,94382.87000000,94750.00000000,93828.00000000
20/11/2024 15:00,94739.97000000,94627.41000000,94807.62000000,94050.00000000
20/11/2024 16:00,94048.00000000,94739.98000000,94831.97000000,93316.00000000
20/11/2024 17:00,93916.34000000,94048.00000000,94338.99000000,93594.31000000
20/11/2024 18:00,93684.00000000,93916.34000000,94272.35000000,93138.00000000
20/11/2024 19:00,94000.00000000,93684.00000000,94000.00000000,93240.12000000
20/11/2024 20:00,94271.99000000,94000.00000000,94599.98000000,93801.45000000
20/11/2024 21:00,94365.92000000,94271.99000000,94500.00000000,93900.01000000
20/11/2024 22:00,94160.55000000,94365.92000000,94490.00000000,93933.62000000
20/11/2024 23:00,94286.56000000,94160.56000000,94286.56000000,93770.07000000
21/11/2024 00:00,94709.61000000,94286.56000000,94925.66000000,94194.62000000
21/11/2024 01:00,94702.49000000,94709.62000000,94977.00000000,94596.00000000
21/11/2024 02:00,94404.13000000,94702.48000000,94757.57000000,94040.00000000
21/11/2024 03:00,95798.12000000,94404.14000000,95904.00000000,94400.00000000
21/11/2024 04:00,97554.22000000,95798.12000000,97662.36000000,95798.11000000
21/11/2024 05:00,97328.00000000,97554.22000000,97852.00000000,96692.00000000
21/11/2024 06:00,97004.02000000,97328.01000000,97400.00000000,96800.01000000
21/11/2024 07:00,96912.01000000,97004.03000000,97384.62000000,96912.00000000
21/11/2024 08:00,97107.99000000,96912.01000000,97155.01000000,96723.96000000
21/11/2024 09:00,97613.24000000,97107.99000000,97699.76000000,97024.00000000
21/11/2024 10:00,97756.00000000,97613.24000000,97787.49000000,97272.18000000
21/11/2024 11:00,97974.99000000,97756.00000000,98384.86000000,97729.77000000
21/11/2024 12:00,97317.93000000,97975.00000000,98250.00000000,97300.00000000
21/11/2024 13:00,97512.01000000,97317.93000000,97743.85000000,97019.94000000
21/11/2024 14:00,97042.86000000,97512.01000000,97681.43000000,96521.73000000
21/11/2024 15:00,96672.00000000,97042.85000000,97124.29000000,95600.00000000
21/11/2024 16:00,97147.99000000,96672.00000000,97400.00000000,96276.69000000
21/11/2024 17:00,98048.65000000,97147.99000000,98055.99000000,96927.42000000
21/11/2024 18:00,98280.01000000,98048.65000000,98437.50000000,97668.00000000
21/11/2024 19:00,97829.83000000,98280.02000000,98988.00000000,97721.96000000
21/11/2024 20:00,98118.16000000,97829.84000000,98686.86000000,97608.18000000
21/11/2024 21:00,97973.80000000,98118.16000000,98200.00000000,97533.18000000
21/11/2024 22:00,98356.00000000,97973.81000000,98430.23000000,97850.00000000
21/11/2024 23:00,98317.12000000,98355.99000000,98723.65000000,98305.34000000
22/11/2024 00:00,97987.57000000,98317.12000000,98516.00000000,97841.57000000
22/11/2024 01:00,98081.60000000,97987.56000000,98377.26000000,97840.00000000
22/11/2024 02:00,98617.46000000,98081.61000000,98779.62000000,98039.55000000
22/11/2024 03:00,98836.50000000,98617.46000000,99299.99000000,98422.33000000
22/11/2024 04:00,98797.21000000,98836.49000000,99100.00000000,98666.67000000
22/11/2024 05:00,98790.97000000,98797.21000000,98988.00000000,98517.21000000
22/11/2024 06:00,98999.99000000,98790.97000000,99030.31000000,98624.41000000
22/11/2024 07:00,99173.70000000,99000.00000000,99419.99000000,98875.82000000
22/11/2024 08:00,98815.79000000,99173.70000000,99267.19000000,98750.00000000
22/11/2024 09:00,98702.00000000,98815.79000000,98847.79000000,98358.00000000
22/11/2024 10:00,98400.00000000,98702.01000000,98768.00000000,98256.41000000
22/11/2024 11:00,98870.38000000,98400.00000000,98937.00000000,98219.84000000
22/11/2024 12:00,98621.04000000,98870.39000000,98949.00000000,98492.00000000
22/11/2024 13:00,97763.54000000,98621.05000000,98628.87000000,97344.90000000
22/11/2024 14:00,97296.00000000,97763.54000000,98147.41000000,97122.11000000
22/11/2024 15:00,98664.00000000,97296.00000000,98770.00000000,97155.68000000
22/11/2024 16:00,98865.30000000,98663.99000000,99010.00000000,98220.00000000
22/11/2024 17:00,98801.87000000,98865.30000000,99275.00000000,98753.66000000
22/11/2024 18:00,99108.87000000,98801.87000000,99174.00000000,98677.37000000
22/11/2024 19:00,99079.74000000,99108.87000000,99588.01000000,98838.01000000
22/11/2024 20:00,99163.99000000,99079.74000000,99449.00000000,98924.01000000
22/11/2024 21:00,99272.72000000,99164.00000000,99307.27000000,98711.37000000
22/11/2024 22:00,98627.35000000,99272.72000000,99369.99000000,98535.00000000
22/11/2024 23:00,98892.00000000,98627.36000000,98904.00000000,98576.85000000
23/11/2024 00:00,98634.89000000,98892.00000000,98908.85000000,98550.02000000
23/11/2024 01:00,98590.00000000,98634.88000000,98655.72000000,98313.48000000
23/11/2024 02:00,98483.54000000,98590.00000000,98604.01000000,98300.00000000
23/11/2024 03:00,98666.67000000,98483.53000000,98800.00000000,98404.02000000
23/11/2024 04:00,98576.14000000,98666.66000000,98695.95000000,98284.61000000
23/11/2024 05:00,98755.15000000,98576.14000000,98769.24000000,98399.83000000
23/11/2024 06:00,98709.90000000,98755.15000000,98800.00000000,98583.72000000
23/11/2024 07:00,98560.85000000,98709.90000000,98720.00000000,98408.57000000
23/11/2024 08:00,98451.98000000,98560.84000000,98623.76000000,98369.00000000
23/11/2024 09:00,98449.07000000,98451.98000000,98539.69000000,98359.17000000
23/11/2024 10:00,98408.55000000,98449.06000000,98564.11000000,98300.00000000
23/11/2024 11:00,98429.99000000,98408.55000000,98523.10000000,98374.25000000
23/11/2024 12:00,98598.75000000,98430.00000000,98619.99000000,98415.00000000
23/11/2024 13:00,98532.08000000,98598.74000000,98847.68000000,98532.08000000
23/11/2024 14:00,98744.37000000,98532.09000000,98783.85000000,98465.04000000
23/11/2024 15:00,98400.00000000,98744.37000000,98779.70000000,98400.00000000
23/11/2024 16:00,97708.85000000,98400.01000000,98459.56000000,97533.00000000
23/11/2024 17:00,97900.79000000,97708.85000000,98051.29000000,97336.06000000
23/11/2024 18:00,97839.99000000,97900.79000000,98067.66000000,97636.36000000
23/11/2024 19:00,97504.00000000,97839.99000000,97840.00000000,97362.00000000
23/11/2024 20:00,97703.52000000,97504.00000000,97712.63000000,97136.00000000
23/11/2024 21:00,97962.80000000,97703.53000000,98015.82000000,97544.06000000
23/11/2024 22:00,97631.99000000,97962.81000000,98015.82000000,97508.83000000
23/11/2024 23:00,97672.40000000,97632.00000000,97727.28000000,97402.87000000
24/11/2024 00:00,97919.50000000,97672.40000000,97998.95000000,97620.74000000
24/11/2024 01:00,98182.40000000,97919.51000000,98400.00000000,97919.50000000
24/11/2024 02:00,98390.66000000,98182.40000000,98564.00000000,98182.40000000
24/11/2024 03:00,98200.10000000,98390.66000000,98428.00000000,98105.01000000
24/11/2024 04:00,98169.21000000,98200.10000000,98260.00000000,97872.20000000
24/11/2024 05:00,98264.44000000,98169.22000000,98269.99000000,97915.00000000
24/11/2024 06:00,98360.02000000,98264.44000000,98412.14000000,98028.17000000
24/11/2024 07:00,98431.05000000,98360.03000000,98431.06000000,98168.62000000
24/11/2024 08:00,98067.75000000,98431.05000000,98472.98000000,97945.00000000
24/11/2024 09:00,97936.47000000,98067.75000000,98195.75000000,97816.23000000
24/11/2024 10:00,97668.85000000,97936.47000000,97974.12000000,97435.89000000
24/11/2024 11:00,97280.03000000,97668.85000000,97732.01000000,97239.29000000
24/11/2024 12:00,96899.99000000,97280.04000000,97430.02000000,96403.78000000
24/11/2024 13:00,97214.93000000,96899.99000000,97606.52000000,96726.00000000
24/11/2024 14:00,97029.95000000,97214.93000000,97214.94000000,96577.52000000
24/11/2024 15:00,95901.51000000,97029.96000000,97091.31000000,95900.01000000
24/11/2024 16:00,96404.00000000,95901.52000000,96747.98000000,95734.77000000
24/11/2024 17:00,95902.83000000,96403.99000000,96414.64000000,95747.57000000
24/11/2024 18:00,96537.56000000,95902.83000000,96563.87000000,95832.36000000
24/11/2024 19:00,96320.02000000,96537.56000000,96537.57000000,96120.92000000
24/11/2024 20:00,96826.49000000,96320.01000000,96844.46000000,96195.47000000
24/11/2024 21:00,96974.89000000,96826.48000000,96997.32000000,96591.17000000
24/11/2024 22:00,97999.99000000,96974.89000000,98000.00000000,96974.89000000
24/11/2024 23:00,97900.04000000,97999.99000000,98369.46000000,97531.00000000
25/11/2024 00:00,97714.28000000,97900.05000000,98050.00000000,97518.28000000
25/11/2024 01:00,97205.23000000,97714.28000000,97840.00000000,96888.00000000
25/11/2024 02:00,97368.63000000,97205.22000000,97714.28000000,97202.53000000
25/11/2024 03:00,97898.80000000,97368.62000000,97898.81000000,97339.16000000
25/11/2024 04:00,97800.00000000,97898.81000000,98050.00000000,97491.66000000
25/11/2024 05:00,98082.69000000,97799.99000000,98239.43000000,97776.39000000
25/11/2024 06:00,98082.86000000,98082.69000000,98376.99000000,98037.00000000
25/11/2024 07:00,98047.34000000,98082.87000000,98271.63000000,97735.29000000
25/11/2024 08:00,98217.77000000,98047.34000000,98292.00000000,97850.00000000
25/11/2024 09:00,98492.96000000,98217.77000000,98871.80000000,98205.00000000
25/11/2024 10:00,98319.34000000,98492.95000000,98680.94000000,98203.41000000
25/11/2024 11:00,98188.09000000,98319.35000000,98553.90000000,98031.11000000
25/11/2024 12:00,97900.00000000,98188.09000000,98313.08000000,97850.00000000
25/11/2024 13:00,97468.30000000,97900.01000000,97929.70000000,97222.22000000
25/11/2024 14:00,95385.49000000,97468.29000000,97640.00000000,95340.00000000
25/11/2024 15:00,96000.56000000,95385.50000000,96488.95000000,94525.00000000
25/11/2024 16:00,95912.00000000,96000.57000000,96500.00000000,95686.43000000
25/11/2024 17:00,95238.09000000,95912.00000000,95912.00000000,94850.00000000
25/11/2024 18:00,95139.99000000,95238.10000000,95908.59000000,94856.67000000
25/11/2024 19:00,94669.48000000,95140.00000000,95288.00000000,94400.00000000
25/11/2024 20:00,94955.89000000,94669.49000000,95300.00000000,94498.35000000
25/11/2024 21:00,93747.80000000,94955.89000000,95166.65000000,93564.00000000
25/11/2024 22:00,94404.49000000,93747.81000000,94414.17000000,92600.19000000
25/11/2024 23:00,93010.01000000,94404.49000000,94405.93000000,92820.00000000
26/11/2024 00:00,93836.50000000,93010.01000000,94356.00000000,92727.90000000
26/11/2024 01:00,94857.15000000,93836.58000000,94857.15000000,93819.87000000
26/11/2024 02:00,94587.98000000,94857.15000000,94923.69000000,94408.76000000
26/11/2024 03:00,94464.00000000,94587.99000000,94700.12000000,94234.59000000
26/11/2024 04:00,94309.52000000,94464.00000000,94536.79000000,94048.49000000
26/11/2024 05:00,94647.96000000,94309.52000000,94676.00000000,94188.23000000
26/11/2024 06:00,94495.96000000,94647.96000000,94973.37000000,94450.00000000
26/11/2024 07:00,93785.71000000,94495.96000000,94510.48000000,93500.08000000
26/11/2024 08:00,93142.85000000,93785.72000000,93785.72000000,92326.31000000
26/11/2024 09:00,93519.62000000,93142.85000000,93732.00000000,93064.00000000
26/11/2024 10:00,92327.99000000,93519.61000000,93750.00000000,92272.72000000
26/11/2024 11:00,92356.85000000,92327.99000000,92686.44000000,91466.52000000
26/11/2024 12:00,92164.21000000,92356.84000000,92670.00000000,91784.86000000
26/11/2024 13:00,92168.84000000,92164.21000000,92920.00000000,91914.61000000
26/11/2024 14:00,93274.15000000,92168.84000000,93546.20000000,91739.70000000
26/11/2024 15:00,92813.00000000,93274.14000000,93559.00000000,92316.71000000
26/11/2024 16:00,94029.43000000,92812.99000000,94685.60000000,92692.00000000
26/11/2024 17:00,93547.99000000,94029.42000000,94044.00000000,93425.16000000
26/11/2024 18:00,92119.99000000,93547.99000000,93632.00000000,92000.00000000
26/11/2024 19:00,91683.89000000,92120.00000000,92670.28000000,91554.11000000
26/11/2024 20:00,91036.01000000,91683.90000000,92040.00000000,90791.10000000
26/11/2024 21:00,91700.08000000,91036.00000000,91919.83000000,90850.45000000
26/11/2024 22:00,91811.14000000,91700.09000000,92364.00000000,91543.86000000
26/11/2024 23:00,91965.16000000,91811.14000000,92068.00000000,91588.00000000
27/11/2024 00:00,91939.33000000,91965.16000000,92428.58000000,91792.14000000
27/11/2024 01:00,92753.86000000,91939.33000000,92813.92000000,91824.34000000
27/11/2024 02:00,92943.34000000,92753.86000000,93037.38000000,92304.80000000
27/11/2024 03:00,92588.00000000,92943.34000000,92946.10000000,92521.73000000
27/11/2024 04:00,92568.00000000,92588.00000000,93211.20000000,92500.00000000
27/11/2024 05:00,92768.01000000,92568.00000000,92815.23000000,92361.66000000
27/11/2024 06:00,93068.16000000,92768.01000000,93393.19000000,92768.01000000
27/11/2024 07:00,93597.16000000,93068.15000000,93648.00000000,93024.00000000
27/11/2024 08:00,93433.21000000,93597.16000000,93609.93000000,93236.01000000
27/11/2024 09:00,93403.50000000,93433.20000000,93492.98000000,93109.12000000
27/11/2024 10:00,93821.35000000,93403.49000000,93885.60000000,93353.82000000
27/11/2024 11:00,93367.99000000,93821.35000000,93823.34000000,93316.87000000
27/11/2024 12:00,93499.99000000,93367.99000000,93500.00000000,92847.84000000
27/11/2024 13:00,94264.00000000,93499.99000000,94264.00000000,93416.00000000
27/11/2024 14:00,94833.41000000,94264.00000000,94885.00000000,94106.74000000
27/11/2024 15:00,95556.01000000,94833.42000000,95850.00000000,94316.00000000
27/11/2024 16:00,95689.19000000,95556.00000000,96333.10000000,95184.79000000
27/11/2024 17:00,96247.24000000,95689.18000000,96300.00000000,95300.90000000
27/11/2024 18:00,96119.51000000,96247.24000000,96539.33000000,96004.00000000
27/11/2024 19:00,96627.99000000,96119.51000000,96631.68000000,95893.13000000
27/11/2024 20:00,96482.75000000,96627.99000000,97208.21000000,96312.01000000
27/11/2024 21:00,96267.86000000,96482.96000000,96595.00000000,96052.39000000
27/11/2024 22:00,96047.47000000,96267.87000000,96520.00000000,96035.00000000
27/11/2024 23:00,95863.11000000,96047.47000000,96183.01000000,95731.72000000
28/11/2024 00:00,96552.01000000,95863.11000000,96564.00000000,95722.22000000
28/11/2024 01:00,96273.95000000,96552.00000000,96552.52000000,96084.00000000
28/11/2024 02:00,95699.79000000,96273.94000000,96439.69000000,95624.01000000
28/11/2024 03:00,95471.43000000,95699.79000000,95789.33000000,94822.54000000
28/11/2024 04:00,95742.72000000,95471.44000000,95840.65000000,95338.08000000
28/11/2024 05:00,95443.43000000,95742.73000000,95922.39000000,95350.22000000
28/11/2024 06:00,95479.07000000,95443.44000000,95692.00000000,95063.15000000
28/11/2024 07:00,95299.66000000,95479.07000000,95757.08000000,95218.01000000
28/11/2024 08:00,95456.01000000,95299.66000000,95615.45000000,95090.00000000
28/11/2024 09:00,94976.00000000,95456.02000000,95507.62000000,94940.10000000
28/11/2024 10:00,94958.74000000,94976.00000000,95149.61000000,94640.00000000
28/11/2024 11:00,95452.01000000,94958.74000000,95780.00000000,94760.84000000
28/11/2024 12:00,95484.01000000,95452.00000000,95688.68000000,95204.00000000
28/11/2024 13:00,95711.25000000,95484.01000000,95777.76000000,95025.13000000
28/11/2024 14:00,95376.04000000,95711.24000000,96221.80000000,95359.18000000
28/11/2024 15:00,95007.14000000,95376.03000000,95508.94000000,94900.00000000
28/11/2024 16:00,94972.00000000,95007.15000000,95308.00000000,94817.00000000
28/11/2024 17:00,94864.31000000,94972.00000000,95240.00000000,94821.77000000
28/11/2024 18:00,95290.21000000,94864.32000000,95329.58000000,94854.16000000
28/11/2024 19:00,95119.48000000,95290.21000000,95435.68000000,95024.00000000
28/11/2024 20:00,94820.01000000,95119.48000000,95131.53000000,94698.00000000
28/11/2024 21:00,95099.99000000,94820.00000000,95164.00000000,94809.52000000
28/11/2024 22:00,95651.79000000,95100.00000000,95651.82000000,95008.22000000
28/11/2024 23:00,95643.98000000,95651.78000000,96023.48000000,95530.24000000
29/11/2024 00:00,95476.01000000,95643.99000000,95825.40000000,95364.99000000
29/11/2024 01:00,95920.00000000,95476.00000000,95970.56000000,95407.20000000
29/11/2024 02:00,96739.98000000,95920.01000000,96859.00000000,95903.93000000
29/11/2024 03:00,96590.36000000,96739.99000000,96812.24000000,96436.51000000
29/11/2024 04:00,96263.83000000,96590.35000000,96630.09000000,96236.99000000
29/11/2024 05:00,96153.86000000,96263.84000000,96540.71000000,96153.85000000
29/11/2024 06:00,96266.19000000,96153.86000000,96358.00000000,95997.85000000
29/11/2024 07:00,95625.05000000,96266.18000000,96416.34000000,95600.03000000
29/11/2024 08:00,95979.99000000,95625.05000000,95998.76000000,95616.00000000
29/11/2024 09:00,96355.39000000,95980.00000000,96482.61000000,95870.71000000
29/11/2024 10:00,96844.01000000,96355.39000000,96849.00000000,96293.61000000
29/11/2024 11:00,97237.91000000,96844.00000000,97358.21000000,96548.00000000
29/11/2024 12:00,96929.07000000,97237.91000000,97500.00000000,96876.82000000
29/11/2024 13:00,97223.36000000,96929.07000000,97259.27000000,96768.00000000
29/11/2024 14:00,98002.01000000,97223.35000000,98052.00000000,96916.66000000
29/11/2024 15:00,98019.47000000,98002.01000000,98619.99000000,97685.46000000
29/11/2024 16:00,97779.99000000,98019.46000000,98440.00000000,97700.00000000
29/11/2024 17:00,96968.29000000,97779.99000000,97810.00000000,96952.00000000
29/11/2024 18:00,97175.99000000,96968.28000000,97359.36000000,96853.82000000
29/11/2024 19:00,97329.73000000,97175.99000000,97481.77000000,96879.53000000
29/11/2024 20:00,97307.98000000,97329.73000000,97624.62000000,97200.00000000
29/11/2024 21:00,97386.07000000,97307.98000000,97428.00000000,96981.01000000
29/11/2024 22:00,97292.69000000,97386.07000000,97477.01000000,97232.00000000
29/11/2024 23:00,97460.00000000,97292.69000000,97486.27000000,97111.47000000
30/11/2024 00:00,96968.06000000,97460.00000000,97463.95000000,96946.06000000
30/11/2024 01:00,96425.22000000,96968.06000000,96968.07000000,96425.21000000
30/11/2024 02:00,96609.21000000,96425.22000000,96703.68000000,96309.85000000
30/11/2024 03:00,96640.02000000,96609.20000000,96708.44000000,96394.56000000
30/11/2024 04:00,96680.18000000,96640.02000000,96730.66000000,96532.70000000
30/11/2024 05:00,97102.32000000,96680.18000000,97183.51000000,96680.17000000
30/11/2024 06:00,96639.66000000,97102.33000000,97234.02000000,96602.00000000
30/11/2024 07:00,96783.38000000,96639.67000000,96920.00000000,96550.25000000
30/11/2024 08:00,96953.49000000,96783.38000000,96968.78000000,96699.97000000
30/11/2024 09:00,96779.98000000,96953.48000000,96953.49000000,96617.05000000
30/11/2024 10:00,96137.48000000,96779.98000000,96802.79000000,96121.00000000
30/11/2024 11:00,96267.99000000,96137.48000000,96444.00000000,96092.01000000
30/11/2024 12:00,96553.23000000,96267.99000000,96563.98000000,96242.14000000
30/11/2024 13:00,96405.34000000,96553.23000000,96682.54000000,96404.00000000
30/11/2024 14:00,96462.64000000,96405.34000000,96720.00000000,96308.00000000
30/11/2024 15:00,96645.41000000,96462.65000000,96732.15000000,96403.20000000
30/11/2024 16:00,96871.31000000,96645.42000000,96960.00000000,96531.35000000
30/11/2024 17:00,96780.38000000,96871.31000000,96964.00000000,96777.77000000
30/11/2024 18:00,96966.37000000,96780.38000000,97010.00000000,96764.50000000
30/11/2024 19:00,97019.68000000,96966.37000000,97062.50000000,96876.51000000
30/11/2024 20:00,96967.99000000,97019.69000000,97040.00000000,96824.78000000
30/11/2024 21:00,96792.02000000,96967.99000000,96977.69000000,96772.35000000
30/11/2024 22:00,96466.11000000,96792.03000000,96831.84000000,96344.00000000
30/11/2024 23:00,96407.99000000,96466.11000000,96592.00000000,96320.99000000
01/12/2024 00:00,96340.60000000,96407.99000000,96672.49000000,96260.00000000
01/12/2024 01:00,96106.62000000,96340.61000000,96516.00000000,96044.21000000
01/12/2024 02:00,95776.22000000,96106.62000000,96518.88000000,95693.88000000
01/12/2024 03:00,96336.75000000,95776.22000000,96441.72000000,95770.03000000
01/12/2024 04:00,96515.52000000,96336.76000000,96515.52000000,96195.99000000
01/12/2024 05:00,96308.83000000,96515.51000000,96515.51000000,96284.51000000
01/12/2024 06:00,96327.66000000,96308.82000000,96483.98000000,96284.52000000
01/12/2024 07:00,96472.97000000,96327.65000000,96490.62000000,96299.10000000
01/12/2024 08:00,97048.01000000,96472.97000000,97179.04000000,96424.99000000
01/12/2024 09:00,97030.15000000,97048.00000000,97098.53000000,96853.82000000
01/12/2024 10:00,96811.99000000,97030.15000000,97036.00000000,96535.87000000
01/12/2024 11:00,97108.89000000,96811.99000000,97140.00000000,96811.99000000
01/12/2024 12:00,96774.49000000,97108.89000000,97130.56000000,96774.48000000
01/12/2024 13:00,97071.93000000,96774.48000000,97388.78000000,96660.88000000
01/12/2024 14:00,97289.78000000,97071.93000000,97332.88000000,96968.25000000
01/12/2024 15:00,97028.02000000,97289.77000000,97311.95000000,96960.51000000
01/12/2024 16:00,97187.98000000,97028.02000000,97333.00000000,97000.00000000
01/12/2024 17:00,97299.97000000,97187.98000000,97299.98000000,97035.02000000
01/12/2024 18:00,97118.69000000,97299.97000000,97523.41000000,97095.23000000
01/12/2024 19:00,97178.73000000,97118.69000000,97306.59000000,96958.48000000
01/12/2024 20:00,97099.99000000,97178.73000000,97200.00000000,96800.01000000
01/12/2024 21:00,97767.62000000,97099.99000000,97780.00000000,97052.16000000
01/12/2024 22:00,97562.56000000,97767.61000000,97836.00000000,97384.00000000
01/12/2024 23:00,97185.18000000,97562.56000000,97771.04000000,97170.50000000
02/12/2024 00:00,97436.75000000,97185.17000000,97613.08000000,97068.84000000
02/12/2024 01:00,97964.93000000,97436.75000000,98130.00000000,97405.26000000
02/12/2024 02:00,97644.76000000,97964.93000000,98050.00000000,97445.87000000
02/12/2024 03:00,96483.75000000,97644.75000000,97662.60000000,96350.00000000
02/12/2024 04:00,96708.00000000,96483.75000000,96841.27000000,96077.00000000
02/12/2024 05:00,96359.99000000,96708.00000000,96924.00000000,96349.01000000
02/12/2024 06:00,96279.99000000,96359.99000000,96434.02000000,96141.43000000
02/12/2024 07:00,95999.99000000,96279.99000000,96465.38000000,95749.97000000
02/12/2024 08:00,95053.66000000,95999.99000000,96112.00000000,94872.00000000
02/12/2024 09:00,95493.18000000,95053.66000000,95546.21000000,94967.32000000
02/12/2024 10:00,94972.01000000,95492.81000000,95496.75000000,94820.41000000
02/12/2024 11:00,95128.68000000,94972.01000000,95332.80000000,94868.33000000
02/12/2024 12:00,94972.02000000,95128.67000000,95407.64000000,94766.00000000
02/12/2024 13:00,95679.99000000,94972.03000000,95822.61000000,94837.77000000
02/12/2024 14:00,96321.27000000,95679.99000000,96814.73000000,95501.00000000
02/12/2024 15:00,97048.00000000,96321.27000000,97214.77000000,95701.53000000
02/12/2024 16:00,96167.46000000,97048.01000000,97356.69000000,96000.00000000
02/12/2024 17:00,94604.03000000,96167.45000000,96573.00000000,94395.00000000
02/12/2024 18:00,95646.14000000,94604.03000000,95839.44000000,94488.00000000
02/12/2024 19:00,95816.00000000,95646.13000000,95856.40000000,95157.12000000
02/12/2024 20:00,95666.66000000,95816.01000000,96327.87000000,95451.33000000
02/12/2024 21:00,95406.88000000,95666.66000000,95754.64000000,95345.05000000
02/12/2024 22:00,95372.00000000,95406.88000000,95529.34000000,95112.01000000
02/12/2024 23:00,95840.62000000,95372.00000000,95869.28000000,95328.00000000
03/12/2024 00:00,95804.03000000,95840.61000000,96105.26000000,95680.00000000
03/12/2024 01:00,95524.08000000,95804.04000000,95920.64000000,95454.54000000
03/12/2024 02:00,96035.49000000,95524.08000000,96305.52000000,95400.00000000
03/12/2024 03:00,96079.36000000,96035.48000000,96210.42000000,95916.02000000
03/12/2024 04:00,95920.64000000,96079.36000000,96220.00000000,95900.00000000
03/12/2024 05:00,96155.18000000,95920.64000000,96168.00000000,95848.36000000
03/12/2024 06:00,95632.22000000,96155.17000000,96238.10000000,95522.44000000
03/12/2024 07:00,95550.00000000,95632.22000000,95721.95000000,95277.35000000
03/12/2024 08:00,95528.00000000,95550.00000000,95662.94000000,95305.95000000
03/12/2024 09:00,95256.01000000,95528.00000000,95539.69000000,95158.00000000
03/12/2024 10:00,94697.90000000,95256.00000000,95482.63000000,94641.93000000
03/12/2024 11:00,94988.01000000,94697.90000000,95033.99000000,94595.38000000
03/12/2024 12:00,94813.58000000,94988.00000000,95005.67000000,94679.51000000
03/12/2024 13:00,93715.98000000,94813.59000000,94871.23000000,93670.00000000
03/12/2024 14:00,95235.25000000,93715.98000000,95448.97000000,93578.17000000
03/12/2024 15:00,95682.54000000,95235.25000000,96250.00000000,95100.36000000
03/12/2024 16:00,95112.00000000,95682.54000000,96169.99000000,94860.00000000
03/12/2024 17:00,95828.00000000,95112.00000000,95900.00000000,94882.83000000
03/12/2024 18:00,95481.15000000,95828.01000000,95828.01000000,95270.20000000
03/12/2024 19:00,95428.60000000,95481.15000000,95500.00000000,94939.77000000
03/12/2024 20:00,95615.06000000,95428.61000000,95680.00000000,95272.50000000
03/12/2024 21:00,96000.00000000,95615.06000000,96100.00000000,95545.82000000
03/12/2024 22:00,96117.76000000,96000.01000000,96140.01000000,95644.44000000
03/12/2024 23:00,95849.69000000,96117.76000000,96124.28000000,95811.31000000
04/12/2024 00:00,95746.42000000,95849.69000000,96027.35000000,95572.18000000
04/12/2024 01:00,96216.00000000,95746.41000000,96614.16000000,95449.98000000
04/12/2024 02:00,95788.00000000,96216.00000000,96223.34000000,95224.17000000
04/12/2024 03:00,95770.32000000,95788.01000000,95896.00000000,95548.75000000
04/12/2024 04:00,96024.80000000,95770.32000000,96050.10000000,95717.54000000
04/12/2024 05:00,96480.22000000,96024.80000000,96480.23000000,96016.68000000
04/12/2024 06:00,96539.68000000,96480.22000000,96714.41000000,96279.80000000
04/12/2024 07:00,96588.81000000,96539.69000000,96702.79000000,96404.54000000
04/12/2024 08:00,96687.53000000,96588.81000000,96810.12000000,96524.40000000
04/12/2024 09:00,96815.78000000,96687.53000000,96950.00000000,96661.53000000
04/12/2024 10:00,96512.00000000,96815.78000000,96836.10000000,96430.00000000
04/12/2024 11:00,96190.41000000,96511.99000000,96512.00000000,96172.00000000
04/12/2024 12:00,95967.98000000,96190.41000000,96277.71000000,95684.67000000
04/12/2024 13:00,95665.51000000,95967.98000000,96011.61000000,95352.41000000
04/12/2024 14:00,95822.99000000,95665.51000000,96560.00000000,95456.37000000
04/12/2024 15:00,95742.81000000,95822.99000000,96386.20000000,95411.47000000
04/12/2024 16:00,94847.81000000,95742.80000000,95820.00000000,94587.83000000
04/12/2024 17:00,95546.62000000,94847.81000000,95571.63000000,94685.51000000
04/12/2024 18:00,96111.01000000,95546.63000000,96225.48000000,95451.00000000
04/12/2024 19:00,97209.64000000,96111.01000000,97232.01000000,96043.65000000
04/12/2024 20:00,98747.97000000,97209.64000000,99000.00000000,97128.52000000
04/12/2024 21:00,97691.11000000,98747.96000000,98900.00000000,97416.59000000
04/12/2024 22:00,98174.61000000,97691.11000000,98598.00000000,97544.00000000
04/12/2024 23:00,98587.32000000,98174.60000000,99000.00000000,98164.01000000
05/12/2024 00:00,98296.01000000,98587.32000000,98799.00000000,98212.53000000
05/12/2024 01:00,98179.14000000,98296.01000000,98648.47000000,97888.89000000
05/12/2024 02:00,101248.19000000,98179.14000000,101616.22000000,98138.23000000
05/12/2024 03:00,102964.00000000,101248.19000000,104088.00000000,101248.19000000
05/12/2024 04:00,103339.96000000,102964.00000000,103544.71000000,102484.00000000
05/12/2024 05:00,102450.01000000,103339.96000000,103455.13000000,101706.35000000
05/12/2024 06:00,101904.02000000,102450.01000000,102662.46000000,101421.59000000
05/12/2024 07:00,102236.10000000,101904.02000000,102560.76000000,101324.16000000
05/12/2024 08:00,102764.00000000,102236.10000000,102899.99000000,102236.10000000
05/12/2024 09:00,102698.24000000,102764.01000000,103159.76000000,102565.63000000
05/12/2024 10:00,102280.62000000,102698.25000000,102920.00000000,102260.00000000
05/12/2024 11:00,102566.91000000,102280.62000000,102672.84000000,102237.79000000
05/12/2024 12:00,102846.15000000,102566.91000000,103295.99000000,102452.95000000
05/12/2024 13:00,102753.90000000,102846.16000000,103250.00000000,102684.73000000
05/12/2024 14:00,103507.99000000,102753.91000000,103550.00000000,102280.00000000
05/12/2024 15:00,101292.01000000,103508.00000000,103540.00000000,100925.97000000
05/12/2024 16:00,101037.51000000,101292.00000000,101999.00000000,100568.02000000
05/12/2024 17:00,101282.36000000,101037.50000000,101356.00000000,100533.41000000
05/12/2024 18:00,100179.24000000,101282.37000000,101521.14000000,100172.67000000
05/12/2024 19:00,99028.00000000,100179.24000000,100932.00000000,98599.36000000
05/12/2024 20:00,99072.84000000,99028.01000000,99424.00000000,97888.00000000
05/12/2024 21:00,98908.02000000,99072.84000000,99479.72000000,98801.93000000
05/12/2024 22:00,96589.04000000,98908.01000000,99040.00000000,90500.00000000
05/12/2024 23:00,96945.63000000,96589.03000000,97457.55000000,95340.00000000
06/12/2024 00:00,97551.99000000,96945.63000000,97757.51000000,95981.72000000
06/12/2024 01:00,98118.38000000,97551.99000000,98828.70000000,97109.68000000
06/12/2024 02:00,97589.74000000,98118.38000000,98161.07000000,97473.68000000
06/12/2024 03:00,97735.29000000,97589.75000000,97752.14000000,97186.27000000
06/12/2024 04:00,97877.50000000,97735.29000000,97972.85000000,97370.19000000
06/12/2024 05:00,97864.01000000,97877.51000000,98266.66000000,97633.26000000
06/12/2024 06:00,98079.96000000,97864.02000000,98275.90000000,97755.09000000
06/12/2024 07:00,98138.54000000,98079.97000000,98288.00000000,97759.74000000
06/12/2024 08:00,98345.38000000,98138.53000000,98705.23000000,98013.93000000
06/12/2024 09:00,98000.00000000,98345.38000000,98542.33000000,97927.22000000
06/12/2024 10:00,98124.78000000,98000.00000000,98186.00000000,97622.86000000
06/12/2024 11:00,98069.62000000,98124.79000000,98320.00000000,97812.42000000
06/12/2024 12:00,97636.29000000,98069.61000000,98382.36000000,97512.26000000
06/12/2024 13:00,98591.99000000,97638.55000000,98913.46000000,97512.26000000
06/12/2024 14:00,99481.69000000,98591.99000000,99483.81000000,98346.19000000
06/12/2024 15:00,99309.99000000,99481.68000000,99483.81000000,98568.82000000
06/12/2024 16:00,99004.07000000,99310.00000000,99500.00000000,98762.60000000
06/12/2024 17:00,100844.05000000,99004.06000000,101250.00000000,98882.58000000
06/12/2024 18:00,101363.95000000,100844.06000000,101766.48000000,100588.23000000
06/12/2024 19:00,101439.99000000,101363.95000000,101799.00000000,101120.16000000
06/12/2024 20:00,101360.00000000,101439.99000000,101898.99000000,101056.00000000
06/12/2024 21:00,100372.01000000,101360.00000000,101449.99000000,100290.90000000
06/12/2024 22:00,100504.00000000,100372.01000000,100707.37000000,100357.68000000
06/12/2024 23:00,99740.84000000,100504.00000000,100573.99000000,99053.03000000
07/12/2024 00:00,100272.01000000,99740.84000000,100406.15000000,99529.41000000
07/12/2024 01:00,100044.31000000,100272.01000000,100428.00000000,99824.62000000
07/12/2024 02:00,99930.01000000,100044.31000000,100169.42000000,99868.00000000
07/12/2024 03:00,99299.63000000,99930.01000000,99930.01000000,99285.71000000
07/12/2024 04:00,99494.57000000,99299.64000000,99666.31000000,99025.01000000
07/12/2024 05:00,99155.98000000,99494.58000000,99643.96000000,98844.00000000
07/12/2024 06:00,99336.27000000,99155.99000000,99393.60000000,99060.12000000
07/12/2024 07:00,99405.20000000,99336.28000000,99494.19000000,99108.00000000
07/12/2024 08:00,99414.76000000,99405.20000000,99561.44000000,99260.00000000
07/12/2024 09:00,99676.48000000,99414.76000000,99821.83000000,99414.75000000
07/12/2024 10:00,99529.50000000,99676.48000000,99708.43000000,99440.00000000
07/12/2024 11:00,99620.00000000,99529.50000000,99750.00000000,99421.53000000
07/12/2024 12:00,99426.87000000,99620.00000000,99703.55000000,99364.00000000
07/12/2024 13:00,99350.00000000,99426.88000000,99518.75000000,99304.00000000
07/12/2024 14:00,99465.30000000,99350.00000000,99779.34000000,99036.01000000
07/12/2024 15:00,99756.01000000,99465.30000000,99800.00000000,99336.00000000
07/12/2024 16:00,99621.56000000,99756.00000000,99799.99000000,99476.62000000
07/12/2024 17:00,99631.97000000,99621.57000000,99717.80000000,99460.37000000
07/12/2024 18:00,100123.32000000,99631.98000000,100263.64000000,99582.35000000
07/12/2024 19:00,100077.45000000,100123.32000000,100262.35000000,99920.31000000
07/12/2024 20:00,100313.57000000,100077.45000000,100380.72000000,100077.45000000
07/12/2024 21:00,99869.80000000,100313.57000000,100439.18000000,99700.00000000
07/12/2024 22:00,99595.11000000,99869.81000000,100046.92000000,99595.11000000
07/12/2024 23:00,99831.99000000,99595.12000000,100259.00000000,99595.11000000
08/12/2024 00:00,99978.38000000,99831.99000000,99978.38000000,99632.28000000
08/12/2024 01:00,99848.36000000,99978.38000000,100128.00000000,99669.01000000
08/12/2024 02:00,100146.90000000,99848.35000000,100328.88000000,99750.17000000
08/12/2024 03:00,99934.82000000,100146.91000000,100260.00000000,99912.00000000
08/12/2024 04:00,99756.01000000,99934.83000000,100030.00000000,99694.66000000
08/12/2024 05:00,99534.26000000,99756.00000000,99783.56000000,99370.00000000
08/12/2024 06:00,99675.96000000,99534.26000000,99803.32000000,99336.00000000
08/12/2024 07:00,99675.11000000,99675.97000000,99863.35000000,99632.61000000
08/12/2024 08:00,98980.01000000,99675.11000000,99687.85000000,98964.00000000
08/12/2024 09:00,98884.02000000,98980.02000000,99300.00000000,98657.70000000
08/12/2024 10:00,99249.22000000,98884.03000000,99409.02000000,98876.00000000
08/12/2024 11:00,99701.16000000,99249.21000000,99844.28000000,99124.01000000
08/12/2024 12:00,99922.48000000,99701.17000000,100200.00000000,99452.00000000
08/12/2024 13:00,100408.80000000,99922.49000000,100500.00000000,99803.80000000
08/12/2024 14:00,99726.73000000,100408.79000000,100426.10000000,99724.75000000
08/12/2024 15:00,99912.01000000,99726.72000000,99964.63000000,99357.16000000
08/12/2024 16:00,99832.96000000,99912.01000000,100142.85000000,99733.15000000
08/12/2024 17:00,99943.98000000,99832.97000000,100000.00000000,99628.01000000
08/12/2024 18:00,99660.98000000,99943.99000000,100016.00000000,99563.83000000
08/12/2024 19:00,100100.98000000,99660.99000000,100198.00000000,99480.00000000
08/12/2024 20:00,99800.01000000,100100.99000000,100156.00000000,99800.00000000
08/12/2024 21:00,100026.97000000,99800.01000000,100058.83000000,99736.06000000
08/12/2024 22:00,100220.01000000,100026.98000000,100274.44000000,99879.21000000
08/12/2024 23:00,101109.59000000,100220.01000000,101351.00000000,100088.98000000
09/12/2024 00:00,99656.36000000,101109.60000000,101215.93000000,99347.98000000
09/12/2024 01:00,99528.54000000,99656.36000000,99863.99000000,99390.00000000
09/12/2024 02:00,99195.89000000,99528.55000000,99721.56000000,99009.73000000
09/12/2024 03:00,99090.84000000,99195.89000000,99350.45000000,98432.18000000
09/12/2024 04:00,99427.99000000,99090.84000000,99459.61000000,98767.54000000
09/12/2024 05:00,99435.87000000,99428.00000000,99554.89000000,99324.00000000
09/12/2024 06:00,99044.64000000,99435.87000000,99475.99000000,98856.02000000
09/12/2024 07:00,99576.51000000,99044.64000000,99729.88000000,98328.00000000
09/12/2024 08:00,98901.15000000,99576.51000000,99679.71000000,98808.00000000
09/12/2024 09:00,98406.08000000,98901.15000000,99099.99000000,98406.08000000
09/12/2024 10:00,98714.52000000,98406.08000000,98770.11000000,98272.04000000
09/12/2024 11:00,98088.47000000,98714.52000000,98714.52000000,98035.57000000
09/12/2024 12:00,98601.05000000,98088.47000000,98627.70000000,97948.01000000
09/12/2024 13:00,99004.03000000,98601.05000000,99211.58000000,98237.03000000
09/12/2024 14:00,100156.26000000,99004.03000000,100390.00000000,98856.00000000
09/12/2024 15:00,97812.00000000,100156.26000000,100421.80000000,97508.58000000
09/12/2024 16:00,97844.06000000,97812.00000000,98398.00000000,97460.00000000
09/12/2024 17:00,97368.04000000,97844.06000000,98240.00000000,97350.00000000
09/12/2024 18:00,97776.66000000,97368.05000000,98260.00000000,97365.48000000
09/12/2024 19:00,97070.32000000,97776.65000000,97776.66000000,97000.00000000
09/12/2024 20:00,96252.01000000,97070.33000000,97330.49000000,96111.00000000
09/12/2024 21:00,96892.00000000,96252.00000000,97572.52000000,94150.05000000
09/12/2024 22:00,96984.01000000,96892.00000000,97381.47000000,94837.42000000
09/12/2024 23:00,97276.47000000,96984.00000000,97533.14000000,96700.46000000
10/12/2024 00:00,97867.91000000,97276.48000000,98138.00000000,97000.00000000
10/12/2024 01:00,97946.00000000,97867.91000000,98058.50000000,97467.80000000
10/12/2024 02:00,96660.01000000,97946.00000000,97946.01000000,96614.27000000
10/12/2024 03:00,96931.99000000,96660.00000000,96947.26000000,95565.41000000
10/12/2024 04:00,97031.97000000,96931.99000000,97132.45000000,95900.00000000
10/12/2024 05:00,96941.99000000,97031.98000000,97051.99000000,96520.49000000
10/12/2024 06:00,97464.60000000,96941.99000000,97519.20000000,96810.85000000
10/12/2024 07:00,97196.44000000,97464.60000000,97502.74000000,96908.00000000
10/12/2024 08:00,97385.72000000,97196.44000000,97547.52000000,96938.19000000
10/12/2024 09:00,97489.10000000,97385.72000000,97680.00000000,97224.79000000
10/12/2024 10:00,97687.50000000,97489.10000000,97862.43000000,97489.09000000
10/12/2024 11:00,97722.52000000,97687.50000000,97937.50000000,97444.42000000
10/12/2024 12:00,97161.50000000,97722.53000000,97841.10000000,96864.04000000
10/12/2024 13:00,97738.36000000,97161.50000000,97929.99000000,97128.00000000
10/12/2024 14:00,97820.01000000,97738.35000000,98270.00000000,97140.00000000
10/12/2024 15:00,95658.79000000,97820.01000000,98113.68000000,95555.00000000
10/12/2024 16:00,96319.77000000,95658.79000000,96500.00000000,94508.69000000
10/12/2024 17:00,94484.01000000,96319.76000000,96391.17000000,94401.76000000
10/12/2024 18:00,95132.03000000,94484.01000000,95524.00000000,94256.54000000
10/12/2024 19:00,95856.50000000,95132.04000000,96171.14000000,94980.27000000
10/12/2024 20:00,96434.76000000,95856.50000000,96700.00000000,95616.00000000
10/12/2024 21:00,96858.00000000,96434.75000000,97200.70000000,96382.35000000
10/12/2024 22:00,96849.44000000,96858.00000000,97099.49000000,96587.43000000
10/12/2024 23:00,96593.00000000,96849.45000000,97128.62000000,96402.70000000
11/12/2024 00:00,96412.61000000,96593.00000000,96842.42000000,95816.36000000
11/12/2024 01:00,95752.02000000,96412.61000000,96635.79000000,95658.24000000
11/12/2024 02:00,97207.29000000,95752.02000000,97444.44000000,95677.96000000
11/12/2024 03:00,97398.43000000,97207.29000000,97625.76000000,97128.24000000
11/12/2024 04:00,97546.96000000,97398.42000000,97600.00000000,97181.70000000
11/12/2024 05:00,97495.19000000,97546.97000000,97700.00000000,97300.80000000
11/12/2024 06:00,97689.57000000,97495.20000000,97765.77000000,97391.40000000
11/12/2024 07:00,97334.60000000,97689.57000000,97790.36000000,97248.87000000
11/12/2024 08:00,98109.90000000,97334.59000000,98472.57000000,97316.78000000
11/12/2024 09:00,97999.99000000,98109.90000000,98171.35000000,97757.44000000
11/12/2024 10:00,98214.29000000,98000.00000000,98301.17000000,97862.66000000
11/12/2024 11:00,98292.61000000,98214.29000000,98450.00000000,98137.09000000
11/12/2024 12:00,98236.00000000,98292.61000000,98493.04000000,98164.02000000
11/12/2024 13:00,98736.86000000,98236.00000000,98865.47000000,98072.33000000
11/12/2024 14:00,99515.98000000,98736.86000000,99539.29000000,98369.82000000
11/12/2024 15:00,100361.64000000,99515.99000000,100800.00000000,99414.72000000
11/12/2024 16:00,100575.99000000,100361.64000000,101090.90000000,100295.61000000
11/12/2024 17:00,99781.90000000,100576.00000000,100982.07000000,99660.15000000
11/12/2024 18:00,100388.71000000,99781.89000000,100786.30000000,99608.23000000
11/12/2024 19:00,101122.71000000,100388.72000000,101141.01000000,100388.71000000
11/12/2024 20:00,101271.56000000,101122.71000000,101674.72000000,101024.75000000
11/12/2024 21:00,101520.12000000,101271.57000000,101536.70000000,100866.42000000
11/12/2024 22:00,101209.74000000,101520.13000000,101888.00000000,101180.63000000
11/12/2024 23:00,101125.00000000,101209.74000000,101500.00000000,101068.25000000
12/12/2024 00:00,100772.46000000,101125.00000000,101200.00000000,100559.71000000
12/12/2024 01:00,100496.30000000,100772.47000000,100861.98000000,100331.61000000
12/12/2024 02:00,101824.76000000,100496.30000000,101824.77000000,100496.30000000
12/12/2024 03:00,101025.87000000,101824.77000000,101829.00000000,100792.00000000
12/12/2024 04:00,100675.70000000,101025.88000000,101191.85000000,100572.00000000
12/12/2024 05:00,100618.86000000,100675.70000000,101136.92000000,100617.64000000
12/12/2024 06:00,100584.37000000,100618.87000000,100701.24000000,100402.82000000
12/12/2024 07:00,100499.99000000,100584.37000000,100828.16000000,100496.47000000
12/12/2024 08:00,100980.00000000,100499.99000000,101049.36000000,100470.58000000
12/12/2024 09:00,100814.07000000,100979.99000000,101126.54000000,100794.11000000
12/12/2024 10:00,100579.44000000,100814.06000000,100814.07000000,100473.14000000
12/12/2024 11:00,100358.42000000,100579.44000000,100637.97000000,100178.32000000
12/12/2024 12:00,100828.00000000,100358.42000000,100944.00000000,100348.35000000
12/12/2024 13:00,100911.99000000,100828.00000000,101545.78000000,100540.74000000
12/12/2024 14:00,101702.04000000,100912.00000000,101749.74000000,100629.41000000
12/12/2024 15:00,101797.14000000,101702.04000000,101861.60000000,100700.07000000
12/12/2024 16:00,101462.49000000,101797.14000000,102540.00000000,101462.49000000
12/12/2024 17:00,101617.65000000,101462.49000000,101700.00000000,101227.27000000
12/12/2024 18:00,100857.59000000,101617.64000000,101657.75000000,100831.00000000
12/12/2024 19:00,99481.32000000,100857.59000000,101052.77000000,99311.64000000
12/12/2024 20:00,100028.01000000,99481.33000000,100464.73000000,99465.33000000
12/12/2024 21:00,99760.01000000,100028.02000000,100109.09000000,99700.00000000
12/12/2024 22:00,100444.00000000,99760.01000000,100476.19000000,99513.00000000
12/12/2024 23:00,100004.29000000,100444.00000000,100476.00000000,99879.38000000
13/12/2024 00:00,100083.21000000,100004.29000000,100356.85000000,99939.85000000
13/12/2024 01:00,99323.94000000,100083.21000000,100140.00000000,99210.53000000
13/12/2024 02:00,99484.99000000,99323.94000000,99675.66000000,99205.00000000
13/12/2024 03:00,99729.09000000,99484.99000000,99793.50000000,99484.98000000
13/12/2024 04:00,100000.46000000,99729.09000000,100054.91000000,99652.00000000
13/12/2024 05:00,99890.00000000,100000.46000000,100172.00000000,99850.35000000
13/12/2024 06:00,99700.00000000,99889.99000000,100092.00000000,99700.00000000
13/12/2024 07:00,100130.00000000,99700.00000000,100225.52000000,99500.00000000
13/12/2024 08:00,100272.00000000,100130.01000000,100361.93000000,99896.00000000
13/12/2024 09:00,100100.00000000,100271.99000000,100340.00000000,99904.43000000
13/12/2024 10:00,100457.62000000,100100.00000000,100550.00000000,99913.51000000
13/12/2024 11:00,100353.37000000,100457.62000000,100789.00000000,100314.19000000
13/12/2024 12:00,100299.85000000,100353.37000000,100470.59000000,100142.11000000
13/12/2024 13:00,100284.35000000,100299.85000000,100527.91000000,99936.25000000
13/12/2024 14:00,101018.12000000,100284.36000000,101018.12000000,100220.92000000
13/12/2024 15:00,99873.16000000,101018.12000000,101375.26000000,99700.00000000
13/12/2024 16:00,100988.01000000,99873.16000000,101272.73000000,99800.00000000
13/12/2024 17:00,101737.89000000,100988.02000000,101777.75000000,100780.01000000
13/12/2024 18:00,101495.91000000,101737.88000000,101895.26000000,101293.14000000
13/12/2024 19:00,101462.34000000,101495.92000000,101617.65000000,101205.88000000
13/12/2024 20:00,101680.00000000,101462.34000000,101879.98000000,101227.97000000
13/12/2024 21:00,101303.64000000,101680.01000000,101691.46000000,101250.09000000
13/12/2024 22:00,101227.28000000,101303.63000000,101407.99000000,101090.90000000
13/12/2024 23:00,101424.25000000,101227.28000000,101529.42000000,101139.88000000
14/12/2024 00:00,101301.07000000,101424.24000000,101519.42000000,101148.35000000
14/12/2024 01:00,102145.28000000,101301.07000000,102650.00000000,101301.07000000
14/12/2024 02:00,102032.61000000,102145.28000000,102279.43000000,101668.45000000
14/12/2024 03:00,102088.00000000,102032.61000000,102344.00000000,102022.39000000
14/12/2024 04:00,101681.81000000,102088.00000000,102138.00000000,101590.90000000
14/12/2024 05:00,101722.80000000,101681.82000000,101816.71000000,101632.00000000
14/12/2024 06:00,101906.05000000,101722.79000000,102000.00000000,101690.37000000
14/12/2024 07:00,101824.00000000,101906.06000000,101923.99000000,101596.43000000
14/12/2024 08:00,101803.03000000,101824.00000000,101863.64000000,101578.58000000
14/12/2024 09:00,101551.28000000,101803.04000000,101803.04000000,101478.05000000
14/12/2024 10:00,101550.58000000,101551.29000000,101602.31000000,101321.00000000
14/12/2024 11:00,101583.99000000,101550.59000000,101697.50000000,101464.92000000
14/12/2024 12:00,101297.96000000,101584.00000000,101647.06000000,101241.26000000
14/12/2024 13:00,101170.05000000,101297.96000000,101411.63000000,100826.38000000
14/12/2024 14:00,101434.30000000,101170.04000000,101536.00000000,101163.64000000
14/12/2024 15:00,101625.12000000,101434.30000000,101742.43000000,101342.71000000
14/12/2024 16:00,101650.76000000,101625.12000000,101650.77000000,101420.01000000
14/12/2024 17:00,100988.00000000,101650.77000000,101737.70000000,100860.00000000
14/12/2024 18:00,100895.98000000,100988.01000000,101175.75000000,100831.63000000
14/12/2024 19:00,101313.54000000,100895.99000000,101411.77000000,100872.38000000
14/12/2024 20:00,100760.00000000,101313.54000000,101409.92000000,100609.41000000
14/12/2024 21:00,101074.68000000,100760.00000000,101187.03000000,100760.00000000
14/12/2024 22:00,101117.63000000,101074.68000000,101259.25000000,100895.53000000
14/12/2024 23:00,101420.00000000,101117.64000000,101499.08000000,101045.45000000
15/12/2024 00:00,101442.42000000,101420.00000000,101558.83000000,101237.14000000
15/12/2024 01:00,102134.48000000,101442.41000000,102196.97000000,101424.01000000
15/12/2024 02:00,101831.15000000,102134.48000000,102155.28000000,101775.88000000
15/12/2024 03:00,101733.82000000,101831.16000000,101931.73000000,101722.31000000
15/12/2024 04:00,102366.17000000,101733.83000000,102850.00000000,101733.82000000
15/12/2024 05:00,102159.29000000,102366.17000000,102511.81000000,102107.92000000
15/12/2024 06:00,101759.80000000,102159.29000000,102169.90000000,101759.80000000
15/12/2024 07:00,101732.09000000,101759.81000000,101941.18000000,101534.01000000
15/12/2024 08:00,102015.15000000,101732.09000000,102015.16000000,101581.07000000
15/12/2024 09:00,102264.34000000,102015.15000000,102270.95000000,101919.60000000
15/12/2024 10:00,102280.00000000,102264.34000000,102450.22000000,102147.58000000
15/12/2024 11:00,102671.44000000,102280.01000000,102691.01000000,102228.01000000
15/12/2024 12:00,102946.54000000,102671.44000000,103359.97000000,102533.33000000
15/12/2024 13:00,102784.65000000,102946.55000000,102987.43000000,102473.01000000
15/12/2024 14:00,102994.37000000,102784.65000000,103061.88000000,102622.99000000
15/12/2024 15:00,102704.01000000,102994.37000000,103039.99000000,102704.00000000
15/12/2024 16:00,103127.08000000,102704.00000000,103490.00000000,102583.65000000
15/12/2024 17:00,103164.00000000,103127.08000000,103368.19000000,102978.93000000
15/12/2024 18:00,103204.00000000,103164.01000000,103358.89000000,102984.58000000
15/12/2024 19:00,103252.95000000,103203.99000000,103455.00000000,103178.47000000
15/12/2024 20:00,103144.83000000,103252.96000000,103404.16000000,103066.67000000
15/12/2024 21:00,102859.06000000,103144.83000000,103197.67000000,102634.25000000
15/12/2024 22:00,103277.32000000,102859.05000000,103385.80000000,102621.50000000
15/12/2024 23:00,104463.99000000,103277.31000000,105250.00000000,103246.07000000
16/12/2024 00:00,105444.95000000,104463.99000000,106648.00000000,104324.50000000
16/12/2024 01:00,105531.99000000,105444.95000000,105591.58000000,104979.39000000
16/12/2024 02:00,104585.32000000,105532.00000000,105640.00000000,104446.28000000
16/12/2024 03:00,104582.28000000,104585.32000000,105000.00000000,104259.48000000
16/12/2024 04:00,104686.15000000,104582.28000000,104805.22000000,104469.89000000
16/12/2024 05:00,105028.00000000,104686.15000000,105064.00000000,104482.46000000
16/12/2024 06:00,105149.98000000,105028.01000000,105373.76000000,104956.00000000
16/12/2024 07:00,104992.79000000,105149.98000000,105420.76000000,104900.00000000
16/12/2024 08:00,104535.44000000,104992.79000000,105016.85000000,104505.22000000
16/12/2024 09:00,104676.72000000,104535.44000000,104942.48000000,104500.46000000
16/12/2024 10:00,104684.99000000,104676.73000000,104722.10000000,104350.01000000
16/12/2024 11:00,103757.99000000,104684.98000000,104836.36000000,103625.78000000
16/12/2024 12:00,103656.02000000,103758.00000000,104145.90000000,103333.00000000
16/12/2024 13:00,103908.02000000,103656.02000000,104138.99000000,103484.51000000
16/12/2024 14:00,105487.00000000,103908.03000000,106000.00000000,103879.25000000
16/12/2024 15:00,106332.01000000,105487.01000000,106499.99000000,105253.46000000
16/12/2024 16:00,106824.95000000,106332.00000000,107195.58000000,106140.00000000
16/12/2024 17:00,107078.55000000,106824.94000000,107195.00000000,106693.26000000
16/12/2024 18:00,107078.60000000,107078.55000000,107793.07000000,106882.47000000
16/12/2024 19:00,106583.12000000,107078.60000000,107078.61000000,105797.41000000
16/12/2024 20:00,105808.36000000,106583.13000000,106648.48000000,105762.56000000
16/12/2024 21:00,106057.77000000,105808.36000000,106274.90000000,105688.93000000
16/12/2024 22:00,105815.99000000,106057.78000000,106301.59000000,105721.39000000
16/12/2024 23:00,106058.66000000,105816.00000000,106064.00000000,105480.02000000
17/12/2024 00:00,105856.51000000,106058.65000000,106244.40000000,105657.34000000
17/12/2024 01:00,106376.00000000,105856.51000000,106469.29000000,105744.62000000
17/12/2024 02:00,106269.14000000,106376.01000000,106590.55000000,106197.74000000
17/12/2024 03:00,106866.49000000,106269.15000000,107000.00000000,106240.50000000
17/12/2024 04:00,106500.77000000,106866.50000000,106866.50000000,106412.99000000
17/12/2024 05:00,106817.43000000,106500.77000000,106823.28000000,106448.00000000
17/12/2024 06:00,106549.98000000,106817.44000000,106845.00000000,106368.45000000
17/12/2024 07:00,106805.75000000,106549.99000000,107143.29000000,106478.00000000
17/12/2024 08:00,107406.61000000,106805.75000000,107550.02000000,106753.53000000
17/12/2024 09:00,107306.03000000,107406.61000000,107474.10000000,107130.00000000
17/12/2024 10:00,107209.67000000,107306.03000000,107343.82000000,106897.44000000
17/12/2024 11:00,106808.31000000,107209.67000000,107329.49000000,106708.86000000
17/12/2024 12:00,107136.01000000,106808.31000000,107177.55000000,106534.29000000
17/12/2024 13:00,107298.42000000,107136.01000000,107620.09000000,106981.06000000
17/12/2024 14:00,108258.39000000,107298.42000000,108353.00000000,107056.13000000
17/12/2024 15:00,106478.47000000,108258.38000000,108258.38000000,105725.99000000
17/12/2024 16:00,107075.72000000,106478.48000000,107100.86000000,106148.00000000
17/12/2024 17:00,107506.37000000,107075.73000000,107617.12000000,106713.96000000
17/12/2024 18:00,106551.89000000,107506.37000000,107633.00000000,106410.55000000
17/12/2024 19:00,106475.89000000,106551.89000000,106986.44000000,106216.06000000
17/12/2024 20:00,106732.98000000,106475.89000000,106903.99000000,106156.22000000
17/12/2024 21:00,106411.54000000,106732.98000000,106799.18000000,106236.53000000
17/12/2024 22:00,105972.01000000,106411.53000000,106419.38000000,105321.49000000
17/12/2024 23:00,106133.74000000,105972.00000000,106350.01000000,105550.00000000
18/12/2024 00:00,106098.93000000,106133.74000000,106460.00000000,105620.03000000
18/12/2024 01:00,105332.84000000,106098.92000000,106524.98000000,104942.32000000
18/12/2024 02:00,105312.91000000,105335.23000000,105651.88000000,105016.00000000
18/12/2024 03:00,104763.98000000,105312.90000000,105331.63000000,104581.58000000
18/12/2024 04:00,103868.01000000,104763.99000000,104763.99000000,103516.98000000
18/12/2024 05:00,103572.17000000,103868.00000000,104125.18000000,103276.00000000
18/12/2024 06:00,103794.65000000,103572.16000000,104000.21000000,103137.82000000
18/12/2024 07:00,104250.75000000,103794.65000000,104317.82000000,103702.32000000
18/12/2024 08:00,103805.43000000,104250.75000000,104378.92000000,103729.18000000
18/12/2024 09:00,104047.99000000,103805.42000000,104435.00000000,103804.66000000
18/12/2024 10:00,104531.03000000,104047.99000000,104659.25000000,103984.00000000
18/12/2024 11:00,105028.33000000,104531.03000000,105033.33000000,104500.00000000
18/12/2024 12:00,104920.01000000,105028.33000000,105350.00000000,104687.44000000
18/12/2024 13:00,104580.58000000,104920.02000000,105271.80000000,104532.01000000
18/12/2024 14:00,104019.93000000,104580.57000000,104860.66000000,103855.07000000
18/12/2024 15:00,104428.54000000,104019.94000000,104569.41000000,103650.00000000
18/12/2024 16:00,104199.62000000,104428.54000000,104474.14000000,103380.43000000
18/12/2024 17:00,104656.18000000,104199.63000000,104819.83000000,103876.00000000
18/12/2024 18:00,104808.99000000,104656.18000000,104999.98000000,104150.01000000
18/12/2024 19:00,102817.82000000,104805.44000000,104805.44000000,102817.82000000
18/12/2024 20:00,100846.67000000,102817.82000000,102997.77000000,100303.72000000
18/12/2024 21:00,101010.55000000,100846.68000000,101745.45000000,100481.81000000
18/12/2024 22:00,101152.45000000,101010.54000000,101560.89000000,100648.99000000
18/12/2024 23:00,100204.01000000,101152.45000000,101203.45000000,100000.00000000
19/12/2024 00:00,100831.16000000,100204.01000000,100986.09000000,100128.00000000
19/12/2024 01:00,99768.97000000,100831.17000000,100903.28000000,99605.98000000
19/12/2024 02:00,100534.56000000,99768.97000000,100534.56000000,98802.00000000
19/12/2024 03:00,101193.15000000,100534.56000000,101310.25000000,100456.00000000
19/12/2024 04:00,100671.62000000,101193.15000000,101228.31000000,100629.99000000
19/12/2024 05:00,101300.01000000,100671.62000000,101415.25000000,100671.62000000
19/12/2024 06:00,101200.01000000,101300.01000000,101392.15000000,101015.44000000
19/12/2024 07:00,101656.57000000,101200.01000000,101727.28000000,101124.46000000
19/12/2024 08:00,101640.40000000,101656.57000000,101820.00000000,101380.10000000
19/12/2024 09:00,101815.99000000,101640.40000000,101873.08000000,101537.56000000
19/12/2024 10:00,102409.34000000,101815.99000000,102609.72000000,101758.19000000
19/12/2024 11:00,102449.99000000,102409.34000000,102514.05000000,102176.38000000
19/12/2024 12:00,101988.00000000,102450.00000000,102559.21000000,101882.09000000
19/12/2024 13:00,101952.44000000,101987.99000000,102216.07000000,101667.00000000
19/12/2024 14:00,100942.41000000,101952.44000000,102800.11000000,100694.07000000
19/12/2024 15:00,100679.86000000,100942.41000000,101063.38000000,99500.00000000
19/12/2024 16:00,100716.30000000,100679.86000000,101200.00000000,99830.00000000
19/12/2024 17:00,98855.86000000,100716.30000000,100748.87000000,97500.00000000
19/12/2024 18:00,98932.73000000,98855.86000000,98952.73000000,96900.00000000
19/12/2024 19:00,97199.72000000,98932.72000000,99064.06000000,96251.32000000
19/12/2024 20:00,96409.54000000,97199.72000000,97312.00000000,95700.00000000
19/12/2024 21:00,97417.66000000,96409.55000000,98090.90000000,95828.98000000
19/12/2024 22:00,98391.21000000,97417.66000000,98500.00000000,97231.02000000
19/12/2024 23:00,97461.86000000,98391.21000000,98400.01000000,97455.30000000
20/12/2024 00:00,97248.22000000,97461.86000000,97814.09000000,96648.78000000
20/12/2024 01:00,96319.99000000,97248.22000000,97542.68000000,96159.84000000
20/12/2024 02:00,97632.59000000,96319.99000000,97731.91000000,96000.00000000
20/12/2024 03:00,97106.02000000,97632.59000000,97784.81000000,96969.70000000
20/12/2024 04:00,97304.07000000,97106.02000000,97838.98000000,96839.40000000
20/12/2024 05:00,96734.32000000,97304.07000000,97491.95000000,96672.47000000
20/12/2024 06:00,97281.37000000,96734.33000000,97303.99000000,96374.03000000
20/12/2024 07:00,97832.53000000,97281.38000000,98233.00000000,97276.50000000
20/12/2024 08:00,95473.74000000,97832.52000000,97864.91000000,95300.00000000
20/12/2024 09:00,94811.85000000,95473.74000000,95738.79000000,94682.27000000
20/12/2024 10:00,94359.53000000,94811.85000000,95114.71000000,94000.00000000
20/12/2024 11:00,92723.98000000,94359.54000000,94749.92000000,92612.10000000
20/12/2024 12:00,93941.75000000,92723.99000000,94244.00000000,92232.54000000
20/12/2024 13:00,95204.00000000,93941.74000000,95803.57000000,93581.32000000
20/12/2024 14:00,95627.99000000,95204.00000000,96235.29000000,94745.87000000
20/12/2024 15:00,96991.62000000,95628.00000000,97572.00000000,95608.01000000
20/12/2024 16:00,96727.99000000,96991.63000000,97700.00000000,96300.00000000
20/12/2024 17:00,97206.59000000,96728.00000000,97375.45000000,96427.00000000
20/12/2024 18:00,96993.58000000,97206.60000000,97308.39000000,96602.69000000
20/12/2024 19:00,97116.00000000,96992.26000000,97748.00000000,96840.00000000
20/12/2024 20:00,96451.88000000,97116.00000000,97232.00000000,96422.06000000
20/12/2024 21:00,96623.29000000,96451.88000000,96647.36000000,95393.84000000
20/12/2024 22:00,97463.93000000,96623.29000000,97513.00000000,96451.03000000
20/12/2024 23:00,97805.44000000,97463.93000000,97816.44000000,97389.38000000
21/12/2024 00:00,97525.77000000,97805.44000000,97813.59000000,97216.32000000
21/12/2024 01:00,97357.23000000,97525.77000000,97668.68000000,97198.76000000
21/12/2024 02:00,97396.00000000,97357.23000000,97610.54000000,97188.09000000
21/12/2024 03:00,97487.46000000,97396.00000000,97487.47000000,97244.00000000
21/12/2024 04:00,97588.00000000,97487.47000000,97643.00000000,97378.50000000
21/12/2024 05:00,98691.98000000,97588.00000000,98692.00000000,97541.06000000
21/12/2024 06:00,98726.76000000,98691.98000000,98837.49000000,98318.60000000
21/12/2024 07:00,99040.00000000,98726.76000000,99540.61000000,98500.00000000
21/12/2024 08:00,98650.00000000,99040.00000000,99187.95000000,98438.01000000
21/12/2024 09:00,98565.82000000,98650.00000000,98686.77000000,98296.01000000
21/12/2024 10:00,98131.22000000,98565.82000000,98649.90000000,98043.12000000
21/12/2024 11:00,98262.08000000,98131.22000000,98424.77000000,97800.00000000
21/12/2024 12:00,97131.99000000,98262.08000000,98283.95000000,97105.26000000
21/12/2024 13:00,97344.54000000,97132.00000000,97500.48000000,96398.39000000
21/12/2024 14:00,97083.11000000,97344.02000000,97755.35000000,97069.40000000
21/12/2024 15:00,97527.97000000,97083.11000000,97719.86000000,97070.28000000
21/12/2024 16:00,97292.00000000,97527.96000000,97718.80000000,96951.41000000
21/12/2024 17:00,97595.28000000,97292.00000000,97695.80000000,97035.58000000
21/12/2024 18:00,97400.01000000,97595.29000000,97723.18000000,97287.87000000
21/12/2024 19:00,97269.03000000,97400.01000000,97436.69000000,96819.36000000
21/12/2024 20:00,97456.91000000,97269.03000000,98057.51000000,97224.83000000
21/12/2024 21:00,96892.00000000,97456.92000000,97577.99000000,96539.91000000
21/12/2024 22:00,97147.46000000,96892.00000000,97399.99000000,96624.00000000
21/12/2024 23:00,97291.99000000,97147.46000000,97313.26000000,96900.00000000
22/12/2024 00:00,97253.01000000,97292.00000000,97448.08000000,97052.00000000
22/12/2024 01:00,97060.01000000,97253.01000000,97432.69000000,96720.00000000
22/12/2024 02:00,96719.99000000,97060.00000000,97236.18000000,96613.18000000
22/12/2024 03:00,96994.37000000,96719.99000000,97320.00000000,96549.37000000
22/12/2024 04:00,96076.01000000,96994.37000000,97071.97000000,96072.00000000
22/12/2024 05:00,96156.19000000,96076.01000000,96409.64000000,95890.28000000
22/12/2024 06:00,96739.99000000,96156.19000000,96749.99000000,96112.00000000
22/12/2024 07:00,96210.24000000,96740.00000000,96847.99000000,96080.00000000
22/12/2024 08:00,96534.50000000,96210.25000000,96689.55000000,96196.85000000
22/12/2024 09:00,96940.27000000,96534.51000000,97256.02000000,96333.50000000
22/12/2024 10:00,97009.03000000,96940.27000000,97351.57000000,96852.00000000
22/12/2024 11:00,97101.28000000,97009.03000000,97334.25000000,96988.00000000
22/12/2024 12:00,96987.61000000,97101.29000000,97300.00000000,96836.36000000
22/12/2024 13:00,96976.00000000,96987.61000000,97250.00000000,96850.00000000
22/12/2024 14:00,95363.44000000,96976.00000000,97044.02000000,95254.77000000
22/12/2024 15:00,95377.72000000,95363.44000000,95660.80000000,95109.13000000
22/12/2024 16:00,95715.09000000,95377.71000000,95888.09000000,95200.00000000
22/12/2024 17:00,95612.19000000,95715.09000000,95854.54000000,95457.62000000
22/12/2024 18:00,95955.22000000,95612.18000000,96444.45000000,95371.96000000
22/12/2024 19:00,94836.55000000,95955.23000000,96152.00000000,94700.00000000
22/12/2024 20:00,95592.49000000,94836.55000000,95624.00000000,94424.00000000
22/12/2024 21:00,95203.11000000,95592.49000000,95740.00000000,95069.03000000
22/12/2024 22:00,95547.41000000,95203.10000000,95640.00000000,94250.35000000
22/12/2024 23:00,95186.27000000,95547.42000000,95824.00000000,95024.00000000
23/12/2024 00:00,94390.84000000,95186.28000000,95410.77000000,94333.33000000
23/12/2024 01:00,94449.99000000,94390.83000000,95130.01000000,93771.37000000
23/12/2024 02:00,94723.96000000,94450.00000000,94786.45000000,93700.42000000
23/12/2024 03:00,96025.15000000,94723.96000000,96043.99000000,94610.76000000
23/12/2024 04:00,95832.03000000,96025.15000000,96509.98000000,95644.00000000
23/12/2024 05:00,95608.02000000,95832.02000000,95961.53000000,95352.21000000
23/12/2024 06:00,94824.83000000,95608.01000000,95650.76000000,94705.07000000
23/12/2024 07:00,95404.01000000,94824.83000000,95579.62000000,94824.83000000
23/12/2024 08:00,95503.87000000,95404.01000000,95554.88000000,95036.77000000
23/12/2024 09:00,96013.72000000,95503.87000000,96167.98000000,95493.22000000
23/12/2024 10:00,96392.39000000,96013.72000000,96445.17000000,95962.26000000
23/12/2024 11:00,95932.42000000,96392.40000000,96538.92000000,95819.79000000
23/12/2024 12:00,96305.00000000,95932.41000000,96423.00000000,95864.80000000
23/12/2024 13:00,94924.34000000,96305.00000000,96350.00000000,94832.93000000
23/12/2024 14:00,94389.67000000,94924.35000000,95621.54000000,93700.01000000
23/12/2024 15:00,93250.37000000,94389.67000000,94430.89000000,93107.52000000
23/12/2024 16:00,93980.61000000,93250.38000000,94260.00000000,92928.82000000
23/12/2024 17:00,93364.26000000,93980.61000000,94135.47000000,93206.79000000
23/12/2024 18:00,92758.55000000,93364.26000000,93747.66000000,92690.00000000
23/12/2024 19:00,93044.79000000,92758.54000000,93710.03000000,92702.00000000
23/12/2024 20:00,93186.34000000,93044.79000000,93530.01000000,92520.00000000
23/12/2024 21:00,93964.01000000,93186.34000000,94305.61000000,93181.83000000
23/12/2024 22:00,95191.81000000,93964.01000000,95191.81000000,93911.50000000
23/12/2024 23:00,94881.47000000,95191.80000000,95509.09000000,94683.81000000
24/12/2024 00:00,94550.22000000,94881.47000000,94881.47000000,94131.11000000
24/12/2024 01:00,94123.43000000,94550.23000000,94672.00000000,94036.00000000
24/12/2024 02:00,93961.45000000,94123.43000000,94320.00000000,93569.02000000
24/12/2024 03:00,94348.75000000,93961.45000000,94400.00000000,93810.02000000
24/12/2024 04:00,94412.30000000,94348.75000000,94416.00000000,94052.70000000
24/12/2024 05:00,94606.06000000,94412.30000000,94653.45000000,94311.55000000
24/12/2024 06:00,93918.99000000,94606.06000000,94606.07000000,93830.47000000
24/12/2024 07:00,94233.19000000,93918.99000000,94313.61000000,93810.45000000
24/12/2024 08:00,94495.77000000,94233.20000000,94635.70000000,94125.42000000
24/12/2024 09:00,94068.01000000,94495.77000000,94530.42000000,93952.00000000
24/12/2024 10:00,93972.01000000,94068.01000000,94194.07000000,93840.00000000
24/12/2024 11:00,94398.60000000,93972.01000000,94425.70000000,93934.69000000
24/12/2024 12:00,94304.32000000,94398.60000000,94410.39000000,94075.10000000
24/12/2024 13:00,96085.02000000,94305.84000000,96094.00000000,94289.24000000
24/12/2024 14:00,97465.06000000,96085.02000000,97498.64000000,95864.50000000
24/12/2024 15:00,98300.00000000,97465.06000000,98300.00000000,97235.55000000
24/12/2024 16:00,98496.23000000,98299.99000000,98666.00000000,97964.00000000
24/12/2024 17:00,98797.47000000,98496.23000000,99030.72000000,98325.78000000
24/12/2024 18:00,98618.66000000,98797.47000000,99487.99000000,98418.16000000
24/12/2024 19:00,97581.09000000,98618.66000000,98743.52000000,97546.57000000
24/12/2024 20:00,97298.01000000,97581.10000000,98056.27000000,97250.00000000
24/12/2024 21:00,98397.96000000,97298.02000000,98462.28000000,97277.90000000
24/12/2024 22:00,98777.11000000,98397.95000000,99068.90000000,98355.43000000
24/12/2024 23:00,98663.58000000,98777.10000000,99019.10000000,98492.67000000
25/12/2024 00:00,98418.42000000,98663.58000000,98878.44000000,98393.60000000
25/12/2024 01:00,97983.18000000,98418.42000000,98597.60000000,97901.08000000
25/12/2024 02:00,98131.07000000,97983.17000000,98353.99000000,97725.27000000
25/12/2024 03:00,98029.48000000,98131.07000000,98280.02000000,97930.53000000
25/12/2024 04:00,98236.01000000,98029.49000000,98354.39000000,97875.91000000
25/12/2024 05:00,98279.28000000,98236.01000000,98360.65000000,98159.09000000
25/12/2024 06:00,97884.38000000,98279.28000000,98581.90000000,97844.18000000
25/12/2024 07:00,98084.33000000,97884.39000000,98366.79000000,97873.49000000
25/12/2024 08:00,98069.71000000,98084.33000000,98271.76000000,97926.99000000
25/12/2024 09:00,98189.54000000,98069.72000000,98265.07000000,98007.69000000
25/12/2024 10:00,98457.00000000,98189.55000000,99349.31000000,98145.75000000
25/12/2024 11:00,97907.61000000,98456.99000000,98866.77000000,97773.83000000
25/12/2024 12:00,98176.03000000,97907.61000000,98610.11000000,97632.02000000
25/12/2024 13:00,98462.56000000,98176.02000000,98609.89000000,98131.85000000
25/12/2024 14:00,98710.00000000,98462.57000000,98832.89000000,98257.32000000
25/12/2024 15:00,98519.98000000,98710.00000000,98724.00000000,98202.43000000
25/12/2024 16:00,98425.51000000,98519.99000000,98696.40000000,98134.40000000
25/12/2024 17:00,98570.82000000,98425.50000000,98659.00000000,98185.21000000
25/12/2024 18:00,98756.26000000,98570.82000000,98978.18000000,98544.22000000
25/12/2024 19:00,99018.52000000,98756.26000000,99299.99000000,98734.66000000
25/12/2024 20:00,99144.62000000,99018.52000000,99400.00000000,98870.95000000
25/12/2024 21:00,98506.36000000,99144.62000000,99555.00000000,98384.61000000
25/12/2024 22:00,98811.16000000,98506.37000000,99100.00000000,98434.78000000
25/12/2024 23:00,99429.60000000,98811.16000000,99569.15000000,98811.16000000
26/12/2024 00:00,99028.66000000,99429.61000000,99963.70000000,98955.77000000
26/12/2024 01:00,99057.01000000,99028.66000000,99250.00000000,98590.00000000
26/12/2024 02:00,98750.34000000,99057.02000000,99194.21000000,98468.26000000
26/12/2024 03:00,98995.17000000,98750.34000000,99167.12000000,98576.77000000
26/12/2024 04:00,98300.00000000,98995.18000000,98995.18000000,98255.00000000
26/12/2024 05:00,98375.01000000,98300.00000000,98460.00000000,98076.58000000
26/12/2024 06:00,98121.20000000,98375.01000000,98484.00000000,98023.10000000
26/12/2024 07:00,97719.99000000,98121.21000000,98292.00000000,97711.17000000
26/12/2024 08:00,95878.56000000,97719.99000000,97772.13000000,95616.18000000
26/12/2024 09:00,95439.25000000,95878.56000000,95978.52000000,95420.26000000
26/12/2024 10:00,95500.02000000,95439.40000000,95777.40000000,95199.14000000
26/12/2024 11:00,95695.81000000,95500.02000000,96035.50000000,95469.53000000
26/12/2024 12:00,95680.71000000,95695.81000000,95880.60000000,95462.57000000
26/12/2024 13:00,95704.44000000,95680.71000000,95772.90000000,95288.00000000
26/12/2024 14:00,95449.36000000,95704.45000000,96280.25000000,95234.93000000
26/12/2024 15:00,96042.88000000,95449.36000000,96216.91000000,95270.00000000
26/12/2024 16:00,96519.47000000,96042.89000000,96621.95000000,95816.86000000
26/12/2024 17:00,95824.27000000,96519.47000000,96547.99000000,95680.00000000
26/12/2024 18:00,95743.44000000,95824.27000000,95986.40000000,95458.66000000
26/12/2024 19:00,96102.25000000,95743.44000000,96198.58000000,95444.44000000
26/12/2024 20:00,95589.60000000,96102.24000000,96114.46000000,95400.00000000
26/12/2024 21:00,95812.63000000,95589.60000000,95933.74000000,95302.00000000
26/12/2024 22:00,95821.92000000,95812.63000000,95963.86000000,95625.00000000
26/12/2024 23:00,95791.60000000,95821.92000000,95887.99000000,95372.32000000
27/12/2024 00:00,95794.56000000,95791.60000000,95930.39000000,95401.03000000
27/12/2024 01:00,95917.03000000,95794.55000000,96250.00000000,95575.07000000
27/12/2024 02:00,96073.77000000,95917.02000000,96443.68000000,95718.75000000
27/12/2024 03:00,96417.84000000,96073.77000000,96443.00000000,95982.51000000
27/12/2024 04:00,96300.00000000,96417.84000000,96595.98000000,96229.39000000
27/12/2024 05:00,96238.89000000,96300.01000000,96333.77000000,96001.00000000
27/12/2024 06:00,96594.16000000,96238.89000000,96594.44000000,96107.28000000
27/12/2024 07:00,95104.76000000,96594.17000000,96604.24000000,94646.03000000
27/12/2024 08:00,95724.02000000,95104.76000000,96395.00000000,95104.76000000
27/12/2024 09:00,96774.13000000,95724.01000000,97544.58000000,95674.00000000
27/12/2024 10:00,96605.46000000,96774.14000000,97029.25000000,96195.20000000
27/12/2024 11:00,96952.38000000,96605.46000000,96953.71000000,96377.77000000
27/12/2024 12:00,96686.75000000,96952.38000000,97035.80000000,96617.64000000
27/12/2024 13:00,96407.99000000,96686.74000000,96686.74000000,96229.66000000
27/12/2024 14:00,95691.99000000,96407.99000000,96480.00000000,95161.17000000
27/12/2024 15:00,94573.75000000,95692.00000000,95718.13000000,94011.11000000
27/12/2024 16:00,94165.92000000,94573.75000000,94996.16000000,94101.02000000
27/12/2024 17:00,94291.30000000,94165.92000000,94354.82000000,93500.01000000
27/12/2024 18:00,94566.06000000,94291.30000000,94770.15000000,94212.30000000
27/12/2024 19:00,94750.00000000,94566.05000000,94810.07000000,94252.00000000
27/12/2024 20:00,94588.12000000,94750.11000000,94778.43000000,94313.82000000
27/12/2024 21:00,94526.07000000,94588.12000000,94823.09000000,94379.35000000
27/12/2024 22:00,94437.75000000,94526.07000000,94674.50000000,94200.00000000
27/12/2024 23:00,94299.03000000,94437.75000000,94526.09000000,94100.60000000
28/12/2024 00:00,94398.75000000,94299.03000000,94544.35000000,94243.32000000
28/12/2024 01:00,94556.93000000,94398.75000000,94615.24000000,94135.66000000
28/12/2024 02:00,94338.00000000,94556.92000000,94619.00000000,94276.01000000
28/12/2024 03:00,94594.91000000,94338.00000000,94720.00000000,94335.88000000
28/12/2024 04:00,94524.00000000,94594.91000000,94643.87000000,94511.71000000
28/12/2024 05:00,94625.64000000,94524.00000000,94800.00000000,94523.99000000
28/12/2024 06:00,94466.49000000,94625.64000000,94724.88000000,94405.28000000
28/12/2024 07:00,94381.99000000,94466.49000000,94634.25000000,94307.00000000
28/12/2024 08:00,94488.01000000,94381.98000000,94539.43000000,94312.67000000
28/12/2024 09:00,94589.27000000,94488.01000000,94692.30000000,94488.01000000
28/12/2024 10:00,94619.99000000,94589.28000000,94716.06000000,94502.21000000
28/12/2024 11:00,94754.83000000,94620.00000000,94883.00000000,94600.00000000
28/12/2024 12:00,94599.57000000,94754.83000000,94880.00000000,94577.66000000
28/12/2024 13:00,94665.94000000,94599.56000000,94761.33000000,94496.73000000
28/12/2024 14:00,94583.99000000,94665.29000000,95340.36000000,94411.76000000
28/12/2024 15:00,94447.29000000,94583.99000000,94819.57000000,94375.80000000
28/12/2024 16:00,94874.89000000,94447.28000000,94923.06000000,94389.45000000
28/12/2024 17:00,95022.57000000,94874.89000000,95245.24000000,94810.51000000
28/12/2024 18:00,94837.31000000,95022.58000000,95100.00000000,94715.16000000
28/12/2024 19:00,95027.76000000,94837.31000000,95138.05000000,94837.30000000
28/12/2024 20:00,95083.05000000,95027.75000000,95151.13000000,94878.26000000
28/12/2024 21:00,95171.67000000,95083.05000000,95223.72000000,94968.86000000
28/12/2024 22:00,95326.40000000,95171.67000000,95733.99000000,95047.11000000
28/12/2024 23:00,95300.00000000,95326.40000000,95408.90000000,95112.43000000
29/12/2024 00:00,95148.49000000,95300.00000000,95340.00000000,95042.60000000
29/12/2024 01:00,94857.65000000,95148.49000000,95210.22000000,94808.00000000
29/12/2024 02:00,95154.50000000,94857.66000000,95211.88000000,94851.25000000
29/12/2024 03:00,95172.40000000,95154.50000000,95221.69000000,94978.33000000
29/12/2024 04:00,95126.39000000,95172.41000000,95283.99000000,95063.40000000
29/12/2024 05:00,95118.89000000,95126.39000000,95199.97000000,95071.21000000
29/12/2024 06:00,95181.70000000,95118.89000000,95212.00000000,94971.44000000
29/12/2024 07:00,95272.04000000,95181.70000000,95272.05000000,95076.68000000
29/12/2024 08:00,95123.33000000,95272.05000000,95315.50000000,95078.50000000
29/12/2024 09:00,95190.49000000,95123.33000000,95211.41000000,95048.30000000
29/12/2024 10:00,95167.83000000,95190.50000000,95278.85000000,95102.76000000
29/12/2024 11:00,95032.57000000,95167.83000000,95183.61000000,95010.00000000
29/12/2024 12:00,94907.89000000,95032.58000000,95130.24000000,94900.82000000
29/12/2024 13:00,94928.20000000,94907.88000000,95015.18000000,94800.00000000
29/12/2024 14:00,94623.67000000,94928.20000000,95231.58000000,94010.00000000
29/12/2024 15:00,94511.12000000,94623.68000000,94794.79000000,94404.90000000
29/12/2024 16:00,93900.01000000,94511.11000000,94578.89000000,93600.00000000
29/12/2024 17:00,93945.01000000,93900.01000000,94117.50000000,93800.37000000
29/12/2024 18:00,93652.00000000,93945.00000000,93945.01000000,93600.00000000
29/12/2024 19:00,93612.89000000,93652.00000000,93880.00000000,93367.52000000
29/12/2024 20:00,93858.55000000,93612.89000000,93880.00000000,93345.00000000
29/12/2024 21:00,93352.65000000,93858.55000000,93949.52000000,93121.00000000
29/12/2024 22:00,93135.32000000,93352.65000000,93770.41000000,93087.97000000
29/12/2024 23:00,93738.20000000,93135.32000000,93871.02000000,93009.52000000
30/12/2024 00:00,93583.96000000,93738.19000000,93908.24000000,93500.00000000
30/12/2024 01:00,93948.42000000,93583.96000000,94274.29000000,93368.93000000
30/12/2024 02:00,93906.41000000,93948.41000000,93973.61000000,93413.72000000
30/12/2024 03:00,93722.71000000,93906.41000000,94080.00000000,93639.87000000
30/12/2024 04:00,93280.26000000,93722.72000000,93979.45000000,93264.14000000
30/12/2024 05:00,93581.53000000,93280.27000000,93581.53000000,93240.03000000
30/12/2024 06:00,93901.29000000,93581.53000000,94060.35000000,93517.38000000
30/12/2024 07:00,93731.65000000,93901.29000000,93947.99000000,93319.99000000
30/12/2024 08:00,93851.11000000,93731.66000000,93967.21000000,93723.29000000
30/12/2024 09:00,93892.35000000,93851.10000000,94023.84000000,93686.68000000
30/12/2024 10:00,93793.27000000,93892.35000000,94068.56000000,93730.95000000
30/12/2024 11:00,93923.14000000,93793.27000000,93953.09000000,93469.56000000
30/12/2024 12:00,93750.69000000,93923.14000000,94277.23000000,93722.06000000
30/12/2024 13:00,92680.52000000,93750.68000000,93820.90000000,92613.00000000
30/12/2024 14:00,91883.99000000,92680.52000000,93120.00000000,91820.46000000
30/12/2024 15:00,92130.21000000,91884.00000000,92473.32000000,91530.45000000
30/12/2024 16:00,92120.60000000,92130.21000000,92227.17000000,91800.00000000
30/12/2024 17:00,93832.83000000,92120.60000000,94200.00000000,91980.53000000
30/12/2024 18:00,94583.99000000,93832.82000000,94684.09000000,93570.00000000
30/12/2024 19:00,94417.04000000,94583.98000000,94622.75000000,93939.29000000
30/12/2024 20:00,94338.80000000,94417.04000000,95024.50000000,94296.75000000
30/12/2024 21:00,92076.00000000,94338.80000000,94376.30000000,91901.57000000
30/12/2024 22:00,92784.75000000,92076.00000000,93027.69000000,91948.00000000
30/12/2024 23:00,92792.05000000,92784.76000000,92893.40000000,92389.28000000
31/12/2024 00:00,92450.00000000,92792.05000000,92907.03000000,92375.15000000
31/12/2024 01:00,92435.57000000,92450.00000000,92575.76000000,92033.73000000
31/12/2024 02:00,92476.35000000,92435.73000000,92702.43000000,92303.21000000
31/12/2024 03:00,92509.59000000,92476.35000000,92654.74000000,92250.00000000
31/12/2024 04:00,92448.00000000,92509.60000000,92832.29000000,92344.07000000
31/12/2024 05:00,92596.08000000,92448.00000000,92750.00000000,92357.71000000
31/12/2024 06:00,92816.00000000,92596.08000000,93040.10000000,92568.50000000
31/12/2024 07:00,92860.75000000,92816.00000000,92910.03000000,92770.00000000
31/12/2024 08:00,93933.38000000,92860.75000000,94741.68000000,92842.88000000
31/12/2024 09:00,94023.88000000,93933.38000000,94151.52000000,93831.24000000
31/12/2024 10:00,94113.69000000,94023.88000000,94271.29000000,93664.06000000
31/12/2024 11:00,94232.68000000,94113.69000000,94285.12000000,93984.00000000
31/12/2024 12:00,94539.85000000,94232.68000000,94958.85000000,94232.67000000
31/12/2024 13:00,95587.12000000,94539.86000000,96054.79000000,94524.43000000
31/12/2024 14:00,95679.17000000,95587.12000000,96250.00000000,95372.35000000
31/12/2024 15:00,95412.00000000,95679.17000000,95982.62000000,94909.12000000
31/12/2024 16:00,94868.42000000,95412.00000000,95590.52000000,94606.40000000
31/12/2024 17:00,94120.94000000,94868.41000000,95047.71000000,93189.59000000
31/12/2024 18:00,93875.68000000,94120.92000000,94416.72000000,93779.80000000
31/12/2024 19:00,94166.88000000,93875.69000000,94290.91000000,93712.45000000
31/12/2024 20:00,93564.04000000,94166.88000000,94222.50000000,93450.17000000
31/12/2024 21:00,93899.68000000,93564.01000000,93964.15000000,93504.67000000
31/12/2024 22:00,93488.84000000,93899.67000000,93899.67000000,93375.58000000
31/12/2024 23:00,93576.00000000,93488.83000000,93756.00000000,93375.38000000
01/01/2025 00:00,94401.14000000,93576.00000000,94509.42000000,93489.03000000
01/01/2025 01:00,93607.74000000,94401.13000000,94408.72000000,93578.77000000
01/01/2025 02:00,94098.91000000,93607.74000000,94105.12000000,93594.56000000
01/01/2025 03:00,93838.04000000,94098.90000000,94098.91000000,93728.22000000
01/01/2025 04:00,93553.91000000,93838.04000000,93838.04000000,93500.00000000
01/01/2025 05:00,93792.02000000,93553.91000000,93937.19000000,93547.40000000
01/01/2025 06:00,93757.58000000,93792.02000000,93792.02000000,93568.38000000
01/01/2025 07:00,93684.10000000,93757.57000000,93800.00000000,93664.08000000
01/01/2025 08:00,93428.46000000,93684.11000000,93756.02000000,93304.00000000
01/01/2025 09:00,93413.06000000,93428.47000000,93486.29000000,92888.00000000
01/01/2025 10:00,93326.23000000,93413.07000000,93536.75000000,93284.00000000
01/01/2025 11:00,93444.64000000,93326.24000000,93705.08000000,93200.00000000
01/01/2025 12:00,93820.76000000,93444.65000000,93972.00000000,93407.07000000
01/01/2025 13:00,94031.76000000,93820.75000000,94058.79000000,93600.28000000
01/01/2025 14:00,94175.89000000,94031.77000000,94450.85000000,93671.48000000
01/01/2025 15:00,94432.94000000,94175.89000000,94500.00000000,93900.00000000
01/01/2025 16:00,94090.49000000,94432.94000000,94492.00000000,93922.00000000
01/01/2025 17:00,94143.85000000,94090.50000000,94189.16000000,93760.93000000
01/01/2025 18:00,94340.06000000,94143.84000000,94380.44000000,93936.44000000
01/01/2025 19:00,94627.07000000,94340.06000000,94823.75000000,94148.34000000
01/01/2025 20:00,94786.23000000,94627.08000000,94852.70000000,94579.83000000
01/01/2025 21:00,94978.48000000,94786.23000000,95151.15000000,94687.87000000
01/01/2025 22:00,94802.98000000,94978.48000000,94997.32000000,94685.81000000
01/01/2025 23:00,94591.79000000,94802.99000000,94952.29000000,94542.00000000
02/01/2025 00:00,95128.59000000,94591.78000000,95381.70000000,94392.00000000
02/01/2025 01:00,94862.72000000,95128.59000000,95516.00000000,94699.69000000
02/01/2025 02:00,95234.36000000,94862.73000000,95234.37000000,94803.03000000
02/01/2025 03:00,95010.33000000,95234.37000000,95299.24000000,94913.75000000
02/01/2025 04:00,95708.07000000,95010.34000000,96000.00000000,94984.84000000
02/01/2025 05:00,95596.48000000,95708.07000000,95800.00000000,95395.21000000
02/01/2025 06:00,95574.99000000,95596.48000000,95697.01000000,95380.04000000
02/01/2025 07:00,95822.00000000,95575.00000000,95880.00000000,95505.35000000
02/01/2025 08:00,96150.00000000,95822.01000000,96211.54000000,95640.05000000
02/01/2025 09:00,96755.51000000,96150.00000000,96799.86000000,96036.86000000
02/01/2025 10:00,96708.00000000,96755.51000000,96808.37000000,96538.77000000
02/01/2025 11:00,96732.99000000,96708.00000000,96876.38000000,96469.46000000
02/01/2025 12:00,96850.01000000,96733.00000000,96895.00000000,96609.42000000
02/01/2025 13:00,96458.17000000,96850.01000000,96988.05000000,96436.00000000
02/01/2025 14:00,97256.49000000,96458.17000000,97440.91000000,95924.60000000
02/01/2025 15:00,96455.01000000,97256.48000000,97323.16000000,96164.78000000
02/01/2025 16:00,97229.74000000,96455.01000000,97650.00000000,96040.04000000
02/01/2025 17:00,96757.57000000,97229.75000000,97591.84000000,96325.44000000
02/01/2025 18:00,97319.74000000,96757.57000000,97350.00000000,96400.00000000
02/01/2025 19:00,97317.74000000,97319.74000000,97777.00000000,97200.00000000
02/01/2025 20:00,97306.46000000,97317.74000000,97839.50000000,97300.00000000
02/01/2025 21:00,97212.68000000,97306.46000000,97355.77000000,97040.16000000
02/01/2025 22:00,96911.04000000,97212.69000000,97212.69000000,96666.66000000
02/01/2025 23:00,96984.79000000,96911.04000000,97077.78000000,96758.17000000
03/01/2025 00:00,96825.82000000,96984.79000000,97080.96000000,96796.56000000
03/01/2025 01:00,96985.47000000,96825.83000000,97000.00000000,96650.00000000
03/01/2025 02:00,96966.85000000,96985.47000000,97342.44000000,96856.98000000
03/01/2025 03:00,97062.30000000,96966.85000000,97090.91000000,96833.99000000
03/01/2025 04:00,96813.41000000,97062.30000000,97066.18000000,96766.51000000
03/01/2025 05:00,96765.34000000,96813.49000000,96860.48000000,96590.28000000
03/01/2025 06:00,96539.49000000,96765.35000000,96918.56000000,96512.00000000
03/01/2025 07:00,96304.00000000,96539.49000000,96645.83000000,96280.65000000
03/01/2025 08:00,96129.97000000,96304.00000000,96529.84000000,96100.01000000
03/01/2025 09:00,96554.32000000,96129.97000000,96702.48000000,96107.84000000
03/01/2025 10:00,96488.53000000,96554.32000000,96640.01000000,96402.82000000
03/01/2025 11:00,96757.58000000,96488.53000000,96830.00000000,96482.51000000
03/01/2025 12:00,96666.66000000,96757.57000000,96921.36000000,96666.66000000
03/01/2025 13:00,96504.79000000,96666.66000000,96839.71000000,96472.43000000
03/01/2025 14:00,97016.01000000,96504.80000000,97342.44000000,96504.79000000
03/01/2025 15:00,97521.35000000,97016.00000000,97660.00000000,96759.12000000
03/01/2025 16:00,97868.20000000,97521.36000000,98444.42000000,97406.54000000
03/01/2025 17:00,98026.00000000,97868.21000000,98299.76000000,97837.63000000
03/01/2025 18:00,98527.98000000,98025.99000000,98697.86000000,98000.00000000
03/01/2025 19:00,98592.01000000,98527.97000000,98976.91000000,98491.53000000
03/01/2025 20:00,98311.52000000,98592.02000000,98748.00000000,98300.00000000
03/01/2025 21:00,98272.70000000,98311.51000000,98419.14000000,98196.96000000
03/01/2025 22:00,98296.37000000,98272.70000000,98512.94000000,98250.00000000
03/01/2025 23:00,98174.18000000,98296.37000000,98382.19000000,98067.99000000
04/01/2025 00:00,97950.01000000,98174.17000000,98288.00000000,97887.20000000
04/01/2025 01:00,98040.00000000,97950.01000000,98095.06000000,97800.00000000
04/01/2025 02:00,98304.51000000,98040.00000000,98314.15000000,97848.48000000
04/01/2025 03:00,98200.00000000,98304.51000000,98304.51000000,98052.97000000
04/01/2025 04:00,98001.00000000,98200.01000000,98200.01000000,97862.87000000
04/01/2025 05:00,98126.21000000,98001.00000000,98196.51000000,97988.76000000
04/01/2025 06:00,98127.54000000,98126.21000000,98209.70000000,98039.91000000
04/01/2025 07:00,98271.88000000,98127.53000000,98350.04000000,98095.17000000
04/01/2025 08:00,97906.07000000,98271.87000000,98306.22000000,97905.26000000
04/01/2025 09:00,97690.37000000,97906.08000000,97980.00000000,97532.58000000
04/01/2025 10:00,97789.32000000,97690.37000000,97859.60000000,97600.00000000
04/01/2025 11:00,97889.39000000,97789.32000000,97923.07000000,97711.54000000
04/01/2025 12:00,97888.12000000,97889.40000000,98016.97000000,97800.00000000
04/01/2025 13:00,97973.05000000,97888.12000000,98068.46000000,97750.00000000
04/01/2025 14:00,98035.04000000,97973.05000000,98080.15000000,97828.38000000
04/01/2025 15:00,97657.94000000,98035.05000000,98152.02000000,97514.79000000
04/01/2025 16:00,97704.60000000,97657.95000000,97874.68000000,97549.99000000
04/01/2025 17:00,98016.26000000,97704.60000000,98049.99000000,97687.77000000
04/01/2025 18:00,97961.56000000,98016.26000000,98139.13000000,97909.85000000
04/01/2025 19:00,98166.26000000,97961.56000000,98350.00000000,97931.23000000
04/01/2025 20:00,98599.02000000,98166.26000000,98671.02000000,98166.25000000
04/01/2025 21:00,98362.43000000,98599.02000000,98778.43000000,98344.00000000
04/01/2025 22:00,98417.25000000,98362.43000000,98484.85000000,98265.91000000
04/01/2025 23:00,98220.50000000,98417.25000000,98419.14000000,98143.20000000
05/01/2025 00:00,98213.43000000,98220.51000000,98391.59000000,98154.18000000
05/01/2025 01:00,98123.53000000,98213.44000000,98322.35000000,98050.00000000
05/01/2025 02:00,98227.48000000,98123.53000000,98227.49000000,98105.41000000
05/01/2025 03:00,98187.96000000,98227.49000000,98227.49000000,98069.00000000
05/01/2025 04:00,98357.46000000,98187.97000000,98522.76000000,98187.96000000
05/01/2025 05:00,98358.98000000,98357.46000000,98500.00000000,98264.78000000
05/01/2025 06:00,98451.47000000,98358.98000000,98500.00000000,98304.82000000
05/01/2025 07:00,98268.77000000,98451.48000000,98464.84000000,98268.77000000
05/01/2025 08:00,97861.04000000,98268.77000000,98268.78000000,97777.77000000
05/01/2025 09:00,97652.20000000,97861.04000000,97943.02000000,97637.93000000
05/01/2025 10:00,97737.48000000,97652.21000000,97776.68000000,97600.00000000
05/01/2025 11:00,97641.63000000,97737.48000000,97822.16000000,97615.13000000
05/01/2025 12:00,97770.01000000,97641.62000000,97956.66000000,97569.04000000
05/01/2025 13:00,97689.96000000,97770.01000000,98018.96000000,97680.18000000
05/01/2025 14:00,97855.06000000,97689.96000000,97967.08000000,97276.79000000
05/01/2025 15:00,98028.98000000,97855.06000000,98281.89000000,97702.30000000
05/01/2025 16:00,98035.17000000,98028.98000000,98332.54000000,97937.82000000
05/01/2025 17:00,97731.08000000,98035.17000000,98078.94000000,97673.57000000
05/01/2025 18:00,97918.91000000,97731.09000000,97927.98000000,97577.46000000
05/01/2025 19:00,98079.63000000,97918.91000000,98109.00000000,97854.99000000
05/01/2025 20:00,98275.71000000,98079.64000000,98678.00000000,98024.00000000
05/01/2025 21:00,98496.52000000,98275.71000000,98522.46000000,98216.58000000
05/01/2025 22:00,98695.21000000,98496.52000000,98745.45000000,98344.00000000
05/01/2025 23:00,98363.61000000,98695.21000000,98836.85000000,98322.72000000
06/01/2025 00:00,98217.23000000,98363.61000000,98773.48000000,98190.75000000
06/01/2025 01:00,98759.43000000,98217.23000000,98816.28000000,97920.00000000
06/01/2025 02:00,98815.39000000,98759.42000000,99333.00000000,98649.97000000
06/01/2025 03:00,99037.57000000,98815.39000000,99235.99000000,98759.55000000
06/01/2025 04:00,99466.09000000,99037.57000000,99500.88000000,99037.57000000
06/01/2025 05:00,99600.00000000,99466.09000000,99892.00000000,99400.00000000
06/01/2025 06:00,99512.21000000,99600.00000000,99763.99000000,99382.31000000
06/01/2025 07:00,99318.70000000,99512.21000000,99529.87000000,99161.14000000
06/01/2025 08:00,99043.49000000,99318.70000000,99625.69000000,99000.00000000
06/01/2025 09:00,98999.99000000,99043.49000000,99250.00000000,98942.46000000
06/01/2025 10:00,98767.96000000,99000.00000000,99057.95000000,98709.28000000
06/01/2025 11:00,99259.99000000,98767.96000000,99410.23000000,98712.00000000
06/01/2025 12:00,99157.12000000,99259.99000000,99713.13000000,99142.43000000
06/01/2025 13:00,99492.51000000,99157.12000000,99575.85000000,98909.82000000
06/01/2025 14:00,100737.03000000,99492.50000000,101295.23000000,98711.94000000
06/01/2025 15:00,102147.95000000,100737.03000000,102468.92000000,100481.99000000
06/01/2025 16:00,102158.67000000,102147.95000000,102480.00000000,101719.59000000
06/01/2025 17:00,101831.95000000,102158.67000000,102158.68000000,101250.00000000
06/01/2025 18:00,101738.80000000,101831.95000000,102053.61000000,101578.12000000
06/01/2025 19:00,101817.22000000,101738.81000000,102032.00000000,101639.60000000
06/01/2025 20:00,102127.38000000,101817.22000000,102318.50000000,101800.00000000
06/01/2025 21:00,101611.92000000,102126.90000000,102329.98000000,101600.05000000
06/01/2025 22:00,102011.98000000,101611.92000000,102084.13000000,101600.06000000
06/01/2025 23:00,102235.60000000,102011.98000000,102239.58000000,101896.87000000
07/01/2025 00:00,102042.46000000,102235.60000000,102724.38000000,101950.00000000
07/01/2025 01:00,101915.66000000,102042.47000000,102071.90000000,101684.95000000
07/01/2025 02:00,101677.66000000,101915.66000000,102018.98000000,101651.67000000
07/01/2025 03:00,101708.08000000,101677.66000000,101818.19000000,101512.91000000
07/01/2025 04:00,101667.02000000,101708.09000000,101925.77000000,101667.01000000
07/01/2025 05:00,101743.47000000,101667.02000000,101786.07000000,101582.79000000
07/01/2025 06:00,101820.53000000,101743.47000000,101894.47000000,101648.56000000
07/01/2025 07:00,101664.81000000,101820.53000000,102015.01000000,101640.47000000
07/01/2025 08:00,101905.08000000,101664.81000000,101995.64000000,101618.04000000
07/01/2025 09:00,101723.19000000,101905.08000000,101914.11000000,101632.06000000
07/01/2025 10:00,101406.78000000,101723.18000000,101723.19000000,101379.45000000
07/01/2025 11:00,100830.86000000,101406.78000000,101453.00000000,100472.45000000
07/01/2025 12:00,100750.89000000,100830.86000000,100956.99000000,100628.43000000
07/01/2025 13:00,100636.80000000,100750.88000000,100960.06000000,100615.63000000
07/01/2025 14:00,99979.69000000,100636.80000000,100862.91000000,99732.00000000
07/01/2025 15:00,97952.26000000,99979.69000000,100142.99000000,97153.50000000
07/01/2025 16:00,97733.58000000,97952.26000000,98347.81000000,97586.41000000
07/01/2025 17:00,97277.31000000,97733.58000000,97806.03000000,96577.00000000
07/01/2025 18:00,96750.86000000,97277.32000000,97541.60000000,96600.00000000
07/01/2025 19:00,96451.98000000,96750.86000000,97200.01000000,96323.67000000
07/01/2025 20:00,96533.35000000,96451.99000000,96870.52000000,96181.81000000
07/01/2025 21:00,96501.22000000,96533.34000000,97094.19000000,96400.00000000
07/01/2025 22:00,97164.00000000,96501.23000000,97220.76000000,96412.00000000
07/01/2025 23:00,96954.61000000,97163.99000000,97169.65000000,96800.80000000
08/01/2025 00:00,97268.49000000,96954.60000000,97268.65000000,96707.77000000
08/01/2025 01:00,96907.15000000,97268.49000000,97268.50000000,96608.14000000
08/01/2025 02:00,96878.14000000,96907.16000000,97181.82000000,96778.57000000
08/01/2025 03:00,96525.20000000,96878.14000000,96878.14000000,96216.83000000
08/01/2025 04:00,96274.81000000,96525.20000000,96634.58000000,96057.48000000
08/01/2025 05:00,96492.01000000,96274.80000000,96654.61000000,96102.94000000
08/01/2025 06:00,95284.31000000,96492.01000000,96636.37000000,95259.30000000
08/01/2025 07:00,95657.09000000,95284.31000000,95815.52000000,95250.76000000
08/01/2025 08:00,95945.99000000,95657.09000000,96132.47000000,95528.56000000
08/01/2025 09:00,95432.82000000,95946.00000000,96098.10000000,95412.00000000
08/01/2025 10:00,95961.02000000,95432.83000000,96000.00000000,95432.43000000
08/01/2025 11:00,95134.92000000,95961.03000000,96052.00000000,94543.86000000
08/01/2025 12:00,94888.01000000,95134.92000000,95376.56000000,94852.23000000
08/01/2025 13:00,95384.00000000,94888.01000000,95679.69000000,94888.00000000
08/01/2025 14:00,95288.01000000,95384.01000000,95865.71000000,94888.88000000
08/01/2025 15:00,95493.77000000,95288.00000000,96079.32000000,94624.43000000
08/01/2025 16:00,94787.87000000,95493.77000000,95555.25000000,94556.21000000
08/01/2025 17:00,94030.82000000,94787.87000000,94847.99000000,92500.90000000
08/01/2025 18:00,94242.61000000,94030.81000000,95106.33000000,93753.99000000
08/01/2025 19:00,94243.89000000,94242.62000000,94859.54000000,94053.82000000
08/01/2025 20:00,93980.00000000,94243.89000000,94404.00000000,93755.48000000
08/01/2025 21:00,94468.97000000,93982.01000000,94596.00000000,93600.00000000
08/01/2025 22:00,95290.93000000,94468.97000000,95290.99000000,94460.86000000
08/01/2025 23:00,95060.61000000,95290.93000000,95310.94000000,94900.00000000
09/01/2025 00:00,95135.30000000,95060.61000000,95150.00000000,94809.07000000
09/01/2025 01:00,94983.82000000,95135.30000000,95382.32000000,94966.66000000
09/01/2025 02:00,94776.99000000,94983.82000000,95030.31000000,93422.89000000
09/01/2025 03:00,94027.90000000,94777.00000000,94800.69000000,94017.93000000
09/01/2025 04:00,94424.24000000,94027.91000000,94487.74000000,93796.99000000
09/01/2025 05:00,94472.58000000,94424.24000000,94566.64000000,94280.65000000
09/01/2025 06:00,94095.03000000,94472.59000000,94618.63000000,94048.07000000
09/01/2025 07:00,93221.59000000,94095.04000000,94299.22000000,93186.38000000
09/01/2025 08:00,93030.87000000,93221.59000000,93400.98000000,92750.00000000
09/01/2025 09:00,93516.62000000,93030.88000000,93787.75000000,92970.96000000
09/01/2025 10:00,93462.43000000,93516.63000000,93660.00000000,93016.55000000
09/01/2025 11:00,93465.23000000,93462.43000000,93877.46000000,93224.00000000
09/01/2025 12:00,93421.94000000,93465.23000000,93696.97000000,93155.25000000
09/01/2025 13:00,91986.42000000,93421.94000000,93486.19000000,91900.12000000
09/01/2025 14:00,92863.80000000,91986.41000000,92900.00000000,91800.00000000
09/01/2025 15:00,94244.02000000,92863.81000000,94588.23000000,92671.67000000
09/01/2025 16:00,94250.95000000,94244.02000000,94685.25000000,93846.15000000
09/01/2025 17:00,92693.11000000,94250.96000000,94293.96000000,92325.00000000
09/01/2025 18:00,93020.11000000,92693.11000000,93239.51000000,92403.77000000
09/01/2025 19:00,91909.59000000,93020.10000000,93291.96000000,91900.01000000
09/01/2025 20:00,91903.22000000,91909.59000000,92371.32000000,91203.67000000
09/01/2025 21:00,92108.84000000,91903.21000000,92497.66000000,91781.09000000
09/01/2025 22:00,92456.32000000,92108.84000000,92720.67000000,91624.00000000
09/01/2025 23:00,92552.49000000,92456.32000000,92689.38000000,92034.55000000
10/01/2025 00:00,92775.84000000,92552.49000000,92850.00000000,92431.73000000
10/01/2025 01:00,93102.52000000,92775.85000000,93159.16000000,92590.33000000
10/01/2025 02:00,93364.36000000,93102.52000000,93726.87000000,93033.50000000
10/01/2025 03:00,93696.13000000,93364.36000000,93727.83000000,93312.58000000
10/01/2025 04:00,93837.69000000,93696.13000000,93908.85000000,93500.00000000
10/01/2025 05:00,93956.83000000,93837.69000000,94250.07000000,93642.85000000
10/01/2025 06:00,94252.83000000,93956.83000000,94319.00000000,93733.83000000
10/01/2025 07:00,94492.63000000,94252.83000000,95000.00000000,94070.00000000
10/01/2025 08:00,94680.01000000,94492.62000000,94766.12000000,94388.50000000
10/01/2025 09:00,94793.08000000,94680.00000000,95000.55000000,94582.03000000
10/01/2025 10:00,95215.73000000,94793.07000000,95293.40000000,94757.57000000
10/01/2025 11:00,95073.95000000,95215.73000000,95267.16000000,94600.49000000
10/01/2025 12:00,95023.44000000,95073.95000000,95117.26000000,94702.49000000
10/01/2025 13:00,93557.23000000,95023.44000000,95046.00000000,92715.85000000
10/01/2025 14:00,94115.63000000,93557.23000000,94680.76000000,93379.93000000
10/01/2025 15:00,93730.92000000,94115.62000000,94524.00000000,92206.02000000
10/01/2025 16:00,93645.05000000,93730.93000000,94062.94000000,93177.40000000
10/01/2025 17:00,95793.05000000,93645.06000000,95836.00000000,93318.07000000
10/01/2025 18:00,94861.62000000,95793.04000000,95793.04000000,94581.87000000
10/01/2025 19:00,95327.06000000,94861.62000000,95386.74000000,94373.85000000
10/01/2025 20:00,94672.05000000,95327.07000000,95442.15000000,94586.02000000
10/01/2025 21:00,94613.26000000,94669.06000000,94923.05000000,94603.72000000
10/01/2025 22:00,94767.70000000,94613.26000000,94955.54000000,94586.03000000
10/01/2025 23:00,94726.11000000,94767.69000000,94894.81000000,94657.39000000
11/01/2025 00:00,94600.69000000,94726.10000000,94746.37000000,94360.65000000
11/01/2025 01:00,94424.26000000,94600.70000000,94696.97000000,94214.38000000
11/01/2025 02:00,94424.24000000,94424.26000000,94495.90000000,94180.00000000
11/01/2025 03:00,94206.95000000,94424.24000000,94429.84000000,94106.49000000
11/01/2025 04:00,94063.29000000,94206.96000000,94316.09000000,93831.73000000
11/01/2025 05:00,94366.69000000,94063.29000000,94381.08000000,94013.51000000
11/01/2025 06:00,94216.25000000,94366.70000000,94441.87000000,94216.25000000
11/01/2025 07:00,94246.36000000,94216.26000000,94333.34000000,94151.51000000
11/01/2025 08:00,94074.79000000,94246.36000000,94408.34000000,94031.22000000
11/01/2025 09:00,94329.45000000,94074.80000000,94329.80000000,94044.82000000
11/01/2025 10:00,94488.86000000,94329.46000000,94528.27000000,94300.01000000
11/01/2025 11:00,94625.65000000,94488.87000000,94791.67000000,94455.04000000
11/01/2025 12:00,94550.01000000,94625.66000000,94655.20000000,94528.01000000
11/01/2025 13:00,94400.01000000,94550.00000000,94606.11000000,94342.63000000
11/01/2025 14:00,94620.00000000,94400.01000000,94638.44000000,94307.25000000
11/01/2025 15:00,94410.26000000,94620.00000000,94647.05000000,94377.57000000
11/01/2025 16:00,94448.14000000,94410.26000000,94708.12000000,94312.56000000
11/01/2025 17:00,94151.52000000,94448.14000000,94448.14000000,93984.55000000
11/01/2025 18:00,94275.79000000,94151.51000000,94306.62000000,94121.00000000
11/01/2025 19:00,94249.26000000,94275.79000000,94327.40000000,94084.64000000
11/01/2025 20:00,94586.11000000,94249.27000000,94668.31000000,94200.89000000
11/01/2025 21:00,94940.76000000,94586.12000000,95050.94000000,94575.75000000
11/01/2025 22:00,94593.80000000,94940.75000000,95005.00000000,94561.00000000
11/01/2025 23:00,94599.99000000,94593.80000000,94753.37000000,94541.66000000
12/01/2025 00:00,94452.07000000,94599.99000000,94655.22000000,94422.13000000
12/01/2025 01:00,94580.00000000,94452.08000000,94589.46000000,94296.99000000
12/01/2025 02:00,94625.25000000,94580.00000000,94670.00000000,94480.58000000
12/01/2025 03:00,94622.40000000,94625.25000000,94699.00000000,94418.56000000
12/01/2025 04:00,94587.99000000,94622.40000000,94650.00000000,94500.00000000
12/01/2025 05:00,94571.43000000,94587.99000000,94627.80000000,94500.00000000
12/01/2025 06:00,94381.78000000,94571.43000000,94616.00000000,94357.14000000
12/01/2025 07:00,94323.85000000,94381.78000000,94441.42000000,94274.01000000
12/01/2025 08:00,94170.01000000,94323.85000000,94393.57000000,94109.00000000
12/01/2025 09:00,93906.22000000,94170.01000000,94222.41000000,93711.19000000
12/01/2025 10:00,94015.16000000,93906.21000000,94056.04000000,93836.51000000
12/01/2025 11:00,94255.10000000,94015.17000000,94348.64000000,94015.16000000
12/01/2025 12:00,94328.20000000,94255.10000000,94600.00000000,94173.48000000
12/01/2025 13:00,94663.78000000,94328.21000000,94730.04000000,94303.03000000
12/01/2025 14:00,94811.00000000,94663.77000000,94994.49000000,94663.77000000
12/01/2025 15:00,95071.90000000,94811.00000000,95450.10000000,94675.54000000
12/01/2025 16:00,95046.76000000,95071.91000000,95131.05000000,94791.43000000
12/01/2025 17:00,95139.45000000,95046.76000000,95271.56000000,94984.36000000
12/01/2025 18:00,94992.64000000,95139.46000000,95314.12000000,94916.00000000
12/01/2025 19:00,94650.26000000,94992.65000000,95055.93000000,94578.54000000
12/01/2025 20:00,94687.69000000,94650.26000000,94800.00000000,94612.00000000
12/01/2025 21:00,94352.70000000,94687.69000000,94727.28000000,94302.90000000
12/01/2025 22:00,93962.91000000,94352.70000000,94362.92000000,93800.00000000
12/01/2025 23:00,94545.06000000,93962.91000000,94563.82000000,93946.96000000
13/01/2025 00:00,95325.43000000,94545.07000000,95940.00000000,94463.32000000
13/01/2025 01:00,94218.01000000,95325.43000000,95400.00000000,94081.38000000
13/01/2025 02:00,94217.43000000,94218.01000000,94500.00000000,93899.99000000
13/01/2025 03:00,94269.23000000,94217.43000000,94408.17000000,93972.54000000
13/01/2025 04:00,94503.34000000,94269.23000000,94913.03000000,94202.76000000
13/01/2025 05:00,94181.37000000,94503.34000000,94543.28000000,94045.45000000
13/01/2025 06:00,93637.37000000,94181.37000000,94327.35000000,93281.00000000
13/01/2025 07:00,93590.24000000,93637.38000000,93947.30000000,93469.20000000
13/01/2025 08:00,93039.10000000,93590.24000000,93661.55000000,92904.35000000
13/01/2025 09:00,92846.79000000,93039.11000000,93195.99000000,92644.11000000
13/01/2025 10:00,91644.96000000,92846.79000000,92889.06000000,91372.17000000
13/01/2025 11:00,90851.22000000,91644.96000000,91776.04000000,90833.12000000
13/01/2025 12:00,90732.00000000,90851.23000000,91350.00000000,90300.00000000
13/01/2025 13:00,91131.41000000,90732.00000000,91780.00000000,90583.24000000
13/01/2025 14:00,91833.03000000,91131.41000000,92300.00000000,89256.69000000
13/01/2025 15:00,92123.75000000,91833.03000000,93100.00000000,91570.00000000
13/01/2025 16:00,91343.20000000,92123.75000000,92289.07000000,91250.00000000
13/01/2025 17:00,91983.96000000,91343.21000000,92300.00000000,91250.00000000
13/01/2025 18:00,92077.65000000,91983.96000000,92405.39000000,91593.85000000
13/01/2025 19:00,92312.18000000,92077.65000000,92534.10000000,91600.00000000
13/01/2025 20:00,93575.53000000,92312.18000000,93783.12000000,91908.20000000
13/01/2025 21:00,94193.49000000,93575.53000000,94472.00000000,93401.84000000
13/01/2025 22:00,94399.98000000,94193.49000000,94727.15000000,94152.00000000
13/01/2025 23:00,94536.10000000,94399.99000000,94612.70000000,94164.77000000
14/01/2025 00:00,94470.77000000,94536.11000000,94880.00000000,94346.22000000
14/01/2025 01:00,94834.50000000,94470.76000000,95041.17000000,94462.59000000
14/01/2025 02:00,94882.65000000,94834.50000000,95280.80000000,94749.57000000
14/01/2025 03:00,94861.40000000,94882.65000000,95112.61000000,94828.46000000
14/01/2025 04:00,95119.19000000,94861.39000000,95149.32000000,94830.25000000
14/01/2025 05:00,94916.08000000,95119.18000000,95464.71000000,94861.39000000
14/01/2025 06:00,95031.94000000,94916.08000000,95031.94000000,94753.42000000
14/01/2025 07:00,94864.00000000,95031.93000000,95168.60000000,94838.56000000
14/01/2025 08:00,95488.50000000,94863.99000000,95819.70000000,94860.11000000
14/01/2025 09:00,97159.44000000,95488.51000000,97371.00000000,95469.51000000
14/01/2025 10:00,96697.08000000,97159.43000000,97194.26000000,96579.31000000
14/01/2025 11:00,96548.04000000,96686.09000000,96687.15000000,96336.92000000
14/01/2025 12:00,95988.00000000,96548.04000000,96700.00000000,95972.58000000
14/01/2025 13:00,96336.00000000,95988.01000000,97263.02000000,95748.93000000
14/01/2025 14:00,96293.60000000,96336.00000000,97265.48000000,96029.73000000
14/01/2025 15:00,96471.65000000,96293.61000000,96974.82000000,96184.02000000
14/01/2025 16:00,95745.43000000,96471.65000000,96471.66000000,95351.76000000
14/01/2025 17:00,96527.96000000,95745.42000000,96550.46000000,95584.83000000
14/01/2025 18:00,96777.80000000,96527.96000000,96958.97000000,96290.85000000
14/01/2025 19:00,96537.80000000,96777.79000000,97088.57000000,96466.03000000
14/01/2025 20:00,96505.04000000,96537.23000000,96921.13000000,96152.31000000
14/01/2025 21:00,96486.09000000,96505.98000000,96678.18000000,96315.38000000
14/01/2025 22:00,96691.91000000,96486.10000000,96741.95000000,96450.00000000
14/01/2025 23:00,96560.86000000,96691.91000000,96780.02000000,96500.49000000
15/01/2025 00:00,96889.36000000,96560.85000000,97332.52000000,96500.00000000
15/01/2025 01:00,97349.62000000,96889.36000000,97554.63000000,96789.38000000
15/01/2025 02:00,96824.06000000,97349.61000000,97464.80000000,96746.71000000
15/01/2025 03:00,97317.12000000,96824.06000000,97324.00000000,96751.47000000
15/01/2025 04:00,97189.71000000,97317.12000000,97724.96000000,97072.70000000
15/01/2025 05:00,97029.97000000,97189.71000000,97242.29000000,96750.00000000
15/01/2025 06:00,97105.48000000,97029.97000000,97147.95000000,96851.50000000
15/01/2025 07:00,97301.35000000,97105.48000000,97600.31000000,97105.47000000
15/01/2025 08:00,97202.26000000,97301.35000000,97524.00000000,97153.48000000
15/01/2025 09:00,96816.47000000,97202.27000000,97366.11000000,96766.57000000
15/01/2025 10:00,96933.59000000,96816.47000000,97136.28000000,96721.39000000
15/01/2025 11:00,96762.18000000,96933.59000000,96942.37000000,96521.00000000
15/01/2025 12:00,96942.93000000,96762.19000000,97194.35000000,96539.77000000
15/01/2025 13:00,98964.00000000,96942.92000000,99073.39000000,96852.38000000
15/01/2025 14:00,99434.41000000,98963.99000000,99499.00000000,98613.99000000
15/01/2025 15:00,98992.42000000,99434.80000000,99799.98000000,98964.71000000
15/01/2025 16:00,98995.58000000,98992.42000000,99479.53000000,98888.98000000
15/01/2025 17:00,98645.65000000,98995.58000000,99335.91000000,98602.05000000
15/01/2025 18:00,99446.14000000,98645.65000000,99483.87000000,98645.65000000
15/01/2025 19:00,99844.90000000,99446.15000000,99990.00000000,99297.41000000
15/01/2025 20:00,99566.40000000,99844.91000000,100681.94000000,99460.80000000
15/01/2025 21:00,99672.00000000,99566.34000000,99876.40000000,99476.16000000
15/01/2025 22:00,99713.46000000,99671.99000000,99838.28000000,99564.00000000
15/01/2025 23:00,100497.35000000,99713.45000000,100510.05000000,99632.73000000
16/01/2025 00:00,99869.26000000,100497.35000000,100866.66000000,99658.78000000
16/01/2025 01:00,100082.35000000,99869.26000000,100200.00000000,99814.91000000
16/01/2025 02:00,99637.77000000,100082.35000000,100112.00000000,99471.48000000
16/01/2025 03:00,99478.03000000,99637.78000000,99848.00000000,99170.00000000
16/01/2025 04:00,99610.00000000,99478.04000000,99698.70000000,99478.03000000
16/01/2025 05:00,99382.11000000,99610.00000000,99613.99000000,99355.23000000
16/01/2025 06:00,99801.23000000,99382.11000000,99921.86000000,99322.19000000
16/01/2025 07:00,99799.99000000,99801.22000000,99850.00000000,99650.33000000
16/01/2025 08:00,98955.80000000,99800.00000000,99820.00000000,98617.55000000
16/01/2025 09:00,99152.93000000,98955.81000000,99315.00000000,98649.41000000
16/01/2025 10:00,99214.25000000,99152.93000000,99405.74000000,99122.07000000
16/01/2025 11:00,99158.71000000,99214.26000000,99333.24000000,98699.99000000
16/01/2025 12:00,99392.09000000,99158.70000000,99517.93000000,98886.95000000
16/01/2025 13:00,99084.04000000,99392.09000000,99461.93000000,98777.87000000
16/01/2025 14:00,97618.89000000,99084.05000000,99424.96000000,97489.74000000
16/01/2025 15:00,99296.17000000,97618.88000000,99299.00000000,97335.13000000
16/01/2025 16:00,99346.39000000,99296.17000000,99873.37000000,99079.05000000
16/01/2025 17:00,99838.54000000,99346.39000000,100361.54000000,99178.30000000
16/01/2025 18:00,99584.24000000,99838.55000000,100070.80000000,99260.45000000
16/01/2025 19:00,100417.20000000,99584.23000000,100448.72000000,99408.00000000
16/01/2025 20:00,100343.99000000,100417.20000000,100641.99000000,100256.85000000
16/01/2025 21:00,100156.98000000,100344.00000000,100399.33000000,99717.60000000
16/01/2025 22:00,99838.25000000,100156.98000000,100156.98000000,99377.00000000
16/01/2025 23:00,99987.30000000,99838.25000000,100115.87000000,99746.00000000
17/01/2025 00:00,100120.58000000,99987.30000000,100434.96000000,99950.77000000
17/01/2025 01:00,101659.80000000,100120.58000000,101833.28000000,100050.00000000
17/01/2025 02:00,101100.00000000,101659.80000000,102148.13000000,100780.54000000
17/01/2025 03:00,101051.73000000,101100.00000000,101271.74000000,100943.77000000
17/01/2025 04:00,101481.29000000,101051.73000000,101490.78000000,100952.10000000
17/01/2025 05:00,101334.05000000,101481.28000000,101782.02000000,101301.40000000
17/01/2025 06:00,101408.99000000,101334.06000000,101586.96000000,101302.60000000
17/01/2025 07:00,101440.50000000,101409.00000000,101899.49000000,101401.00000000
17/01/2025 08:00,102136.01000000,101440.51000000,102220.14000000,101439.77000000
17/01/2025 09:00,101861.26000000,102136.00000000,102288.00000000,101743.19000000
17/01/2025 10:00,102321.53000000,101861.26000000,102581.45000000,101794.14000000
17/01/2025 11:00,102237.60000000,102321.54000000,102443.50000000,102082.64000000
17/01/2025 12:00,102745.69000000,102237.60000000,102959.66000000,102195.90000000
17/01/2025 13:00,102474.14000000,102745.68000000,102980.00000000,102422.45000000
17/01/2025 14:00,103378.95000000,102474.14000000,103395.47000000,102279.41000000
17/01/2025 15:00,104000.00000000,103379.23000000,104254.19000000,103285.79000000
17/01/2025 16:00,104972.81000000,104000.00000000,105000.00000000,103841.18000000
17/01/2025 17:00,104125.46000000,104972.81000000,105269.24000000,104025.49000000
17/01/2025 18:00,104835.68000000,104125.46000000,104946.01000000,104039.05000000
17/01/2025 19:00,105834.93000000,104835.68000000,105865.22000000,104684.21000000
17/01/2025 20:00,104692.70000000,105834.93000000,105847.02000000,104539.18000000
17/01/2025 21:00,104604.49000000,104692.70000000,105041.05000000,104462.02000000
17/01/2025 22:00,104410.39000000,104604.49000000,104694.42000000,104204.00000000
17/01/2025 23:00,104077.48000000,104410.40000000,104526.32000000,104065.25000000
18/01/2025 00:00,104656.87000000,104077.47000000,104656.87000000,104075.34000000
18/01/2025 01:00,104268.14000000,104656.87000000,104656.87000000,104082.19000000
18/01/2025 02:00,104327.98000000,104268.14000000,104500.00000000,104259.98000000
18/01/2025 03:00,103559.82000000,104327.99000000,104479.31000000,103000.25000000
18/01/2025 04:00,103599.27000000,103559.82000000,103726.23000000,102666.55000000
18/01/2025 05:00,102829.27000000,103599.27000000,103771.21000000,102818.00000000
18/01/2025 06:00,103440.39000000,102829.27000000,103636.91000000,102822.16000000
18/01/2025 07:00,102821.75000000,103440.39000000,103488.90000000,102602.48000000
18/01/2025 08:00,103272.00000000,102821.75000000,103344.70000000,102277.55000000
18/01/2025 09:00,103159.29000000,103271.99000000,103455.89000000,103059.11000000
18/01/2025 10:00,103184.64000000,103159.29000000,103294.35000000,102828.95000000
18/01/2025 11:00,103589.29000000,103184.64000000,103883.01000000,102932.01000000
18/01/2025 12:00,103457.34000000,103589.29000000,104035.28000000,103372.08000000
18/01/2025 13:00,104365.81000000,103457.34000000,104395.92000000,103107.65000000
18/01/2025 14:00,103993.03000000,104365.81000000,104562.50000000,103722.00000000
18/01/2025 15:00,104568.96000000,103993.02000000,104988.88000000,103761.05000000
18/01/2025 16:00,103253.66000000,104568.96000000,104719.29000000,103156.02000000
18/01/2025 17:00,103826.16000000,103253.65000000,104207.97000000,103253.65000000
18/01/2025 18:00,104084.74000000,103826.16000000,104395.92000000,103779.76000000
18/01/2025 19:00,104382.01000000,104084.74000000,104486.93000000,104080.71000000
18/01/2025 20:00,104035.42000000,104382.00000000,104488.00000000,103765.44000000
18/01/2025 21:00,103889.29000000,104035.42000000,104276.34000000,103878.87000000
18/01/2025 22:00,104291.30000000,103888.96000000,104307.00000000,103860.91000000
18/01/2025 23:00,104556.23000000,104291.30000000,104750.00000000,104291.30000000
19/01/2025 00:00,104108.00000000,104556.23000000,104556.23000000,104108.00000000
19/01/2025 01:00,104486.83000000,104108.01000000,104684.22000000,104013.51000000
19/01/2025 02:00,104877.96000000,104486.83000000,105458.55000000,104486.83000000
19/01/2025 03:00,104984.01000000,104877.97000000,105183.51000000,104560.00000000
19/01/2025 04:00,105032.03000000,104984.01000000,105267.67000000,104676.48000000
19/01/2025 05:00,105116.52000000,105032.04000000,105131.70000000,104191.19000000
19/01/2025 06:00,105568.29000000,105116.51000000,105634.78000000,105030.00000000
19/01/2025 07:00,105167.12000000,105568.29000000,105594.63000000,104960.26000000
19/01/2025 08:00,104428.24000000,105167.11000000,105167.12000000,104305.36000000
19/01/2025 09:00,105299.81000000,104428.23000000,105496.03000000,103450.69000000
19/01/2025 10:00,104823.86000000,105299.81000000,105299.81000000,104405.13000000
19/01/2025 11:00,104363.23000000,104823.86000000,105350.00000000,104209.56000000
19/01/2025 12:00,104936.54000000,104363.24000000,105040.30000000,104300.75000000
19/01/2025 13:00,104964.71000000,104936.54000000,105321.87000000,104850.58000000
19/01/2025 14:00,105160.00000000,104964.72000000,105706.48000000,104789.60000000
19/01/2025 15:00,104936.35000000,105159.99000000,105247.40000000,104500.01000000
19/01/2025 16:00,104963.11000000,104936.35000000,105228.27000000,104725.68000000
19/01/2025 17:00,105115.80000000,104963.11000000,105148.42000000,104520.01000000
19/01/2025 18:00,105042.90000000,105115.80000000,105250.00000000,104902.27000000
19/01/2025 19:00,106200.00000000,105042.90000000,106200.74000000,104967.66000000
19/01/2025 20:00,106275.49000000,106200.00000000,106422.43000000,105486.00000000
19/01/2025 21:00,103684.44000000,106275.49000000,106368.33000000,103684.21000000
19/01/2025 22:00,103414.00000000,103684.43000000,104500.00000000,101104.71000000
19/01/2025 23:00,101331.57000000,103414.00000000,103414.00000000,99651.60000000
20/01/2025 00:00,99794.51000000,101331.57000000,101677.71000000,99550.00000000
20/01/2025 01:00,100692.82000000,99794.51000000,100999.99000000,99629.86000000
20/01/2025 02:00,101926.42000000,100692.82000000,102321.42000000,100600.00000000
20/01/2025 03:00,101891.93000000,101926.56000000,102211.08000000,101411.20000000
20/01/2025 04:00,102232.34000000,101891.94000000,102800.27000000,101535.28000000
20/01/2025 05:00,102344.20000000,102232.34000000,102825.73000000,102127.99000000
20/01/2025 06:00,107486.50000000,102344.20000000,109588.00000000,102220.80000000
20/01/2025 07:00,107120.65000000,107482.36000000,109499.99000000,106923.00000000
20/01/2025 08:00,108320.01000000,107120.65000000,108381.92000000,107093.33000000
20/01/2025 09:00,108132.05000000,108320.00000000,109193.23000000,107548.00000000
20/01/2025 10:00,107964.56000000,108132.05000000,108731.92000000,107769.18000000
20/01/2025 11:00,108239.19000000,107964.56000000,108550.00000000,107780.51000000
20/01/2025 12:00,106917.59000000,108239.19000000,108700.01000000,105472.95000000
20/01/2025 13:00,107956.31000000,106918.83000000,108125.00000000,106651.11000000
20/01/2025 14:00,107866.65000000,107956.31000000,108130.08000000,107277.28000000
20/01/2025 15:00,104957.99000000,107866.65000000,107990.00000000,104480.00000000
20/01/2025 16:00,106670.38000000,104957.99000000,107050.00000000,103708.00000000
20/01/2025 17:00,102963.32000000,106670.37000000,106778.05000000,100333.00000000
20/01/2025 18:00,103930.66000000,102963.31000000,104469.15000000,102738.23000000
20/01/2025 19:00,103691.63000000,103930.66000000,103964.43000000,102733.77000000
20/01/2025 20:00,103647.16000000,103691.64000000,104331.00000000,103352.00000000
20/01/2025 21:00,102596.00000000,103647.16000000,104080.00000000,102562.99000000
20/01/2025 22:00,103608.00000000,102596.00000000,103815.98000000,101846.15000000
20/01/2025 23:00,102260.01000000,103607.99000000,103728.52000000,101701.01000000
21/01/2025 00:00,101187.75000000,102260.00000000,102672.00000000,101086.12000000
21/01/2025 01:00,101498.24000000,101187.75000000,102233.26000000,100119.04000000
21/01/2025 02:00,102545.56000000,101498.23000000,102763.33000000,101064.87000000
21/01/2025 03:00,102936.01000000,102545.57000000,103260.10000000,102300.00000000
21/01/2025 04:00,102344.20000000,102936.01000000,102974.14000000,101928.58000000
21/01/2025 05:00,101365.98000000,102344.21000000,102527.39000000,101339.49000000
21/01/2025 06:00,102176.04000000,101365.98000000,102186.15000000,101111.68000000
21/01/2025 07:00,101989.05000000,102176.04000000,102480.00000000,101799.57000000
21/01/2025 08:00,102466.81000000,101989.06000000,102496.74000000,101740.82000000
21/01/2025 09:00,102707.08000000,102466.82000000,102894.29000000,102072.13000000
21/01/2025 10:00,103160.85000000,102707.07000000,103364.74000000,102582.00000000
21/01/2025 11:00,103758.25000000,103160.85000000,103973.02000000,103073.86000000
21/01/2025 12:00,104519.98000000,103758.25000000,104708.41000000,103610.77000000
21/01/2025 13:00,104457.07000000,104519.98000000,104999.99000000,104149.18000000
21/01/2025 14:00,103260.91000000,104457.08000000,105320.00000000,103001.00000000
21/01/2025 15:00,103943.00000000,103260.90000000,104109.98000000,102803.43000000
21/01/2025 16:00,104965.99000000,103942.99000000,106500.99000000,103822.02000000
21/01/2025 17:00,106173.26000000,104965.99000000,106400.00000000,104888.24000000
21/01/2025 18:00,106861.18000000,106173.27000000,107240.81000000,105892.00000000
21/01/2025 19:00,107031.34000000,106861.18000000,107150.00000000,106263.84000000
21/01/2025 20:00,106137.51000000,107031.34000000,107199.99000000,105924.24000000
21/01/2025 21:00,106772.23000000,106137.51000000,106814.37000000,105772.00000000
21/01/2025 22:00,105996.01000000,106772.23000000,106772.24000000,105971.99000000
21/01/2025 23:00,106143.82000000,105996.01000000,106284.00000000,105420.00000000
22/01/2025 00:00,105948.00000000,106143.82000000,106322.00000000,105807.08000000
22/01/2025 01:00,105799.99000000,105948.01000000,106394.46000000,105448.99000000
22/01/2025 02:00,105583.89000000,105800.00000000,106202.82000000,105556.05000000
22/01/2025 03:00,105600.01000000,105583.90000000,105912.18000000,105583.89000000
22/01/2025 04:00,105578.41000000,105600.01000000,105812.00000000,105277.24000000
22/01/2025 05:00,105689.15000000,105578.41000000,105882.89000000,105498.83000000
22/01/2025 06:00,105379.81000000,105689.15000000,105952.00000000,105186.71000000
22/01/2025 07:00,105084.77000000,105379.82000000,105678.57000000,105043.88000000
22/01/2025 08:00,105270.03000000,105084.77000000,105343.28000000,104700.00000000
22/01/2025 09:00,104984.83000000,105270.03000000,105270.03000000,104916.43000000
22/01/2025 10:00,105142.76000000,104984.82000000,105161.76000000,104647.75000000
22/01/2025 11:00,105100.39000000,105142.14000000,105464.83000000,104758.62000000
22/01/2025 12:00,105275.86000000,105100.38000000,105584.23000000,105060.35000000
22/01/2025 13:00,104073.94000000,105275.87000000,105363.76000000,103768.14000000
22/01/2025 14:00,104393.66000000,104074.43000000,104949.00000000,103662.58000000
22/01/2025 15:00,104180.01000000,104393.67000000,105148.95000000,103982.00000000
22/01/2025 16:00,103704.64000000,104180.01000000,104232.64000000,103339.12000000
22/01/2025 17:00,104345.80000000,103704.65000000,104604.76000000,103665.73000000
22/01/2025 18:00,103896.01000000,104345.80000000,104684.00000000,103756.48000000
22/01/2025 19:00,104630.00000000,103896.01000000,104754.64000000,103853.66000000
22/01/2025 20:00,104321.10000000,104630.00000000,104830.12000000,104070.61000000
22/01/2025 21:00,104088.03000000,104321.11000000,104369.12000000,103611.66000000
22/01/2025 22:00,103866.79000000,104086.95000000,104514.80000000,103770.01000000
22/01/2025 23:00,103706.66000000,103866.79000000,104143.99000000,103654.00000000
23/01/2025 00:00,103307.51000000,103706.66000000,103819.99000000,103052.82000000
23/01/2025 01:00,102931.94000000,103307.51000000,103653.84000000,102588.15000000
23/01/2025 02:00,102655.34000000,102931.94000000,102983.39000000,102100.00000000
23/01/2025 03:00,102461.25000000,102655.34000000,103007.75000000,102197.34000000
23/01/2025 04:00,102075.22000000,102461.24000000,102493.15000000,101575.50000000
23/01/2025 05:00,102532.52000000,102075.21000000,102639.36000000,102000.00000000
23/01/2025 06:00,102256.70000000,102532.52000000,102968.31000000,102209.23000000
23/01/2025 07:00,102710.27000000,102256.71000000,102803.20000000,102084.51000000
23/01/2025 08:00,102215.75000000,102710.28000000,102724.94000000,102060.00000000
23/01/2025 09:00,101672.01000000,102215.75000000,102467.73000000,101650.00000000
23/01/2025 10:00,101683.61000000,101672.00000000,102072.72000000,101262.28000000
23/01/2025 11:00,101944.49000000,101683.61000000,102195.03000000,101683.60000000
23/01/2025 12:00,101635.58000000,101944.50000000,102135.05000000,101401.31000000
23/01/2025 13:00,102512.28000000,101635.59000000,102709.93000000,101281.62000000
23/01/2025 14:00,105213.50000000,102512.28000000,106050.86000000,101989.81000000
23/01/2025 15:00,105263.52000000,105213.60000000,105792.00000000,102643.49000000
23/01/2025 16:00,105139.18000000,105263.52000000,106850.00000000,105028.00000000
23/01/2025 17:00,105927.78000000,105139.18000000,106230.42000000,104211.00000000
23/01/2025 18:00,105424.39000000,105927.78000000,106142.46000000,105100.00000000
23/01/2025 19:00,103770.04000000,105424.39000000,105514.73000000,103399.98000000
23/01/2025 20:00,103284.48000000,103770.05000000,106421.03000000,102559.20000000
23/01/2025 21:00,103079.08000000,103284.01000000,103410.57000000,102195.70000000
23/01/2025 22:00,103978.82000000,103079.08000000,104700.00000000,102981.07000000
23/01/2025 23:00,103910.34000000,103978.82000000,104544.48000000,103776.06000000
24/01/2025 00:00,103446.62000000,103910.35000000,104157.98000000,103424.58000000
24/01/2025 01:00,103234.30000000,103446.62000000,103900.00000000,103039.87000000
24/01/2025 02:00,103016.01000000,103234.30000000,103545.39000000,102956.72000000
24/01/2025 03:00,103891.75000000,103016.00000000,104298.00000000,102750.00000000
24/01/2025 04:00,104631.99000000,103891.75000000,104924.40000000,103804.77000000
24/01/2025 05:00,105222.15000000,104631.98000000,105262.13000000,104543.21000000
24/01/2025 06:00,104991.01000000,105222.15000000,105355.00000000,104628.00000000
24/01/2025 07:00,105046.80000000,104991.01000000,105181.82000000,104660.00000000
24/01/2025 08:00,105500.76000000,105046.79000000,105650.00000000,104922.41000000
24/01/2025 09:00,105146.67000000,105500.76000000,105759.00000000,105053.80000000
24/01/2025 10:00,105416.75000000,105146.67000000,105428.00000000,105051.46000000
24/01/2025 11:00,105420.10000000,105416.75000000,105527.69000000,105214.15000000
24/01/2025 12:00,105526.58000000,105420.11000000,105586.29000000,105183.65000000
24/01/2025 13:00,105118.07000000,105526.58000000,105793.61000000,104982.03000000
24/01/2025 14:00,105758.00000000,105118.06000000,106321.66000000,104669.17000000
24/01/2025 15:00,105859.98000000,105758.00000000,105990.50000000,105259.49000000
24/01/2025 16:00,105645.89000000,105859.99000000,106174.99000000,105589.00000000
24/01/2025 17:00,106458.46000000,105645.88000000,106699.99000000,105612.00000000
24/01/2025 18:00,106327.72000000,106458.47000000,107120.00000000,106056.95000000
24/01/2025 19:00,105760.94000000,106327.31000000,106606.01000000,105687.00000000
24/01/2025 20:00,104859.11000000,105760.93000000,105781.00000000,104736.84000000
24/01/2025 21:00,105124.61000000,104859.40000000,105391.47000000,104859.40000000
24/01/2025 22:00,104777.25000000,105124.61000000,105477.00000000,104706.08000000
24/01/2025 23:00,104870.50000000,104777.25000000,104925.20000000,104456.89000000
25/01/2025 00:00,104419.59000000,104870.51000000,104870.51000000,104361.89000000
25/01/2025 01:00,104738.00000000,104419.58000000,104815.01000000,104380.15000000
25/01/2025 02:00,104559.54000000,104738.01000000,104830.27000000,104473.67000000
25/01/2025 03:00,105202.40000000,104559.54000000,105280.82000000,104461.00000000
25/01/2025 04:00,104648.00000000,105202.40000000,105202.40000000,104620.00000000
25/01/2025 05:00,104365.97000000,104647.99000000,104701.18000000,104236.95000000
25/01/2025 06:00,104308.00000000,104365.96000000,104480.00000000,104216.81000000
25/01/2025 07:00,104385.98000000,104308.00000000,104523.25000000,104287.24000000
25/01/2025 08:00,104341.98000000,104385.99000000,104497.54000000,104135.71000000
25/01/2025 09:00,104366.63000000,104341.99000000,104450.48000000,104276.41000000
25/01/2025 10:00,104540.00000000,104366.62000000,104661.04000000,104106.09000000
25/01/2025 11:00,104670.99000000,104540.00000000,104700.01000000,104391.27000000
25/01/2025 12:00,104753.07000000,104670.99000000,104792.00000000,104456.00000000
25/01/2025 13:00,104717.04000000,104753.08000000,104868.00000000,104629.31000000
25/01/2025 14:00,104600.01000000,104717.05000000,104721.99000000,104473.16000000
25/01/2025 15:00,104897.79000000,104600.00000000,105111.11000000,104594.01000000
25/01/2025 16:00,104654.90000000,104897.79000000,104989.49000000,104591.67000000
25/01/2025 17:00,104899.71000000,104654.91000000,104934.39000000,104449.75000000
25/01/2025 18:00,104983.49000000,104899.72000000,105286.52000000,104843.25000000
25/01/2025 19:00,105055.16000000,104983.50000000,105187.50000000,104909.09000000
25/01/2025 20:00,104965.71000000,105055.16000000,105200.00000000,104965.70000000
25/01/2025 21:00,105102.84000000,104965.71000000,105123.50000000,104866.66000000
25/01/2025 22:00,105077.54000000,105102.84000000,105250.00000000,105004.53000000
25/01/2025 23:00,104746.85000000,105077.54000000,105134.90000000,104696.00000000
26/01/2025 00:00,104599.96000000,104746.86000000,104841.84000000,104515.44000000
26/01/2025 01:00,104621.37000000,104599.95000000,104772.00000000,104503.70000000
26/01/2025 02:00,104696.25000000,104621.37000000,104718.16000000,104520.03000000
26/01/2025 03:00,105062.42000000,104696.25000000,105273.24000000,104696.24000000
26/01/2025 04:00,105174.27000000,105062.41000000,105500.00000000,104978.82000000
26/01/2025 05:00,105094.12000000,105174.28000000,105200.00000000,105013.60000000
26/01/2025 06:00,104990.75000000,105094.13000000,105118.78000000,104959.20000000
26/01/2025 07:00,104998.35000000,104990.75000000,105100.00000000,104950.00000000
26/01/2025 08:00,105030.40000000,104998.36000000,105221.36000000,104863.31000000
26/01/2025 09:00,104630.03000000,105030.40000000,105030.41000000,104444.01000000
26/01/2025 10:00,104715.29000000,104630.02000000,104722.90000000,104500.00000000
26/01/2025 11:00,104818.69000000,104715.29000000,104847.69000000,104662.05000000
26/01/2025 12:00,104890.00000000,104818.68000000,104890.00000000,104703.58000000
26/01/2025 13:00,104961.73000000,104890.00000000,105126.11000000,104838.43000000
26/01/2025 14:00,104944.00000000,104961.74000000,105003.54000000,104804.00000000
26/01/2025 15:00,104967.01000000,104944.00000000,105093.22000000,104887.70000000
26/01/2025 16:00,104938.02000000,104967.02000000,105040.64000000,104896.00000000
26/01/2025 17:00,104945.11000000,104938.01000000,105050.00000000,104912.53000000
26/01/2025 18:00,105175.11000000,104945.12000000,105260.36000000,104906.89000000
26/01/2025 19:00,105081.63000000,105175.11000000,105240.00000000,105040.00000000
26/01/2025 20:00,104949.99000000,105081.64000000,105200.00000000,104918.52000000
26/01/2025 21:00,104557.19000000,104949.99000000,105006.00000000,104552.48000000
26/01/2025 22:00,104330.22000000,104557.19000000,104730.98000000,104300.01000000
26/01/2025 23:00,102620.00000000,104330.21000000,104330.21000000,102520.44000000
27/01/2025 00:00,101728.00000000,102620.01000000,103260.00000000,101600.00000000
27/01/2025 01:00,101308.29000000,101728.00000000,102085.04000000,101168.80000000
27/01/2025 02:00,101000.00000000,101308.29000000,101688.00000000,100835.25000000
27/01/2025 03:00,101395.64000000,100999.99000000,101858.19000000,100720.53000000
27/01/2025 04:00,100410.04000000,101395.64000000,101399.99000000,100227.01000000
27/01/2025 05:00,100374.08000000,100410.04000000,100732.00000000,99713.37000000
27/01/2025 06:00,98956.32000000,100374.07000000,100491.99000000,98721.00000000
27/01/2025 07:00,99048.02000000,98956.31000000,99415.92000000,97777.77000000
27/01/2025 08:00,99043.77000000,99048.01000000,99367.73000000,98700.00000000
27/01/2025 09:00,99424.38000000,99043.78000000,99533.33000000,98800.00000000
27/01/2025 10:00,98392.74000000,99424.37000000,99454.76000000,98263.49000000
27/01/2025 11:00,98761.13000000,98392.74000000,99362.03000000,98324.01000000
27/01/2025 12:00,100619.68000000,98761.12000000,100910.27000000,98714.28000000
27/01/2025 13:00,100483.99000000,100619.68000000,101666.66000000,100000.00000000
27/01/2025 14:00,101920.89000000,100483.98000000,102317.94000000,100105.54000000
27/01/2025 15:00,101112.03000000,101920.88000000,102118.49000000,100852.00000000
27/01/2025 16:00,99744.00000000,101112.03000000,101250.56000000,99566.25000000
27/01/2025 17:00,99150.01000000,99744.00000000,100050.02000000,99049.98000000
27/01/2025 18:00,99180.00000000,99150.01000000,99753.89000000,98864.00000000
27/01/2025 19:00,99700.02000000,99180.00000000,99952.00000000,99175.03000000
27/01/2025 20:00,101386.50000000,99700.01000000,101750.40000000,99606.46000000
27/01/2025 21:00,101349.67000000,101386.11000000,102405.00000000,100954.00000000
27/01/2025 22:00,101637.18000000,101349.67000000,101961.09000000,101277.77000000
27/01/2025 23:00,102082.83000000,101637.18000000,102183.21000000,101637.18000000
28/01/2025 00:00,101856.01000000,102082.83000000,102892.00000000,101777.00000000
28/01/2025 01:00,101382.67000000,101856.00000000,102000.00000000,101382.66000000
28/01/2025 02:00,102402.01000000,101382.66000000,102436.79000000,101334.55000000
28/01/2025 03:00,102636.32000000,102402.01000000,102880.00000000,102026.02000000
28/01/2025 04:00,102901.45000000,102636.32000000,103371.24000000,102600.00000000
28/01/2025 05:00,103014.59000000,102901.45000000,103339.61000000,102812.90000000
28/01/2025 06:00,102744.38000000,103014.60000000,103200.00000000,102599.20000000
28/01/2025 07:00,102789.72000000,102744.39000000,103343.65000000,102527.39000000
28/01/2025 08:00,102851.23000000,102789.72000000,103028.53000000,102607.34000000
28/01/2025 09:00,102955.99000000,102851.23000000,102965.28000000,102393.94000000
28/01/2025 10:00,102745.36000000,102955.99000000,103181.82000000,102600.79000000
28/01/2025 11:00,102762.01000000,102745.37000000,102943.07000000,102564.77000000
28/01/2025 12:00,102599.99000000,102762.02000000,102988.60000000,102476.63000000
28/01/2025 13:00,102597.36000000,102599.99000000,102938.71000000,102482.35000000
28/01/2025 14:00,102641.99000000,102597.37000000,102891.33000000,101815.26000000
28/01/2025 15:00,102777.99000000,102642.00000000,103800.00000000,102504.00000000
28/01/2025 16:00,102250.01000000,102777.99000000,102907.98000000,101906.24000000
28/01/2025 17:00,102572.82000000,102250.01000000,103098.00000000,102220.07000000
28/01/2025 18:00,102205.79000000,102572.82000000,103108.00000000,102160.00000000
28/01/2025 19:00,102424.24000000,102205.78000000,102660.00000000,101820.15000000
28/01/2025 20:00,101264.48000000,102424.24000000,102538.00000000,101197.04000000
28/01/2025 21:00,100334.01000000,101264.02000000,101547.22000000,100272.68000000
28/01/2025 22:00,101265.63000000,100334.00000000,101404.00000000,100274.96000000
28/01/2025 23:00,101335.52000000,101265.63000000,101450.00000000,100750.00000000
29/01/2025 00:00,101702.59000000,101335.52000000,101819.67000000,101328.01000000
29/01/2025 01:00,101845.02000000,101702.60000000,101993.68000000,101461.12000000
29/01/2025 02:00,101795.40000000,101845.02000000,102319.69000000,101696.01000000
29/01/2025 03:00,102038.20000000,101795.41000000,102162.80000000,101764.24000000
29/01/2025 04:00,102001.06000000,102038.21000000,102190.00000000,101955.51000000
29/01/2025 05:00,102262.00000000,102001.06000000,102384.61000000,101980.27000000
29/01/2025 06:00,102801.64000000,102262.00000000,102853.53000000,102237.05000000
29/01/2025 07:00,102755.82000000,102801.64000000,102815.66000000,102449.97000000
29/01/2025 08:00,102732.03000000,102755.81000000,103000.00000000,102680.00000000
29/01/2025 09:00,102334.40000000,102732.03000000,102770.00000000,102303.68000000
29/01/2025 10:00,102547.01000000,102334.41000000,102726.77000000,102180.65000000
29/01/2025 11:00,102646.00000000,102547.01000000,102809.52000000,102425.87000000
29/01/2025 12:00,102229.85000000,102646.00000000,102842.04000000,102220.13000000
29/01/2025 13:00,101836.23000000,102229.85000000,102330.81000000,101699.59000000
29/01/2025 14:00,102029.93000000,101836.23000000,102380.00000000,101582.37000000
29/01/2025 15:00,101980.78000000,102029.94000000,102531.64000000,101798.01000000
29/01/2025 16:00,102092.01000000,101980.78000000,102150.00000000,101675.62000000
29/01/2025 17:00,102406.98000000,102092.00000000,102777.78000000,101995.37000000
29/01/2025 18:00,102854.15000000,102406.97000000,103000.00000000,102008.00000000
29/01/2025 19:00,103583.99000000,102854.14000000,103999.00000000,101400.01000000
29/01/2025 20:00,104193.93000000,103584.00000000,104782.68000000,102868.00000000
29/01/2025 21:00,103741.11000000,104193.92000000,104393.93000000,103715.50000000
29/01/2025 22:00,103492.06000000,103741.11000000,104010.94000000,103405.77000000
29/01/2025 23:00,103733.24000000,103492.07000000,104344.64000000,103460.00000000
30/01/2025 00:00,104026.04000000,103733.25000000,104123.36000000,103278.54000000
30/01/2025 01:00,104264.15000000,104026.05000000,104555.00000000,103925.00000000
30/01/2025 02:00,104663.19000000,104264.15000000,104668.35000000,103994.46000000
30/01/2025 03:00,105196.00000000,104663.19000000,105300.00000000,104493.16000000
30/01/2025 04:00,105478.00000000,105196.00000000,105595.81000000,104842.37000000
30/01/2025 05:00,105375.70000000,105478.00000000,105520.00000000,104996.97000000
30/01/2025 06:00,105184.37000000,105375.70000000,105580.16000000,105163.44000000
30/01/2025 07:00,105132.07000000,105184.38000000,105348.00000000,104799.66000000
30/01/2025 08:00,105060.01000000,105132.07000000,105368.84000000,104925.26000000
30/01/2025 09:00,105412.05000000,105060.01000000,105534.00000000,105021.36000000
30/01/2025 10:00,105345.40000000,105412.05000000,105412.06000000,105117.63000000
30/01/2025 11:00,105300.63000000,105345.41000000,105392.00000000,105078.01000000
30/01/2025 12:00,105020.00000000,105300.63000000,105312.93000000,104836.85000000
30/01/2025 13:00,104879.99000000,105020.01000000,105367.57000000,104836.58000000
30/01/2025 14:00,105920.57000000,104879.99000000,106222.08000000,104660.00000000
30/01/2025 15:00,105564.00000000,105920.57000000,106457.44000000,105353.85000000
30/01/2025 16:00,105696.96000000,105563.99000000,106013.01000000,105455.30000000
30/01/2025 17:00,105300.01000000,105696.96000000,105698.27000000,104900.14000000
30/01/2025 18:00,105578.95000000,105300.01000000,105583.39000000,104762.59000000
30/01/2025 19:00,105711.27000000,105578.96000000,105776.87000000,105231.58000000
30/01/2025 20:00,104907.15000000,105711.28000000,105821.62000000,104815.82000000
30/01/2025 21:00,105048.89000000,104907.10000000,105217.17000000,104805.15000000
30/01/2025 22:00,105094.56000000,105048.89000000,105351.29000000,104962.11000000
30/01/2025 23:00,104722.94000000,105094.57000000,105254.00000000,104693.82000000
31/01/2025 00:00,104898.49000000,104722.94000000,105029.72000000,104400.00000000
31/01/2025 01:00,104729.58000000,104898.48000000,104908.15000000,104420.97000000
31/01/2025 02:00,104341.72000000,104729.95000000,104851.99000000,104255.01000000
31/01/2025 03:00,104344.46000000,104341.73000000,104377.76000000,103930.09000000
31/01/2025 04:00,104007.58000000,104344.46000000,104547.24000000,103972.13000000
31/01/2025 05:00,104319.87000000,104007.59000000,104484.09000000,104007.59000000
31/01/2025 06:00,104511.02000000,104319.87000000,104745.10000000,104298.73000000
31/01/2025 07:00,104188.56000000,104511.03000000,104814.46000000,104002.01000000
31/01/2025 08:00,104028.78000000,104188.57000000,104321.98000000,104013.63000000
31/01/2025 09:00,104256.56000000,104028.79000000,104329.73000000,103936.54000000
31/01/2025 10:00,104284.10000000,104256.57000000,104431.49000000,104080.10000000
31/01/2025 11:00,104736.00000000,104284.10000000,104848.65000000,104284.10000000
31/01/2025 12:00,104704.68000000,104736.01000000,104918.30000000,104553.71000000
31/01/2025 13:00,104664.02000000,104704.69000000,105036.03000000,104551.09000000
31/01/2025 14:00,104442.79000000,104664.01000000,104860.00000000,104106.00000000
31/01/2025 15:00,105464.01000000,104443.99000000,106012.00000000,104443.99000000
31/01/2025 16:00,105081.87000000,105464.00000000,105574.40000000,104696.23000000
31/01/2025 17:00,104580.87000000,105081.86000000,105081.87000000,104542.00000000
31/01/2025 18:00,102627.29000000,104580.87000000,104820.00000000,102605.00000000
31/01/2025 19:00,102312.32000000,102627.29000000,103016.66000000,102122.00000000
31/01/2025 20:00,101680.02000000,102312.31000000,102321.42000000,101603.23000000
31/01/2025 21:00,102148.73000000,101680.02000000,102166.11000000,101560.00000000
31/01/2025 22:00,102261.30000000,102148.72000000,102482.94000000,101918.46000000
31/01/2025 23:00,102429.56000000,102261.29000000,102439.31000000,101955.00000000
01/02/2025 00:00,102494.94000000,102429.56000000,102575.06000000,102213.07000000
01/02/2025 01:00,102566.00000000,102494.94000000,102780.27000000,102460.33000000
01/02/2025 02:00,102467.77000000,102566.00000000,102783.71000000,102400.00000000
01/02/2025 03:00,102249.19000000,102466.96000000,102518.42000000,102198.52000000
01/02/2025 04:00,102316.16000000,102249.19000000,102503.03000000,102118.56000000
01/02/2025 05:00,102500.00000000,102316.15000000,102588.57000000,102235.29000000
01/02/2025 06:00,102402.91000000,102500.00000000,102577.12000000,102184.46000000
01/02/2025 07:00,102166.49000000,102402.91000000,102494.69000000,102161.82000000
01/02/2025 08:00,102016.85000000,102166.49000000,102276.99000000,101836.43000000
01/02/2025 09:00,101675.99000000,102016.85000000,102016.85000000,101412.00000000
01/02/2025 10:00,101638.00000000,101675.99000000,101984.99000000,101626.82000000
01/02/2025 11:00,102028.81000000,101638.00000000,102055.98000000,101638.00000000
01/02/2025 12:00,102277.71000000,102028.82000000,102329.01000000,102009.12000000
01/02/2025 13:00,101869.02000000,102277.71000000,102284.46000000,101799.90000000
01/02/2025 14:00,101827.53000000,101869.04000000,102173.45000000,101812.00000000
01/02/2025 15:00,102073.89000000,101827.53000000,102185.94000000,101730.79000000
01/02/2025 16:00,101892.32000000,102073.89000000,102209.98000000,101863.77000000
01/02/2025 17:00,102262.49000000,101892.32000000,102297.99000000,101892.32000000
01/02/2025 18:00,102003.70000000,102262.50000000,102279.52000000,101965.24000000
01/02/2025 19:00,101669.60000000,102003.70000000,102023.63000000,101448.00000000
01/02/2025 20:00,101333.34000000,101669.60000000,101669.60000000,101000.00000000
01/02/2025 21:00,101199.82000000,101333.34000000,101578.04000000,101001.00000000
01/02/2025 22:00,100666.91000000,101199.81000000,101428.00000000,100510.00000000
01/02/2025 23:00,100635.65000000,100666.90000000,100871.45000000,100279.51000000
02/02/2025 00:00,101243.86000000,100635.66000000,101288.51000000,100500.00000000
02/02/2025 01:00,101248.38000000,101243.86000000,101456.60000000,101165.10000000
02/02/2025 02:00,100452.16000000,101248.38000000,101271.32000000,100425.00000000
02/02/2025 03:00,99206.86000000,100452.16000000,100755.93000000,99148.91000000
02/02/2025 04:00,99538.60000000,99206.85000000,99884.00000000,99031.19000000
02/02/2025 05:00,100259.53000000,99538.60000000,100342.69000000,99500.00000000
02/02/2025 06:00,100265.15000000,100259.53000000,100515.99000000,100094.69000000
02/02/2025 07:00,99643.30000000,100265.15000000,100277.54000000,99565.60000000
02/02/2025 08:00,99831.04000000,99643.30000000,100100.00000000,99315.91000000
02/02/2025 09:00,99690.78000000,99831.05000000,99864.02000000,99352.94000000
02/02/2025 10:00,99417.06000000,99690.78000000,99694.72000000,99200.00000000
02/02/2025 11:00,98864.60000000,99417.07000000,99604.00000000,98645.00000000
02/02/2025 12:00,98178.00000000,98864.60000000,99166.19000000,98157.00000000
02/02/2025 13:00,98795.88000000,98178.00000000,98827.18000000,98160.00000000
02/02/2025 14:00,99205.08000000,98795.89000000,99439.05000000,98705.88000000
02/02/2025 15:00,99346.87000000,99205.08000000,99405.74000000,98720.55000000
02/02/2025 16:00,98264.00000000,99346.87000000,99361.97000000,98075.02000000
02/02/2025 17:00,97228.85000000,98264.01000000,98580.38000000,97019.00000000
02/02/2025 18:00,97087.92000000,97228.86000000,97931.65000000,96821.54000000
02/02/2025 19:00,98273.16000000,97087.92000000,98700.00000000,96842.33000000
02/02/2025 20:00,97798.00000000,98273.17000000,98628.74000000,97650.54000000
02/02/2025 21:00,97020.54000000,97798.01000000,97977.02000000,96573.47000000
02/02/2025 22:00,97994.46000000,97020.56000000,98022.20000000,96150.00000000
02/02/2025 23:00,97700.59000000,97994.47000000,97994.47000000,96543.10000000
03/02/2025 00:00,96511.33000000,97700.59000000,97782.79000000,95500.00000000
03/02/2025 01:00,93435.82000000,96511.33000000,96945.03000000,92000.00000000
03/02/2025 02:00,93566.01000000,93436.97000000,94980.00000000,91231.00000000
03/02/2025 03:00,94038.74000000,93566.00000000,94688.00000000,93426.49000000
03/02/2025 04:00,92786.53000000,94038.75000000,94490.72000000,92646.36000000
03/02/2025 05:00,94216.00000000,92786.53000000,94273.84000000,92760.80000000
03/02/2025 06:00,93911.04000000,94215.99000000,94600.00000000,93657.33000000
03/02/2025 07:00,95333.01000000,93911.05000000,95426.63000000,93846.32000000
03/02/2025 08:00,95340.00000000,95333.01000000,95634.39000000,94850.85000000
03/02/2025 09:00,95277.00000000,95339.99000000,95950.68000000,95222.03000000
03/02/2025 10:00,95702.67000000,95277.00000000,95725.25000000,94799.29000000
03/02/2025 11:00,95107.89000000,95702.68000000,95716.21000000,94953.60000000
03/02/2025 12:00,94764.01000000,95107.89000000,95625.00000000,94757.22000000
03/02/2025 13:00,94664.51000000,94764.01000000,95400.00000000,94367.92000000
03/02/2025 14:00,96589.50000000,94664.52000000,96702.12000000,94131.14000000
03/02/2025 15:00,98842.00000000,96589.50000000,99500.00000000,96190.47000000
03/02/2025 16:00,98543.08000000,98842.00000000,99041.89000000,98164.00000000
03/02/2025 17:00,99206.38000000,98543.08000000,99313.09000000,98038.58000000
03/02/2025 18:00,99816.05000000,99206.38000000,99943.63000000,98941.17000000
03/02/2025 19:00,101880.00000000,99816.05000000,101880.00000000,99576.02000000
03/02/2025 20:00,101083.00000000,101879.99000000,101951.82000000,100980.00000000
03/02/2025 21:00,101802.55000000,101081.40000000,101978.84000000,100918.00000000
03/02/2025 22:00,101695.62000000,101802.56000000,102500.01000000,101479.14000000
03/02/2025 23:00,101328.52000000,101695.62000000,101827.98000000,101270.49000000
04/02/2025 00:00,101058.01000000,101328.51000000,101660.94000000,100985.09000000
04/02/2025 01:00,101382.68000000,101058.01000000,101732.31000000,100743.33000000
04/02/2025 02:00,100839.99000000,101382.69000000,101435.66000000,100804.54000000
04/02/2025 03:00,100629.70000000,100839.99000000,101021.78000000,100534.03000000
04/02/2025 04:00,100053.12000000,100629.70000000,100764.11000000,100009.97000000
04/02/2025 05:00,98865.99000000,100053.11000000,100094.09000000,98229.82000000
04/02/2025 06:00,99367.58000000,98866.00000000,99673.60000000,98838.28000000
04/02/2025 07:00,98448.02000000,99367.58000000,99473.85000000,98316.27000000
04/02/2025 08:00,98304.34000000,98448.01000000,98730.80000000,97860.00000000
04/02/2025 09:00,98338.23000000,98304.35000000,98809.18000000,98271.73000000
04/02/2025 10:00,98779.91000000,98338.23000000,98976.96000000,98338.22000000
04/02/2025 11:00,98967.70000000,98779.91000000,99445.17000000,98742.47000000
04/02/2025 12:00,99362.04000000,98967.70000000,99789.00000000,98967.70000000
04/02/2025 13:00,99007.22000000,99362.04000000,99545.35000000,98958.90000000
04/02/2025 14:00,99984.72000000,99007.22000000,100415.00000000,98561.48000000
04/02/2025 15:00,99347.19000000,99984.72000000,100223.38000000,98275.98000000
04/02/2025 16:00,99043.48000000,99347.18000000,99949.50000000,99028.46000000
04/02/2025 17:00,99168.35000000,99043.48000000,99613.25000000,98829.64000000
04/02/2025 18:00,99415.20000000,99168.35000000,99566.66000000,98778.58000000
04/02/2025 19:00,98859.77000000,99415.20000000,100777.93000000,98782.60000000
04/02/2025 20:00,98652.18000000,98859.78000000,99444.02000000,97965.63000000
04/02/2025 21:00,96514.47000000,98652.18000000,98673.86000000,96422.00000000
04/02/2025 22:00,97691.20000000,96514.47000000,97967.40000000,96150.00000000
04/02/2025 23:00,97763.13000000,97691.20000000,98224.97000000,97473.32000000
05/02/2025 00:00,98274.01000000,97763.14000000,98390.70000000,97711.70000000
05/02/2025 01:00,97849.82000000,98274.01000000,98930.44000000,97662.18000000
05/02/2025 02:00,97993.99000000,97849.81000000,98192.00000000,97131.43000000
05/02/2025 03:00,98040.00000000,97994.00000000,98324.16000000,97771.82000000
05/02/2025 04:00,98046.00000000,98040.01000000,98332.41000000,97916.02000000
05/02/2025 05:00,98138.40000000,98045.99000000,98300.00000000,97681.53000000
05/02/2025 06:00,97652.00000000,98138.40000000,98222.00000000,97559.12000000
05/02/2025 07:00,97864.43000000,97652.00000000,97984.53000000,97352.77000000
05/02/2025 08:00,97634.24000000,97864.43000000,98038.00000000,97572.00000000
05/02/2025 09:00,97405.61000000,97634.25000000,97970.61000000,97257.05000000
05/02/2025 10:00,97734.96000000,97405.61000000,98040.71000000,97348.30000000
05/02/2025 11:00,98198.00000000,97734.97000000,98256.00000000,97708.00000000
05/02/2025 12:00,98057.61000000,98198.00000000,98710.38000000,97992.00000000
05/02/2025 13:00,98570.01000000,98057.62000000,98683.82000000,97941.60000000
05/02/2025 14:00,98292.27000000,98570.00000000,99149.00000000,98121.81000000
05/02/2025 15:00,98116.24000000,98292.27000000,98550.00000000,97734.69000000
05/02/2025 16:00,97974.01000000,98116.24000000,98277.02000000,97326.99000000
05/02/2025 17:00,97550.74000000,97974.01000000,98256.36000000,97349.98000000
05/02/2025 18:00,96723.66000000,97550.12000000,97700.00000000,96517.22000000
05/02/2025 19:00,97370.00000000,96723.66000000,97519.54000000,96500.00000000
05/02/2025 20:00,97323.39000000,97370.00000000,97706.37000000,96870.39000000
05/02/2025 21:00,96904.11000000,97323.40000000,97532.61000000,96769.23000000
05/02/2025 22:00,96445.63000000,96904.11000000,97047.89000000,96241.12000000
05/02/2025 23:00,96612.43000000,96445.64000000,96853.57000000,96155.00000000
06/02/2025 00:00,96826.96000000,96612.44000000,96999.26000000,96430.78000000
06/02/2025 01:00,97159.68000000,96826.97000000,97218.84000000,96639.65000000
06/02/2025 02:00,97364.08000000,97159.69000000,97458.02000000,97103.47000000
06/02/2025 03:00,97355.67000000,97364.09000000,97493.07000000,97073.36000000
06/02/2025 04:00,97617.01000000,97355.66000000,97860.85000000,97273.71000000
06/02/2025 05:00,97831.47000000,97617.02000000,97885.99000000,97600.00000000
06/02/2025 06:00,98386.89000000,97831.47000000,98436.61000000,97704.00000000
06/02/2025 07:00,98195.61000000,98386.90000000,98386.90000000,98012.73000000
06/02/2025 08:00,98128.43000000,98195.60000000,98321.84000000,97910.01000000
06/02/2025 09:00,98614.41000000,98128.42000000,98725.16000000,98110.70000000
06/02/2025 10:00,99013.30000000,98614.40000000,99040.00000000,98614.40000000
06/02/2025 11:00,98877.99000000,99013.30000000,99120.00000000,98405.00000000
06/02/2025 12:00,98346.09000000,98877.99000000,99040.09000000,98283.45000000
06/02/2025 13:00,98604.50000000,98346.09000000,98783.40000000,98166.70000000
06/02/2025 14:00,97835.98000000,98604.50000000,98924.09000000,97795.76000000
06/02/2025 15:00,97333.09000000,97835.98000000,98064.34000000,96930.17000000
06/02/2025 16:00,96586.96000000,97333.09000000,97547.71000000,96400.00000000
06/02/2025 17:00,96715.35000000,96586.96000000,97188.16000000,96340.81000000
06/02/2025 18:00,96316.84000000,96715.35000000,96837.19000000,95888.00000000
06/02/2025 19:00,95983.00000000,96316.83000000,96945.85000000,95676.64000000
06/02/2025 20:00,96926.63000000,95982.99000000,97093.50000000,95800.00000000
06/02/2025 21:00,96807.43000000,96926.63000000,96944.16000000,96093.35000000
06/02/2025 22:00,96959.99000000,96807.43000000,96959.99000000,96154.70000000
06/02/2025 23:00,96554.35000000,96959.99000000,96959.99000000,96202.98000000
07/02/2025 00:00,96507.75000000,96554.35000000,96928.00000000,96409.65000000
07/02/2025 01:00,97404.01000000,96507.76000000,97805.60000000,96505.33000000
07/02/2025 02:00,97575.85000000,97404.01000000,97621.59000000,97047.59000000
07/02/2025 03:00,97444.04000000,97575.86000000,97772.00000000,97250.00000000
07/02/2025 04:00,97434.79000000,97444.04000000,97883.12000000,97383.63000000
07/02/2025 05:00,97338.20000000,97434.79000000,97543.42000000,97142.13000000
07/02/2025 06:00,96746.87000000,97338.20000000,97362.53000000,96566.00000000
07/02/2025 07:00,96757.05000000,96746.87000000,97213.54000000,96645.45000000
07/02/2025 08:00,97021.47000000,96757.04000000,97258.76000000,96613.24000000
07/02/2025 09:00,97295.23000000,97021.47000000,97388.00000000,97021.47000000
07/02/2025 10:00,97261.51000000,97295.24000000,97486.05000000,97248.22000000
07/02/2025 11:00,97750.00000000,97261.52000000,97750.00000000,97261.51000000
07/02/2025 12:00,97963.58000000,97749.99000000,98085.85000000,97500.00000000
07/02/2025 13:00,98828.01000000,97963.58000000,98862.38000000,97165.51000000
07/02/2025 14:00,99710.92000000,98828.01000000,100137.99000000,98688.00000000
07/02/2025 15:00,98283.98000000,99710.91000000,99710.91000000,97616.27000000
07/02/2025 16:00,97827.66000000,98283.98000000,98563.55000000,97638.29000000
07/02/2025 17:00,97434.78000000,97827.67000000,98166.67000000,97145.81000000
07/02/2025 18:00,97751.99000000,97434.79000000,98353.10000000,97300.01000000
07/02/2025 19:00,96898.56000000,97752.00000000,97831.99000000,96856.78000000
07/02/2025 20:00,95764.31000000,96898.56000000,96944.10000000,95620.34000000
07/02/2025 21:00,96011.42000000,95764.30000000,96174.79000000,95693.75000000
07/02/2025 22:00,96062.76000000,96011.43000000,96100.86000000,95632.23000000
07/02/2025 23:00,96506.80000000,96062.77000000,96518.16000000,95866.80000000
08/02/2025 00:00,96650.14000000,96506.80000000,96851.48000000,96335.42000000
08/02/2025 01:00,96509.20000000,96650.15000000,96789.57000000,96395.12000000
08/02/2025 02:00,96751.01000000,96509.20000000,96818.33000000,96399.12000000
08/02/2025 03:00,96699.23000000,96751.02000000,96880.00000000,96542.02000000
08/02/2025 04:00,96300.01000000,96699.24000000,96699.24000000,96222.00000000
08/02/2025 05:00,96211.08000000,96300.01000000,96369.45000000,96064.61000000
08/02/2025 06:00,95994.55000000,96211.08000000,96224.00000000,95853.90000000
08/02/2025 07:00,96209.92000000,95994.56000000,96318.80000000,95785.09000000
08/02/2025 08:00,95893.84000000,96209.92000000,96293.48000000,95879.69000000
08/02/2025 09:00,96163.05000000,95893.84000000,96201.86000000,95893.83000000
08/02/2025 10:00,96050.64000000,96163.05000000,96289.00000000,96010.52000000
08/02/2025 11:00,96120.00000000,96050.63000000,96120.66000000,95865.71000000
08/02/2025 12:00,96059.24000000,96120.00000000,96270.28000000,95864.93000000
08/02/2025 13:00,96246.70000000,96059.25000000,96517.52000000,96011.58000000
08/02/2025 14:00,96091.34000000,96246.69000000,96376.60000000,95950.22000000
08/02/2025 15:00,95843.74000000,96091.34000000,96200.04000000,95688.00000000
08/02/2025 16:00,96132.07000000,95843.74000000,96132.08000000,95749.88000000
08/02/2025 17:00,96377.71000000,96132.07000000,96391.03000000,96132.07000000
08/02/2025 18:00,96512.00000000,96377.71000000,96526.59000000,96235.23000000
08/02/2025 19:00,96579.99000000,96512.00000000,96750.00000000,96399.27000000
08/02/2025 20:00,96455.92000000,96579.99000000,96638.89000000,96358.50000000
08/02/2025 21:00,96527.36000000,96455.92000000,96600.00000000,96360.00000000
08/02/2025 22:00,96473.90000000,96527.37000000,96712.00000000,96388.88000000
08/02/2025 23:00,96444.74000000,96473.91000000,96687.02000000,96430.43000000
09/02/2025 00:00,96568.00000000,96444.75000000,96584.91000000,96360.14000000
09/02/2025 01:00,96992.36000000,96568.01000000,96992.37000000,96484.00000000
09/02/2025 02:00,96727.31000000,96992.36000000,97042.59000000,96687.81000000
09/02/2025 03:00,97300.00000000,96727.32000000,97300.00000000,96690.31000000
09/02/2025 04:00,97220.59000000,97299.99000000,97323.09000000,96964.14000000
09/02/2025 05:00,97029.28000000,97220.58000000,97227.39000000,97000.00000000
09/02/2025 06:00,97005.89000000,97029.28000000,97068.04000000,96777.77000000
09/02/2025 07:00,97057.83000000,97005.89000000,97127.94000000,96932.88000000
09/02/2025 08:00,97086.00000000,97057.83000000,97294.46000000,97055.55000000
09/02/2025 09:00,96924.53000000,97086.00000000,97086.00000000,96898.05000000
09/02/2025 10:00,96762.01000000,96924.53000000,96924.53000000,96656.79000000
09/02/2025 11:00,96554.01000000,96762.01000000,97020.00000000,96509.96000000
09/02/2025 12:00,96535.26000000,96554.01000000,96703.99000000,96314.30000000
09/02/2025 13:00,95877.92000000,96535.27000000,96544.63000000,95800.01000000
09/02/2025 14:00,96127.73000000,95877.93000000,96305.30000000,95700.00000000
09/02/2025 15:00,96488.15000000,96127.51000000,96653.06000000,96109.93000000
09/02/2025 16:00,96442.16000000,96488.14000000,96545.65000000,96326.96000000
09/02/2025 17:00,96171.17000000,96442.16000000,96567.80000000,95900.00000000
09/02/2025 18:00,96212.00000000,96171.18000000,96281.45000000,95982.00000000
09/02/2025 19:00,96064.74000000,96212.00000000,96273.63000000,95888.88000000
09/02/2025 20:00,96322.24000000,96064.73000000,96760.00000000,96048.81000000
09/02/2025 21:00,95173.78000000,96322.23000000,96331.81000000,94713.00000000
09/02/2025 22:00,95831.64000000,95173.79000000,96464.77000000,94779.19000000
09/02/2025 23:00,96462.75000000,95830.19000000,96572.85000000,95722.22000000
10/02/2025 00:00,96717.98000000,96462.75000000,97131.47000000,96452.09000000
10/02/2025 01:00,95576.00000000,96717.99000000,96833.34000000,95256.00000000
10/02/2025 02:00,95798.82000000,95576.00000000,96070.36000000,95419.47000000
10/02/2025 03:00,96814.98000000,95798.83000000,97098.35000000,95762.00000000
10/02/2025 04:00,96935.46000000,96814.97000000,97170.00000000,96632.81000000
10/02/2025 05:00,97015.26000000,96935.46000000,97640.02000000,96764.75000000
10/02/2025 06:00,97142.43000000,97015.26000000,97219.99000000,96800.00000000
10/02/2025 07:00,97429.83000000,97142.43000000,97482.87000000,97108.88000000
10/02/2025 08:00,97683.99000000,97429.83000000,97899.99000000,97358.79000000
10/02/2025 09:00,97664.78000000,97684.00000000,97880.33000000,97451.73000000
10/02/2025 10:00,97728.29000000,97664.77000000,97954.69000000,97589.94000000
10/02/2025 11:00,97661.16000000,97728.29000000,97899.00000000,97599.88000000
10/02/2025 12:00,97358.58000000,97661.15000000,97788.24000000,97180.55000000
10/02/2025 13:00,98215.72000000,97358.59000000,98345.00000000,97356.03000000
10/02/2025 14:00,97270.64000000,98215.71000000,98312.00000000,97070.00000000
10/02/2025 15:00,97218.69000000,97270.65000000,97566.03000000,96866.66000000
10/02/2025 16:00,97300.75000000,97218.68000000,97380.00000000,96866.39000000
10/02/2025 17:00,97500.00000000,97300.75000000,97516.10000000,96884.01000000
10/02/2025 18:00,97549.99000000,97499.99000000,97557.02000000,97186.04000000
10/02/2025 19:00,97376.00000000,97549.98000000,97643.29000000,97265.91000000
10/02/2025 20:00,97331.95000000,97376.00000000,97489.78000000,97219.46000000
10/02/2025 21:00,97375.81000000,97331.96000000,97378.57000000,97128.79000000
10/02/2025 22:00,97390.26000000,97375.80000000,97490.71000000,97280.40000000
10/02/2025 23:00,97430.82000000,97390.26000000,97449.06000000,97240.00000000
11/02/2025 00:00,97783.12000000,97430.82000000,98149.92000000,97416.62000000
11/02/2025 01:00,97994.23000000,97783.12000000,98100.00000000,97783.12000000
11/02/2025 02:00,97764.00000000,97994.24000000,98098.00000000,97464.67000000
11/02/2025 03:00,97607.30000000,97764.00000000,97766.88000000,97480.16000000
11/02/2025 04:00,98064.93000000,97607.31000000,98193.74000000,97558.99000000
11/02/2025 05:00,98412.24000000,98064.93000000,98478.42000000,98008.00000000
11/02/2025 06:00,98424.33000000,98412.24000000,98476.00000000,98135.67000000
11/02/2025 07:00,98268.97000000,98424.32000000,98464.03000000,98258.46000000
11/02/2025 08:00,98223.79000000,98268.98000000,98330.00000000,98109.29000000
11/02/2025 09:00,97999.99000000,98223.79000000,98300.05000000,97913.80000000
11/02/2025 10:00,97961.25000000,97999.99000000,98132.71000000,97885.62000000
11/02/2025 11:00,98151.52000000,97961.24000000,98232.91000000,97894.38000000
11/02/2025 12:00,97766.13000000,98151.51000000,98158.89000000,97680.49000000
11/02/2025 13:00,96799.53000000,97766.13000000,97850.00000000,96670.00000000
11/02/2025 14:00,96962.03000000,96799.53000000,97321.73000000,96595.33000000
11/02/2025 15:00,97007.53000000,96962.04000000,97262.56000000,96631.38000000
11/02/2025 16:00,96365.05000000,97007.54000000,97045.53000000,96303.00000000
11/02/2025 17:00,96165.29000000,96365.04000000,96395.28000000,95950.00000000
11/02/2025 18:00,95469.28000000,96165.29000000,96165.29000000,95409.92000000
11/02/2025 19:00,95040.82000000,95469.28000000,95658.24000000,94876.88000000
11/02/2025 20:00,95305.00000000,95040.81000000,95439.27000000,94928.47000000
11/02/2025 21:00,96390.23000000,95305.01000000,96449.26000000,95256.80000000
11/02/2025 22:00,95580.23000000,96390.22000000,96512.70000000,95353.64000000
11/02/2025 23:00,95778.20000000,95580.24000000,95966.65000000,95490.05000000
12/02/2025 00:00,96060.00000000,95778.21000000,96120.00000000,95672.56000000
12/02/2025 01:00,96207.32000000,96060.00000000,96263.99000000,95817.69000000
12/02/2025 02:00,95579.14000000,96207.33000000,96214.70000000,95384.61000000
12/02/2025 03:00,95299.27000000,95579.13000000,95762.67000000,95100.00000000
12/02/2025 04:00,95556.98000000,95299.28000000,95611.12000000,95267.71000000
12/02/2025 05:00,95886.54000000,95556.99000000,95933.30000000,95514.60000000
12/02/2025 06:00,95817.87000000,95886.54000000,95952.09000000,95684.00000000
12/02/2025 07:00,96069.58000000,95817.87000000,96188.68000000,95793.11000000
12/02/2025 08:00,96358.46000000,96069.58000000,96469.78000000,96047.73000000
12/02/2025 09:00,96129.28000000,96358.46000000,96377.36000000,96014.69000000
12/02/2025 10:00,95978.01000000,96129.28000000,96196.00000000,95913.49000000
12/02/2025 11:00,96094.65000000,95978.00000000,96377.32000000,95978.00000000
12/02/2025 12:00,95982.97000000,96094.65000000,96350.00000000,95944.44000000
12/02/2025 13:00,94975.38000000,95982.97000000,96631.66000000,94088.23000000
12/02/2025 14:00,95628.91000000,94975.37000000,95685.90000000,94500.00000000
12/02/2025 15:00,95816.18000000,95628.92000000,95999.65000000,94708.17000000
12/02/2025 16:00,96986.14000000,95816.18000000,97094.34000000,95120.30000000
12/02/2025 17:00,97354.89000000,96986.14000000,97700.00000000,96769.23000000
12/02/2025 18:00,96921.43000000,97354.88000000,97450.00000000,96625.00000000
12/02/2025 19:00,97205.06000000,96921.42000000,97278.16000000,96353.47000000
12/02/2025 20:00,97025.24000000,97205.06000000,97623.48000000,96931.89000000
12/02/2025 21:00,97646.50000000,97026.53000000,97908.99000000,96854.97000000
12/02/2025 22:00,97806.57000000,97646.51000000,98119.99000000,97416.40000000
12/02/2025 23:00,97869.99000000,97806.57000000,98000.01000000,97579.31000000
13/02/2025 00:00,97818.91000000,97870.00000000,97870.00000000,97534.07000000
13/02/2025 01:00,97986.19000000,97818.91000000,98083.91000000,97743.57000000
13/02/2025 02:00,97473.66000000,97986.18000000,97986.19000000,97367.45000000
13/02/2025 03:00,97498.42000000,97473.67000000,97631.03000000,97430.00000000
13/02/2025 04:00,96927.46000000,97498.43000000,97564.83000000,96767.28000000
13/02/2025 05:00,96666.38000000,96927.46000000,96929.67000000,96503.38000000
13/02/2025 06:00,96056.72000000,96666.37000000,96757.50000000,95800.00000000
13/02/2025 07:00,96070.23000000,96056.72000000,96231.67000000,95901.00000000
13/02/2025 08:00,95943.62000000,96070.23000000,96175.34000000,95649.85000000
13/02/2025 09:00,96262.25000000,95943.62000000,96297.76000000,95786.20000000
13/02/2025 10:00,96155.86000000,96262.24000000,96336.00000000,96103.14000000
13/02/2025 11:00,95925.11000000,96155.87000000,96288.74000000,95599.57000000
13/02/2025 12:00,95820.28000000,95925.12000000,96069.81000000,95707.02000000
13/02/2025 13:00,96074.66000000,95820.29000000,96301.59000000,95636.79000000
13/02/2025 14:00,95857.03000000,96074.67000000,96104.49000000,95336.00000000
13/02/2025 15:00,95998.00000000,95857.03000000,96480.06000000,95519.99000000
13/02/2025 16:00,95359.22000000,95998.00000000,96002.24000000,95217.36000000
13/02/2025 17:00,95692.09000000,95359.22000000,96023.58000000,95287.00000000
13/02/2025 18:00,95964.01000000,95692.08000000,95981.20000000,95320.75000000
13/02/2025 19:00,95627.76000000,95964.01000000,96361.58000000,95561.46000000
13/02/2025 20:00,96264.52000000,95627.75000000,96291.95000000,95600.00000000
13/02/2025 21:00,96488.00000000,96264.52000000,96774.71000000,96253.33000000
13/02/2025 22:00,96411.40000000,96487.99000000,96600.00000000,96265.16000000
13/02/2025 23:00,96608.14000000,96411.40000000,96630.00000000,96312.51000000
14/02/2025 00:00,96750.83000000,96608.13000000,96965.51000000,96531.36000000
14/02/2025 01:00,96529.27000000,96750.83000000,96884.62000000,96356.41000000
14/02/2025 02:00,96528.47000000,96529.28000000,96835.30000000,96441.27000000
14/02/2025 03:00,97129.98000000,96528.47000000,97190.00000000,96527.71000000
14/02/2025 04:00,96750.00000000,97129.98000000,97248.60000000,96750.00000000
14/02/2025 05:00,96683.29000000,96750.01000000,96908.16000000,96561.36000000
14/02/2025 06:00,96834.29000000,96683.30000000,96857.18000000,96611.11000000
14/02/2025 07:00,96944.09000000,96834.30000000,97075.33000000,96806.51000000
14/02/2025 08:00,96871.97000000,96944.09000000,97025.56000000,96799.99000000
14/02/2025 09:00,97108.31000000,96871.96000000,97153.50000000,96831.00000000
14/02/2025 10:00,97017.40000000,97108.31000000,97196.00000000,96962.26000000
14/02/2025 11:00,96887.56000000,97017.41000000,97143.20000000,96800.00000000
14/02/2025 12:00,96652.58000000,96887.55000000,96887.56000000,96516.20000000
14/02/2025 13:00,96786.68000000,96652.58000000,96980.00000000,96450.34000000
14/02/2025 14:00,97290.95000000,96786.68000000,97568.28000000,96572.00000000
14/02/2025 15:00,96924.39000000,97290.95000000,97409.30000000,96252.82000000
14/02/2025 16:00,97658.70000000,96924.57000000,97700.00000000,96494.17000000
14/02/2025 17:00,98526.00000000,97658.70000000,98826.00000000,97142.00000000
14/02/2025 18:00,98192.84000000,98525.99000000,98738.57000000,98166.66000000
14/02/2025 19:00,97940.45000000,98192.84000000,98450.00000000,97656.00000000
14/02/2025 20:00,97196.09000000,97940.44000000,98264.85000000,97003.28000000
14/02/2025 21:00,97456.79000000,97196.10000000,97492.69000000,96697.56000000
14/02/2025 22:00,97134.59000000,97456.78000000,97538.11000000,96922.23000000
14/02/2025 23:00,97500.48000000,97134.60000000,97519.99000000,96995.41000000
15/02/2025 00:00,97470.88000000,97500.47000000,97516.20000000,97223.58000000
15/02/2025 01:00,97804.24000000,97470.87000000,97833.42000000,97436.93000000
15/02/2025 02:00,97839.04000000,97804.24000000,97918.53000000,97625.30000000
15/02/2025 03:00,97653.19000000,97839.05000000,97972.26000000,97642.16000000
15/02/2025 04:00,97527.63000000,97653.19000000,97780.73000000,97482.21000000
15/02/2025 05:00,97611.17000000,97527.64000000,97640.97000000,97450.01000000
15/02/2025 06:00,97488.61000000,97611.18000000,97664.06000000,97439.04000000
15/02/2025 07:00,97346.26000000,97488.62000000,97526.54000000,97345.50000000
15/02/2025 08:00,97505.51000000,97346.27000000,97544.00000000,97301.77000000
15/02/2025 09:00,97562.55000000,97505.51000000,97606.80000000,97441.49000000
15/02/2025 10:00,97653.95000000,97562.56000000,97731.09000000,97458.00000000
15/02/2025 11:00,97615.59000000,97653.94000000,97669.83000000,97472.75000000
15/02/2025 12:00,97753.82000000,97615.59000000,97833.42000000,97531.52000000
15/02/2025 13:00,97716.89000000,97753.81000000,97962.51000000,97677.28000000
15/02/2025 14:00,97593.61000000,97716.89000000,97756.00000000,97426.57000000
15/02/2025 15:00,97633.22000000,97593.62000000,97722.22000000,97548.23000000
15/02/2025 16:00,97535.39000000,97633.21000000,97714.39000000,97455.48000000
15/02/2025 17:00,97410.28000000,97535.39000000,97584.84000000,97304.38000000
15/02/2025 18:00,97540.79000000,97410.29000000,97584.91000000,97368.82000000
15/02/2025 19:00,97531.90000000,97540.80000000,97650.00000000,97509.61000000
15/02/2025 20:00,97539.40000000,97531.91000000,97641.78000000,97414.05000000
15/02/2025 21:00,97684.23000000,97539.40000000,97691.47000000,97539.39000000
15/02/2025 22:00,97545.76000000,97684.23000000,97741.35000000,97432.50000000
15/02/2025 23:00,97569.66000000,97545.77000000,97634.22000000,97426.56000000
16/02/2025 00:00,97594.57000000,97569.67000000,97704.47000000,97554.65000000
16/02/2025 01:00,97643.00000000,97594.58000000,97660.38000000,97538.87000000
16/02/2025 02:00,97524.87000000,97643.01000000,97653.30000000,97469.29000000
16/02/2025 03:00,97547.17000000,97524.87000000,97547.17000000,97411.11000000
16/02/2025 04:00,97530.81000000,97547.17000000,97583.49000000,97472.04000000
16/02/2025 05:00,97603.30000000,97530.81000000,97682.04000000,97485.94000000
16/02/2025 06:00,97487.26000000,97603.30000000,97625.63000000,97451.99000000
16/02/2025 07:00,97248.98000000,97487.27000000,97487.27000000,97212.00000000
16/02/2025 08:00,97163.86000000,97248.98000000,97331.42000000,97131.06000000
16/02/2025 09:00,97365.74000000,97163.87000000,97365.74000000,97061.58000000
16/02/2025 10:00,97180.98000000,97365.73000000,97388.89000000,97166.66000000
16/02/2025 11:00,97336.00000000,97180.98000000,97336.03000000,97152.00000000
16/02/2025 12:00,97125.63000000,97335.99000000,97336.00000000,97096.00000000
16/02/2025 13:00,96842.37000000,97125.64000000,97212.43000000,96788.21000000
16/02/2025 14:00,96969.58000000,96842.37000000,97029.90000000,96645.35000000
16/02/2025 15:00,96911.01000000,96969.58000000,97092.35000000,96911.00000000
16/02/2025 16:00,97052.64000000,96911.01000000,97115.00000000,96880.00000000
16/02/2025 17:00,96982.95000000,97052.64000000,97169.15000000,96931.06000000
16/02/2025 18:00,96872.59000000,96982.94000000,97000.00000000,96609.05000000
16/02/2025 19:00,97058.47000000,96872.58000000,97108.18000000,96763.11000000
16/02/2025 20:00,96909.54000000,97058.47000000,97160.74000000,96861.38000000
16/02/2025 21:00,97165.09000000,96909.55000000,97282.38000000,96852.01000000
16/02/2025 22:00,96865.79000000,97165.10000000,97187.18000000,96570.47000000
16/02/2025 23:00,96118.12000000,96865.79000000,96884.89000000,96046.18000000
17/02/2025 00:00,96319.22000000,96118.12000000,96443.50000000,96023.17000000
17/02/2025 01:00,96508.63000000,96319.22000000,96533.52000000,96060.50000000
17/02/2025 02:00,96228.98000000,96508.63000000,96638.05000000,96156.55000000
17/02/2025 03:00,96215.33000000,96228.97000000,96280.00000000,96032.99000000
17/02/2025 04:00,96026.01000000,96215.32000000,96259.84000000,96013.00000000
17/02/2025 05:00,96242.66000000,96026.01000000,96328.14000000,95800.00000000
17/02/2025 06:00,96376.77000000,96242.67000000,96445.45000000,96208.00000000
17/02/2025 07:00,96068.22000000,96376.78000000,96463.20000000,95900.94000000
17/02/2025 08:00,96144.03000000,96068.21000000,96298.72000000,95937.05000000
17/02/2025 09:00,96166.26000000,96144.03000000,96318.62000000,96076.92000000
17/02/2025 10:00,96106.17000000,96166.26000000,96395.68000000,96050.00000000
17/02/2025 11:00,96063.18000000,96106.18000000,96300.00000000,95990.00000000
17/02/2025 12:00,96457.76000000,96063.17000000,96510.66000000,96059.40000000
17/02/2025 13:00,96411.95000000,96457.75000000,96482.35000000,96253.90000000
17/02/2025 14:00,96799.99000000,96411.96000000,97046.59000000,96400.00000000
17/02/2025 15:00,95659.46000000,96800.00000000,96898.90000000,95564.00000000
17/02/2025 16:00,95334.75000000,95659.45000000,95945.49000000,95303.21000000
17/02/2025 17:00,95479.78000000,95334.75000000,95725.00000000,95288.00000000
17/02/2025 18:00,95340.83000000,95479.78000000,95770.86000000,95249.74000000
17/02/2025 19:00,95531.36000000,95340.83000000,95596.24000000,95205.00000000
17/02/2025 20:00,95971.36000000,95531.36000000,96267.45000000,95488.90000000
17/02/2025 21:00,96409.33000000,95971.35000000,96413.43000000,95917.51000000
17/02/2025 22:00,95875.48000000,96409.33000000,96413.43000000,95829.63000000
17/02/2025 23:00,95780.00000000,95875.48000000,96009.11000000,95673.02000000
18/02/2025 00:00,95637.93000000,95780.01000000,96058.62000000,95538.01000000
18/02/2025 01:00,96266.24000000,95637.93000000,96300.00000000,95606.46000000
18/02/2025 02:00,96064.47000000,96266.24000000,96322.97000000,96015.00000000
18/02/2025 03:00,96200.00000000,96064.47000000,96290.00000000,96000.00000000
18/02/2025 04:00,96070.81000000,96200.00000000,96300.73000000,95968.10000000
18/02/2025 05:00,95609.49000000,96070.81000000,96110.63000000,95539.14000000
18/02/2025 06:00,95382.75000000,95609.50000000,95641.79000000,95254.12000000
18/02/2025 07:00,95456.93000000,95382.74000000,95713.19000000,95298.06000000
18/02/2025 08:00,95238.89000000,95456.92000000,95582.11000000,95050.00000000
18/02/2025 09:00,95775.95000000,95238.89000000,95780.50000000,95149.04000000
18/02/2025 10:00,95742.50000000,95775.94000000,95872.17000000,95634.05000000
18/02/2025 11:00,95640.34000000,95742.50000000,95782.10000000,95566.84000000
18/02/2025 12:00,96194.00000000,95640.35000000,96281.05000000,95600.17000000
18/02/2025 13:00,96230.00000000,96194.00000000,96482.91000000,96107.77000000
18/02/2025 14:00,95536.83000000,96230.00000000,96753.91000000,95375.12000000
18/02/2025 15:00,95546.48000000,95536.83000000,95730.77000000,95200.00000000
18/02/2025 16:00,94639.98000000,95546.49000000,95633.15000000,94617.45000000
18/02/2025 17:00,94102.16000000,94639.98000000,94878.74000000,94102.15000000
18/02/2025 18:00,93924.03000000,94102.16000000,94350.87000000,93600.00000000
18/02/2025 19:00,94104.14000000,93924.03000000,94403.88000000,93388.09000000
18/02/2025 20:00,94196.02000000,94104.15000000,94458.40000000,93730.72000000
18/02/2025 21:00,95065.46000000,94196.77000000,95351.40000000,94118.80000000
18/02/2025 22:00,95304.43000000,95065.46000000,95534.25000000,94855.67000000
18/02/2025 23:00,95671.74000000,95304.42000000,95685.00000000,95257.15000000
19/02/2025 00:00,95330.15000000,95671.74000000,95849.06000000,95279.94000000
19/02/2025 01:00,95479.99000000,95330.15000000,95480.00000000,95055.00000000
19/02/2025 02:00,95831.76000000,95480.00000000,95961.54000000,95458.03000000
19/02/2025 03:00,95710.26000000,95831.76000000,95837.82000000,95565.57000000
19/02/2025 04:00,95213.85000000,95710.25000000,95768.95000000,95213.85000000
19/02/2025 05:00,95289.33000000,95213.84000000,95340.05000000,95029.99000000
19/02/2025 06:00,95616.31000000,95289.34000000,95652.00000000,95249.65000000
19/02/2025 07:00,95687.71000000,95616.31000000,95846.15000000,95588.00000000
19/02/2025 08:00,95629.99000000,95687.71000000,95866.00000000,95616.60000000
19/02/2025 09:00,95937.40000000,95629.99000000,96024.25000000,95629.70000000
19/02/2025 10:00,96330.32000000,95937.40000000,96468.99000000,95937.39000000
19/02/2025 11:00,96422.60000000,96330.31000000,96423.08000000,96205.40000000
19/02/2025 12:00,96166.44000000,96422.60000000,96495.00000000,96138.40000000
19/02/2025 13:00,96277.54000000,96166.45000000,96481.60000000,96166.44000000
19/02/2025 14:00,95766.33000000,96277.54000000,96700.00000000,95692.00000000
19/02/2025 15:00,95943.74000000,95766.33000000,96405.45000000,95536.36000000
19/02/2025 16:00,96300.00000000,95943.74000000,96375.39000000,95930.54000000
19/02/2025 17:00,96389.57000000,96300.00000000,96480.00000000,96122.00000000
19/02/2025 18:00,95670.54000000,96389.57000000,96414.72000000,95640.03000000
19/02/2025 19:00,96206.54000000,95670.53000000,96242.80000000,95407.41000000
19/02/2025 20:00,96180.72000000,96206.54000000,96479.99000000,96101.89000000
19/02/2025 21:00,96315.64000000,96180.72000000,96490.37000000,96058.38000000
19/02/2025 22:00,96539.85000000,96315.65000000,96621.86000000,96305.35000000
19/02/2025 23:00,96644.37000000,96539.84000000,96899.99000000,96522.55000000
20/02/2025 00:00,96853.98000000,96644.37000000,96853.99000000,96415.09000000
20/02/2025 01:00,96767.67000000,96853.98000000,97000.00000000,96627.09000000
20/02/2025 02:00,97134.52000000,96767.67000000,97275.54000000,96739.48000000
20/02/2025 03:00,97055.25000000,97134.52000000,97362.83000000,96979.29000000
20/02/2025 04:00,97224.46000000,97055.24000000,97339.11000000,97034.59000000
20/02/2025 05:00,96909.99000000,97224.46000000,97224.46000000,96891.47000000
20/02/2025 06:00,96907.99000000,96909.99000000,96999.30000000,96781.57000000
20/02/2025 07:00,96867.92000000,96908.00000000,97088.87000000,96804.00000000
20/02/2025 08:00,97150.01000000,96867.92000000,97197.74000000,96801.61000000
20/02/2025 09:00,97184.63000000,97150.01000000,97284.00000000,97150.00000000
20/02/2025 10:00,97373.98000000,97184.63000000,97374.00000000,97095.75000000
20/02/2025 11:00,97207.92000000,97373.98000000,97384.03000000,97156.19000000
20/02/2025 12:00,97428.36000000,97207.93000000,97549.88000000,97207.92000000
20/02/2025 13:00,97562.19000000,97428.37000000,97566.26000000,97268.51000000
20/02/2025 14:00,96966.91000000,97562.20000000,98062.15000000,96877.51000000
20/02/2025 15:00,96903.77000000,96966.92000000,97326.07000000,96799.42000000
20/02/2025 16:00,97550.73000000,96903.76000000,97968.00000000,96888.00000000
20/02/2025 17:00,97954.95000000,97550.73000000,97999.99000000,97541.40000000
20/02/2025 18:00,98295.08000000,97954.95000000,98436.00000000,97943.34000000
20/02/2025 19:00,98422.80000000,98295.09000000,98518.00000000,98241.99000000
20/02/2025 20:00,98453.61000000,98422.80000000,98711.36000000,98313.73000000
20/02/2025 21:00,98089.46000000,98453.61000000,98498.43000000,98000.00000000
20/02/2025 22:00,98134.95000000,98089.45000000,98371.66000000,98062.08000000
20/02/2025 23:00,98305.00000000,98134.95000000,98510.89000000,98115.00000000
21/02/2025 00:00,98236.32000000,98305.01000000,98505.00000000,98084.06000000
21/02/2025 01:00,98312.00000000,98236.32000000,98350.00000000,98113.20000000
21/02/2025 02:00,98111.12000000,98312.00000000,98373.72000000,98111.11000000
21/02/2025 03:00,98141.99000000,98111.13000000,98298.26000000,98085.15000000
21/02/2025 04:00,98204.01000000,98141.99000000,98271.15000000,98117.73000000
21/02/2025 05:00,98333.58000000,98204.02000000,98389.31000000,98156.94000000
21/02/2025 06:00,98409.99000000,98333.59000000,98421.35000000,98292.63000000
21/02/2025 07:00,98179.76000000,98410.00000000,98610.17000000,98172.00000000
21/02/2025 08:00,98213.41000000,98179.77000000,98261.91000000,98150.00000000
21/02/2025 09:00,98337.70000000,98213.41000000,98896.81000000,98111.11000000
21/02/2025 10:00,98612.00000000,98337.70000000,98679.83000000,98240.63000000
21/02/2025 11:00,98629.30000000,98612.00000000,98833.11000000,98490.57000000
21/02/2025 12:00,98904.00000000,98629.31000000,98957.93000000,98531.29000000
21/02/2025 13:00,99334.93000000,98903.99000000,99475.00000000,98800.00000000
21/02/2025 14:00,98777.77000000,99334.92000000,99380.17000000,98345.69000000
21/02/2025 15:00,98104.04000000,98777.78000000,99333.34000000,97177.31000000
21/02/2025 16:00,98215.81000000,98104.04000000,98757.00000000,97709.92000000
21/02/2025 17:00,96971.90000000,98215.81000000,98430.58000000,96832.01000000
21/02/2025 18:00,96543.52000000,96971.91000000,97223.40000000,96515.49000000
21/02/2025 19:00,95285.11000000,96543.52000000,96829.00000000,95247.15000000
21/02/2025 20:00,95066.25000000,95285.11000000,95671.90000000,94871.95000000
21/02/2025 21:00,95395.03000000,95066.24000000,95480.00000000,95006.13000000
21/02/2025 22:00,95823.53000000,95395.03000000,95930.60000000,95245.49000000
21/02/2025 23:00,96181.98000000,95823.53000000,96202.68000000,95666.88000000
22/02/2025 00:00,96185.90000000,96181.99000000,96214.59000000,95770.49000000
22/02/2025 01:00,96233.20000000,96185.91000000,96451.15000000,96123.72000000
22/02/2025 02:00,96343.22000000,96233.20000000,96455.97000000,96107.00000000
22/02/2025 03:00,96299.07000000,96343.22000000,96358.00000000,96156.53000000
22/02/2025 04:00,96387.36000000,96299.08000000,96470.59000000,96273.85000000
22/02/2025 05:00,96509.83000000,96387.36000000,96530.00000000,96312.00000000
22/02/2025 06:00,96395.18000000,96509.83000000,96578.99000000,96327.12000000
22/02/2025 07:00,96288.09000000,96395.19000000,96511.93000000,96288.09000000
22/02/2025 08:00,96219.80000000,96288.09000000,96348.60000000,96159.01000000
22/02/2025 09:00,96493.95000000,96219.81000000,96529.79000000,96151.00000000
22/02/2025 10:00,96500.16000000,96493.96000000,96583.70000000,96437.24000000
22/02/2025 11:00,96580.00000000,96500.17000000,96611.53000000,96500.16000000
22/02/2025 12:00,96823.94000000,96580.00000000,96980.00000000,96575.00000000
22/02/2025 13:00,96566.03000000,96823.94000000,96916.83000000,96523.98000000
22/02/2025 14:00,96535.90000000,96566.04000000,96716.71000000,96498.27000000
22/02/2025 15:00,96592.00000000,96535.91000000,96708.43000000,96485.37000000
22/02/2025 16:00,96504.01000000,96592.01000000,96811.03000000,96455.00000000
22/02/2025 17:00,96639.38000000,96504.01000000,96685.99000000,96476.00000000
22/02/2025 18:00,96449.99000000,96639.39000000,96823.53000000,96415.09000000
22/02/2025 19:00,96639.99000000,96449.98000000,96645.00000000,96345.49000000
22/02/2025 20:00,96578.01000000,96640.00000000,96645.00000000,96508.00000000
22/02/2025 21:00,96658.57000000,96578.01000000,96677.69000000,96527.20000000
22/02/2025 22:00,96634.06000000,96658.57000000,96700.00000000,96603.77000000
22/02/2025 23:00,96551.01000000,96634.06000000,96658.40000000,96472.22000000
23/02/2025 00:00,96643.46000000,96551.01000000,96650.00000000,96492.00000000
23/02/2025 01:00,96452.83000000,96643.47000000,96643.47000000,96355.17000000
23/02/2025 02:00,96410.27000000,96452.83000000,96500.00000000,96387.24000000
23/02/2025 03:00,96414.00000000,96410.28000000,96566.04000000,96371.95000000
23/02/2025 04:00,96395.88000000,96414.00000000,96520.00000000,96377.35000000
23/02/2025 05:00,96208.62000000,96395.88000000,96406.45000000,96194.65000000
23/02/2025 06:00,96342.91000000,96208.63000000,96352.95000000,96143.99000000
23/02/2025 07:00,96508.85000000,96342.92000000,96558.01000000,96298.37000000
23/02/2025 08:00,96364.32000000,96508.85000000,96508.86000000,96308.00000000
23/02/2025 09:00,96286.02000000,96364.32000000,96470.59000000,96255.61000000
23/02/2025 10:00,96193.88000000,96286.02000000,96298.87000000,96083.33000000
23/02/2025 11:00,96115.99000000,96193.89000000,96245.99000000,96085.70000000
23/02/2025 12:00,95732.93000000,96115.99000000,96158.50000000,95657.05000000
23/02/2025 13:00,95977.96000000,95732.94000000,95979.65000000,95721.33000000
23/02/2025 14:00,95593.89000000,95977.96000000,96049.44000000,95544.00000000
23/02/2025 15:00,95436.18000000,95593.88000000,95731.73000000,95414.25000000
23/02/2025 16:00,95420.50000000,95436.19000000,95624.31000000,95420.50000000
23/02/2025 17:00,95656.78000000,95420.51000000,95750.00000000,95227.94000000
23/02/2025 18:00,95740.00000000,95656.78000000,95876.00000000,95622.65000000
23/02/2025 19:00,95755.99000000,95739.99000000,95849.12000000,95702.08000000
23/02/2025 20:00,95777.70000000,95756.00000000,95811.44000000,95680.00000000
23/02/2025 21:00,95755.25000000,95777.71000000,95777.71000000,95637.45000000
23/02/2025 22:00,95787.13000000,95755.25000000,95940.83000000,95522.78000000
23/02/2025 23:00,96258.00000000,95787.14000000,96332.44000000,95774.60000000
24/02/2025 00:00,96247.35000000,96258.00000000,96500.00000000,96157.42000000
24/02/2025 01:00,95971.24000000,96247.36000000,96339.63000000,95763.43000000
24/02/2025 02:00,95829.35000000,95971.25000000,96200.00000000,95752.68000000
24/02/2025 03:00,95433.21000000,95829.36000000,95829.36000000,95311.00000000
24/02/2025 04:00,95298.00000000,95433.21000000,95597.02000000,95078.01000000
24/02/2025 05:00,95727.39000000,95298.00000000,95764.99000000,95240.01000000
24/02/2025 06:00,95864.31000000,95727.39000000,95896.00000000,95609.78000000
24/02/2025 07:00,95872.02000000,95864.31000000,95945.00000000,95696.00000000
24/02/2025 08:00,95509.49000000,95872.02000000,95945.00000000,95375.89000000
24/02/2025 09:00,95765.76000000,95509.50000000,96177.18000000,95499.94000000
24/02/2025 10:00,95631.66000000,95765.76000000,95915.97000000,95355.00000000
24/02/2025 11:00,95821.45000000,95631.66000000,95860.00000000,95411.01000000
24/02/2025 12:00,95798.46000000,95821.45000000,95946.61000000,95679.74000000
24/02/2025 13:00,95594.57000000,95798.46000000,96095.32000000,95339.35000000
24/02/2025 14:00,94674.44000000,95594.57000000,95800.00000000,94578.00000000
24/02/2025 15:00,94323.95000000,94674.45000000,94960.00000000,93817.06000000
24/02/2025 16:00,94434.49000000,94323.95000000,94980.00000000,94153.72000000
24/02/2025 17:00,94644.00000000,94434.48000000,95194.59000000,94328.01000000
24/02/2025 18:00,94161.67000000,94644.01000000,94852.59000000,94135.13000000
24/02/2025 19:00,93943.51000000,94161.66000000,94559.05000000,93666.22000000
24/02/2025 20:00,94020.00000000,93943.52000000,94571.43000000,93830.66000000
24/02/2025 21:00,93979.44000000,94019.99000000,94349.22000000,93618.00000000
24/02/2025 22:00,92432.06000000,93979.45000000,93996.00000000,92368.00000000
24/02/2025 23:00,91552.88000000,92432.07000000,92871.89000000,91349.26000000
25/02/2025 00:00,91857.29000000,91552.88000000,92162.37000000,90912.01000000
25/02/2025 01:00,92018.41000000,91857.30000000,92401.01000000,91165.18000000
25/02/2025 02:00,92376.68000000,92018.41000000,92536.93000000,91595.00000000
25/02/2025 03:00,92153.93000000,92376.68000000,92540.69000000,91944.73000000
25/02/2025 04:00,91900.01000000,92153.93000000,92327.88000000,91812.70000000
25/02/2025 05:00,92070.34000000,91900.01000000,92111.12000000,91706.87000000
25/02/2025 06:00,91275.99000000,92070.35000000,92128.51000000,91206.92000000
25/02/2025 07:00,89320.01000000,91276.00000000,91441.82000000,88200.00000000
25/02/2025 08:00,89400.53000000,89320.01000000,90000.00000000,89012.03000000
25/02/2025 09:00,88303.73000000,89400.54000000,89598.02000000,88289.63000000
25/02/2025 10:00,88213.77000000,88303.74000000,88905.67000000,86888.10000000
25/02/2025 11:00,89239.39000000,88213.76000000,89358.12000000,87618.90000000
25/02/2025 12:00,89395.98000000,89239.39000000,89531.25000000,88908.91000000
25/02/2025 13:00,88826.11000000,89395.99000000,89544.40000000,88750.41000000
25/02/2025 14:00,87157.25000000,88826.11000000,89384.65000000,87077.00000000
25/02/2025 15:00,87231.26000000,87157.25000000,87781.40000000,86050.99000000
25/02/2025 16:00,87460.00000000,87231.63000000,87777.00000000,86157.69000000
25/02/2025 17:00,87259.99000000,87459.99000000,87805.40000000,86831.52000000
25/02/2025 18:00,87070.07000000,87259.99000000,87791.56000000,86918.41000000
25/02/2025 19:00,87947.25000000,87070.07000000,88065.45000000,86508.76000000
25/02/2025 20:00,88161.03000000,87947.24000000,89013.66000000,87622.64000000
25/02/2025 21:00,88821.00000000,88161.03000000,88833.33000000,87761.90000000
25/02/2025 22:00,88807.64000000,88821.01000000,89460.17000000,88512.34000000
25/02/2025 23:00,88680.40000000,88807.64000000,89139.75000000,88675.14000000
26/02/2025 00:00,88150.00000000,88680.39000000,88690.00000000,88148.48000000
26/02/2025 01:00,88705.66000000,88150.01000000,88850.07000000,88149.98000000
26/02/2025 02:00,89018.87000000,88705.66000000,89198.23000000,88434.78000000
26/02/2025 03:00,88900.00000000,89018.86000000,89414.15000000,88886.35000000
26/02/2025 04:00,88693.95000000,88900.01000000,89245.29000000,88673.11000000
26/02/2025 05:00,88423.60000000,88693.96000000,88890.00000000,88392.45000000
26/02/2025 06:00,88920.18000000,88423.59000000,88940.01000000,88422.79000000
26/02/2025 07:00,88720.02000000,88920.18000000,89163.39000000,88399.43000000
26/02/2025 08:00,88484.54000000,88720.01000000,88807.80000000,88138.00000000
26/02/2025 09:00,89115.98000000,88484.54000000,89289.67000000,88464.00000000
26/02/2025 10:00,89262.66000000,89115.99000000,89314.45000000,88882.35000000
26/02/2025 11:00,88616.80000000,89262.67000000,89270.00000000,88534.55000000
26/02/2025 12:00,87938.81000000,88616.80000000,88674.00000000,87616.24000000
26/02/2025 13:00,87191.99000000,87938.81000000,88090.90000000,87031.73000000
26/02/2025 14:00,87621.22000000,87191.99000000,87741.33000000,85418.72000000
26/02/2025 15:00,87567.53000000,87621.21000000,88530.00000000,87422.00000000
26/02/2025 16:00,86805.99000000,87567.53000000,87806.62000000,86280.82000000
26/02/2025 17:00,86051.33000000,86806.00000000,87303.47000000,85687.81000000
26/02/2025 18:00,84258.94000000,86051.33000000,86498.00000000,83418.00000000
26/02/2025 19:00,83856.99000000,84258.25000000,85084.64000000,83745.88000000
26/02/2025 20:00,84385.89000000,83856.98000000,84620.00000000,82256.01000000
26/02/2025 21:00,84610.86000000,84384.34000000,85131.82000000,83464.00000000
26/02/2025 22:00,84433.51000000,84611.99000000,85400.00000000,84119.97000000
26/02/2025 23:00,84250.09000000,84433.50000000,84782.25000000,83918.38000000
27/02/2025 00:00,84742.39000000,84250.09000000,84808.11000000,84026.96000000
27/02/2025 01:00,84763.25000000,84742.38000000,85466.55000000,84324.01000000
27/02/2025 02:00,84295.20000000,84763.25000000,85214.25000000,84199.46000000
27/02/2025 03:00,85226.32000000,84295.19000000,85342.50000000,84272.91000000
27/02/2025 04:00,85161.93000000,85226.32000000,85369.39000000,84694.29000000
27/02/2025 05:00,85883.13000000,85161.93000000,85944.76000000,85057.67000000
27/02/2025 06:00,86265.84000000,85883.13000000,86737.00000000,85707.64000000
27/02/2025 07:00,86272.01000000,86265.84000000,86600.00000000,86106.26000000
27/02/2025 08:00,86078.47000000,86272.01000000,86447.61000000,85900.00000000
27/02/2025 09:00,86169.81000000,86078.47000000,86352.51000000,85846.87000000
27/02/2025 10:00,87013.46000000,86169.81000000,87073.42000000,86026.38000000
27/02/2025 11:00,86698.60000000,87013.47000000,87078.46000000,86389.86000000
27/02/2025 12:00,86330.59000000,86698.60000000,86795.90000000,86252.53000000
27/02/2025 13:00,86117.57000000,86330.59000000,86769.93000000,85778.98000000
27/02/2025 14:00,84968.65000000,86117.57000000,86411.76000000,84951.51000000
27/02/2025 15:00,85500.84000000,84969.99000000,86145.52000000,84640.75000000
27/02/2025 16:00,84471.69000000,85500.84000000,85691.51000000,84355.04000000
27/02/2025 17:00,84597.00000000,84471.70000000,85039.67000000,84355.05000000
27/02/2025 18:00,84640.00000000,84597.00000000,84990.24000000,84516.00000000
27/02/2025 19:00,84113.98000000,84640.00000000,84647.96000000,83614.75000000
27/02/2025 20:00,83524.98000000,84113.98000000,84164.97000000,82716.49000000
27/02/2025 21:00,84409.18000000,83522.02000000,84433.97000000,83223.74000000
27/02/2025 22:00,84716.34000000,84409.18000000,84758.63000000,83881.08000000
27/02/2025 23:00,84708.58000000,84716.01000000,84927.84000000,84422.02000000
28/02/2025 00:00,84258.65000000,84708.57000000,84892.85000000,84214.43000000
28/02/2025 01:00,81661.55000000,84258.65000000,84405.17000000,81111.00000000
28/02/2025 02:00,80805.50000000,81661.55000000,82874.00000000,79532.00000000
28/02/2025 03:00,80452.44000000,80805.50000000,81539.25000000,80256.05000000
28/02/2025 04:00,80410.50000000,80452.89000000,80969.69000000,79400.00000000
28/02/2025 05:00,79973.79000000,80410.49000000,80547.32000000,79152.00000000
28/02/2025 06:00,79344.56000000,79973.79000000,80440.44000000,79034.97000000
28/02/2025 07:00,79204.59000000,79344.56000000,80275.72000000,78820.06000000
28/02/2025 08:00,78975.99000000,79204.60000000,79438.33000000,78258.52000000
28/02/2025 09:00,80343.11000000,78975.98000000,80729.91000000,78896.22000000
28/02/2025 10:00,80011.02000000,80343.11000000,80467.43000000,79544.71000000
28/02/2025 11:00,80513.38000000,80011.02000000,80854.46000000,79981.13000000
28/02/2025 12:00,80779.61000000,80512.97000000,80829.92000000,80075.47000000
28/02/2025 13:00,81512.42000000,80779.62000000,81764.94000000,80621.10000000
28/02/2025 14:00,82105.05000000,81512.42000000,82549.47000000,81072.23000000
28/02/2025 15:00,84005.05000000,82105.06000000,84425.89000000,81998.26000000
28/02/2025 16:00,84363.69000000,84005.05000000,84920.00000000,83426.00000000
28/02/2025 17:00,83605.12000000,84363.68000000,84400.00000000,83584.90000000
28/02/2025 18:00,84440.97000000,83605.11000000,85120.00000000,83196.71000000
28/02/2025 19:00,84449.99000000,84440.97000000,84810.35000000,84209.84000000
28/02/2025 20:00,84191.27000000,84450.00000000,84795.03000000,83600.00000000
28/02/2025 21:00,84258.37000000,84190.51000000,84596.00000000,84000.17000000
28/02/2025 22:00,84149.98000000,84258.38000000,84481.14000000,83888.00000000
28/02/2025 23:00,84349.94000000,84149.99000000,84548.43000000,84014.00000000
01/03/2025 00:00,83857.92000000,84349.95000000,84628.93000000,83824.78000000
01/03/2025 01:00,84656.93000000,83857.91000000,84870.68000000,83845.86000000
01/03/2025 02:00,85240.46000000,84656.93000000,85678.11000000,84358.34000000
01/03/2025 03:00,85330.84000000,85240.45000000,85511.91000000,84961.44000000
01/03/2025 04:00,86190.01000000,85330.83000000,86558.00000000,85304.00000000
01/03/2025 05:00,85588.19000000,86190.00000000,86266.25000000,85569.91000000
01/03/2025 06:00,85075.62000000,85588.19000000,85663.49000000,84828.86000000
01/03/2025 07:00,84740.15000000,85075.63000000,85075.63000000,84740.15000000
01/03/2025 08:00,85303.37000000,84740.16000000,85335.19000000,84740.15000000
01/03/2025 09:00,85380.00000000,85303.37000000,85508.79000000,85118.03000000
01/03/2025 10:00,84900.01000000,85379.99000000,85436.00000000,84800.00000000
01/03/2025 11:00,84632.79000000,84900.01000000,84967.92000000,84382.62000000
01/03/2025 12:00,84758.86000000,84632.79000000,84943.08000000,84477.25000000
01/03/2025 13:00,84532.24000000,84758.86000000,84935.68000000,84334.39000000
01/03/2025 14:00,84713.99000000,84532.25000000,84858.56000000,84423.98000000
01/03/2025 15:00,84800.00000000,84714.00000000,84924.53000000,84560.89000000
01/03/2025 16:00,85274.82000000,84800.01000000,85298.79000000,84700.00000000
01/03/2025 17:00,85214.70000000,85274.81000000,85373.40000000,84958.05000000
01/03/2025 18:00,85327.57000000,85214.69000000,85338.64000000,85075.47000000
01/03/2025 19:00,85485.41000000,85327.58000000,85591.84000000,85207.54000000
01/03/2025 20:00,85537.73000000,85485.41000000,85595.95000000,85339.62000000
01/03/2025 21:00,86076.86000000,85537.73000000,86150.00000000,85285.88000000
01/03/2025 22:00,86116.35000000,86076.86000000,86262.74000000,85668.30000000
01/03/2025 23:00,86064.53000000,86116.36000000,86200.00000000,85679.24000000
02/03/2025 00:00,86026.62000000,86064.54000000,86318.18000000,85801.00000000
02/03/2025 01:00,86354.93000000,86026.62000000,86377.44000000,85990.00000000
02/03/2025 02:00,85774.01000000,86354.94000000,86498.00000000,85611.79000000
02/03/2025 03:00,85873.07000000,85774.01000000,86219.82000000,85773.59000000
02/03/2025 04:00,85752.80000000,85873.06000000,85886.00000000,85531.87000000
02/03/2025 05:00,85957.51000000,85752.80000000,86048.61000000,85672.84000000
02/03/2025 06:00,86277.65000000,85957.51000000,86589.97000000,85923.58000000
02/03/2025 07:00,86232.42000000,86277.66000000,86350.00000000,86075.09000000
02/03/2025 08:00,85754.71000000,86232.42000000,86263.23000000,85708.93000000
02/03/2025 09:00,85901.30000000,85754.72000000,86120.00000000,85633.13000000
02/03/2025 10:00,86006.00000000,85901.30000000,86008.81000000,85792.45000000
02/03/2025 11:00,86105.89000000,86006.01000000,86220.22000000,85954.00000000
02/03/2025 12:00,85986.18000000,86105.88000000,86105.89000000,85750.00000000
02/03/2025 13:00,85710.81000000,85986.19000000,86000.00000000,85477.81000000
02/03/2025 14:00,85107.45000000,85710.81000000,85911.84000000,85050.60000000
02/03/2025 15:00,87427.99000000,85107.45000000,88673.09000000,85075.47000000
02/03/2025 16:00,91200.00000000,87428.00000000,91959.99000000,87278.51000000
02/03/2025 17:00,94093.75000000,91200.00000000,95000.00000000,90636.00000000
02/03/2025 18:00,92794.19000000,94093.74000000,94399.80000000,92364.39000000
02/03/2025 19:00,93522.00000000,92794.19000000,93555.81000000,92608.69000000
02/03/2025 20:00,94330.00000000,93522.01000000,94446.27000000,93502.00000000
02/03/2025 21:00,94298.00000000,94330.00000000,94419.83000000,93670.72000000
02/03/2025 22:00,94247.40000000,94298.01000000,94760.00000000,93911.11000000
02/03/2025 23:00,94270.00000000,94247.40000000,94883.51000000,93800.00000000
03/03/2025 00:00,93314.89000000,94269.99000000,94416.46000000,93289.79000000
03/03/2025 01:00,93084.64000000,93314.89000000,93419.99000000,92649.58000000
03/03/2025 02:00,93318.24000000,93084.64000000,93442.83000000,92433.50000000
03/03/2025 03:00,92709.98000000,93318.23000000,93437.68000000,92450.00000000
03/03/2025 04:00,92866.00000000,92709.98000000,92947.67000000,92590.25000000
03/03/2025 05:00,93344.00000000,92866.01000000,93361.46000000,92830.44000000
03/03/2025 06:00,91645.99000000,93344.78000000,93344.78000000,91341.64000000
03/03/2025 07:00,92363.58000000,91646.00000000,92564.30000000,91181.00000000
03/03/2025 08:00,91477.54000000,92363.58000000,92394.03000000,91142.00000000
03/03/2025 09:00,91847.76000000,91477.54000000,92082.75000000,91190.27000000
03/03/2025 10:00,92546.77000000,91847.76000000,92581.86000000,91546.71000000
03/03/2025 11:00,92739.99000000,92546.76000000,92917.99000000,92415.57000000
03/03/2025 12:00,93027.34000000,92740.00000000,93255.58000000,92663.19000000
03/03/2025 13:00,93586.83000000,93027.35000000,93690.00000000,92882.38000000
03/03/2025 14:00,89278.88000000,93586.82000000,93721.37000000,89136.45000000
03/03/2025 15:00,90035.37000000,89264.51000000,91307.00000000,89117.00000000
03/03/2025 16:00,90154.00000000,90035.38000000,90750.91000000,89691.02000000
03/03/2025 17:00,90300.01000000,90154.00000000,91000.00000000,89912.00000000
03/03/2025 18:00,87132.80000000,90300.01000000,90450.47000000,86781.98000000
03/03/2025 19:00,85606.00000000,87132.80000000,87724.13000000,85555.45000000
03/03/2025 20:00,86074.00000000,85606.01000000,86412.00000000,85200.01000000
03/03/2025 21:00,85374.33000000,86073.99000000,86582.12000000,85117.11000000
03/03/2025 22:00,86650.96000000,85374.33000000,87038.46000000,85308.00000000
03/03/2025 23:00,86220.61000000,86650.96000000,86808.00000000,86000.00000000
04/03/2025 00:00,86046.43000000,86221.16000000,86807.98000000,85880.00000000
04/03/2025 01:00,83380.55000000,86046.43000000,86196.00000000,82641.51000000
04/03/2025 02:00,83936.41000000,83380.72000000,84413.62000000,82464.84000000
04/03/2025 03:00,83983.72000000,83936.41000000,84465.48000000,83602.81000000
04/03/2025 04:00,83416.95000000,83983.73000000,84037.74000000,83315.90000000
04/03/2025 05:00,84273.99000000,83416.95000000,84581.60000000,83354.27000000
04/03/2025 06:00,83883.58000000,84274.00000000,84411.76000000,83584.90000000
04/03/2025 07:00,83186.40000000,83884.06000000,84024.00000000,83140.00000000
04/03/2025 08:00,83893.09000000,83186.40000000,83934.51000000,83040.29000000
04/03/2025 09:00,83748.00000000,83893.09000000,84181.53000000,83642.01000000
04/03/2025 10:00,83971.93000000,83748.00000000,84067.02000000,83492.02000000
04/03/2025 11:00,83937.94000000,83971.93000000,84373.84000000,83698.11000000
04/03/2025 12:00,83763.73000000,83937.93000000,83979.66000000,83248.66000000
04/03/2025 13:00,82804.00000000,83763.73000000,83764.56000000,82300.00000000
04/03/2025 14:00,83201.41000000,82804.00000000,84977.65000000,82062.06000000
04/03/2025 15:00,82985.06000000,83201.40000000,83373.42000000,81500.00000000
04/03/2025 16:00,83555.37000000,82985.05000000,83825.72000000,82013.11000000
04/03/2025 17:00,85443.89000000,83555.50000000,85529.80000000,83406.37000000
04/03/2025 18:00,86764.24000000,85443.88000000,86927.68000000,85148.68000000
04/03/2025 19:00,88206.19000000,86764.25000000,88487.91000000,86537.71000000
04/03/2025 20:00,86825.27000000,88206.19000000,88840.03000000,86692.90000000
04/03/2025 21:00,87517.49000000,86825.27000000,88967.52000000,86582.27000000
04/03/2025 22:00,87486.00000000,87517.49000000,87969.77000000,87416.00000000
04/03/2025 23:00,87281.98000000,87485.99000000,87747.30000000,87088.96000000
05/03/2025 00:00,86800.36000000,87281.98000000,87281.98000000,86334.53000000
05/03/2025 01:00,87643.11000000,86800.36000000,87794.52000000,86603.78000000
05/03/2025 02:00,87466.55000000,87643.11000000,87888.88000000,87029.56000000
05/03/2025 03:00,86843.40000000,87466.55000000,87888.00000000,86777.00000000
05/03/2025 04:00,86915.94000000,86843.40000000,87398.00000000,86722.81000000
05/03/2025 05:00,87145.98000000,86915.93000000,87245.00000000,86848.46000000
05/03/2025 06:00,87490.12000000,87145.99000000,87588.60000000,87000.00000000
05/03/2025 07:00,87619.49000000,87490.13000000,87727.27000000,87360.10000000
05/03/2025 08:00,87760.00000000,87619.49000000,87924.68000000,87600.00000000
05/03/2025 09:00,88469.01000000,87760.00000000,88829.68000000,87673.04000000
05/03/2025 10:00,89926.07000000,88469.00000000,90660.00000000,88363.13000000
05/03/2025 11:00,89814.26000000,89926.07000000,90127.00000000,89564.00000000
05/03/2025 12:00,90355.97000000,89814.26000000,90933.82000000,89814.26000000
05/03/2025 13:00,89473.92000000,90355.97000000,90588.00000000,89103.52000000
05/03/2025 14:00,88519.93000000,89473.92000000,89839.01000000,88157.25000000
05/03/2025 15:00,88344.25000000,88519.94000000,89550.72000000,87926.06000000
05/03/2025 16:00,88926.53000000,88344.25000000,89480.00000000,87600.00000000
05/03/2025 17:00,89687.99000000,88927.14000000,90475.30000000,88785.63000000
05/03/2025 18:00,89712.00000000,89687.99000000,89943.40000000,88881.66000000
05/03/2025 19:00,89750.00000000,89712.01000000,90152.00000000,89472.26000000
05/03/2025 20:00,90499.64000000,89750.00000000,90555.00000000,89677.80000000
05/03/2025 21:00,90377.54000000,90499.64000000,90700.00000000,89932.13000000
05/03/2025 22:00,90449.46000000,90377.27000000,90536.91000000,90026.96000000
05/03/2025 23:00,90606.01000000,90449.47000000,91000.00000000,90296.04000000
06/03/2025 00:00,90046.34000000,90606.00000000,90815.31000000,89986.73000000
06/03/2025 01:00,91057.19000000,90046.35000000,91903.01000000,90046.35000000
06/03/2025 02:00,91812.00000000,91057.20000000,92000.00000000,90999.77000000
06/03/2025 03:00,91605.01000000,91811.99000000,92025.00000000,91405.76000000
06/03/2025 04:00,92287.45000000,91605.02000000,92454.44000000,91526.36000000
06/03/2025 05:00,92737.98000000,92287.45000000,92810.64000000,92124.00000000
06/03/2025 06:00,91916.00000000,92737.99000000,92769.26000000,91784.35000000
06/03/2025 07:00,91346.48000000,91916.01000000,91993.83000000,91265.96000000
06/03/2025 08:00,91156.08000000,91346.49000000,91590.99000000,91121.34000000
06/03/2025 09:00,90752.14000000,91156.08000000,91176.00000000,90613.17000000
06/03/2025 10:00,91290.88000000,90752.14000000,91667.50000000,90613.37000000
06/03/2025 11:00,91350.00000000,91290.89000000,91606.53000000,91003.71000000
06/03/2025 12:00,90102.02000000,91350.00000000,91399.01000000,89829.02000000
06/03/2025 13:00,89569.13000000,90102.02000000,90471.02000000,89450.06000000
06/03/2025 14:00,89803.99000000,89569.13000000,90387.37000000,89117.68000000
06/03/2025 15:00,90820.69000000,89803.99000000,91457.03000000,89631.91000000
06/03/2025 16:00,89316.02000000,90820.69000000,91066.44000000,89220.00000000
06/03/2025 17:00,88628.01000000,89316.03000000,89360.80000000,88007.19000000
06/03/2025 18:00,88428.41000000,88628.00000000,88965.18000000,88140.07000000
06/03/2025 19:00,88526.18000000,88428.41000000,89395.83000000,87836.00000000
06/03/2025 20:00,89045.44000000,88526.23000000,89370.46000000,88461.22000000
06/03/2025 21:00,89939.00000000,89047.25000000,89940.00000000,88971.09000000
06/03/2025 22:00,90313.66000000,89939.19000000,90781.20000000,89515.13000000
06/03/2025 23:00,89931.89000000,90313.66000000,90571.78000000,89889.24000000
07/03/2025 00:00,85529.22000000,89931.88000000,91283.02000000,84667.03000000
07/03/2025 01:00,88263.85000000,85529.23000000,88983.80000000,85200.00000000
07/03/2025 02:00,87235.00000000,88263.84000000,88460.00000000,87235.00000000
07/03/2025 03:00,86991.25000000,87235.01000000,87694.00000000,86778.57000000
07/03/2025 04:00,87636.41000000,86991.26000000,87885.65000000,86857.14000000
07/03/2025 05:00,88221.21000000,87636.41000000,88450.00000000,87587.34000000
07/03/2025 06:00,88208.23000000,88221.21000000,88357.52000000,87801.47000000
07/03/2025 07:00,88365.18000000,88208.23000000,88612.96000000,88100.36000000
07/03/2025 08:00,88365.78000000,88365.19000000,88486.65000000,87985.30000000
07/03/2025 09:00,88933.70000000,88365.77000000,89704.00000000,88357.55000000
07/03/2025 10:00,89263.40000000,88933.71000000,89285.27000000,88740.73000000
07/03/2025 11:00,88966.96000000,89263.41000000,89452.00000000,88821.97000000
07/03/2025 12:00,89051.13000000,88966.96000000,89320.98000000,88292.46000000
07/03/2025 13:00,89135.98000000,89050.76000000,90346.13000000,88977.94000000
07/03/2025 14:00,90440.74000000,89135.99000000,91100.00000000,88655.34000000
07/03/2025 15:00,88457.99000000,90440.74000000,90787.53000000,88022.47000000
07/03/2025 16:00,87237.37000000,88457.99000000,88983.33000000,86623.43000000
07/03/2025 17:00,87685.99000000,87237.36000000,88636.36000000,86554.77000000
07/03/2025 18:00,88589.33000000,87685.99000000,89023.41000000,87507.35000000
07/03/2025 19:00,87820.10000000,88589.33000000,88911.51000000,87315.94000000
07/03/2025 20:00,86987.72000000,87820.09000000,88511.00000000,86544.27000000
07/03/2025 21:00,86314.63000000,86986.73000000,87373.13000000,85573.07000000
07/03/2025 22:00,86745.15000000,86314.64000000,86845.67000000,85600.37000000
07/03/2025 23:00,86801.75000000,86745.14000000,86836.00000000,85976.00000000
08/03/2025 00:00,86726.80000000,86801.74000000,86897.25000000,86538.59000000
08/03/2025 01:00,86105.99000000,86726.79000000,86761.50000000,85218.47000000
08/03/2025 02:00,86180.19000000,86105.99000000,86341.13000000,85943.25000000
08/03/2025 03:00,85919.12000000,86180.19000000,86183.83000000,85456.00000000
08/03/2025 04:00,86444.53000000,85919.12000000,86500.00000000,85653.66000000
08/03/2025 05:00,86279.12000000,86444.52000000,86462.70000000,86019.11000000
08/03/2025 06:00,86465.00000000,86279.13000000,86662.00000000,86270.00000000
08/03/2025 07:00,86197.14000000,86464.99000000,86535.18000000,86106.37000000
08/03/2025 08:00,86071.57000000,86197.14000000,86326.26000000,86040.01000000
08/03/2025 09:00,85943.28000000,86071.57000000,86450.01000000,85828.20000000
08/03/2025 10:00,86123.19000000,85943.29000000,86264.00000000,85943.28000000
08/03/2025 11:00,85955.88000000,86123.20000000,86132.78000000,85762.72000000
08/03/2025 12:00,86209.72000000,85955.89000000,86411.17000000,85808.82000000
08/03/2025 13:00,86327.96000000,86209.72000000,86537.84000000,86128.72000000
08/03/2025 14:00,86361.69000000,86327.96000000,86626.32000000,86205.33000000
08/03/2025 15:00,86400.00000000,86361.68000000,86627.51000000,86200.00000000
08/03/2025 16:00,86148.09000000,86400.00000000,86450.97000000,85818.70000000
08/03/2025 17:00,85943.08000000,86148.10000000,86155.89000000,85661.76000000
08/03/2025 18:00,86044.02000000,85943.07000000,86084.45000000,85869.44000000
08/03/2025 19:00,86233.52000000,86044.02000000,86500.00000000,85800.00000000
08/03/2025 20:00,86281.39000000,86233.52000000,86368.59000000,86185.00000000
08/03/2025 21:00,86228.16000000,86281.40000000,86500.00000000,86200.00000000
08/03/2025 22:00,86350.00000000,86228.17000000,86382.58000000,85852.12000000
08/03/2025 23:00,86222.45000000,86350.01000000,86400.00000000,86066.17000000
09/03/2025 00:00,86416.12000000,86222.46000000,86463.00000000,86116.60000000
09/03/2025 01:00,86198.39000000,86416.11000000,86500.00000000,86098.33000000
09/03/2025 02:00,86003.33000000,86198.39000000,86276.42000000,86001.48000000
09/03/2025 03:00,86115.71000000,86003.32000000,86217.45000000,85939.85000000
09/03/2025 04:00,86053.74000000,86115.71000000,86125.27000000,85942.00000000
09/03/2025 05:00,86034.01000000,86053.74000000,86158.83000000,85976.02000000
09/03/2025 06:00,85910.00000000,86034.00000000,86048.00000000,85809.48000000
09/03/2025 07:00,86004.61000000,85910.00000000,86156.17000000,85846.91000000
09/03/2025 08:00,85792.00000000,86004.61000000,86098.00000000,85777.00000000
09/03/2025 09:00,85564.00000000,85792.00000000,85891.64000000,85382.39000000
09/03/2025 10:00,84844.10000000,85564.00000000,85620.00000000,84708.01000000
09/03/2025 11:00,85024.01000000,84844.11000000,85098.38000000,84625.01000000
09/03/2025 12:00,84599.99000000,85024.00000000,85058.34000000,84240.36000000
09/03/2025 13:00,83489.95000000,84600.00000000,84700.00000000,83483.13000000
09/03/2025 14:00,83602.57000000,83489.96000000,83817.25000000,83000.00000000
09/03/2025 15:00,83080.41000000,83602.58000000,83768.34000000,82711.50000000
09/03/2025 16:00,82496.01000000,83080.40000000,83758.22000000,82327.59000000
09/03/2025 17:00,82366.00000000,82496.01000000,82944.00000000,82223.00000000
09/03/2025 18:00,82670.00000000,82365.99000000,83340.58000000,82264.00000000
09/03/2025 19:00,82640.86000000,82670.00000000,82988.11000000,82336.36000000
09/03/2025 20:00,83083.15000000,82640.86000000,83539.66000000,82615.38000000
09/03/2025 21:00,81845.11000000,83083.16000000,83090.02000000,81555.00000000
09/03/2025 22:00,80358.19000000,81845.12000000,82066.23000000,80202.53000000
09/03/2025 23:00,80734.37000000,80358.18000000,81042.41000000,80000.00000000
10/03/2025 00:00,81292.00000000,80734.48000000,81500.00000000,80037.62000000
10/03/2025 01:00,81766.01000000,81292.01000000,81888.00000000,80802.59000000
10/03/2025 02:00,82198.12000000,81766.01000000,82744.00000000,81526.25000000
10/03/2025 03:00,82047.49000000,82198.12000000,82333.37000000,81791.82000000
10/03/2025 04:00,82634.05000000,82047.49000000,82659.14000000,82004.00000000
10/03/2025 05:00,82308.52000000,82634.05000000,82797.95000000,82124.35000000
10/03/2025 06:00,82332.67000000,82308.51000000,82425.71000000,81977.27000000
10/03/2025 07:00,82318.77000000,82333.81000000,82687.50000000,82048.44000000
10/03/2025 08:00,81350.46000000,82318.78000000,82391.75000000,81151.00000000
10/03/2025 09:00,82514.26000000,81350.46000000,84123.46000000,81325.32000000
10/03/2025 10:00,82288.19000000,82514.27000000,82683.99000000,81630.59000000
10/03/2025 11:00,83582.00000000,82288.19000000,83826.02000000,82065.73000000
10/03/2025 12:00,83248.12000000,83582.00000000,83771.94000000,82634.16000000
10/03/2025 13:00,81528.94000000,83248.12000000,83313.99000000,81423.51000000
10/03/2025 14:00,79847.08000000,81528.93000000,81528.93000000,79177.03000000
10/03/2025 15:00,80043.85000000,79847.09000000,81118.32000000,79570.57000000
10/03/2025 16:00,79009.98000000,80043.84000000,80250.00000000,78992.10000000
10/03/2025 17:00,78459.91000000,79009.01000000,79327.98000000,78202.00000000
10/03/2025 18:00,77655.26000000,78459.90000000,79147.05000000,77501.10000000
10/03/2025 19:00,79060.84000000,77655.25000000,79533.57000000,77459.91000000
10/03/2025 20:00,79304.98000000,79060.84000000,79729.73000000,78409.40000000
10/03/2025 21:00,79565.81000000,79304.97000000,79886.03000000,78959.90000000
10/03/2025 22:00,79502.36000000,79566.86000000,79845.42000000,79200.00000000
10/03/2025 23:00,78595.86000000,79502.36000000,79708.00000000,78449.98000000
11/03/2025 00:00,77673.60000000,78595.86000000,79235.77000000,76606.00000000
11/03/2025 01:00,79130.66000000,77673.60000000,79130.93000000,76816.52000000
11/03/2025 02:00,79354.53000000,79130.65000000,79650.00000000,78938.00000000
11/03/2025 03:00,79522.29000000,79354.54000000,79938.27000000,79279.90000000
11/03/2025 04:00,79759.91000000,79522.29000000,80245.26000000,79439.90000000
11/03/2025 05:00,80261.78000000,79759.91000000,80457.00000000,79719.87000000
11/03/2025 06:00,80099.33000000,80261.78000000,80547.79000000,80091.18000000
11/03/2025 07:00,80424.95000000,80099.32000000,80614.89000000,80088.00000000
11/03/2025 08:00,81131.16000000,80424.94000000,81525.62000000,80325.22000000
11/03/2025 09:00,81460.39000000,81131.15000000,81900.05000000,81129.98000000
11/03/2025 10:00,81808.26000000,81460.38000000,81886.31000000,81269.85000000
11/03/2025 11:00,81720.34000000,81808.25000000,82092.34000000,81400.00000000
11/03/2025 12:00,81225.50000000,81720.33000000,81909.69000000,81017.00000000
11/03/2025 13:00,80898.49000000,81225.49000000,82225.21000000,80536.33000000
11/03/2025 14:00,79773.04000000,80898.50000000,81374.92000000,79058.00000000
11/03/2025 15:00,81232.24000000,79773.05000000,81666.00000000,79653.69000000
11/03/2025 16:00,81386.80000000,81232.23000000,81900.00000000,80609.96000000
11/03/2025 17:00,81305.57000000,81386.79000000,81727.27000000,80777.75000000
11/03/2025 18:00,83280.94000000,81305.58000000,83470.01000000,81288.61000000
11/03/2025 19:00,83104.01000000,83280.95000000,83617.40000000,82846.31000000
11/03/2025 20:00,82799.68000000,83104.01000000,83170.38000000,82586.84000000
11/03/2025 21:00,83110.72000000,82799.68000000,83265.38000000,82799.67000000
11/03/2025 22:00,83133.48000000,83110.71000000,83306.87000000,82981.30000000
11/03/2025 23:00,82932.99000000,83133.48000000,83185.00000000,82550.52000000
12/03/2025 00:00,82765.52000000,82932.99000000,83142.11000000,82604.95000000
12/03/2025 01:00,83313.60000000,82765.52000000,83783.26000000,82752.58000000
12/03/2025 02:00,82430.79000000,83313.60000000,83330.04000000,82217.01000000
12/03/2025 03:00,82127.72000000,82430.80000000,82620.01000000,82100.61000000
12/03/2025 04:00,81811.05000000,82127.73000000,82180.00000000,81617.76000000
12/03/2025 05:00,81987.43000000,81811.05000000,82048.93000000,81617.00000000
12/03/2025 06:00,81425.98000000,81987.44000000,81987.44000000,81296.00000000
12/03/2025 07:00,82447.79000000,81425.97000000,82541.47000000,81332.66000000
12/03/2025 08:00,82689.67000000,82447.78000000,82841.82000000,82000.29000000
12/03/2025 09:00,82680.06000000,82689.66000000,82933.32000000,82228.09000000
12/03/2025 10:00,82492.67000000,82680.06000000,82771.05000000,82106.09000000
12/03/2025 11:00,83004.45000000,82492.67000000,83076.79000000,82430.01000000
12/03/2025 12:00,84069.00000000,83004.45000000,84539.85000000,82873.20000000
12/03/2025 13:00,82686.27000000,84069.01000000,84217.12000000,82357.44000000
12/03/2025 14:00,81535.72000000,82686.26000000,82920.35000000,81528.58000000
12/03/2025 15:00,81738.97000000,81535.72000000,82013.40000000,80607.65000000
12/03/2025 16:00,81970.76000000,81738.97000000,82287.52000000,81626.64000000
12/03/2025 17:00,81844.41000000,81970.77000000,82884.51000000,81780.01000000
12/03/2025 18:00,82628.68000000,81844.41000000,82803.76000000,81723.00000000
12/03/2025 19:00,82915.93000000,82628.67000000,83165.46000000,82487.85000000
12/03/2025 20:00,83124.95000000,82915.94000000,83189.23000000,82709.36000000
12/03/2025 21:00,83093.69000000,83124.95000000,83321.51000000,82852.29000000
12/03/2025 22:00,83651.15000000,83093.69000000,83693.00000000,83087.40000000
12/03/2025 23:00,83680.12000000,83651.15000000,83887.26000000,83409.09000000
13/03/2025 00:00,83444.88000000,83680.12000000,84000.00000000,83438.67000000
13/03/2025 01:00,83919.68000000,83444.89000000,84222.00000000,83312.92000000
13/03/2025 02:00,83785.58000000,83919.69000000,84336.33000000,83743.14000000
13/03/2025 03:00,83577.14000000,83785.59000000,84199.54000000,83542.53000000
13/03/2025 04:00,83286.63000000,83577.14000000,83709.03000000,83201.91000000
13/03/2025 05:00,83157.16000000,83286.63000000,83540.83000000,83077.00000000
13/03/2025 06:00,83292.60000000,83157.16000000,83329.42000000,82851.00000000
13/03/2025 07:00,83151.99000000,83292.60000000,83559.06000000,83127.98000000
13/03/2025 08:00,82973.35000000,83152.00000000,83262.58000000,82400.04000000
13/03/2025 09:00,83426.87000000,82973.34000000,83522.61000000,82969.79000000
13/03/2025 10:00,83191.67000000,83426.87000000,83488.43000000,83001.00000000
13/03/2025 11:00,82975.86000000,83191.67000000,83229.42000000,82708.29000000
13/03/2025 12:00,82517.99000000,82975.86000000,83900.00000000,82286.00000000
13/03/2025 13:00,81777.15000000,82518.00000000,83111.64000000,81600.00000000
13/03/2025 14:00,82009.50000000,81777.15000000,82524.46000000,81546.52000000
13/03/2025 15:00,81044.72000000,82009.51000000,82193.66000000,80954.29000000
13/03/2025 16:00,80876.36000000,81044.72000000,81264.73000000,80666.00000000
13/03/2025 17:00,80064.00000000,80876.36000000,80893.02000000,79939.90000000
13/03/2025 18:00,80820.05000000,80063.99000000,80957.84000000,79996.65000000
13/03/2025 19:00,80211.40000000,80820.05000000,81031.81000000,80137.47000000
13/03/2025 20:00,80379.05000000,80210.40000000,80735.83000000,80189.89000000
13/03/2025 21:00,80819.99000000,80379.05000000,80882.65000000,80280.66000000
13/03/2025 22:00,81395.54000000,80819.99000000,81400.00000000,80730.48000000
13/03/2025 23:00,81115.78000000,81395.54000000,81484.23000000,81046.57000000
14/03/2025 00:00,81503.31000000,81115.78000000,81694.41000000,80818.84000000
14/03/2025 01:00,81603.08000000,81503.31000000,81876.17000000,81206.04000000
14/03/2025 02:00,82226.98000000,81603.07000000,82270.51000000,81588.51000000
14/03/2025 03:00,81888.77000000,82226.98000000,82247.70000000,81708.96000000
14/03/2025 04:00,81948.16000000,81888.77000000,82040.00000000,81841.99000000
14/03/2025 05:00,82141.96000000,81948.17000000,82218.03000000,81820.22000000
14/03/2025 06:00,82038.09000000,82141.96000000,82191.22000000,81780.08000000
14/03/2025 07:00,82170.85000000,82038.09000000,82454.50000000,81895.95000000
14/03/2025 08:00,82593.44000000,82170.84000000,82647.21000000,82170.84000000
14/03/2025 09:00,82776.50000000,82593.45000000,82940.34000000,82569.31000000
14/03/2025 10:00,83042.22000000,82776.51000000,83300.01000000,82672.29000000
14/03/2025 11:00,83253.15000000,83042.21000000,83348.46000000,82975.33000000
14/03/2025 12:00,83420.87000000,83253.15000000,83526.96000000,83052.41000000
14/03/2025 13:00,83602.16000000,83420.87000000,83888.00000000,83040.83000000
14/03/2025 14:00,83524.80000000,83602.15000000,83602.15000000,82640.59000000
14/03/2025 15:00,84724.58000000,83524.80000000,85309.71000000,83524.80000000
14/03/2025 16:00,84787.37000000,84724.58000000,84950.00000000,83949.19000000
14/03/2025 17:00,84365.18000000,84787.37000000,84838.00000000,84194.01000000
14/03/2025 18:00,84570.54000000,84365.18000000,84726.42000000,84203.66000000
14/03/2025 19:00,84554.00000000,84570.54000000,84929.45000000,84458.44000000
14/03/2025 20:00,84127.20000000,84554.00000000,84554.01000000,83717.69000000
14/03/2025 21:00,84205.79000000,84127.21000000,84299.70000000,83953.57000000
14/03/2025 22:00,84438.06000000,84205.79000000,84512.05000000,84105.73000000
14/03/2025 23:00,83983.20000000,84438.07000000,84445.20000000,83950.06000000
15/03/2025 00:00,84297.14000000,83983.19000000,84351.88000000,83964.57000000
15/03/2025 01:00,84353.85000000,84297.13000000,84583.04000000,84107.27000000
15/03/2025 02:00,84557.95000000,84353.85000000,84632.08000000,84160.37000000
15/03/2025 03:00,84491.99000000,84557.96000000,84676.28000000,84418.38000000
15/03/2025 04:00,84456.57000000,84492.00000000,84559.00000000,84300.04000000
15/03/2025 05:00,84266.26000000,84456.58000000,84478.03000000,84266.25000000
15/03/2025 06:00,84183.28000000,84266.26000000,84308.16000000,84160.37000000
15/03/2025 07:00,83827.31000000,84183.28000000,84192.21000000,83791.09000000
15/03/2025 08:00,83891.36000000,83827.32000000,84032.90000000,83618.00000000
15/03/2025 09:00,83966.95000000,83891.37000000,83975.22000000,83710.32000000
15/03/2025 10:00,83912.19000000,83966.95000000,83994.11000000,83667.23000000
15/03/2025 11:00,84103.74000000,83912.19000000,84184.58000000,83842.95000000
15/03/2025 12:00,84136.53000000,84103.74000000,84272.19000000,84010.58000000
15/03/2025 13:00,84460.00000000,84136.53000000,84499.74000000,84132.08000000
15/03/2025 14:00,84131.75000000,84459.99000000,84459.99000000,84106.83000000
15/03/2025 15:00,84346.02000000,84131.75000000,84408.60000000,84131.75000000
15/03/2025 16:00,84362.91000000,84346.03000000,84498.72000000,84196.00000000
15/03/2025 17:00,84422.25000000,84362.90000000,84495.43000000,84277.66000000
15/03/2025 18:00,84223.29000000,84422.25000000,84476.46000000,84125.01000000
15/03/2025 19:00,84299.98000000,84223.28000000,84320.49000000,84076.92000000
15/03/2025 20:00,84389.31000000,84299.99000000,84450.00000000,84299.98000000
15/03/2025 21:00,84388.73000000,84389.31000000,84467.70000000,84237.58000000
15/03/2025 22:00,84382.65000000,84388.73000000,84450.10000000,84322.82000000
15/03/2025 23:00,84338.44000000,84382.65000000,84411.69000000,84268.40000000
16/03/2025 00:00,84253.52000000,84338.44000000,84391.06000000,84213.03000000
16/03/2025 01:00,83869.31000000,84253.53000000,84277.03000000,83840.00000000
16/03/2025 02:00,83966.05000000,83869.32000000,84130.39000000,83733.86000000
16/03/2025 03:00,84332.34000000,83966.05000000,84393.72000000,83906.26000000
16/03/2025 04:00,84408.97000000,84332.35000000,84418.00000000,84245.98000000
16/03/2025 05:00,84395.31000000,84408.97000000,84411.85000000,84305.95000000
16/03/2025 06:00,84228.00000000,84395.31000000,84400.00000000,84228.00000000
16/03/2025 07:00,84273.96000000,84228.01000000,84373.64000000,83972.57000000
16/03/2025 08:00,84268.36000000,84273.95000000,84335.43000000,84162.83000000
16/03/2025 09:00,83897.02000000,84268.36000000,84271.03000000,83800.00000000
16/03/2025 10:00,83666.98000000,83897.02000000,84066.92000000,83649.04000000
16/03/2025 11:00,82410.02000000,83666.98000000,83691.61000000,82381.46000000
16/03/2025 12:00,82755.89000000,82410.01000000,82931.41000000,82400.00000000
16/03/2025 13:00,82596.10000000,82755.89000000,83151.81000000,82498.38000000
16/03/2025 14:00,83373.16000000,82596.09000000,83385.97000000,82575.36000000
16/03/2025 15:00,83320.83000000,83373.15000000,83508.95000000,82981.14000000
16/03/2025 16:00,83634.53000000,83320.83000000,85117.04000000,83293.42000000
16/03/2025 17:00,83913.22000000,83633.49000000,84118.56000000,83483.45000000
16/03/2025 18:00,83701.75000000,83913.22000000,84094.52000000,83633.14000000
16/03/2025 19:00,83098.47000000,83701.76000000,83727.28000000,82562.36000000
16/03/2025 20:00,83216.98000000,83098.47000000,83453.01000000,82910.77000000
16/03/2025 21:00,82766.52000000,83216.99000000,83224.31000000,82688.82000000
16/03/2025 22:00,82093.71000000,82766.51000000,82846.00000000,82090.70000000
16/03/2025 23:00,82574.53000000,82093.72000000,82632.00000000,81981.12000000
17/03/2025 00:00,83054.91000000,82574.52000000,83156.50000000,82523.00000000
17/03/2025 01:00,83233.80000000,83054.90000000,83400.00000000,82825.55000000
17/03/2025 02:00,83212.51000000,83233.80000000,83375.35000000,82981.68000000
17/03/2025 03:00,83675.65000000,83212.51000000,83725.39000000,83212.50000000
17/03/2025 04:00,83615.53000000,83675.64000000,83869.77000000,83522.00000000
17/03/2025 05:00,83120.00000000,83615.53000000,83615.53000000,83120.00000000
17/03/2025 06:00,83220.91000000,83120.01000000,83295.07000000,82682.62000000
17/03/2025 07:00,83567.87000000,83220.91000000,83636.36000000,83212.83000000
17/03/2025 08:00,83547.17000000,83567.88000000,83719.39000000,83221.18000000
17/03/2025 09:00,83664.31000000,83547.16000000,83783.02000000,83431.09000000
17/03/2025 10:00,83344.34000000,83664.31000000,83687.17000000,83260.04000000
17/03/2025 11:00,83514.73000000,83344.34000000,83699.00000000,83220.11000000
17/03/2025 12:00,83052.00000000,83514.73000000,84000.00000000,83002.01000000
17/03/2025 13:00,83023.38000000,83052.01000000,83735.84000000,82808.52000000
17/03/2025 14:00,82913.03000000,83023.37000000,83358.50000000,82456.00000000
17/03/2025 15:00,83531.06000000,82913.03000000,83701.71000000,82706.58000000
17/03/2025 16:00,83448.86000000,83531.07000000,83878.90000000,83103.60000000
17/03/2025 17:00,84197.46000000,83448.86000000,84336.89000000,83358.49000000
17/03/2025 18:00,84496.58000000,84197.46000000,84585.00000000,83983.74000000
17/03/2025 19:00,84482.55000000,84496.57000000,84756.83000000,84311.07000000
17/03/2025 20:00,83954.36000000,84482.55000000,84506.80000000,83846.15000000
17/03/2025 21:00,84077.80000000,83954.36000000,84251.86000000,83883.87000000
17/03/2025 22:00,84061.19000000,84077.80000000,84249.99000000,84000.02000000
17/03/2025 23:00,84010.03000000,84061.19000000,84140.98000000,83746.12000000
18/03/2025 00:00,83790.24000000,84010.02000000,84021.74000000,83702.53000000
18/03/2025 01:00,83161.97000000,83790.24000000,83915.98000000,83015.39000000
18/03/2025 02:00,83367.64000000,83161.98000000,83532.61000000,83081.67000000
18/03/2025 03:00,83147.60000000,83367.65000000,83367.65000000,82960.00000000
18/03/2025 04:00,82989.11000000,83147.60000000,83205.77000000,82838.80000000
18/03/2025 05:00,83010.87000000,82989.11000000,83128.10000000,82895.57000000
18/03/2025 06:00,82450.01000000,83010.86000000,83019.40000000,82244.68000000
18/03/2025 07:00,83163.81000000,82450.02000000,83280.00000000,82358.69000000
18/03/2025 08:00,83281.29000000,83163.81000000,83452.30000000,83048.71000000
18/03/2025 09:00,82840.51000000,83281.29000000,83349.06000000,82780.00000000
18/03/2025 10:00,82819.65000000,82840.50000000,82942.10000000,82596.85000000
18/03/2025 11:00,82581.10000000,82819.65000000,82861.76000000,82500.00000000
18/03/2025 12:00,82404.66000000,82581.09000000,82821.60000000,82330.38000000
18/03/2025 13:00,81366.64000000,82404.65000000,82480.47000000,81134.66000000
18/03/2025 14:00,81854.71000000,81365.78000000,81978.86000000,81150.28000000
18/03/2025 15:00,81610.21000000,81854.72000000,82212.93000000,81537.02000000
18/03/2025 16:00,81851.51000000,81610.22000000,82160.49000000,81547.22000000
18/03/2025 17:00,81466.70000000,81851.52000000,81975.80000000,81332.58000000
18/03/2025 18:00,81889.38000000,81466.69000000,81950.80000000,81245.65000000
18/03/2025 19:00,82317.21000000,81889.38000000,82476.26000000,81762.45000000
18/03/2025 20:00,82050.00000000,82317.20000000,82353.80000000,81870.23000000
18/03/2025 21:00,82062.98000000,82050.00000000,82208.90000000,81934.76000000
18/03/2025 22:00,82395.74000000,82062.98000000,82566.35000000,82000.00000000
18/03/2025 23:00,82715.03000000,82395.74000000,82810.95000000,82395.74000000
19/03/2025 00:00,83118.00000000,82715.03000000,83280.00000000,82603.20000000
19/03/2025 01:00,82598.70000000,83118.00000000,83166.30000000,82582.00000000
19/03/2025 02:00,82868.91000000,82598.70000000,82900.00000000,82547.16000000
19/03/2025 03:00,83037.17000000,82868.91000000,83083.00000000,82740.94000000
19/03/2025 04:00,82952.87000000,83037.17000000,83078.46000000,82792.91000000
19/03/2025 05:00,83241.99000000,82952.88000000,83320.00000000,82910.72000000
19/03/2025 06:00,83200.00000000,83242.00000000,83322.81000000,83117.81000000
19/03/2025 07:00,83190.00000000,83200.00000000,83364.16000000,83039.99000000
19/03/2025 08:00,83413.01000000,83190.00000000,83500.00000000,83178.74000000
19/03/2025 09:00,83527.37000000,83413.01000000,83596.47000000,83360.16000000
19/03/2025 10:00,83467.41000000,83527.38000000,83800.00000000,83448.62000000
19/03/2025 11:00,83881.40000000,83467.41000000,84119.09000000,83381.97000000
19/03/2025 12:00,83748.75000000,83881.40000000,83927.56000000,83510.21000000
19/03/2025 13:00,84092.16000000,83748.75000000,84343.56000000,83623.43000000
19/03/2025 14:00,84318.59000000,84092.17000000,84389.71000000,83873.05000000
19/03/2025 15:00,84733.05000000,84318.59000000,84888.00000000,84111.84000000
19/03/2025 16:00,84574.01000000,84733.05000000,84826.29000000,84428.72000000
19/03/2025 17:00,84230.97000000,84574.01000000,84705.56000000,83753.39000000
19/03/2025 18:00,85612.25000000,84230.97000000,85870.01000000,83578.32000000
19/03/2025 19:00,85433.38000000,85612.24000000,85950.00000000,84926.73000000
19/03/2025 20:00,85353.99000000,85433.38000000,85854.99000000,85200.10000000
19/03/2025 21:00,85635.99000000,85354.00000000,85914.71000000,85331.89000000
19/03/2025 22:00,86158.52000000,85636.00000000,86500.00000000,85635.99000000
19/03/2025 23:00,86845.94000000,86158.52000000,87000.00000000,86158.52000000
20/03/2025 00:00,86017.68000000,86845.93000000,87453.67000000,85942.16000000
20/03/2025 01:00,85867.96000000,86017.68000000,86369.57000000,85733.11000000
20/03/2025 02:00,86065.51000000,85867.97000000,86121.87000000,85619.56000000
20/03/2025 03:00,85891.02000000,86065.51000000,86128.00000000,85818.77000000
20/03/2025 04:00,85684.78000000,85891.01000000,85930.39000000,85430.38000000
20/03/2025 05:00,85827.28000000,85684.78000000,85838.85000000,85468.75000000
20/03/2025 06:00,85759.28000000,85827.27000000,86013.05000000,85632.08000000
20/03/2025 07:00,85816.39000000,85759.29000000,86000.00000000,85695.86000000
20/03/2025 08:00,86241.05000000,85816.39000000,86300.00000000,85705.18000000
20/03/2025 09:00,85877.28000000,86241.06000000,86268.64000000,85795.53000000
20/03/2025 10:00,85173.78000000,85877.28000000,85943.74000000,84755.14000000
20/03/2025 11:00,85502.17000000,85173.78000000,85514.15000000,85168.36000000
20/03/2025 12:00,85356.07000000,85502.16000000,85564.00000000,85207.99000000
20/03/2025 13:00,85513.81000000,85356.06000000,85870.00000000,85080.57000000
20/03/2025 14:00,86171.86000000,85513.44000000,86532.04000000,85471.10000000
20/03/2025 15:00,84691.76000000,86171.86000000,86219.05000000,84565.16000000
20/03/2025 16:00,83802.01000000,84691.27000000,84908.00000000,83655.23000000
20/03/2025 17:00,84093.43000000,83802.01000000,84366.52000000,83741.62000000
20/03/2025 18:00,84060.53000000,84093.43000000,84344.00000000,83945.65000000
20/03/2025 19:00,84174.79000000,84060.53000000,84419.99000000,83922.00000000
20/03/2025 20:00,84530.10000000,84176.87000000,84609.21000000,84141.30000000
20/03/2025 21:00,84350.00000000,84530.09000000,84601.89000000,84250.67000000
20/03/2025 22:00,84141.31000000,84350.00000000,84500.00000000,83980.58000000
20/03/2025 23:00,84223.39000000,84141.30000000,84360.00000000,83922.01000000
21/03/2025 00:00,84507.07000000,84223.38000000,84535.27000000,84180.09000000
21/03/2025 01:00,84775.07000000,84507.08000000,84789.62000000,84371.37000000
21/03/2025 02:00,84685.40000000,84775.07000000,84850.33000000,84520.67000000
21/03/2025 03:00,84451.96000000,84685.39000000,84731.21000000,84270.25000000
21/03/2025 04:00,84662.74000000,84451.97000000,84798.93000000,84451.96000000
21/03/2025 05:00,84469.66000000,84662.75000000,84672.88000000,84336.95000000
21/03/2025 06:00,84200.00000000,84469.67000000,84476.31000000,84017.53000000
21/03/2025 07:00,83937.98000000,84200.00000000,84269.71000000,83700.47000000
21/03/2025 08:00,84022.32000000,83937.99000000,84156.00000000,83732.09000000
21/03/2025 09:00,84137.99000000,84022.31000000,84337.66000000,83801.89000000
21/03/2025 10:00,84164.17000000,84137.99000000,84286.63000000,83892.82000000
21/03/2025 11:00,84046.52000000,84164.18000000,84173.92000000,83941.92000000
21/03/2025 12:00,83467.98000000,84046.52000000,84358.51000000,83377.95000000
21/03/2025 13:00,83935.70000000,83467.98000000,84101.28000000,83175.25000000
21/03/2025 14:00,84240.33000000,83935.71000000,84290.27000000,83509.31000000
21/03/2025 15:00,83565.48000000,84240.33000000,84271.74000000,83559.82000000
21/03/2025 16:00,84095.97000000,83565.47000000,84140.78000000,83379.00000000
21/03/2025 17:00,84024.11000000,84095.97000000,84148.97000000,83711.20000000
21/03/2025 18:00,84101.66000000,84024.12000000,84435.87000000,83905.49000000
21/03/2025 19:00,83956.36000000,84101.66000000,84199.29000000,83800.00000000
21/03/2025 20:00,84216.20000000,83956.35000000,84231.73000000,83813.21000000
21/03/2025 21:00,84394.00000000,84216.21000000,84584.00000000,84173.92000000
21/03/2025 22:00,84185.39000000,84394.01000000,84414.86000000,84100.82000000
21/03/2025 23:00,84088.79000000,84185.38000000,84226.26000000,84050.16000000
22/03/2025 00:00,84206.24000000,84088.79000000,84255.45000000,84043.47000000
22/03/2025 01:00,84075.48000000,84206.24000000,84338.98000000,83989.58000000
22/03/2025 02:00,84188.96000000,84075.48000000,84254.74000000,84019.64000000
22/03/2025 03:00,84256.74000000,84188.97000000,84296.02000000,84135.89000000
22/03/2025 04:00,84367.40000000,84256.73000000,84392.16000000,84210.00000000
22/03/2025 05:00,84323.30000000,84367.41000000,84429.09000000,84258.62000000
22/03/2025 06:00,84335.83000000,84323.30000000,84400.00000000,84153.21000000
22/03/2025 07:00,84274.72000000,84335.83000000,84382.36000000,84220.90000000
22/03/2025 08:00,84222.01000000,84274.71000000,84286.58000000,84109.00000000
22/03/2025 09:00,84360.01000000,84222.01000000,84539.17000000,84222.01000000
22/03/2025 10:00,84413.62000000,84360.01000000,84440.00000000,84360.00000000
22/03/2025 11:00,84239.25000000,84413.63000000,84419.80000000,84204.68000000
22/03/2025 12:00,84232.39000000,84239.24000000,84296.39000000,84176.49000000
22/03/2025 13:00,84168.31000000,84232.40000000,84242.30000000,84040.99000000
22/03/2025 14:00,84007.23000000,84168.31000000,84203.69000000,84001.71000000
22/03/2025 15:00,84109.09000000,84007.23000000,84130.43000000,83975.42000000
22/03/2025 16:00,84141.00000000,84109.08000000,84160.00000000,84063.53000000
22/03/2025 17:00,84238.83000000,84141.00000000,84258.42000000,84130.57000000
22/03/2025 18:00,84239.14000000,84238.83000000,84320.00000000,84191.52000000
22/03/2025 19:00,84171.59000000,84239.14000000,84271.74000000,84162.04000000
22/03/2025 20:00,83944.69000000,84171.59000000,84204.19000000,83944.69000000
22/03/2025 21:00,84010.87000000,83944.70000000,84103.99000000,83841.41000000
22/03/2025 22:00,83961.39000000,84010.87000000,84069.75000000,83958.82000000
22/03/2025 23:00,83840.59000000,83961.39000000,83961.39000000,83625.10000000
23/03/2025 00:00,84007.00000000,83840.59000000,84048.54000000,83809.75000000
23/03/2025 01:00,84067.56000000,84007.00000000,84132.59000000,83978.74000000
23/03/2025 02:00,84233.78000000,84067.57000000,84277.07000000,83993.12000000
23/03/2025 03:00,84224.39000000,84233.78000000,84250.02000000,84131.81000000
23/03/2025 04:00,84100.00000000,84224.39000000,84229.37000000,84070.22000000
23/03/2025 05:00,84230.10000000,84099.99000000,84240.00000000,84099.99000000
23/03/2025 06:00,84242.24000000,84230.11000000,84288.62000000,84192.57000000
23/03/2025 07:00,84279.82000000,84242.25000000,84328.24000000,84216.98000000
23/03/2025 08:00,84347.12000000,84279.82000000,84354.20000000,84263.05000000
23/03/2025 09:00,84325.66000000,84347.12000000,84376.25000000,84320.00000000
23/03/2025 10:00,84461.98000000,84325.67000000,84500.00000000,84314.31000000
23/03/2025 11:00,84679.99000000,84461.98000000,85027.32000000,84461.97000000
23/03/2025 12:00,84725.24000000,84680.00000000,84811.48000000,84573.40000000
23/03/2025 13:00,85093.59000000,84725.24000000,85108.47000000,84644.24000000
23/03/2025 14:00,84899.76000000,85093.59000000,85214.35000000,84850.43000000
23/03/2025 15:00,85189.41000000,84899.77000000,85254.17000000,84899.76000000
23/03/2025 16:00,85250.00000000,85189.41000000,85394.37000000,84942.77000000
23/03/2025 17:00,85017.66000000,85250.01000000,85413.05000000,84876.87000000
23/03/2025 18:00,84972.78000000,85017.67000000,85036.00000000,84800.00000000
23/03/2025 19:00,85011.19000000,84972.79000000,85080.00000000,84903.94000000
23/03/2025 20:00,85102.62000000,85011.20000000,85272.65000000,85011.19000000
23/03/2025 21:00,85179.99000000,85102.61000000,85184.00000000,84923.91000000
23/03/2025 22:00,85361.21000000,85179.99000000,85679.18000000,85160.37000000
23/03/2025 23:00,86082.50000000,85361.22000000,86129.64000000,85361.22000000
24/03/2025 00:00,86021.74000000,86082.50000000,86641.13000000,85865.64000000
24/03/2025 01:00,85563.04000000,86021.74000000,86038.78000000,85528.38000000
24/03/2025 02:00,85883.16000000,85563.03000000,85950.00000000,85519.09000000
24/03/2025 03:00,86532.07000000,85883.16000000,86577.15000000,85875.91000000
24/03/2025 04:00,86841.83000000,86532.07000000,86932.47000000,86532.06000000
24/03/2025 05:00,86899.73000000,86841.83000000,87027.32000000,86812.05000000
24/03/2025 06:00,87113.37000000,86899.72000000,87300.00000000,86899.72000000
24/03/2025 07:00,86874.52000000,87113.37000000,87178.52000000,86753.10000000
24/03/2025 08:00,87416.35000000,86874.52000000,87519.38000000,86838.76000000
24/03/2025 09:00,87163.73000000,87416.34000000,87513.52000000,87125.72000000
24/03/2025 10:00,87801.27000000,87163.73000000,87909.99000000,87129.63000000
24/03/2025 11:00,87689.52000000,87801.28000000,87858.82000000,87515.25000000
24/03/2025 12:00,87328.10000000,87689.52000000,87711.70000000,87246.89000000
24/03/2025 13:00,87704.46000000,87328.09000000,87710.33000000,87138.60000000
24/03/2025 14:00,87961.90000000,87704.47000000,88765.43000000,87640.77000000
24/03/2025 15:00,88350.01000000,87961.90000000,88372.00000000,87678.06000000
24/03/2025 16:00,88057.54000000,88350.01000000,88499.98000000,87690.59000000
24/03/2025 17:00,88461.88000000,88057.53000000,88486.55000000,87941.06000000
24/03/2025 18:00,88464.38000000,88461.88000000,88536.00000000,88123.11000000
24/03/2025 19:00,88222.00000000,88464.38000000,88508.00000000,87967.82000000
24/03/2025 20:00,87832.00000000,88222.01000000,88481.14000000,87807.62000000
24/03/2025 21:00,88100.01000000,87832.00000000,88274.00000000,87797.21000000
24/03/2025 22:00,87457.65000000,88100.01000000,88184.79000000,87302.88000000
24/03/2025 23:00,87498.16000000,87457.66000000,87537.22000000,87050.60000000
25/03/2025 00:00,87599.99000000,87498.16000000,87679.25000000,87262.00000000
25/03/2025 01:00,87088.31000000,87600.00000000,87600.00000000,86813.16000000
25/03/2025 02:00,86854.94000000,87088.31000000,87088.31000000,86820.29000000
25/03/2025 03:00,86520.88000000,86854.94000000,86984.16000000,86330.66000000
25/03/2025 04:00,86547.17000000,86520.89000000,86666.66000000,86310.00000000
25/03/2025 05:00,86656.07000000,86547.16000000,86772.72000000,86400.00000000
25/03/2025 06:00,86534.50000000,86656.06000000,86879.77000000,86524.00000000
25/03/2025 07:00,86436.82000000,86534.49000000,86815.22000000,86332.87000000
25/03/2025 08:00,86714.79000000,86436.82000000,86764.46000000,86406.49000000
25/03/2025 09:00,87221.66000000,86714.80000000,87350.00000000,86642.00000000
25/03/2025 10:00,87130.14000000,87221.65000000,87285.99000000,86947.21000000
25/03/2025 11:00,87370.43000000,87130.14000000,87500.00000000,87051.56000000
25/03/2025 12:00,87084.02000000,87370.44000000,87443.40000000,86929.46000000
25/03/2025 13:00,87594.40000000,87084.01000000,87992.00000000,87043.47000000
25/03/2025 14:00,88022.40000000,87594.41000000,88228.00000000,87333.34000000
25/03/2025 15:00,87774.37000000,88022.39000000,88258.80000000,87713.62000000
25/03/2025 16:00,87792.40000000,87774.37000000,87979.99000000,87633.01000000
25/03/2025 17:00,87937.27000000,87792.41000000,88321.27000000,87792.41000000
25/03/2025 18:00,87822.00000000,87937.27000000,88059.99000000,87588.59000000
25/03/2025 19:00,88116.23000000,87822.00000000,88250.00000000,87816.67000000
25/03/2025 20:00,87849.98000000,88116.23000000,88539.63000000,87807.32000000
25/03/2025 21:00,87746.00000000,87849.99000000,88198.12000000,87702.92000000
25/03/2025 22:00,87464.73000000,87746.00000000,87805.82000000,87161.32000000
25/03/2025 23:00,87392.87000000,87464.72000000,87503.45000000,87132.65000000
26/03/2025 00:00,87652.00000000,87392.88000000,87814.00000000,87199.99000000
26/03/2025 01:00,87836.04000000,87652.00000000,87892.14000000,87567.42000000
26/03/2025 02:00,87324.60000000,87836.04000000,87836.04000000,87300.00000000
26/03/2025 03:00,87153.51000000,87324.61000000,87405.37000000,87030.56000000
26/03/2025 04:00,87326.78000000,87153.50000000,87455.64000000,87052.00000000
26/03/2025 05:00,87520.35000000,87326.79000000,87630.00000000,87215.69000000
26/03/2025 06:00,87909.07000000,87520.36000000,87923.92000000,87442.83000000
26/03/2025 07:00,88140.45000000,87909.07000000,88275.00000000,87754.35000000
26/03/2025 08:00,87959.73000000,88140.45000000,88200.00000000,87886.10000000
26/03/2025 09:00,87939.99000000,87959.73000000,88056.61000000,87837.49000000
26/03/2025 10:00,88208.47000000,87940.00000000,88259.81000000,87939.99000000
26/03/2025 11:00,87954.96000000,88208.47000000,88242.00000000,87923.91000000
26/03/2025 12:00,87813.17000000,87954.97000000,88000.00000000,87586.72000000
26/03/2025 13:00,86841.31000000,87813.16000000,87920.08000000,86719.00000000
26/03/2025 14:00,86773.14000000,86841.30000000,87294.05000000,86434.36000000
26/03/2025 15:00,86752.52000000,86773.14000000,87018.87000000,86546.23000000
26/03/2025 16:00,86513.99000000,86752.52000000,87058.40000000,86391.30000000
26/03/2025 17:00,86569.99000000,86513.99000000,86829.88000000,86476.88000000
26/03/2025 18:00,86198.53000000,86570.00000000,86750.01000000,86181.39000000
26/03/2025 19:00,86567.19000000,86198.52000000,86800.77000000,85860.00000000
26/03/2025 20:00,87280.00000000,86567.18000000,87404.34000000,86520.10000000
26/03/2025 21:00,87109.65000000,87280.00000000,87302.00000000,86728.91000000
26/03/2025 22:00,86829.48000000,87109.64000000,87147.92000000,86753.52000000
26/03/2025 23:00,86909.17000000,86829.48000000,86952.20000000,86562.00000000
27/03/2025 00:00,87285.29000000,86909.17000000,87308.00000000,86796.26000000
27/03/2025 01:00,87378.87000000,87285.30000000,87519.38000000,87178.79000000
27/03/2025 02:00,87575.39000000,87378.88000000,87756.39000000,87338.79000000
27/03/2025 03:00,87670.18000000,87575.38000000,87675.00000000,87434.78000000
27/03/2025 04:00,87521.61000000,87670.17000000,87691.34000000,87411.42000000
27/03/2025 05:00,87314.72000000,87521.60000000,87521.60000000,87262.55000000
27/03/2025 06:00,87352.68000000,87314.71000000,87547.60000000,87280.00000000
27/03/2025 07:00,87399.99000000,87352.68000000,87439.30000000,87249.68000000
27/03/2025 08:00,87434.82000000,87399.99000000,87597.60000000,87255.63000000
27/03/2025 09:00,87415.56000000,87434.82000000,87537.74000000,87385.85000000
27/03/2025 10:00,87195.59000000,87415.57000000,87597.60000000,87108.99000000
27/03/2025 11:00,86943.52000000,87195.59000000,87316.29000000,86787.00000000
27/03/2025 12:00,86761.05000000,86943.51000000,87110.10000000,86724.85000000
27/03/2025 13:00,86383.83000000,86761.04000000,86861.71000000,85800.00000000
27/03/2025 14:00,87297.33000000,86383.82000000,87321.56000000,86189.19000000
27/03/2025 15:00,86974.07000000,87297.34000000,87575.00000000,86752.58000000
27/03/2025 16:00,86835.24000000,86974.07000000,87271.43000000,86805.20000000
27/03/2025 17:00,86913.05000000,86835.24000000,87150.95000000,86796.00000000
27/03/2025 18:00,87206.52000000,86913.04000000,87420.00000000,86876.00000000
27/03/2025 19:00,87060.41000000,87206.52000000,87429.21000000,87022.99000000
27/03/2025 20:00,87307.57000000,87060.40000000,87346.07000000,86943.04000000
27/03/2025 21:00,87568.68000000,87307.57000000,87728.27000000,87239.13000000
27/03/2025 22:00,87350.71000000,87568.67000000,87600.00000000,87309.97000000
27/03/2025 23:00,87232.01000000,87350.70000000,87361.07000000,87128.01000000
28/03/2025 00:00,87354.01000000,87232.01000000,87402.08000000,86929.58000000
28/03/2025 01:00,87230.29000000,87354.01000000,87515.67000000,87116.00000000
28/03/2025 02:00,86987.77000000,87230.30000000,87327.98000000,86950.75000000
28/03/2025 03:00,86787.16000000,86987.78000000,87018.36000000,86750.00000000
28/03/2025 04:00,86305.38000000,86787.17000000,86832.64000000,85952.54000000
28/03/2025 05:00,86059.02000000,86305.38000000,86305.38000000,85827.97000000
28/03/2025 06:00,85719.27000000,86059.02000000,86250.00000000,85648.25000000
28/03/2025 07:00,85212.99000000,85719.27000000,85888.60000000,85162.48000000
28/03/2025 08:00,85213.87000000,85212.98000000,85441.25000000,85050.01000000
28/03/2025 09:00,85148.00000000,85213.87000000,85417.47000000,85005.00000000
28/03/2025 10:00,84941.49000000,85148.00000000,85250.79000000,84896.00000000
28/03/2025 11:00,85255.26000000,84941.49000000,85255.26000000,84800.00000000
28/03/2025 12:00,85028.27000000,85255.25000000,85609.74000000,84888.00000000
28/03/2025 13:00,84994.00000000,85028.27000000,85575.68000000,84904.96000000
28/03/2025 14:00,84172.01000000,84994.00000000,85120.19000000,84148.80000000
28/03/2025 15:00,84051.16000000,84172.01000000,84530.45000000,83953.86000000
28/03/2025 16:00,83794.73000000,84051.15000000,84217.61000000,83671.90000000
28/03/2025 17:00,84008.45000000,83794.72000000,84010.41000000,83585.00000000
28/03/2025 18:00,83880.00000000,84008.46000000,84169.52000000,83720.00000000
28/03/2025 19:00,83790.73000000,83879.99000000,83893.48000000,83636.36000000
28/03/2025 20:00,83794.41000000,83790.74000000,84160.38000000,83714.28000000
28/03/2025 21:00,84052.29000000,83794.41000000,84110.36000000,83697.83000000
28/03/2025 22:00,84480.35000000,84052.29000000,84480.36000000,84052.29000000
28/03/2025 23:00,84424.38000000,84480.35000000,84538.69000000,84200.01000000
29/03/2025 00:00,84396.89000000,84424.38000000,84624.73000000,84353.49000000
29/03/2025 01:00,84281.90000000,84396.89000000,84502.42000000,84216.00000000
29/03/2025 02:00,83851.40000000,84281.91000000,84423.53000000,83817.23000000
29/03/2025 03:00,84166.30000000,83851.39000000,84254.72000000,83709.67000000
29/03/2025 04:00,84072.96000000,84166.30000000,84258.45000000,83968.81000000
29/03/2025 05:00,84012.64000000,84072.97000000,84093.99000000,83858.22000000
29/03/2025 06:00,83787.28000000,84012.65000000,84012.65000000,83672.74000000
29/03/2025 07:00,83731.82000000,83787.28000000,83892.00000000,83662.86000000
29/03/2025 08:00,83934.95000000,83731.83000000,83944.36000000,83666.65000000
29/03/2025 09:00,83544.80000000,83934.94000000,83947.42000000,83266.65000000
29/03/2025 10:00,82927.81000000,83544.80000000,83559.23000000,82820.85000000
29/03/2025 11:00,82293.56000000,82927.80000000,83108.08000000,82007.00000000
29/03/2025 12:00,82462.70000000,82293.56000000,82527.70000000,82145.22000000
29/03/2025 13:00,82851.95000000,82462.69000000,82863.49000000,82454.44000000
29/03/2025 14:00,82504.01000000,82851.95000000,82882.01000000,82459.00000000
29/03/2025 15:00,82414.23000000,82504.02000000,82617.01000000,82383.20000000
29/03/2025 16:00,82198.43000000,82414.22000000,82683.78000000,82173.19000000
29/03/2025 17:00,82332.63000000,82198.44000000,82625.05000000,81644.81000000
29/03/2025 18:00,82343.64000000,82332.62000000,82673.00000000,82214.88000000
29/03/2025 19:00,82758.40000000,82343.64000000,82758.41000000,82209.59000000
29/03/2025 20:00,82511.17000000,82758.40000000,82787.29000000,82422.22000000
29/03/2025 21:00,82518.74000000,82511.16000000,82685.45000000,82353.51000000
29/03/2025 22:00,82389.75000000,82518.74000000,82522.00000000,82258.86000000
29/03/2025 23:00,82648.54000000,82389.75000000,82679.52000000,82342.00000000
30/03/2025 00:00,82799.73000000,82648.53000000,82888.93000000,82500.00000000
30/03/2025 01:00,82941.13000000,82799.73000000,83075.48000000,82762.71000000
30/03/2025 02:00,83330.00000000,82941.14000000,83372.81000000,82925.67000000
30/03/2025 03:00,83088.81000000,83330.00000000,83503.53000000,83048.88000000
30/03/2025 04:00,83109.81000000,83088.82000000,83314.42000000,83078.94000000
30/03/2025 05:00,82958.30000000,83109.81000000,83230.00000000,82924.23000000
30/03/2025 06:00,83178.14000000,82958.30000000,83306.26000000,82868.96000000
30/03/2025 07:00,83076.59000000,83178.14000000,83321.16000000,83068.66000000
30/03/2025 08:00,83378.09000000,83076.58000000,83406.14000000,83076.58000000
30/03/2025 09:00,83502.32000000,83378.10000000,83517.78000000,83255.83000000
30/03/2025 10:00,83120.87000000,83502.32000000,83534.64000000,83061.51000000
30/03/2025 11:00,83111.76000000,83120.86000000,83360.31000000,82975.36000000
30/03/2025 12:00,83072.76000000,83111.76000000,83268.05000000,82986.75000000
30/03/2025 13:00,82678.42000000,83072.76000000,83155.17000000,82543.83000000
30/03/2025 14:00,82803.28000000,82678.42000000,83043.59000000,82608.23000000
30/03/2025 15:00,82729.57000000,82803.28000000,83067.90000000,82714.87000000
30/03/2025 16:00,82284.01000000,82729.57000000,82816.00000000,82173.91000000
30/03/2025 17:00,82415.53000000,82284.01000000,82577.99000000,82050.40000000
30/03/2025 18:00,82729.65000000,82415.54000000,82799.99000000,82415.53000000
30/03/2025 19:00,82548.81000000,82729.65000000,82908.11000000,82547.69000000
30/03/2025 20:00,82554.73000000,82548.80000000,82650.95000000,82393.74000000
30/03/2025 21:00,82237.68000000,82554.73000000,82703.94000000,82069.40000000
30/03/2025 22:00,82438.00000000,82237.67000000,82757.70000000,81565.00000000
30/03/2025 23:00,82389.99000000,82437.99000000,82442.94000000,81902.20000000
31/03/2025 00:00,81646.89000000,82390.00000000,82444.89000000,81278.52000000
31/03/2025 01:00,81953.03000000,81646.90000000,82272.72000000,81534.78000000
31/03/2025 02:00,81922.30000000,81954.79000000,82179.25000000,81630.01000000
31/03/2025 03:00,81530.00000000,81922.30000000,82030.00000000,81468.00000000
31/03/2025 04:00,81846.01000000,81530.00000000,81879.16000000,81400.00000000
31/03/2025 05:00,82166.99000000,81846.00000000,82305.57000000,81830.00000000
31/03/2025 06:00,82052.83000000,82166.99000000,82267.66000000,81919.38000000
31/03/2025 07:00,81933.51000000,82052.82000000,82303.58000000,81730.74000000
31/03/2025 08:00,81899.15000000,81933.51000000,82263.74000000,81875.05000000
31/03/2025 09:00,81455.58000000,81899.15000000,81960.56000000,81339.65000000
31/03/2025 10:00,82174.16000000,81455.59000000,82215.91000000,81290.88000000
31/03/2025 11:00,82205.51000000,82174.16000000,82272.00000000,81884.49000000
31/03/2025 12:00,82768.74000000,82205.50000000,83169.82000000,81885.56000000
31/03/2025 13:00,82507.99000000,82768.74000000,82866.02000000,81656.00000000
31/03/2025 14:00,83499.18000000,82507.99000000,83746.23000000,82507.49000000
31/03/2025 15:00,83418.78000000,83499.18000000,83943.08000000,83390.30000000
31/03/2025 16:00,83288.89000000,83418.78000000,83694.29000000,83246.86000000
31/03/2025 17:00,82680.34000000,83288.88000000,83545.55000000,82575.45000000
31/03/2025 18:00,83291.42000000,82680.35000000,83566.00000000,82676.00000000
31/03/2025 19:00,82462.27000000,83291.42000000,83443.38000000,82400.00000000
31/03/2025 20:00,82431.32000000,82462.26000000,82846.20000000,82350.84000000
31/03/2025 21:00,82563.99000000,82431.32000000,82752.18000000,82422.00000000
31/03/2025 22:00,82409.99000000,82563.99000000,82571.98000000,82265.10000000
31/03/2025 23:00,82550.01000000,82410.00000000,82886.80000000,82283.90000000
01/04/2025 00:00,82651.10000000,82550.00000000,82837.38000000,82432.74000000
01/04/2025 01:00,82704.20000000,82651.09000000,82741.80000000,82460.00000000
01/04/2025 02:00,83100.00000000,82704.20000000,83120.00000000,82649.34000000
01/04/2025 03:00,82962.84000000,83100.00000000,83256.80000000,82926.08000000
01/04/2025 04:00,83060.00000000,82962.84000000,83235.96000000,82886.87000000
01/04/2025 05:00,83006.67000000,83059.99000000,83329.99000000,82994.07000000
01/04/2025 06:00,83454.76000000,83006.67000000,83494.25000000,82891.71000000
01/04/2025 07:00,83445.50000000,83454.76000000,83597.07000000,83380.58000000
01/04/2025 08:00,84121.94000000,83445.50000000,84207.55000000,83410.00000000
01/04/2025 09:00,84362.00000000,84121.94000000,84395.46000000,84116.27000000
01/04/2025 10:00,84175.99000000,84362.01000000,84504.74000000,84150.00000000
01/04/2025 11:00,83930.30000000,84175.99000000,84203.00000000,83823.67000000
01/04/2025 12:00,83615.26000000,83930.31000000,84154.22000000,83615.25000000
01/04/2025 13:00,83618.23000000,83615.26000000,83912.62000000,83416.66000000
01/04/2025 14:00,84195.92000000,83622.96000000,84350.00000000,82544.00000000
01/04/2025 15:00,85280.87000000,84195.92000000,85499.55000000,84182.89000000
01/04/2025 16:00,85119.99000000,85280.88000000,85493.00000000,84815.00000000
01/04/2025 17:00,85117.85000000,85120.00000000,85333.33000000,84901.32000000
01/04/2025 18:00,85126.68000000,85117.86000000,85183.46000000,84720.00000000
01/04/2025 19:00,84972.01000000,85126.68000000,85184.89000000,84816.83000000
01/04/2025 20:00,85231.28000000,84972.00000000,85350.00000000,84773.58000000
01/04/2025 21:00,85223.84000000,85231.28000000,85476.86000000,85120.00000000
01/04/2025 22:00,85099.99000000,85223.84000000,85483.38000000,85082.00000000
01/04/2025 23:00,85158.34000000,85100.00000000,85579.46000000,84969.56000000
02/04/2025 00:00,84964.49000000,85158.35000000,85255.95000000,84923.28000000
02/04/2025 01:00,85147.30000000,84964.49000000,85213.12000000,84854.90000000
02/04/2025 02:00,84714.36000000,85147.31000000,85174.89000000,84648.90000000
02/04/2025 03:00,84550.00000000,84714.36000000,84904.00000000,84504.21000000
02/04/2025 04:00,84607.00000000,84550.00000000,84726.42000000,84460.11000000
02/04/2025 05:00,84100.00000000,84607.00000000,84607.00000000,84100.00000000
02/04/2025 06:00,84125.99000000,84100.00000000,84371.59000000,83904.72000000
02/04/2025 07:00,84426.33000000,84125.99000000,84462.16000000,84015.97000000
02/04/2025 08:00,84677.04000000,84426.32000000,84762.72000000,84262.73000000
02/04/2025 09:00,85019.62000000,84677.04000000,85450.00000000,84635.60000000
02/04/2025 10:00,84867.92000000,85019.63000000,85299.45000000,84828.00000000
02/04/2025 11:00,84566.91000000,84867.92000000,84985.77000000,84547.08000000
02/04/2025 12:00,85049.99000000,84566.91000000,85054.78000000,84462.69000000
02/04/2025 13:00,85215.82000000,85049.99000000,86136.36000000,84471.76000000
02/04/2025 14:00,85877.75000000,85215.79000000,86000.00000000,85181.52000000
02/04/2025 15:00,86757.67000000,85877.74000000,87333.00000000,85811.20000000
02/04/2025 16:00,87065.18000000,86757.67000000,87221.99000000,86589.58000000
02/04/2025 17:00,86615.33000000,87065.19000000,87333.00000000,86350.00000000
02/04/2025 18:00,86286.02000000,86615.33000000,86751.79000000,86212.40000000
02/04/2025 19:00,86900.02000000,86286.03000000,87000.00000000,86186.19000000
02/04/2025 20:00,85659.99000000,86900.01000000,88500.00000000,85228.39000000
02/04/2025 21:00,84855.99000000,85659.99000000,85743.22000000,84207.26000000
02/04/2025 22:00,82821.59000000,84855.98000000,84855.98000000,82682.00000000
02/04/2025 23:00,82516.29000000,82821.60000000,82845.42000000,82320.00000000
03/04/2025 00:00,83227.55000000,82516.28000000,83424.72000000,82175.98000000
03/04/2025 01:00,83761.62000000,83227.55000000,83998.02000000,83099.99000000
03/04/2025 02:00,83768.01000000,83761.63000000,83894.91000000,83278.99000000
03/04/2025 03:00,83483.97000000,83768.00000000,83792.58000000,83349.65000000
03/04/2025 04:00,83558.80000000,83483.97000000,83735.85000000,83263.05000000
03/04/2025 05:00,83343.75000000,83558.81000000,83709.48000000,83343.74000000
03/04/2025 06:00,83058.65000000,83343.75000000,83415.47000000,83008.74000000
03/04/2025 07:00,83456.75000000,83058.65000000,83498.10000000,83000.00000000
03/04/2025 08:00,83679.99000000,83456.76000000,83788.23000000,83456.74000000
03/04/2025 09:00,83483.05000000,83680.00000000,83766.69000000,83449.92000000
03/04/2025 10:00,83220.01000000,83483.04000000,83749.99000000,83152.25000000
03/04/2025 11:00,83096.01000000,83220.01000000,83347.39000000,83047.00000000
03/04/2025 12:00,81949.06000000,83096.01000000,83147.95000000,81889.30000000
03/04/2025 13:00,82373.58000000,81949.06000000,82792.46000000,81793.06000000
03/04/2025 14:00,81532.00000000,82373.57000000,82403.50000000,81314.61000000
03/04/2025 15:00,82039.31000000,81532.00000000,82101.42000000,81211.24000000
03/04/2025 16:00,81830.56000000,82039.32000000,82448.21000000,81715.55000000
03/04/2025 17:00,81830.01000000,81830.56000000,82191.11000000,81630.74000000
03/04/2025 18:00,82109.45000000,81830.01000000,82317.99000000,81540.00000000
03/04/2025 19:00,82008.70000000,82109.45000000,82362.41000000,81829.57000000
03/04/2025 20:00,82363.99000000,82009.76000000,82421.49000000,81800.00000000
03/04/2025 21:00,82717.54000000,82363.99000000,82864.00000000,82333.87000000
03/04/2025 22:00,82743.46000000,82717.54000000,82869.99000000,82589.61000000
03/04/2025 23:00,83213.09000000,82743.46000000,83332.20000000,82510.83000000
04/04/2025 00:00,83046.32000000,83213.09000000,83413.46000000,83000.02000000
04/04/2025 01:00,82695.91000000,83046.32000000,83358.50000000,82577.63000000
04/04/2025 02:00,82910.86000000,82695.90000000,83186.96000000,82695.90000000
04/04/2025 03:00,82818.52000000,82910.86000000,83069.96000000,82679.55000000
04/04/2025 04:00,82720.32000000,82818.53000000,82920.19000000,82615.36000000
04/04/2025 05:00,83200.00000000,82720.32000000,83212.17000000,82642.29000000
04/04/2025 06:00,83054.72000000,83200.00000000,83264.16000000,83041.95000000
04/04/2025 07:00,83992.85000000,83054.73000000,84000.00000000,83050.00000000
04/04/2025 08:00,84415.99000000,83992.85000000,84650.00000000,83992.85000000
04/04/2025 09:00,84571.38000000,84416.00000000,84720.00000000,84126.16000000
04/04/2025 10:00,82567.03000000,84571.38000000,84690.00000000,82416.72000000
04/04/2025 11:00,82680.45000000,82565.21000000,82768.09000000,81659.00000000
04/04/2025 12:00,82879.99000000,82680.44000000,83200.00000000,82222.00000000
04/04/2025 13:00,83335.99000000,82879.99000000,83507.19000000,82143.48000000
04/04/2025 14:00,82573.98000000,83335.99000000,83510.00000000,81849.05000000
04/04/2025 15:00,82860.00000000,82573.98000000,83716.00000000,82488.88000000
04/04/2025 16:00,83392.70000000,82860.00000000,83555.00000000,82736.00000000
04/04/2025 17:00,84460.00000000,83392.69000000,84620.01000000,82965.78000000
04/04/2025 18:00,83989.87000000,84459.99000000,84584.91000000,83725.14000000
04/04/2025 19:00,84009.99000000,83989.86000000,84460.00000000,83788.00000000
04/04/2025 20:00,84164.02000000,84010.00000000,84282.00000000,83492.95000000
04/04/2025 21:00,84185.80000000,84164.02000000,84450.00000000,83941.42000000
04/04/2025 22:00,84056.74000000,84185.81000000,84271.28000000,84018.86000000
04/04/2025 23:00,83889.87000000,84056.75000000,84100.00000000,83650.11000000
05/04/2025 00:00,83787.60000000,83889.87000000,83889.88000000,83395.46000000
05/04/2025 01:00,83979.87000000,83787.60000000,84266.00000000,83786.86000000
05/04/2025 02:00,83976.61000000,83979.88000000,84094.57000000,83799.92000000
05/04/2025 03:00,83624.01000000,83976.61000000,83976.61000000,83621.73000000
05/04/2025 04:00,83677.75000000,83624.01000000,83868.00000000,83608.80000000
05/04/2025 05:00,83688.67000000,83677.75000000,83863.36000000,83630.69000000
05/04/2025 06:00,83477.30000000,83688.68000000,83724.39000000,83336.09000000
05/04/2025 07:00,83525.34000000,83477.30000000,83558.65000000,83297.66000000
05/04/2025 08:00,83519.96000000,83525.33000000,83648.63000000,83359.64000000
05/04/2025 09:00,83843.29000000,83519.97000000,83865.10000000,83519.76000000
05/04/2025 10:00,83641.51000000,83843.28000000,83894.70000000,83579.27000000
05/04/2025 11:00,83452.69000000,83641.50000000,83700.52000000,83443.47000000
05/04/2025 12:00,83281.41000000,83452.69000000,83550.68000000,83121.77000000
05/04/2025 13:00,82755.29000000,83281.41000000,83335.56000000,82519.37000000
05/04/2025 14:00,82914.67000000,82755.29000000,83026.00000000,82672.33000000
05/04/2025 15:00,82618.26000000,82914.67000000,82914.67000000,82379.95000000
05/04/2025 16:00,82739.96000000,82618.25000000,82827.37000000,82607.05000000
05/04/2025 17:00,82869.53000000,82739.96000000,82953.20000000,82681.65000000
05/04/2025 18:00,83036.13000000,82869.53000000,83109.46000000,82854.80000000
05/04/2025 19:00,82860.00000000,83036.14000000,83146.00000000,82779.62000000
05/04/2025 20:00,83075.47000000,82859.99000000,83113.67000000,82833.00000000
05/04/2025 21:00,82913.89000000,83075.48000000,83237.34000000,82902.53000000
05/04/2025 22:00,83188.41000000,82913.88000000,83212.18000000,82913.88000000
05/04/2025 23:00,83537.99000000,83188.40000000,83688.00000000,83128.73000000
06/04/2025 00:00,83527.22000000,83537.99000000,83620.01000000,83422.91000000
06/04/2025 01:00,83428.97000000,83527.22000000,83817.63000000,83422.00000000
06/04/2025 02:00,83300.01000000,83428.98000000,83494.43000000,83274.88000000
06/04/2025 03:00,83344.14000000,83300.01000000,83403.46000000,83163.45000000
06/04/2025 04:00,83499.99000000,83344.14000000,83500.00000000,83233.04000000
06/04/2025 05:00,83450.01000000,83499.99000000,83533.01000000,83312.02000000
06/04/2025 06:00,83110.24000000,83450.00000000,83468.00000000,83110.23000000
06/04/2025 07:00,83024.96000000,83110.24000000,83207.22000000,83024.96000000
06/04/2025 08:00,83034.26000000,83024.97000000,83051.33000000,82727.27000000
06/04/2025 09:00,83075.15000000,83034.27000000,83172.00000000,82933.96000000
06/04/2025 10:00,82870.25000000,83075.15000000,83075.15000000,82716.49000000
06/04/2025 11:00,82855.99000000,82870.26000000,82921.48000000,82666.00000000
06/04/2025 12:00,82697.99000000,82855.99000000,82981.14000000,82642.39000000
06/04/2025 13:00,82306.01000000,82698.00000000,82839.87000000,82230.43000000
06/04/2025 14:00,82667.07000000,82306.01000000,82793.00000000,82217.83000000
06/04/2025 15:00,82548.36000000,82667.08000000,82819.74000000,82400.00000000
06/04/2025 16:00,81970.00000000,82548.36000000,82554.15000000,81920.00000000
06/04/2025 17:00,80808.81000000,81969.99000000,81982.43000000,80562.00000000
06/04/2025 18:00,79107.30000000,80808.81000000,80808.81000000,78694.99000000
06/04/2025 19:00,79614.35000000,79107.29000000,79859.73000000,78839.89000000
06/04/2025 20:00,78867.99000000,79614.34000000,79890.16000000,78539.44000000
06/04/2025 21:00,78950.61000000,78867.99000000,79681.81000000,78720.00000000
06/04/2025 22:00,78063.66000000,78950.61000000,79130.44000000,77800.00000000
06/04/2025 23:00,78430.00000000,78063.67000000,78709.16000000,77153.83000000
07/04/2025 00:00,78327.87000000,78430.00000000,78520.00000000,77419.90000000
07/04/2025 01:00,79142.01000000,78327.86000000,79347.46000000,78318.00000000
07/04/2025 02:00,78447.42000000,79142.01000000,79220.00000000,78392.15000000
07/04/2025 03:00,77707.77000000,78447.42000000,78507.81000000,77354.00000000
07/04/2025 04:00,76989.92000000,77707.78000000,77984.00000000,76666.00000000
07/04/2025 05:00,76942.82000000,76989.92000000,77500.00000000,76666.01000000
07/04/2025 06:00,74810.01000000,76942.82000000,77299.99000000,74555.00000000
07/04/2025 07:00,75126.01000000,74810.00000000,75491.06000000,74508.00000000
07/04/2025 08:00,76266.89000000,75126.01000000,76843.47000000,75085.74000000
07/04/2025 09:00,76274.56000000,76266.88000000,76792.00000000,75744.08000000
07/04/2025 10:00,76983.60000000,76274.55000000,77577.88000000,76143.82000000
07/04/2025 11:00,76685.62000000,76983.61000000,77400.00000000,76423.27000000
07/04/2025 12:00,77335.89000000,76685.62000000,77666.00000000,76410.62000000
07/04/2025 13:00,78365.47000000,77335.88000000,78498.93000000,75789.01000000
07/04/2025 14:00,79033.11000000,78365.48000000,81243.58000000,77870.01000000
07/04/2025 15:00,78479.90000000,79033.11000000,79376.00000000,77530.00000000
07/04/2025 16:00,77434.01000000,78479.91000000,78584.21000000,77313.20000000
07/04/2025 17:00,79074.50000000,77434.01000000,79200.00000000,77434.00000000
07/04/2025 18:00,78484.91000000,79076.08000000,79365.46000000,78277.77000000
07/04/2025 19:00,78130.44000000,78484.91000000,78961.92000000,78019.90000000
07/04/2025 20:00,78955.26000000,78130.43000000,79128.82000000,78102.91000000
07/04/2025 21:00,79239.42000000,78955.26000000,79591.92000000,78684.22000000
07/04/2025 22:00,79956.47000000,79239.41000000,80218.88000000,79182.60000000
07/04/2025 23:00,79163.24000000,79956.47000000,80083.99000000,79090.90000000
08/04/2025 00:00,79020.04000000,79163.24000000,79599.99000000,79000.00000000
08/04/2025 01:00,80599.99000000,79020.04000000,80811.07000000,78772.14000000
08/04/2025 02:00,79947.05000000,80600.00000000,80867.99000000,79891.38000000
08/04/2025 03:00,79904.00000000,79947.05000000,80198.12000000,79759.90000000
08/04/2025 04:00,80300.00000000,79904.00000000,80413.49000000,79859.90000000
08/04/2025 05:00,79872.25000000,80299.99000000,80312.00000000,79536.00000000
08/04/2025 06:00,79447.30000000,79872.24000000,79872.24000000,79279.50000000
08/04/2025 07:00,79496.00000000,79447.29000000,79714.21000000,79219.90000000
08/04/2025 08:00,79154.02000000,79496.01000000,79528.35000000,78939.00000000
08/04/2025 09:00,78900.00000000,79154.01000000,79228.42000000,78860.49000000
08/04/2025 10:00,79003.54000000,78900.00000000,79173.92000000,78819.65000000
08/04/2025 11:00,79982.00000000,79003.54000000,80077.65000000,78961.78000000
08/04/2025 12:00,79837.99000000,79982.00000000,80122.00000000,79559.90000000
08/04/2025 13:00,79899.90000000,79837.99000000,80375.00000000,79381.02000000
08/04/2025 14:00,78479.91000000,79899.90000000,80258.00000000,78474.00000000
08/04/2025 15:00,78497.99000000,78479.91000000,78859.85000000,78175.14000000
08/04/2025 16:00,77414.25000000,78498.00000000,78522.72000000,77357.61000000
08/04/2025 17:00,77349.99000000,77414.26000000,77560.00000000,76556.98000000
08/04/2025 18:00,77259.91000000,77350.00000000,77999.99000000,77082.65000000
08/04/2025 19:00,76854.05000000,77259.91000000,77356.00000000,76334.65000000
08/04/2025 20:00,77133.41000000,76854.05000000,77200.79000000,76606.51000000
08/04/2025 21:00,77100.00000000,77133.40000000,77285.50000000,76730.01000000
08/04/2025 22:00,76731.21000000,77100.00000000,77135.19000000,76239.90000000
08/04/2025 23:00,76322.42000000,76731.21000000,76798.00000000,76307.36000000
09/04/2025 00:00,76522.07000000,76322.42000000,76868.28000000,75926.52000000
09/04/2025 01:00,76070.53000000,76522.07000000,76595.42000000,74620.00000000
09/04/2025 02:00,75674.44000000,76070.53000000,76473.62000000,75572.38000000
09/04/2025 03:00,75073.33000000,75674.45000000,75869.57000000,75015.86000000
09/04/2025 04:00,76416.34000000,75073.34000000,76915.94000000,75000.00000000
09/04/2025 05:00,76734.83000000,76416.33000000,76820.52000000,76214.32000000
09/04/2025 06:00,76829.02000000,76734.83000000,77317.89000000,76709.69000000
09/04/2025 07:00,77694.12000000,76829.01000000,77979.30000000,76818.52000000
09/04/2025 08:00,77304.35000000,77694.12000000,77880.00000000,77085.00000000
09/04/2025 09:00,77478.26000000,77304.35000000,77540.00000000,77168.59000000
09/04/2025 10:00,77190.00000000,77478.27000000,77574.15000000,76950.00000000
09/04/2025 11:00,76230.01000000,77191.16000000,77193.66000000,75756.86000000
09/04/2025 12:00,76760.86000000,76230.01000000,77074.02000000,76010.21000000
09/04/2025 13:00,77698.12000000,76763.07000000,77875.46000000,76710.89000000
09/04/2025 14:00,76870.00000000,77698.11000000,78318.46000000,76798.87000000
09/04/2025 15:00,77258.00000000,76870.01000000,77650.95000000,76844.01000000
09/04/2025 16:00,78267.68000000,77258.01000000,78361.59000000,77136.00000000
09/04/2025 17:00,82202.16000000,78267.69000000,82286.11000000,77649.99000000
09/04/2025 18:00,81788.37000000,82202.16000000,82990.00000000,81690.03000000
09/04/2025 19:00,82332.08000000,81788.36000000,82618.98000000,81771.39000000
09/04/2025 20:00,83204.00000000,82332.08000000,83267.57000000,81987.89000000
09/04/2025 21:00,83284.29000000,83204.00000000,83588.00000000,82848.49000000
09/04/2025 22:00,83056.83000000,83284.28000000,83500.00000000,82956.52000000
09/04/2025 23:00,82615.22000000,83056.84000000,83156.49000000,82530.43000000
10/04/2025 00:00,82352.85000000,82615.22000000,82753.21000000,82056.19000000
10/04/2025 01:00,82249.29000000,82352.85000000,82600.00000000,82224.90000000
10/04/2025 02:00,82200.00000000,82249.29000000,82565.19000000,82195.77000000
10/04/2025 03:00,81775.20000000,82201.24000000,82224.45000000,81472.84000000
10/04/2025 04:00,82019.26000000,81775.20000000,82088.75000000,81640.74000000
10/04/2025 05:00,82158.03000000,82019.26000000,82241.40000000,81924.96000000
10/04/2025 06:00,82156.72000000,82158.03000000,82344.30000000,81838.03000000
10/04/2025 07:00,81595.81000000,82156.72000000,82250.00000000,81292.99000000
10/04/2025 08:00,81549.99000000,81595.81000000,81853.20000000,81420.29000000
10/04/2025 09:00,82036.71000000,81550.00000000,82079.57000000,81349.00000000
10/04/2025 10:00,81766.05000000,82036.72000000,82130.43000000,81565.43000000
10/04/2025 11:00,81882.01000000,81766.04000000,81944.00000000,81502.02000000
10/04/2025 12:00,81710.46000000,81882.00000000,82466.35000000,81459.48000000
10/04/2025 13:00,80874.36000000,81710.45000000,81948.00000000,80764.84000000
10/04/2025 14:00,81272.19000000,80874.35000000,81841.58000000,80634.26000000
10/04/2025 15:00,78757.00000000,81272.19000000,81353.10000000,78606.06000000
10/04/2025 16:00,79453.82000000,78757.24000000,79688.00000000,78464.36000000
10/04/2025 17:00,79328.01000000,79453.83000000,79672.46000000,78616.00000000
10/04/2025 18:00,79502.07000000,79328.01000000,79876.61000000,79223.62000000
10/04/2025 19:00,79649.34000000,79502.08000000,80058.96000000,79304.59000000
10/04/2025 20:00,79931.55000000,79647.37000000,79960.97000000,79570.12000000
10/04/2025 21:00,79714.52000000,79931.56000000,80035.54000000,79683.81000000
10/04/2025 22:00,79693.77000000,79714.51000000,79920.00000000,79545.45000000
10/04/2025 23:00,79607.30000000,79693.77000000,79743.33000000,79377.04000000
11/04/2025 00:00,79043.48000000,79607.30000000,79750.17000000,78969.58000000
11/04/2025 01:00,80452.72000000,79043.48000000,80459.01000000,79011.18000000
11/04/2025 02:00,80302.05000000,80452.71000000,80829.02000000,80162.18000000
11/04/2025 03:00,80842.99000000,80302.05000000,80906.63000000,80295.72000000
11/04/2025 04:00,80888.15000000,80843.00000000,81100.00000000,80720.07000000
11/04/2025 05:00,80816.00000000,80888.14000000,80912.02000000,80512.22000000
11/04/2025 06:00,81102.00000000,80815.99000000,81333.00000000,80815.99000000
11/04/2025 07:00,81266.76000000,81102.00000000,81440.73000000,80850.00000000
11/04/2025 08:00,81631.89000000,81266.76000000,81936.71000000,80782.43000000
11/04/2025 09:00,82450.00000000,81631.89000000,82450.23000000,81450.00000000
11/04/2025 10:00,82706.86000000,82450.00000000,82985.71000000,82304.34000000
11/04/2025 11:00,82129.67000000,82706.85000000,82901.02000000,82020.25000000
11/04/2025 12:00,82115.52000000,82129.67000000,82564.00000000,81819.14000000
11/04/2025 13:00,82930.67000000,82115.53000000,83333.00000000,81816.01000000
11/04/2025 14:00,81898.00000000,82930.67000000,82930.67000000,81341.22000000
11/04/2025 15:00,82521.74000000,81898.00000000,82700.00000000,81716.00000000
11/04/2025 16:00,82792.46000000,82521.74000000,83022.98000000,82015.08000000
11/04/2025 17:00,83930.00000000,82792.46000000,84073.00000000,82695.65000000
11/04/2025 18:00,83607.99000000,83930.00000000,84220.00000000,83520.00000000
11/04/2025 19:00,83858.28000000,83608.00000000,83988.49000000,83565.21000000
11/04/2025 20:00,83848.00000000,83858.28000000,84029.13000000,83716.98000000
11/04/2025 21:00,83674.01000000,83848.01000000,84300.00000000,83636.36000000
11/04/2025 22:00,83415.34000000,83674.01000000,83716.99000000,83316.36000000
11/04/2025 23:00,83423.84000000,83415.35000000,83597.94000000,83162.00000000
12/04/2025 00:00,83369.08000000,83423.83000000,83572.00000000,83245.89000000
12/04/2025 01:00,83217.39000000,83369.08000000,83453.22000000,83144.57000000
12/04/2025 02:00,82804.87000000,83217.39000000,83310.05000000,82800.01000000
12/04/2025 03:00,82973.13000000,82804.86000000,83140.00000000,82792.95000000
12/04/2025 04:00,83208.04000000,82973.14000000,83464.00000000,82856.86000000
12/04/2025 05:00,83338.92000000,83208.04000000,83506.39000000,83198.11000000
12/04/2025 06:00,83567.42000000,83338.92000000,83790.05000000,83338.91000000
12/04/2025 07:00,83724.92000000,83567.43000000,83830.62000000,83496.56000000
12/04/2025 08:00,83604.77000000,83724.92000000,84031.87000000,83480.01000000
12/04/2025 09:00,83550.00000000,83604.77000000,83766.74000000,83420.00000000
12/04/2025 10:00,83420.44000000,83550.00000000,83565.22000000,83305.91000000
12/04/2025 11:00,83528.30000000,83420.44000000,83647.93000000,83420.44000000
12/04/2025 12:00,83829.86000000,83528.30000000,83936.45000000,83474.94000000
12/04/2025 13:00,84458.24000000,83829.86000000,84688.00000000,83555.12000000
12/04/2025 14:00,84827.75000000,84458.24000000,85251.00000000,84314.62000000
12/04/2025 15:00,85008.40000000,84827.75000000,85402.90000000,84624.73000000
12/04/2025 16:00,84659.19000000,85008.40000000,85212.81000000,84575.15000000
12/04/2025 17:00,84760.71000000,84659.18000000,84867.51000000,84421.95000000
12/04/2025 18:00,85178.01000000,84760.71000000,85193.09000000,84755.50000000
12/04/2025 19:00,84943.40000000,85178.00000000,85258.29000000,84834.75000000
12/04/2025 20:00,85517.29000000,84943.39000000,85905.00000000,84877.61000000
12/04/2025 21:00,85367.93000000,85517.28000000,85566.28000000,85260.86000000
12/04/2025 22:00,85336.01000000,85367.93000000,85701.60000000,85329.27000000
12/04/2025 23:00,85276.90000000,85336.01000000,85428.97000000,85170.00000000
13/04/2025 00:00,85495.72000000,85276.91000000,85571.12000000,85012.00000000
13/04/2025 01:00,85259.77000000,85495.72000000,86100.00000000,85142.46000000
13/04/2025 02:00,85302.22000000,85259.76000000,85451.85000000,84724.91000000
13/04/2025 03:00,85432.31000000,85302.21000000,85724.79000000,85247.03000000
13/04/2025 04:00,84619.98000000,85432.31000000,85436.68000000,84464.44000000
13/04/2025 05:00,84515.58000000,84619.98000000,84804.57000000,84399.42000000
13/04/2025 06:00,84608.69000000,84515.57000000,84849.06000000,84444.72000000
13/04/2025 07:00,84413.10000000,84608.70000000,84769.87000000,84413.09000000
13/04/2025 08:00,84664.60000000,84413.10000000,84693.20000000,84277.03000000
13/04/2025 09:00,84918.24000000,84664.61000000,84948.25000000,84504.58000000
13/04/2025 10:00,84686.79000000,84918.25000000,84949.86000000,84510.00000000
13/04/2025 11:00,84528.66000000,84686.80000000,84771.25000000,84216.15000000
13/04/2025 12:00,84458.75000000,84528.66000000,84700.00000000,84245.39000000
13/04/2025 13:00,83599.13000000,84458.75000000,84620.01000000,83487.72000000
13/04/2025 14:00,84093.22000000,83599.12000000,84166.96000000,83480.67000000
13/04/2025 15:00,83849.66000000,84093.22000000,84093.23000000,83665.30000000
13/04/2025 16:00,84225.97000000,83849.66000000,84424.53000000,83845.13000000
13/04/2025 17:00,84754.85000000,84225.97000000,84990.22000000,84190.04000000
13/04/2025 18:00,84730.00000000,84754.84000000,84943.40000000,84524.14000000
13/04/2025 19:00,83981.31000000,84730.00000000,84730.00000000,83050.00000000
13/04/2025 20:00,83499.99000000,83981.32000000,84446.31000000,83154.82000000
13/04/2025 21:00,83607.00000000,83499.98000000,83826.09000000,83034.23000000
13/04/2025 22:00,83335.99000000,83607.00000000,83882.77000000,83169.01000000
13/04/2025 23:00,83760.00000000,83335.99000000,83840.43000000,83169.03000000
14/04/2025 00:00,84325.74000000,83760.00000000,85129.69000000,83678.00000000
14/04/2025 01:00,84228.00000000,84325.73000000,84687.10000000,84048.01000000
14/04/2025 02:00,85140.70000000,84228.00000000,85544.30000000,84036.84000000
14/04/2025 03:00,84566.03000000,85140.69000000,85166.84000000,84445.49000000
14/04/2025 04:00,84869.31000000,84566.04000000,85110.00000000,84415.25000000
14/04/2025 05:00,84575.18000000,84869.31000000,84990.57000000,84343.73000000
14/04/2025 06:00,84624.21000000,84575.19000000,84644.91000000,84279.81000000
14/04/2025 07:00,84580.76000000,84624.21000000,84787.07000000,84211.06000000
14/04/2025 08:00,84763.18000000,84580.77000000,84957.27000000,84440.00000000
14/04/2025 09:00,84442.72000000,84763.18000000,84912.94000000,84250.00000000
14/04/2025 10:00,84656.85000000,84442.72000000,84810.41000000,84304.34000000
14/04/2025 11:00,84927.55000000,84656.85000000,84965.34000000,84500.00000000
14/04/2025 12:00,85128.76000000,84927.56000000,85227.27000000,84752.01000000
14/04/2025 13:00,84376.66000000,85129.62000000,85279.99000000,84052.65000000
14/04/2025 14:00,85423.60000000,84376.66000000,85799.99000000,84270.00000000
14/04/2025 15:00,84101.16000000,85423.60000000,85468.97000000,83709.25000000
14/04/2025 16:00,84341.99000000,84101.16000000,84669.85000000,83863.63000000
14/04/2025 17:00,84859.73000000,84342.00000000,84893.32000000,84221.90000000
14/04/2025 18:00,84988.04000000,84859.73000000,85080.00000000,84687.21000000
14/04/2025 19:00,84923.07000000,84988.03000000,85208.10000000,84772.72000000
14/04/2025 20:00,84861.82000000,84923.07000000,84971.70000000,84539.61000000
14/04/2025 21:00,84706.10000000,84861.82000000,84970.74000000,84450.01000000
14/04/2025 22:00,84500.01000000,84706.10000000,84745.70000000,84430.37000000
14/04/2025 23:00,84591.58000000,84500.01000000,84782.50000000,84424.52000000
15/04/2025 00:00,84930.70000000,84591.58000000,84966.90000000,84347.97000000
15/04/2025 01:00,84983.73000000,84930.70000000,85137.53000000,84542.87000000
15/04/2025 02:00,85232.83000000,84983.73000000,85300.01000000,84706.85000000
15/04/2025 03:00,85379.96000000,85232.83000000,85415.10000000,85069.86000000
15/04/2025 04:00,85490.46000000,85379.97000000,85538.28000000,85157.60000000
15/04/2025 05:00,85545.71000000,85490.47000000,85879.10000000,85485.59000000
15/04/2025 06:00,85391.35000000,85545.71000000,85692.74000000,85360.35000000
15/04/2025 07:00,85716.77000000,85391.35000000,85784.73000000,85391.34000000
15/04/2025 08:00,85850.00000000,85716.77000000,85990.00000000,85657.62000000
15/04/2025 09:00,85989.00000000,85850.00000000,85989.00000000,85589.40000000
15/04/2025 10:00,85638.14000000,85989.00000000,86000.00000000,85442.00000000
15/04/2025 11:00,85589.23000000,85638.15000000,85668.10000000,85351.00000000
15/04/2025 12:00,85819.74000000,85589.23000000,85819.74000000,85446.21000000
15/04/2025 13:00,85589.44000000,85819.74000000,86496.42000000,85509.69000000
15/04/2025 14:00,85146.88000000,85589.43000000,85980.64000000,84829.79000000
15/04/2025 15:00,84918.14000000,85146.89000000,85386.00000000,84623.73000000
15/04/2025 16:00,84860.81000000,84918.15000000,85146.55000000,84779.29000000
15/04/2025 17:00,84483.23000000,84860.81000000,85003.26000000,84408.39000000
15/04/2025 18:00,84196.00000000,84483.23000000,84608.68000000,84151.68000000
15/04/2025 19:00,83998.52000000,84196.00000000,84230.86000000,83921.19000000
15/04/2025 20:00,84020.01000000,83998.51000000,84205.35000000,83800.01000000
15/04/2025 21:00,84178.00000000,84020.00000000,84235.85000000,83871.26000000
15/04/2025 22:00,83838.47000000,84177.99000000,84177.99000000,83688.00000000
15/04/2025 23:00,83643.99000000,83838.47000000,83860.43000000,83600.00000000
16/04/2025 00:00,83146.01000000,83643.99000000,83700.00000000,83138.66000000
16/04/2025 01:00,83637.79000000,83146.01000000,83664.56000000,83111.64000000
16/04/2025 02:00,83900.00000000,83637.79000000,83930.00000000,83591.63000000
16/04/2025 03:00,83695.66000000,83900.00000000,83960.00000000,83661.96000000
16/04/2025 04:00,83587.99000000,83695.66000000,83800.00000000,83381.72000000
16/04/2025 05:00,83363.00000000,83588.00000000,83814.00000000,83212.64000000
16/04/2025 06:00,83643.99000000,83362.99000000,83749.98000000,83271.02000000
16/04/2025 07:00,83363.17000000,83644.00000000,83767.27000000,83307.00000000
16/04/2025 08:00,83736.79000000,83363.17000000,84112.69000000,83140.89000000
16/04/2025 09:00,83600.01000000,83736.79000000,83939.39000000,83600.00000000
16/04/2025 10:00,83937.02000000,83600.00000000,83991.23000000,83575.96000000
16/04/2025 11:00,84048.11000000,83937.02000000,84127.05000000,83782.60000000
16/04/2025 12:00,83757.72000000,84048.36000000,84262.00000000,83722.56000000
16/04/2025 13:00,83736.37000000,83757.73000000,84204.54000000,83512.20000000
16/04/2025 14:00,84605.31000000,83736.36000000,84849.06000000,83714.31000000
16/04/2025 15:00,84846.58000000,84605.30000000,85270.27000000,84502.02000000
16/04/2025 16:00,85048.55000000,84846.58000000,85226.42000000,84701.23000000
16/04/2025 17:00,83281.21000000,85048.54000000,85500.00000000,83275.00000000
16/04/2025 18:00,84029.97000000,83281.21000000,84472.31000000,83276.00000000
16/04/2025 19:00,84334.01000000,84029.98000000,84484.23000000,83802.00000000
16/04/2025 20:00,84295.99000000,84334.00000000,84657.69000000,84242.00000000
16/04/2025 21:00,84545.36000000,84296.00000000,84679.53000000,84260.86000000
16/04/2025 22:00,84460.43000000,84545.36000000,84586.41000000,84302.00000000
16/04/2025 23:00,84030.38000000,84460.43000000,84493.80000000,84024.00000000
17/04/2025 00:00,84210.00000000,84030.38000000,84210.00000000,83932.66000000
17/04/2025 01:00,84337.99000000,84209.99000000,84496.00000000,84118.94000000
17/04/2025 02:00,84272.86000000,84337.98000000,84337.99000000,84027.42000000
17/04/2025 03:00,83994.23000000,84272.86000000,84299.70000000,83814.48000000
17/04/2025 04:00,84153.05000000,83994.23000000,84188.59000000,83900.00000000
17/04/2025 05:00,84391.30000000,84153.05000000,84491.03000000,84099.73000000
17/04/2025 06:00,84773.59000000,84391.30000000,84872.50000000,84308.25000000
17/04/2025 07:00,84669.98000000,84773.59000000,85053.38000000,84597.96000000
17/04/2025 08:00,84445.54000000,84669.98000000,84763.29000000,84401.00000000
17/04/2025 09:00,84477.31000000,84445.55000000,84531.81000000,84361.00000000
17/04/2025 10:00,84377.27000000,84477.30000000,84505.09000000,84191.17000000
17/04/2025 11:00,84562.00000000,84377.28000000,84764.44000000,84283.25000000
17/04/2025 12:00,84775.99000000,84562.00000000,84862.93000000,84561.99000000
17/04/2025 13:00,84475.14000000,84775.99000000,84776.00000000,84318.18000000
17/04/2025 14:00,84087.08000000,84475.14000000,84475.14000000,83736.26000000
17/04/2025 15:00,84531.71000000,84087.09000000,84698.41000000,84087.09000000
17/04/2025 16:00,84934.00000000,84531.72000000,85090.00000000,84393.59000000
17/04/2025 17:00,85108.66000000,84934.00000000,85208.00000000,84786.12000000
17/04/2025 18:00,84899.71000000,85108.67000000,85470.01000000,84899.71000000
17/04/2025 19:00,84849.06000000,84899.71000000,85119.47000000,84495.38000000
17/04/2025 20:00,85140.00000000,84849.05000000,85140.00000000,84849.05000000
17/04/2025 21:00,85062.00000000,85140.00000000,85140.00000000,84896.24000000
17/04/2025 22:00,84720.21000000,85062.00000000,85093.40000000,84720.21000000
17/04/2025 23:00,84947.91000000,84720.22000000,85013.27000000,84720.22000000
18/04/2025 00:00,84817.09000000,84947.92000000,85018.97000000,84735.35000000
18/04/2025 01:00,84925.58000000,84817.09000000,85132.08000000,84817.08000000
18/04/2025 02:00,84888.00000000,84925.59000000,84976.50000000,84800.07000000
18/04/2025 03:00,84828.00000000,84888.00000000,84897.06000000,84724.60000000
18/04/2025 04:00,84663.71000000,84827.99000000,84838.52000000,84598.58000000
18/04/2025 05:00,84734.97000000,84663.70000000,84737.64000000,84514.67000000
18/04/2025 06:00,84721.41000000,84734.98000000,84775.07000000,84592.01000000
18/04/2025 07:00,84654.68000000,84721.41000000,84730.64000000,84413.23000000
18/04/2025 08:00,84647.32000000,84654.68000000,84764.00000000,84610.74000000
18/04/2025 09:00,84548.90000000,84647.32000000,84647.33000000,84519.66000000
18/04/2025 10:00,84521.25000000,84548.89000000,84660.38000000,84485.74000000
18/04/2025 11:00,84669.11000000,84521.25000000,84669.12000000,84472.25000000
18/04/2025 12:00,84645.60000000,84669.11000000,84769.95000000,84566.16000000
18/04/2025 13:00,84570.61000000,84645.60000000,84645.60000000,84478.26000000
18/04/2025 14:00,84583.13000000,84570.61000000,84619.34000000,84368.16000000
18/04/2025 15:00,84374.59000000,84583.13000000,84610.30000000,84338.00000000
18/04/2025 16:00,84478.12000000,84374.60000000,84547.04000000,84303.96000000
18/04/2025 17:00,84571.92000000,84478.12000000,84603.78000000,84391.30000000
18/04/2025 18:00,84616.96000000,84571.91000000,84649.99000000,84505.06000000
18/04/2025 19:00,84562.83000000,84616.96000000,84640.00000000,84512.00000000
18/04/2025 20:00,84520.12000000,84562.83000000,84626.92000000,84466.79000000
18/04/2025 21:00,84621.58000000,84520.12000000,84684.49000000,84486.92000000
18/04/2025 22:00,84521.48000000,84621.58000000,84641.50000000,84425.62000000
18/04/2025 23:00,84474.69000000,84521.49000000,84521.49000000,84342.15000000
19/04/2025 00:00,84436.67000000,84474.70000000,84485.02000000,84364.45000000
19/04/2025 01:00,84544.06000000,84436.66000000,84596.50000000,84424.70000000
19/04/2025 02:00,84785.80000000,84544.07000000,84829.05000000,84491.53000000
19/04/2025 03:00,84883.71000000,84785.80000000,84986.76000000,84779.00000000
19/04/2025 04:00,85021.90000000,84883.72000000,85300.00000000,84883.71000000
19/04/2025 05:00,85079.99000000,85021.89000000,85225.05000000,84990.56000000
19/04/2025 06:00,84921.98000000,85080.00000000,85100.00000000,84889.96000000
19/04/2025 07:00,85217.39000000,84921.99000000,85250.00000000,84921.98000000
19/04/2025 08:00,85311.63000000,85217.38000000,85396.00000000,85115.45000000
19/04/2025 09:00,85328.12000000,85311.63000000,85436.72000000,85220.14000000
19/04/2025 10:00,85250.00000000,85328.12000000,85343.22000000,85147.37000000
19/04/2025 11:00,85217.40000000,85249.99000000,85287.54000000,85118.08000000
19/04/2025 12:00,85295.43000000,85217.40000000,85324.72000000,85193.51000000
19/04/2025 13:00,85472.54000000,85295.44000000,85498.77000000,85201.63000000
19/04/2025 14:00,85415.09000000,85472.53000000,85500.00000000,85357.54000000
19/04/2025 15:00,85191.19000000,85415.10000000,85677.99000000,85070.00000000
19/04/2025 16:00,84845.93000000,85191.18000000,85330.06000000,84694.49000000
19/04/2025 17:00,85239.92000000,84845.93000000,85253.00000000,84829.65000000
19/04/2025 18:00,85144.64000000,85239.92000000,85320.76000000,85123.52000000
19/04/2025 19:00,85085.55000000,85144.64000000,85200.00000000,85044.67000000
19/04/2025 20:00,85195.85000000,85085.56000000,85265.95000000,85015.63000000
19/04/2025 21:00,85339.53000000,85195.85000000,85367.93000000,85183.20000000
19/04/2025 22:00,85259.86000000,85339.53000000,85355.20000000,85217.39000000
19/04/2025 23:00,85077.01000000,85259.85000000,85259.86000000,85067.07000000
20/04/2025 00:00,85167.99000000,85077.00000000,85226.42000000,85050.27000000
20/04/2025 01:00,85320.15000000,85167.98000000,85320.76000000,85139.70000000
20/04/2025 02:00,85226.44000000,85320.16000000,85320.76000000,85202.92000000
20/04/2025 03:00,85168.81000000,85226.44000000,85266.38000000,85111.00000000
20/04/2025 04:00,85185.13000000,85168.82000000,85248.00000000,85104.85000000
20/04/2025 05:00,85088.54000000,85185.14000000,85195.75000000,85088.54000000
20/04/2025 06:00,84955.42000000,85088.55000000,85160.00000000,84852.15000000
20/04/2025 07:00,84784.01000000,84955.43000000,84955.43000000,84678.18000000
20/04/2025 08:00,84647.30000000,84784.01000000,84785.00000000,84617.01000000
20/04/2025 09:00,84551.14000000,84647.30000000,84647.31000000,84453.77000000
20/04/2025 10:00,84184.03000000,84551.15000000,84551.15000000,84000.00000000
20/04/2025 11:00,84129.83000000,84184.02000000,84259.94000000,83949.52000000
20/04/2025 12:00,84365.56000000,84129.82000000,84488.85000000,84099.30000000
20/04/2025 13:00,84315.21000000,84365.55000000,84465.66000000,84151.03000000
20/04/2025 14:00,84626.16000000,84315.21000000,84664.00000000,84251.58000000
20/04/2025 15:00,84344.66000000,84626.16000000,84630.99000000,84300.00000000
20/04/2025 16:00,84604.11000000,84344.65000000,84622.76000000,84272.74000000
20/04/2025 17:00,84581.98000000,84604.10000000,84623.00000000,84451.68000000
20/04/2025 18:00,84577.78000000,84581.98000000,84636.90000000,84467.94000000
20/04/2025 19:00,84651.61000000,84577.79000000,84664.09000000,84521.73000000
20/04/2025 20:00,85127.58000000,84651.61000000,85250.00000000,84616.73000000
20/04/2025 21:00,85009.27000000,85127.58000000,85244.02000000,84913.04000000
20/04/2025 22:00,84835.28000000,85009.27000000,85031.19000000,84669.73000000
20/04/2025 23:00,85179.24000000,84835.28000000,85298.00000000,84835.28000000
21/04/2025 00:00,86625.68000000,85179.24000000,87010.00000000,85144.76000000
21/04/2025 01:00,87293.07000000,86625.69000000,87450.00000000,86625.68000000
21/04/2025 02:00,87350.01000000,87293.08000000,87640.00000000,87116.51000000
21/04/2025 03:00,87205.56000000,87350.00000000,87612.00000000,87156.05000000
21/04/2025 04:00,87351.14000000,87205.56000000,87390.54000000,87038.00000000
21/04/2025 05:00,87550.00000000,87351.13000000,87738.00000000,87323.55000000
21/04/2025 06:00,87521.73000000,87550.00000000,87695.66000000,87370.32000000
21/04/2025 07:00,87434.78000000,87521.74000000,87621.62000000,87333.33000000
21/04/2025 08:00,87569.28000000,87434.79000000,87699.00000000,87416.85000000
21/04/2025 09:00,87516.05000000,87569.28000000,87795.26000000,87300.00000000
21/04/2025 10:00,87347.83000000,87516.05000000,87577.00000000,87250.00000000
21/04/2025 11:00,86971.92000000,87347.82000000,87351.04000000,86644.29000000
21/04/2025 12:00,87038.71000000,86971.92000000,87538.46000000,86962.46000000
21/04/2025 13:00,87028.09000000,87038.71000000,87575.21000000,86779.97000000
21/04/2025 14:00,88208.37000000,87028.08000000,88465.99000000,86943.39000000
21/04/2025 15:00,88044.80000000,88208.37000000,88329.49000000,87862.93000000
21/04/2025 16:00,87176.96000000,88044.81000000,88270.88000000,87052.18000000
21/04/2025 17:00,86847.39000000,87176.97000000,87319.69000000,86389.78000000
21/04/2025 18:00,86786.29000000,86847.38000000,87047.45000000,86637.47000000
21/04/2025 19:00,87415.10000000,86786.29000000,87488.00000000,86712.50000000
21/04/2025 20:00,87367.92000000,87415.09000000,87440.50000000,87144.69000000
21/04/2025 21:00,87275.00000000,87367.92000000,87385.94000000,86887.15000000
21/04/2025 22:00,87168.08000000,87275.01000000,87282.75000000,86928.74000000
21/04/2025 23:00,87516.23000000,87168.08000000,87625.68000000,87030.65000000
22/04/2025 00:00,87709.85000000,87516.22000000,87731.81000000,87076.03000000
22/04/2025 01:00,88400.01000000,87709.86000000,88877.00000000,87513.87000000
22/04/2025 02:00,88169.21000000,88400.00000000,88684.43000000,87896.80000000
22/04/2025 03:00,88157.55000000,88169.21000000,88282.06000000,87826.08000000
22/04/2025 04:00,88056.79000000,88157.55000000,88368.83000000,88021.73000000
22/04/2025 05:00,88391.27000000,88056.79000000,88413.12000000,87953.86000000
22/04/2025 06:00,88246.46000000,88391.27000000,88459.03000000,88000.00000000
22/04/2025 07:00,88476.83000000,88246.46000000,88486.00000000,88172.18000000
22/04/2025 08:00,88414.33000000,88476.82000000,88688.00000000,88320.00000000
22/04/2025 09:00,88574.34000000,88414.33000000,88600.00000000,88312.70000000
22/04/2025 10:00,88513.71000000,88574.33000000,88596.97000000,88241.33000000
22/04/2025 11:00,88614.10000000,88513.71000000,88701.93000000,88479.66000000
22/04/2025 12:00,88992.70000000,88614.09000000,89220.35000000,88482.00000000
22/04/2025 13:00,90236.16000000,88992.71000000,90499.00000000,88944.01000000
22/04/2025 14:00,90797.73000000,90236.16000000,90942.15000000,90026.76000000
22/04/2025 15:00,90934.61000000,90797.73000000,91439.46000000,90383.84000000
22/04/2025 16:00,90673.10000000,90934.61000000,91041.97000000,90624.03000000
22/04/2025 17:00,91396.14000000,90673.10000000,91480.00000000,90666.66000000
22/04/2025 18:00,91504.36000000,91396.14000000,91666.00000000,91140.15000000
22/04/2025 19:00,91414.79000000,91504.36000000,91695.00000000,90905.00000000
22/04/2025 20:00,91111.72000000,91414.78000000,91509.75000000,91065.83000000
22/04/2025 21:00,93039.99000000,91111.72000000,93888.00000000,91060.00000000
22/04/2025 22:00,92786.19000000,93039.99000000,93354.93000000,92537.93000000
22/04/2025 23:00,93442.99000000,92786.19000000,93860.85000000,92786.19000000
23/04/2025 00:00,92896.99000000,93442.99000000,93909.05000000,92784.22000000
23/04/2025 01:00,92640.00000000,92896.99000000,93496.80000000,92580.18000000
23/04/2025 02:00,92868.77000000,92640.00000000,93254.68000000,92604.92000000
23/04/2025 03:00,93168.91000000,92868.76000000,93223.82000000,92689.40000000
23/04/2025 04:00,93665.99000000,93168.91000000,93666.00000000,93017.46000000
23/04/2025 05:00,93478.42000000,93665.99000000,93665.99000000,93280.79000000
23/04/2025 06:00,93628.13000000,93478.43000000,93863.63000000,93420.00000000
23/04/2025 07:00,94133.82000000,93628.14000000,94264.00000000,93490.90000000
23/04/2025 08:00,94285.72000000,94133.82000000,94521.79000000,93913.04000000
23/04/2025 09:00,93888.52000000,94285.72000000,94398.97000000,93888.52000000
23/04/2025 10:00,93745.19000000,93888.53000000,93900.00000000,93340.81000000
23/04/2025 11:00,93466.01000000,93745.04000000,93777.95000000,93324.45000000
23/04/2025 12:00,93731.40000000,93466.01000000,93857.14000000,93421.94000000
23/04/2025 13:00,93020.22000000,93731.40000000,94696.05000000,92872.16000000
23/04/2025 14:00,92940.06000000,93020.35000000,93665.99000000,92666.01000000
23/04/2025 15:00,93195.28000000,92940.05000000,93238.87000000,91935.41000000
23/04/2025 16:00,93641.74000000,93195.28000000,93770.19000000,92913.04000000
23/04/2025 17:00,93894.37000000,93641.73000000,93959.47000000,93455.85000000
23/04/2025 18:00,93620.89000000,93894.38000000,94219.93000000,93620.89000000
23/04/2025 19:00,93497.88000000,93620.89000000,93620.89000000,92963.66000000
23/04/2025 20:00,93640.00000000,93497.88000000,93879.42000000,93476.20000000
23/04/2025 21:00,93485.50000000,93640.01000000,93917.53000000,93273.06000000
23/04/2025 22:00,93790.19000000,93485.51000000,93790.21000000,93238.10000000
23/04/2025 23:00,93691.08000000,93790.19000000,93841.30000000,93525.44000000
24/04/2025 00:00,93357.22000000,93691.07000000,93787.65000000,93234.31000000
24/04/2025 01:00,93489.18000000,93357.22000000,93618.88000000,93060.75000000
24/04/2025 02:00,93101.23000000,93489.18000000,93631.00000000,93050.00000000
24/04/2025 03:00,92673.95000000,93101.23000000,93329.63000000,92650.00000000
24/04/2025 04:00,92746.66000000,92673.95000000,92839.46000000,92385.12000000
24/04/2025 05:00,92576.61000000,92746.67000000,92903.94000000,92527.62000000
24/04/2025 06:00,92388.69000000,92576.60000000,92666.67000000,92254.00000000
24/04/2025 07:00,92203.55000000,92388.70000000,92636.53000000,92101.63000000
24/04/2025 08:00,92017.75000000,92203.54000000,92357.58000000,91660.01000000
24/04/2025 09:00,92476.90000000,92017.75000000,92589.56000000,91976.76000000
24/04/2025 10:00,92550.89000000,92476.89000000,92657.69000000,92370.16000000
24/04/2025 11:00,92619.94000000,92550.89000000,92640.00000000,92270.67000000
24/04/2025 12:00,92777.27000000,92619.94000000,92805.67000000,92434.78000000
24/04/2025 13:00,92813.83000000,92777.27000000,92966.34000000,92554.81000000
24/04/2025 14:00,93101.83000000,92813.82000000,93400.00000000,92619.04000000
24/04/2025 15:00,93202.51000000,93101.84000000,93450.00000000,93011.93000000
24/04/2025 16:00,93346.08000000,93202.52000000,93595.22000000,93202.51000000
24/04/2025 17:00,93011.28000000,93346.07000000,93428.41000000,92666.62000000
24/04/2025 18:00,93380.00000000,93011.28000000,93463.67000000,92999.07000000
24/04/2025 19:00,93556.12000000,93380.00000000,93649.56000000,93189.49000000
24/04/2025 20:00,93390.66000000,93556.12000000,93666.00000000,93299.14000000
24/04/2025 21:00,93353.72000000,93391.30000000,93563.37000000,93024.00000000
24/04/2025 22:00,93427.98000000,93353.73000000,93582.73000000,93288.00000000
24/04/2025 23:00,93980.47000000,93427.98000000,94005.00000000,93373.33000000
25/04/2025 00:00,93896.28000000,93980.47000000,94006.00000000,93520.00000000
25/04/2025 01:00,93678.13000000,93896.27000000,94444.00000000,93602.83000000
25/04/2025 02:00,92992.33000000,93678.14000000,93897.59000000,92892.00000000
25/04/2025 03:00,93311.83000000,92992.33000000,93387.09000000,92855.96000000
25/04/2025 04:00,93058.58000000,93311.83000000,93498.00000000,93047.00000000
25/04/2025 05:00,93206.05000000,93058.58000000,93419.45000000,93013.56000000
25/04/2025 06:00,93538.07000000,93206.06000000,93612.57000000,93199.99000000
25/04/2025 07:00,93772.26000000,93538.08000000,93860.00000000,93497.64000000
25/04/2025 08:00,93680.01000000,93772.27000000,93888.00000000,93624.63000000
25/04/2025 09:00,93816.42000000,93680.01000000,93873.41000000,93539.82000000
25/04/2025 10:00,93634.02000000,93816.42000000,93976.42000000,93581.39000000
25/04/2025 11:00,94635.67000000,93634.02000000,94660.00000000,93634.02000000
25/04/2025 12:00,94417.29000000,94635.67000000,94990.00000000,94270.81000000
25/04/2025 13:00,94400.01000000,94417.29000000,94688.88000000,93929.41000000
25/04/2025 14:00,95368.00000000,94400.01000000,95758.04000000,94391.30000000
25/04/2025 15:00,95061.22000000,95368.00000000,95683.31000000,94804.82000000
25/04/2025 16:00,95223.81000000,95061.21000000,95381.52000000,94726.86000000
25/04/2025 17:00,94527.79000000,95223.82000000,95554.99000000,94370.35000000
25/04/2025 18:00,94970.15000000,94527.79000000,95228.28000000,94527.79000000
25/04/2025 19:00,95291.00000000,94970.16000000,95318.26000000,94879.05000000
25/04/2025 20:00,94869.57000000,95291.00000000,95345.45000000,94777.00000000
25/04/2025 21:00,94608.69000000,94869.57000000,95034.36000000,94441.61000000
25/04/2025 22:00,94850.00000000,94608.69000000,94968.94000000,94587.21000000
25/04/2025 23:00,94638.68000000,94850.01000000,94973.40000000,94609.25000000
26/04/2025 00:00,94880.69000000,94638.68000000,94935.97000000,94527.84000000
26/04/2025 01:00,95013.14000000,94880.68000000,95199.00000000,94751.12000000
26/04/2025 02:00,95000.00000000,95013.15000000,95157.73000000,94699.11000000
26/04/2025 03:00,94739.99000000,95000.00000000,95059.67000000,94710.00000000
26/04/2025 04:00,94536.99000000,94739.99000000,94830.93000000,94533.92000000
26/04/2025 05:00,94626.47000000,94537.00000000,94706.60000000,94380.72000000
26/04/2025 06:00,94630.42000000,94626.47000000,94743.88000000,94583.91000000
26/04/2025 07:00,94570.31000000,94630.42000000,94794.17000000,94570.31000000
26/04/2025 08:00,94318.04000000,94570.31000000,94733.54000000,94268.20000000
26/04/2025 09:00,94277.65000000,94318.03000000,94423.77000000,94120.50000000
26/04/2025 10:00,94209.03000000,94277.65000000,94394.44000000,94151.07000000
26/04/2025 11:00,94144.06000000,94209.03000000,94250.67000000,93990.60000000
26/04/2025 12:00,94245.90000000,94144.07000000,94320.00000000,94113.23000000
26/04/2025 13:00,94149.20000000,94245.91000000,94300.95000000,93870.69000000
26/04/2025 14:00,94240.01000000,94149.19000000,94271.38000000,93920.00000000
26/04/2025 15:00,94373.24000000,94240.01000000,94394.00000000,94184.23000000
26/04/2025 16:00,94286.92000000,94373.24000000,94373.24000000,94041.00000000
26/04/2025 17:00,94316.79000000,94286.92000000,94378.87000000,94222.33000000
26/04/2025 18:00,94154.71000000,94316.79000000,94372.00000000,94123.50000000
26/04/2025 19:00,94307.50000000,94154.71000000,94334.81000000,94095.23000000
26/04/2025 20:00,94087.00000000,94307.51000000,94380.96000000,94087.00000000
26/04/2025 21:00,94355.38000000,94087.01000000,94360.00000000,94087.00000000
26/04/2025 22:00,94781.86000000,94355.39000000,94800.00000000,94355.39000000
26/04/2025 23:00,94628.00000000,94781.86000000,94888.00000000,94555.00000000
27/04/2025 00:00,94870.01000000,94628.00000000,95001.58000000,94576.74000000
27/04/2025 01:00,94117.60000000,94870.01000000,95369.00000000,94041.60000000
27/04/2025 02:00,94345.86000000,94117.60000000,94469.50000000,94050.15000000
27/04/2025 03:00,94156.21000000,94345.86000000,94465.00000000,94130.71000000
27/04/2025 04:00,94014.17000000,94156.22000000,94288.65000000,94013.00000000
27/04/2025 05:00,93923.88000000,94014.16000000,94173.92000000,93655.00000000
27/04/2025 06:00,94015.91000000,93923.89000000,94100.00000000,93880.00000000
27/04/2025 07:00,94065.98000000,94015.91000000,94142.52000000,93930.52000000
27/04/2025 08:00,94202.51000000,94065.99000000,94331.85000000,94020.00000000
27/04/2025 09:00,94159.87000000,94202.50000000,94229.21000000,94104.89000000
27/04/2025 10:00,94053.60000000,94159.87000000,94180.00000000,93940.00000000
27/04/2025 11:00,93920.01000000,94053.59000000,94082.13000000,93883.81000000
27/04/2025 12:00,93734.86000000,93920.00000000,93984.42000000,93682.93000000
27/04/2025 13:00,94060.09000000,93734.86000000,94086.96000000,93602.58000000
27/04/2025 14:00,93985.90000000,94060.09000000,94173.91000000,93928.13000000
27/04/2025 15:00,93901.08000000,93985.89000000,94004.82000000,93787.93000000
27/04/2025 16:00,93881.82000000,93901.09000000,93927.50000000,93727.08000000
27/04/2025 17:00,94043.78000000,93881.82000000,94158.01000000,93793.12000000
27/04/2025 18:00,94287.29000000,94043.79000000,94415.54000000,93991.80000000
27/04/2025 19:00,94433.50000000,94287.28000000,94434.79000000,94200.00000000
27/04/2025 20:00,94260.86000000,94433.49000000,94433.50000000,94260.86000000
27/04/2025 21:00,94328.29000000,94260.87000000,94545.45000000,94160.49000000
27/04/2025 22:00,93939.57000000,94328.30000000,94335.84000000,93641.70000000
27/04/2025 23:00,93749.30000000,93939.57000000,93939.57000000,93660.00000000
28/04/2025 00:00,93419.90000000,93749.29000000,93798.71000000,93287.98000000
28/04/2025 01:00,92949.99000000,93419.90000000,93598.20000000,92800.01000000
28/04/2025 02:00,93621.64000000,92950.00000000,93637.50000000,92890.06000000
28/04/2025 03:00,93849.93000000,93621.64000000,93987.30000000,93470.01000000
28/04/2025 04:00,94036.48000000,93849.93000000,94191.70000000,93849.93000000
28/04/2025 05:00,94224.28000000,94036.47000000,94333.00000000,93962.80000000
28/04/2025 06:00,94583.99000000,94224.28000000,94670.46000000,94224.27000000
28/04/2025 07:00,94692.49000000,94584.00000000,94800.00000000,94487.09000000
28/04/2025 08:00,94706.39000000,94692.49000000,94821.90000000,94591.61000000
28/04/2025 09:00,94739.07000000,94706.40000000,94887.99000000,94662.28000000
28/04/2025 10:00,95060.77000000,94739.07000000,95223.78000000,94339.48000000
28/04/2025 11:00,95319.99000000,95060.78000000,95550.00000000,95002.84000000
28/04/2025 12:00,95350.69000000,95319.99000000,95630.00000000,95056.00000000
28/04/2025 13:00,93965.70000000,95350.69000000,95518.50000000,93926.81000000
28/04/2025 14:00,94417.73000000,93965.70000000,94900.00000000,93850.00000000
28/04/2025 15:00,93833.51000000,94417.73000000,94523.81000000,93583.90000000
28/04/2025 16:00,93734.04000000,93833.50000000,94032.18000000,93444.00000000
28/04/2025 17:00,94100.39000000,93734.04000000,94110.00000000,93492.23000000
28/04/2025 18:00,94175.89000000,94100.39000000,94222.00000000,93787.61000000
28/04/2025 19:00,94787.20000000,94175.89000000,94920.00000000,94160.61000000
28/04/2025 20:00,94469.67000000,94786.73000000,94808.80000000,94373.35000000
28/04/2025 21:00,94549.97000000,94469.66000000,94550.00000000,94305.95000000
28/04/2025 22:00,94809.52000000,94549.97000000,94879.08000000,94480.00000000
28/04/2025 23:00,95011.18000000,94809.52000000,95180.00000000,94792.52000000
29/04/2025 00:00,95065.27000000,95011.18000000,95233.48000000,94829.30000000
29/04/2025 01:00,94857.49000000,95065.27000000,95461.53000000,94735.78000000
29/04/2025 02:00,94615.68000000,94857.49000000,94956.18000000,94504.81000000
29/04/2025 03:00,94658.76000000,94615.69000000,94809.53000000,94443.70000000
29/04/2025 04:00,94353.32000000,94658.75000000,94872.00000000,94290.07000000
29/04/2025 05:00,94276.49000000,94353.32000000,94417.97000000,94200.00000000
29/04/2025 06:00,94780.00000000,94276.49000000,94811.29000000,94258.41000000
29/04/2025 07:00,94917.61000000,94780.01000000,94960.00000000,94704.81000000
29/04/2025 08:00,95030.00000000,94917.61000000,95093.55000000,94812.86000000
29/04/2025 09:00,94989.28000000,95030.01000000,95094.25000000,94787.15000000
29/04/2025 10:00,94817.32000000,94989.28000000,95042.61000000,94743.01000000
29/04/2025 11:00,95129.74000000,94817.32000000,95285.71000000,94810.63000000
29/04/2025 12:00,94813.14000000,95129.74000000,95164.35000000,94779.33000000
29/04/2025 13:00,94800.01000000,94813.14000000,95033.70000000,94590.48000000
29/04/2025 14:00,95040.80000000,94800.00000000,95300.00000000,94531.85000000
29/04/2025 15:00,94843.10000000,95040.81000000,95129.20000000,94728.78000000
29/04/2025 16:00,94954.74000000,94843.10000000,95459.99000000,94800.01000000
29/04/2025 17:00,95231.37000000,94954.74000000,95368.00000000,94658.99000000
29/04/2025 18:00,95391.29000000,95231.37000000,95438.00000000,95060.00000000
29/04/2025 19:00,95300.79000000,95391.29000000,95448.84000000,95224.93000000
29/04/2025 20:00,94839.32000000,95300.79000000,95408.00000000,94820.00000000
29/04/2025 21:00,94735.66000000,94839.31000000,94968.00000000,94350.00000000
29/04/2025 22:00,94163.67000000,94735.65000000,94735.65000000,94000.01000000
29/04/2025 23:00,94256.82000000,94163.67000000,94300.00000000,93742.54000000
30/04/2025 00:00,94546.79000000,94256.82000000,94631.23000000,94136.48000000
30/04/2025 01:00,94527.73000000,94546.79000000,94604.70000000,94287.71000000
30/04/2025 02:00,94641.99000000,94527.73000000,94785.00000000,94460.00000000
30/04/2025 03:00,95032.84000000,94641.99000000,95111.01000000,94496.87000000
30/04/2025 04:00,95054.75000000,95032.84000000,95180.00000000,94869.56000000
30/04/2025 05:00,94894.00000000,95054.76000000,95113.20000000,94869.57000000
30/04/2025 06:00,94751.99000000,94894.00000000,94970.31000000,94745.40000000
30/04/2025 07:00,94620.99000000,94752.00000000,94869.49000000,94500.00000000
30/04/2025 08:00,94718.18000000,94620.99000000,94809.52000000,94527.58000000
30/04/2025 09:00,94970.01000000,94718.19000000,95043.23000000,94667.69000000
30/04/2025 10:00,94946.52000000,94970.01000000,95022.49000000,94852.67000000
30/04/2025 11:00,95176.66000000,94946.52000000,95228.45000000,94928.44000000
30/04/2025 12:00,94555.88000000,95176.66000000,95214.90000000,94349.29000000
30/04/2025 13:00,93032.58000000,94555.89000000,94649.50000000,93026.00000000
30/04/2025 14:00,93705.04000000,93032.58000000,94367.70000000,92910.00000000
30/04/2025 15:00,94004.63000000,93705.04000000,94112.18000000,93659.24000000
30/04/2025 16:00,93939.98000000,94004.63000000,94189.58000000,93528.71000000
30/04/2025 17:00,94100.39000000,93939.98000000,94267.14000000,93752.15000000
30/04/2025 18:00,94078.24000000,94100.39000000,94500.00000000,94009.12000000
30/04/2025 19:00,94152.01000000,94078.23000000,94266.36000000,93757.63000000
30/04/2025 20:00,94555.99000000,94152.01000000,94739.14000000,94109.46000000
30/04/2025 21:00,94419.00000000,94556.00000000,94784.10000000,94382.35000000
30/04/2025 22:00,94114.05000000,94418.99000000,94720.00000000,94059.69000000
30/04/2025 23:00,94172.00000000,94114.05000000,94333.34000000,94005.00000000
01/05/2025 00:00,94405.47000000,94172.00000000,94405.47000000,94130.43000000
01/05/2025 01:00,94636.51000000,94405.46000000,94710.00000000,94398.51000000
01/05/2025 02:00,94867.46000000,94636.50000000,94972.50000000,94620.00000000
01/05/2025 03:00,94782.60000000,94867.46000000,95040.30000000,94688.75000000
01/05/2025 04:00,94860.51000000,94782.60000000,94934.99000000,94714.38000000
01/05/2025 05:00,95147.96000000,94860.51000000,95178.11000000,94840.38000000
01/05/2025 06:00,94888.85000000,95147.97000000,95180.00000000,94806.23000000
01/05/2025 07:00,95025.84000000,94888.85000000,95130.01000000,94800.00000000
01/05/2025 08:00,95210.16000000,95025.84000000,95210.16000000,94913.04000000
01/05/2025 09:00,95520.99000000,95210.16000000,95817.78000000,95140.18000000
01/05/2025 10:00,96169.01000000,95520.99000000,96396.31000000,95520.98000000
01/05/2025 11:00,96180.01000000,96169.01000000,96250.40000000,95836.57000000
01/05/2025 12:00,96373.20000000,96180.01000000,96463.18000000,96116.14000000
01/05/2025 13:00,95809.52000000,96373.20000000,96734.89000000,95769.66000000
01/05/2025 14:00,96827.99000000,95809.52000000,96908.28000000,95809.52000000
01/05/2025 15:00,96854.30000000,96828.00000000,97424.02000000,96751.30000000
01/05/2025 16:00,97007.14000000,96854.31000000,97367.26000000,96854.30000000
01/05/2025 17:00,96794.17000000,97007.15000000,97216.99000000,96514.24000000
01/05/2025 18:00,96869.55000000,96794.18000000,96975.30000000,96425.22000000
01/05/2025 19:00,96523.26000000,96869.56000000,96882.72000000,96424.44000000
01/05/2025 20:00,96407.90000000,96523.26000000,96885.77000000,96312.24000000
01/05/2025 21:00,96464.55000000,96407.91000000,96774.73000000,96390.26000000
01/05/2025 22:00,96372.33000000,96464.56000000,96643.08000000,96369.31000000
01/05/2025 23:00,96489.91000000,96372.34000000,96500.00000000,96184.19000000
02/05/2025 00:00,97042.97000000,96489.90000000,97052.48000000,96466.21000000
02/05/2025 01:00,96970.40000000,97042.96000000,97179.97000000,96772.00000000
02/05/2025 02:00,96952.58000000,96970.40000000,97040.00000000,96722.41000000
02/05/2025 03:00,97102.32000000,96952.59000000,97233.10000000,96952.58000000
02/05/2025 04:00,96939.86000000,97102.32000000,97309.78000000,96868.35000000
02/05/2025 05:00,96707.54000000,96939.85000000,97010.55000000,96631.74000000
02/05/2025 06:00,96715.00000000,96707.54000000,96892.34000000,96562.98000000
02/05/2025 07:00,96350.00000000,96715.00000000,96729.20000000,96350.00000000
02/05/2025 08:00,96636.20000000,96350.01000000,96775.77000000,96350.00000000
02/05/2025 09:00,96596.68000000,96636.20000000,96788.00000000,96460.73000000
02/05/2025 10:00,96888.00000000,96596.68000000,96927.92000000,96596.68000000
02/05/2025 11:00,96928.97000000,96888.00000000,97100.00000000,96886.47000000
02/05/2025 12:00,97182.53000000,96928.97000000,97182.54000000,96650.94000000
02/05/2025 13:00,96772.08000000,97182.54000000,97290.29000000,96672.46000000
02/05/2025 14:00,97748.40000000,96772.08000000,97895.68000000,96708.98000000
02/05/2025 15:00,97330.19000000,97748.41000000,97891.19000000,97063.00000000
02/05/2025 16:00,97348.69000000,97330.19000000,97783.02000000,97325.51000000
02/05/2025 17:00,97402.55000000,97348.69000000,97433.58000000,97053.46000000
02/05/2025 18:00,97171.00000000,97402.55000000,97619.00000000,97155.68000000
02/05/2025 19:00,96924.23000000,97171.00000000,97182.54000000,96769.84000000
02/05/2025 20:00,97022.31000000,96924.23000000,97136.00000000,96844.05000000
02/05/2025 21:00,96726.08000000,97022.31000000,97038.79000000,96561.57000000
02/05/2025 22:00,96649.01000000,96726.07000000,96792.46000000,96579.36000000
02/05/2025 23:00,96887.14000000,96649.01000000,96896.83000000,96594.33000000
03/05/2025 00:00,96700.45000000,96887.13000000,96935.67000000,96612.87000000
03/05/2025 01:00,96493.94000000,96700.46000000,96722.40000000,96435.16000000
03/05/2025 02:00,96533.51000000,96493.93000000,96699.98000000,96487.07000000
03/05/2025 03:00,96337.50000000,96533.50000000,96535.96000000,96300.02000000
03/05/2025 04:00,96519.05000000,96337.50000000,96589.20000000,96307.88000000
03/05/2025 05:00,96417.14000000,96519.04000000,96593.00000000,96407.97000000
03/05/2025 06:00,96183.50000000,96417.15000000,96417.15000000,96132.67000000
03/05/2025 07:00,96322.68000000,96183.50000000,96391.70000000,96157.10000000
03/05/2025 08:00,96281.00000000,96322.68000000,96421.91000000,96150.00000000
03/05/2025 09:00,96254.01000000,96281.00000000,96396.23000000,96173.00000000
03/05/2025 10:00,95896.50000000,96254.02000000,96254.02000000,95852.29000000
03/05/2025 11:00,95942.02000000,95896.49000000,96083.53000000,95865.00000000
03/05/2025 12:00,96120.42000000,95942.01000000,96163.81000000,95880.65000000
03/05/2025 13:00,96330.00000000,96120.43000000,96330.00000000,96106.53000000
03/05/2025 14:00,96380.95000000,96329.99000000,96459.67000000,96292.63000000
03/05/2025 15:00,96418.68000000,96380.96000000,96509.44000000,96325.65000000
03/05/2025 16:00,96215.41000000,96418.68000000,96428.33000000,96080.59000000
03/05/2025 17:00,96191.56000000,96215.40000000,96215.40000000,95869.68000000
03/05/2025 18:00,96146.99000000,96191.57000000,96271.50000000,96100.00000000
03/05/2025 19:00,96354.34000000,96146.98000000,96357.15000000,96125.15000000
03/05/2025 20:00,96341.29000000,96354.34000000,96388.89000000,96290.69000000
03/05/2025 21:00,96266.17000000,96341.29000000,96441.49000000,96238.09000000
03/05/2025 22:00,96170.18000000,96266.17000000,96369.37000000,96166.67000000
03/05/2025 23:00,95856.42000000,96170.19000000,96173.53000000,95753.01000000
04/05/2025 00:00,95880.95000000,95856.42000000,96042.92000000,95772.40000000
04/05/2025 01:00,96099.94000000,95880.95000000,96185.67000000,95588.00000000
04/05/2025 02:00,95892.28000000,96099.94000000,96304.48000000,95804.68000000
04/05/2025 03:00,95722.23000000,95892.28000000,95898.94000000,95667.94000000
04/05/2025 04:00,95725.52000000,95722.22000000,95939.33000000,95722.22000000
04/05/2025 05:00,96042.72000000,95725.52000000,96134.93000000,95692.70000000
04/05/2025 06:00,95905.74000000,96042.71000000,96142.86000000,95866.06000000
04/05/2025 07:00,95879.99000000,95905.75000000,96082.80000000,95808.80000000
04/05/2025 08:00,95647.27000000,95879.99000000,95923.54000000,95423.16000000
04/05/2025 09:00,95485.01000000,95647.27000000,95689.65000000,95440.82000000
04/05/2025 10:00,95400.47000000,95485.01000000,95525.67000000,95286.78000000
04/05/2025 11:00,95423.20000000,95400.47000000,95550.00000000,95360.00000000
04/05/2025 12:00,95462.24000000,95423.19000000,95594.58000000,95417.15000000
04/05/2025 13:00,95369.37000000,95462.24000000,95595.24000000,95209.07000000
04/05/2025 14:00,95611.07000000,95369.38000000,95647.80000000,95313.70000000
04/05/2025 15:00,95467.60000000,95611.00000000,95690.48000000,95424.50000000
04/05/2025 16:00,95341.56000000,95467.60000000,95568.00000000,95300.00000000
04/05/2025 17:00,95410.08000000,95341.57000000,95481.62000000,95239.33000000
04/05/2025 18:00,95389.07000000,95410.08000000,95493.05000000,95364.00000000
04/05/2025 19:00,95584.07000000,95389.07000000,95640.98000000,95348.30000000
04/05/2025 20:00,95719.99000000,95584.07000000,95735.00000000,95582.25000000
04/05/2025 21:00,95675.99000000,95719.99000000,95758.08000000,95630.00000000
04/05/2025 22:00,95015.82000000,95676.00000000,95690.48000000,94724.57000000
04/05/2025 23:00,94277.62000000,95015.82000000,95037.40000000,94151.38000000
05/05/2025 00:00,94724.11000000,94277.61000000,94808.40000000,94200.00000000
05/05/2025 01:00,93929.00000000,94724.12000000,94754.97000000,93711.08000000
05/05/2025 02:00,94236.67000000,93929.00000000,94400.20000000,93514.10000000
05/05/2025 03:00,94031.47000000,94236.66000000,94299.25000000,94016.60000000
05/05/2025 04:00,94409.66000000,94031.47000000,94443.69000000,94020.66000000
05/05/2025 05:00,94732.77000000,94409.66000000,94757.62000000,94228.57000000
05/05/2025 06:00,94761.13000000,94732.77000000,94774.11000000,94573.59000000
05/05/2025 07:00,94761.91000000,94761.14000000,94825.46000000,94528.36000000
05/05/2025 08:00,94559.19000000,94761.91000000,94798.01000000,94489.93000000
05/05/2025 09:00,94550.63000000,94559.20000000,94648.47000000,94467.65000000
05/05/2025 10:00,94121.89000000,94550.62000000,94558.00000000,94047.79000000
05/05/2025 11:00,94038.18000000,94121.88000000,94282.48000000,93888.00000000
05/05/2025 12:00,94333.33000000,94038.19000000,94346.59000000,93908.30000000
05/05/2025 13:00,94226.38000000,94333.33000000,94413.92000000,93635.78000000
05/05/2025 14:00,93879.37000000,94226.38000000,94531.74000000,93730.43000000
05/05/2025 15:00,93770.31000000,93879.37000000,93977.13000000,93613.66000000
05/05/2025 16:00,94206.31000000,93770.32000000,94280.00000000,93759.63000000
05/05/2025 17:00,94500.00000000,94206.31000000,94625.00000000,94060.59000000
05/05/2025 18:00,94730.39000000,94500.01000000,94900.00000000,94443.56000000
05/05/2025 19:00,94347.17000000,94730.39000000,94900.00000000,94289.92000000
05/05/2025 20:00,94242.02000000,94347.16000000,94365.19000000,93876.00000000
05/05/2025 21:00,94719.82000000,94242.01000000,94831.75000000,94242.01000000
05/05/2025 22:00,95049.48000000,94719.83000000,95199.00000000,94719.82000000
05/05/2025 23:00,94733.68000000,95049.48000000,95129.76000000,94724.52000000
06/05/2025 00:00,94598.89000000,94733.68000000,94779.99000000,94428.58000000
06/05/2025 01:00,94312.60000000,94598.89000000,94926.99000000,94312.59000000
06/05/2025 02:00,94334.99000000,94312.59000000,94400.00000000,94012.78000000
06/05/2025 03:00,94454.01000000,94334.99000000,94512.33000000,94233.96000000
06/05/2025 04:00,94574.57000000,94454.01000000,94583.82000000,94350.83000000
06/05/2025 05:00,94345.56000000,94574.57000000,94603.03000000,94308.63000000
06/05/2025 06:00,94498.11000000,94345.57000000,94498.12000000,94335.11000000
06/05/2025 07:00,94400.99000000,94498.12000000,94638.01000000,94348.57000000
06/05/2025 08:00,94375.90000000,94400.98000000,94400.99000000,94003.00000000
06/05/2025 09:00,94211.96000000,94375.89000000,94375.90000000,94113.02000000
06/05/2025 10:00,93942.83000000,94211.96000000,94329.63000000,93861.93000000
06/05/2025 11:00,93812.54000000,93942.83000000,94066.55000000,93720.63000000
06/05/2025 12:00,93935.99000000,93812.53000000,94040.00000000,93761.97000000
06/05/2025 13:00,93616.92000000,93936.00000000,94019.86000000,93377.00000000
06/05/2025 14:00,94147.02000000,93616.91000000,94705.17000000,93612.01000000
06/05/2025 15:00,94558.95000000,94147.01000000,94733.38000000,94080.09000000
06/05/2025 16:00,94241.01000000,94558.94000000,94850.00000000,94216.00000000
06/05/2025 17:00,94535.93000000,94241.01000000,94856.53000000,94232.05000000
06/05/2025 18:00,95067.36000000,94535.93000000,95088.00000000,94504.84000000
06/05/2025 19:00,94963.50000000,95067.36000000,95157.00000000,94923.49000000
06/05/2025 20:00,94682.23000000,94963.50000000,95020.00000000,94632.50000000
06/05/2025 21:00,94688.99000000,94682.23000000,94800.00000000,94452.75000000
06/05/2025 22:00,96259.94000000,94688.99000000,96293.88000000,94684.77000000
06/05/2025 23:00,96834.02000000,96259.94000000,96920.65000000,96102.72000000
07/05/2025 00:00,97415.65000000,96834.02000000,97499.02000000,96729.67000000
07/05/2025 01:00,97242.85000000,97415.65000000,97732.00000000,97192.93000000
07/05/2025 02:00,96619.05000000,97242.86000000,97276.00000000,96464.00000000
07/05/2025 03:00,96506.90000000,96619.04000000,96663.51000000,96208.10000000
07/05/2025 04:00,96576.00000000,96506.90000000,96714.28000000,96420.64000000
07/05/2025 05:00,96380.96000000,96575.99000000,96576.00000000,96310.89000000
07/05/2025 06:00,96557.31000000,96380.96000000,96667.55000000,96361.75000000
07/05/2025 07:00,96994.82000000,96557.31000000,97013.53000000,96557.30000000
07/05/2025 08:00,97024.45000000,96994.82000000,97083.47000000,96861.57000000
07/05/2025 09:00,96978.40000000,97024.46000000,97059.70000000,96876.00000000
07/05/2025 10:00,97030.01000000,96978.40000000,97111.00000000,96833.33000000
07/05/2025 11:00,97047.43000000,97030.01000000,97070.06000000,96929.17000000
07/05/2025 12:00,96966.08000000,97047.43000000,97200.00000000,96870.35000000
07/05/2025 13:00,97022.01000000,96966.07000000,97316.03000000,96713.14000000
07/05/2025 14:00,96938.00000000,97022.02000000,97478.27000000,96806.00000000
07/05/2025 15:00,96923.91000000,96937.99000000,97152.18000000,96764.14000000
07/05/2025 16:00,96857.15000000,96923.91000000,96961.04000000,96510.00000000
07/05/2025 17:00,96307.54000000,96857.15000000,96887.48000000,96190.47000000
07/05/2025 18:00,96593.59000000,96307.54000000,96880.43000000,95893.14000000
07/05/2025 19:00,96180.01000000,96593.58000000,96625.00000000,95784.61000000
07/05/2025 20:00,96766.80000000,96180.00000000,96766.80000000,96076.92000000
07/05/2025 21:00,97120.63000000,96766.80000000,97322.00000000,96651.96000000
07/05/2025 22:00,97262.88000000,97120.63000000,97305.21000000,97020.54000000
07/05/2025 23:00,97030.50000000,97262.89000000,97390.00000000,96978.04000000
08/05/2025 00:00,97770.01000000,97030.50000000,97782.00000000,96876.29000000
08/05/2025 01:00,97816.21000000,97770.00000000,98366.00000000,97600.00000000
08/05/2025 02:00,98681.99000000,97816.22000000,98847.00000000,97816.21000000
08/05/2025 03:00,99152.79000000,98681.99000000,99222.22000000,98532.02000000
08/05/2025 04:00,98954.32000000,99152.79000000,99419.00000000,98888.00000000
08/05/2025 05:00,98740.61000000,98954.32000000,99120.00000000,98738.09000000
08/05/2025 06:00,99039.99000000,98740.60000000,99040.00000000,98723.25000000
08/05/2025 07:00,99252.34000000,99040.00000000,99372.96000000,99036.59000000
08/05/2025 08:00,99666.66000000,99252.34000000,99800.00000000,99209.04000000
08/05/2025 09:00,99790.97000000,99666.67000000,99800.01000000,99538.36000000
08/05/2025 10:00,99780.67000000,99790.97000000,99888.00000000,99682.97000000
08/05/2025 11:00,99409.14000000,99780.66000000,99780.66000000,99406.54000000
08/05/2025 12:00,99287.97000000,99409.15000000,99544.98000000,99250.37000000
08/05/2025 13:00,99290.03000000,99287.97000000,99633.86000000,99090.66000000
08/05/2025 14:00,99371.95000000,99290.04000000,99822.60000000,99153.73000000
08/05/2025 15:00,100758.08000000,99371.95000000,101525.03000000,99316.00000000
08/05/2025 16:00,101276.49000000,100758.08000000,101355.31000000,100596.00000000
08/05/2025 17:00,101027.13000000,101276.49000000,101707.02000000,100779.26000000
08/05/2025 18:00,101365.38000000,101027.14000000,101485.20000000,100970.00000000
08/05/2025 19:00,101299.99000000,101365.39000000,101365.39000000,100972.00000000
08/05/2025 20:00,102607.80000000,101300.00000000,102851.00000000,101285.71000000
08/05/2025 21:00,102828.03000000,102607.79000000,104145.76000000,102114.66000000
08/05/2025 22:00,103017.95000000,102828.04000000,103230.66000000,102396.86000000
08/05/2025 23:00,103261.60000000,103017.95000000,103301.60000000,102786.76000000
09/05/2025 00:00,102820.00000000,103261.61000000,103268.44000000,102540.13000000
09/05/2025 01:00,103098.34000000,102820.01000000,103128.00000000,102551.74000000
09/05/2025 02:00,102595.50000000,103098.34000000,103098.34000000,102500.48000000
09/05/2025 03:00,102451.04000000,102595.50000000,102800.69000000,102364.00000000
09/05/2025 04:00,102828.00000000,102451.04000000,102852.00000000,102374.03000000
09/05/2025 05:00,102979.35000000,102828.01000000,102979.36000000,102585.74000000
09/05/2025 06:00,103230.11000000,102979.35000000,103261.71000000,102928.77000000
09/05/2025 07:00,103628.77000000,103230.11000000,104361.30000000,103127.76000000
09/05/2025 08:00,102968.25000000,103628.76000000,103930.00000000,102652.33000000
09/05/2025 09:00,102915.58000000,102968.25000000,103285.72000000,102421.00000000
09/05/2025 10:00,103371.63000000,102915.58000000,103476.19000000,102797.69000000
09/05/2025 11:00,102958.31000000,103371.62000000,103500.00000000,102685.30000000
09/05/2025 12:00,102899.99000000,102958.31000000,103165.92000000,102808.02000000
09/05/2025 13:00,103633.50000000,102899.99000000,103793.66000000,102826.63000000
09/05/2025 14:00,103155.99000000,103633.50000000,103761.91000000,102411.99000000
09/05/2025 15:00,102895.99000000,103156.00000000,103313.00000000,102688.26000000
09/05/2025 16:00,102480.83000000,102895.99000000,102929.51000000,102315.14000000
09/05/2025 17:00,103199.99000000,102480.83000000,103227.82000000,102343.60000000
09/05/2025 18:00,103176.46000000,103199.99000000,103370.54000000,102932.69000000
09/05/2025 19:00,103189.17000000,103176.46000000,103285.68000000,102894.00000000
09/05/2025 20:00,103183.94000000,103189.17000000,103408.00000000,103143.12000000
09/05/2025 21:00,102984.99000000,103183.93000000,103215.46000000,102769.92000000
09/05/2025 22:00,102784.66000000,102985.00000000,103070.41000000,102727.25000000
09/05/2025 23:00,102971.99000000,102784.65000000,102980.00000000,102736.59000000
10/05/2025 00:00,102865.70000000,102971.99000000,103100.00000000,102818.76000000
10/05/2025 01:00,102987.50000000,102865.70000000,103119.99000000,102865.70000000
10/05/2025 02:00,103147.96000000,102987.50000000,103265.82000000,102956.96000000
10/05/2025 03:00,103226.24000000,103147.95000000,103233.48000000,102972.17000000
10/05/2025 04:00,103152.48000000,103226.25000000,103226.25000000,103034.50000000
10/05/2025 05:00,103361.00000000,103152.48000000,103361.00000000,103088.99000000
10/05/2025 06:00,103930.71000000,103361.00000000,103947.36000000,103355.35000000
10/05/2025 07:00,103759.71000000,103930.72000000,104100.00000000,103632.66000000
10/05/2025 08:00,103634.92000000,103759.71000000,104079.37000000,103463.52000000
10/05/2025 09:00,103761.91000000,103634.93000000,103911.78000000,103366.00000000
10/05/2025 10:00,103593.15000000,103761.91000000,103888.88000000,103593.15000000
10/05/2025 11:00,103434.94000000,103593.15000000,103654.31000000,103383.99000000
10/05/2025 12:00,103695.98000000,103434.94000000,103825.40000000,103421.50000000
10/05/2025 13:00,103628.86000000,103695.97000000,103800.00000000,103539.68000000
10/05/2025 14:00,103520.41000000,103628.87000000,103666.67000000,103421.49000000
10/05/2025 15:00,103138.77000000,103520.41000000,103529.89000000,103100.00000000
10/05/2025 16:00,103435.22000000,103138.76000000,103500.00000000,103127.69000000
10/05/2025 17:00,103176.88000000,103435.22000000,103619.68000000,103161.85000000
10/05/2025 18:00,103252.88000000,103176.88000000,103317.47000000,103005.33000000
10/05/2025 19:00,103191.35000000,103252.88000000,103305.57000000,103085.52000000
10/05/2025 20:00,103193.43000000,103191.35000000,103317.47000000,103068.87000000
10/05/2025 21:00,103756.71000000,103193.43000000,103800.00000000,103166.00000000
10/05/2025 22:00,103597.89000000,103756.72000000,103831.15000000,103544.02000000
10/05/2025 23:00,104809.53000000,103597.53000000,104984.57000000,103571.42000000
11/05/2025 00:00,104428.58000000,104809.53000000,104972.00000000,103926.47000000
11/05/2025 01:00,104135.32000000,104428.58000000,104536.76000000,103866.88000000
11/05/2025 02:00,103781.06000000,104135.32000000,104280.13000000,103466.05000000
11/05/2025 03:00,104007.03000000,103781.06000000,104195.12000000,103653.60000000
11/05/2025 04:00,104153.72000000,104007.03000000,104400.00000000,103997.44000000
11/05/2025 05:00,103840.00000000,104153.71000000,104201.61000000,103801.00000000
11/05/2025 06:00,103864.52000000,103840.00000000,103988.39000000,103616.90000000
11/05/2025 07:00,103385.47000000,103864.52000000,103882.26000000,103345.06000000
11/05/2025 08:00,103825.39000000,103385.46000000,104028.00000000,103380.95000000
11/05/2025 09:00,104347.94000000,103825.39000000,104469.23000000,103820.00000000
11/05/2025 10:00,104644.00000000,104347.93000000,104668.36000000,104193.66000000
11/05/2025 11:00,104652.01000000,104644.00000000,104777.00000000,104351.27000000
11/05/2025 12:00,104601.90000000,104652.01000000,104888.00000000,104525.23000000
11/05/2025 13:00,103959.99000000,104601.89000000,104666.67000000,103934.18000000
11/05/2025 14:00,104160.00000000,103959.99000000,104290.97000000,103775.91000000
11/05/2025 15:00,104150.00000000,104160.00000000,104682.54000000,103911.61000000
11/05/2025 16:00,103984.13000000,104150.00000000,104176.00000000,103750.00000000
11/05/2025 17:00,104036.70000000,103984.12000000,104148.93000000,103793.65000000
11/05/2025 18:00,104528.19000000,104036.70000000,104832.82000000,103857.14000000
11/05/2025 19:00,104420.00000000,104528.19000000,104650.80000000,104354.67000000
11/05/2025 20:00,104269.85000000,104420.00000000,104442.78000000,104162.78000000
11/05/2025 21:00,104349.00000000,104269.85000000,104388.00000000,103952.38000000
11/05/2025 22:00,103793.67000000,104349.01000000,104578.62000000,103569.77000000
11/05/2025 23:00,104118.00000000,103793.67000000,104142.86000000,103761.90000000
12/05/2025 00:00,104587.31000000,104118.00000000,104635.48000000,104074.15000000
12/05/2025 01:00,103984.14000000,104587.31000000,105086.42000000,103764.50000000
12/05/2025 02:00,103885.72000000,103984.14000000,104204.08000000,103710.66000000
12/05/2025 03:00,104100.13000000,103885.73000000,104100.13000000,103702.15000000
12/05/2025 04:00,104072.70000000,104100.13000000,104164.77000000,103816.47000000
12/05/2025 05:00,103940.00000000,104072.70000000,104072.71000000,103750.00000000
12/05/2025 06:00,104384.80000000,103939.99000000,104411.58000000,103800.00000000
12/05/2025 07:00,104467.99000000,104384.81000000,105819.45000000,104152.84000000
12/05/2025 08:00,104614.04000000,104467.99000000,104736.45000000,104077.70000000
12/05/2025 09:00,104459.34000000,104614.05000000,104682.68000000,104375.00000000
12/05/2025 10:00,104527.62000000,104459.33000000,104539.69000000,104150.00000000
12/05/2025 11:00,103762.90000000,104527.62000000,104628.00000000,103625.00000000
12/05/2025 12:00,103881.15000000,103762.89000000,104145.41000000,103729.04000000
12/05/2025 13:00,104319.99000000,103881.14000000,104629.96000000,103675.57000000
12/05/2025 14:00,102799.99000000,104320.00000000,104400.00000000,102544.25000000
12/05/2025 15:00,102527.26000000,102799.99000000,103206.35000000,102388.00000000
12/05/2025 16:00,102856.06000000,102527.27000000,103075.09000000,102421.83000000
12/05/2025 17:00,102556.19000000,102856.07000000,103088.88000000,102529.52000000
12/05/2025 18:00,101630.59000000,102556.20000000,102660.54000000,100718.37000000
12/05/2025 19:00,101860.00000000,101630.59000000,102122.02000000,101459.70000000
12/05/2025 20:00,102678.51000000,101859.99000000,102881.39000000,101770.20000000
12/05/2025 21:00,102510.10000000,102678.52000000,102743.43000000,102352.86000000
12/05/2025 22:00,102856.38000000,102509.36000000,102941.06000000,102352.90000000
12/05/2025 23:00,102791.32000000,102856.59000000,103127.92000000,102791.31000000
13/05/2025 00:00,102260.01000000,102791.32000000,102791.32000000,102165.39000000
13/05/2025 01:00,102400.48000000,102260.00000000,102714.29000000,102072.00000000
13/05/2025 02:00,102067.99000000,102400.48000000,102701.82000000,101696.84000000
13/05/2025 03:00,101719.40000000,102067.98000000,102166.99000000,101429.70000000
13/05/2025 04:00,102745.71000000,101719.40000000,102767.24000000,101610.56000000
13/05/2025 05:00,102477.15000000,102745.72000000,102745.72000000,102264.34000000
13/05/2025 06:00,102552.00000000,102477.16000000,102688.77000000,102333.33000000
13/05/2025 07:00,102665.50000000,102552.01000000,102943.28000000,102552.00000000
13/05/2025 08:00,102722.00000000,102665.50000000,102958.81000000,102540.18000000
13/05/2025 09:00,103457.03000000,102722.00000000,103511.20000000,102722.00000000
13/05/2025 10:00,103557.72000000,103457.02000000,103612.37000000,103273.84000000
13/05/2025 11:00,103729.20000000,103557.72000000,103822.03000000,103453.99000000
13/05/2025 12:00,103682.52000000,103729.20000000,103966.00000000,103338.23000000
13/05/2025 13:00,103715.87000000,103682.52000000,103932.20000000,103394.93000000
13/05/2025 14:00,103191.65000000,103715.87000000,103746.04000000,102811.32000000
13/05/2025 15:00,103682.55000000,103191.64000000,103873.02000000,103132.15000000
13/05/2025 16:00,103725.85000000,103682.54000000,104394.61000000,103532.18000000
13/05/2025 17:00,104268.17000000,103725.85000000,104310.00000000,103712.50000000
13/05/2025 18:00,104354.19000000,104268.17000000,104428.58000000,104081.85000000
13/05/2025 19:00,104792.22000000,104354.19000000,104976.25000000,104158.73000000
13/05/2025 20:00,104562.39000000,104792.21000000,104928.00000000,104400.00000000
13/05/2025 21:00,104342.71000000,104562.40000000,104613.32000000,104179.00000000
13/05/2025 22:00,104128.50000000,104342.70000000,104432.03000000,104100.00000000
13/05/2025 23:00,104103.72000000,104128.50000000,104285.66000000,103869.01000000
14/05/2025 00:00,103920.76000000,104103.72000000,104115.86000000,103763.85000000
14/05/2025 01:00,103734.82000000,103920.77000000,104082.71000000,103700.00000000
14/05/2025 02:00,103713.27000000,103734.81000000,103786.21000000,103496.82000000
14/05/2025 03:00,103587.44000000,103713.27000000,103777.78000000,103453.26000000
14/05/2025 04:00,103743.02000000,103587.44000000,103842.98000000,103471.36000000
14/05/2025 05:00,103896.71000000,103743.02000000,103971.00000000,103687.13000000
14/05/2025 06:00,103757.50000000,103896.70000000,103952.39000000,103662.82000000
14/05/2025 07:00,103716.55000000,103757.50000000,103800.00000000,103381.02000000
14/05/2025 08:00,103200.00000000,103716.55000000,103888.00000000,103187.00000000
14/05/2025 09:00,103485.73000000,103200.00000000,103496.05000000,102875.22000000
14/05/2025 10:00,103708.49000000,103485.73000000,103929.32000000,103460.72000000
14/05/2025 11:00,103944.93000000,103708.50000000,104145.00000000,103708.50000000
14/05/2025 12:00,103999.99000000,103944.93000000,104208.77000000,103907.45000000
14/05/2025 13:00,103970.87000000,103999.99000000,104356.95000000,103492.06000000
14/05/2025 14:00,103265.46000000,103970.87000000,103971.88000000,102902.00000000
14/05/2025 15:00,103514.24000000,103265.47000000,103555.56000000,102833.55000000
14/05/2025 16:00,103363.65000000,103514.24000000,103614.61000000,103173.55000000
14/05/2025 17:00,103246.79000000,103363.66000000,103428.58000000,102602.05000000
14/05/2025 18:00,103523.81000000,103246.78000000,103523.81000000,103029.45000000
14/05/2025 19:00,103321.72000000,103523.80000000,103720.44000000,103243.00000000
14/05/2025 20:00,103555.51000000,103321.73000000,103658.35000000,103304.66000000
14/05/2025 21:00,103647.39000000,103555.52000000,103667.52000000,103434.55000000
14/05/2025 22:00,103511.46000000,103647.39000000,103658.30000000,103430.63000000
14/05/2025 23:00,103507.82000000,103511.46000000,103608.73000000,103357.77000000
15/05/2025 00:00,103801.85000000,103507.83000000,103866.51000000,103492.06000000
15/05/2025 01:00,103033.52000000,103801.85000000,103801.86000000,102968.16000000
15/05/2025 02:00,103047.62000000,103033.51000000,103206.35000000,102916.05000000
15/05/2025 03:00,102753.63000000,103047.62000000,103142.86000000,102720.00000000
15/05/2025 04:00,102891.76000000,102753.62000000,102962.38000000,102711.00000000
15/05/2025 05:00,102375.31000000,102891.76000000,102922.17000000,102336.70000000
15/05/2025 06:00,102247.40000000,102375.31000000,102686.10000000,102140.00000000
15/05/2025 07:00,101779.99000000,102247.41000000,102440.00000000,101724.17000000
15/05/2025 08:00,102274.65000000,101779.99000000,102327.00000000,101758.97000000
15/05/2025 09:00,101823.39000000,102274.65000000,102274.66000000,101500.00000000
15/05/2025 10:00,101804.74000000,101823.40000000,101930.58000000,101600.00000000
15/05/2025 11:00,102371.61000000,101804.75000000,102441.00000000,101790.20000000
15/05/2025 12:00,102560.00000000,102371.62000000,102838.82000000,102271.58000000
15/05/2025 13:00,102133.49000000,102560.01000000,102787.82000000,101569.84000000
15/05/2025 14:00,101987.65000000,102133.49000000,102398.31000000,101383.07000000
15/05/2025 15:00,103251.35000000,101987.64000000,103291.99000000,101931.86000000
15/05/2025 16:00,103846.27000000,103251.36000000,103847.13000000,103026.33000000
15/05/2025 17:00,103968.24000000,103846.28000000,104192.70000000,103650.79000000
15/05/2025 18:00,102697.31000000,103968.24000000,104012.49000000,102641.54000000
15/05/2025 19:00,103157.26000000,102697.31000000,103228.06000000,102552.35000000
15/05/2025 20:00,103443.51000000,103157.26000000,103491.43000000,102884.60000000
15/05/2025 21:00,103288.75000000,103443.51000000,103443.51000000,102708.46000000
15/05/2025 22:00,103492.06000000,103288.75000000,103980.84000000,103254.25000000
15/05/2025 23:00,103763.71000000,103492.06000000,103893.73000000,103230.76000000
16/05/2025 00:00,103764.81000000,103763.71000000,104033.90000000,103655.16000000
16/05/2025 01:00,104047.61000000,103764.82000000,104108.90000000,103467.91000000
16/05/2025 02:00,104199.80000000,104047.60000000,104466.01000000,103928.80000000
16/05/2025 03:00,104023.49000000,104199.80000000,104328.32000000,103988.18000000
16/05/2025 04:00,103919.95000000,104023.49000000,104184.72000000,103816.60000000
16/05/2025 05:00,103898.52000000,103919.96000000,104148.00000000,103833.64000000
16/05/2025 06:00,103987.87000000,103898.52000000,104100.00000000,103860.32000000
16/05/2025 07:00,103710.17000000,103987.87000000,104190.48000000,103694.18000000
16/05/2025 08:00,103388.60000000,103710.17000000,103760.00000000,103100.49000000
16/05/2025 09:00,103793.65000000,103388.60000000,103820.00000000,103388.60000000
16/05/2025 10:00,103796.91000000,103793.65000000,103886.01000000,103635.18000000
16/05/2025 11:00,103651.71000000,103796.92000000,103900.00000000,103552.00000000
16/05/2025 12:00,103506.07000000,103651.72000000,103768.51000000,103484.75000000
16/05/2025 13:00,104007.98000000,103506.07000000,104099.88000000,103440.00000000
16/05/2025 14:00,103578.70000000,104007.99000000,104007.99000000,103343.07000000
16/05/2025 15:00,104183.33000000,103578.71000000,104286.00000000,103578.71000000
16/05/2025 16:00,104145.49000000,104183.32000000,104550.33000000,103837.82000000
16/05/2025 17:00,103867.96000000,104145.48000000,104396.28000000,103780.00000000
16/05/2025 18:00,103691.55000000,103867.96000000,104094.90000000,103690.26000000
16/05/2025 19:00,104032.60000000,103691.54000000,104047.62000000,103587.00000000
16/05/2025 20:00,103692.48000000,104032.60000000,104032.60000000,103526.47000000
16/05/2025 21:00,103612.00000000,103692.48000000,103791.94000000,103500.00000000
16/05/2025 22:00,103521.96000000,103612.01000000,103613.02000000,103397.50000000
16/05/2025 23:00,103463.90000000,103521.96000000,103690.18000000,103420.92000000
17/05/2025 00:00,103360.01000000,103463.90000000,103539.69000000,103100.00000000
17/05/2025 01:00,102829.57000000,103360.00000000,103360.01000000,102612.50000000
17/05/2025 02:00,103286.01000000,102829.58000000,103357.60000000,102747.44000000
17/05/2025 03:00,103508.48000000,103286.01000000,103600.00000000,103173.85000000
17/05/2025 04:00,103658.05000000,103508.48000000,103666.67000000,103476.19000000
17/05/2025 05:00,103342.79000000,103658.05000000,103709.86000000,103328.12000000
17/05/2025 06:00,103487.95000000,103342.79000000,103500.00000000,103285.71000000
17/05/2025 07:00,103451.14000000,103487.96000000,103640.14000000,103435.08000000
17/05/2025 08:00,103426.06000000,103451.13000000,103568.58000000,103120.00000000
17/05/2025 09:00,102896.59000000,103426.06000000,103549.92000000,102808.60000000
17/05/2025 10:00,102873.74000000,102896.59000000,103045.56000000,102822.64000000
17/05/2025 11:00,102994.17000000,102873.74000000,103099.84000000,102753.67000000
17/05/2025 12:00,102927.57000000,102994.18000000,103066.43000000,102892.38000000
17/05/2025 13:00,102713.34000000,102927.58000000,103103.47000000,102640.02000000
17/05/2025 14:00,103124.80000000,102713.33000000,103180.00000000,102707.72000000
17/05/2025 15:00,102939.53000000,103124.80000000,103179.51000000,102936.00000000
17/05/2025 16:00,102938.32000000,102939.52000000,103106.07000000,102761.90000000
17/05/2025 17:00,103130.43000000,102938.32000000,103292.88000000,102928.80000000
17/05/2025 18:00,102987.20000000,103130.43000000,103350.00000000,102956.52000000
17/05/2025 19:00,103158.60000000,102987.21000000,103204.07000000,102928.30000000
17/05/2025 20:00,103372.04000000,103158.60000000,103433.78000000,103081.71000000
17/05/2025 21:00,103243.69000000,103372.03000000,103477.87000000,103121.62000000
17/05/2025 22:00,103031.03000000,103243.68000000,103243.68000000,102900.72000000
17/05/2025 23:00,103126.65000000,103031.03000000,103212.00000000,102950.23000000
18/05/2025 00:00,103382.80000000,103126.65000000,103409.98000000,103105.09000000
18/05/2025 01:00,103251.49000000,103382.81000000,103405.12000000,103134.49000000
18/05/2025 02:00,103346.70000000,103251.49000000,103360.01000000,103240.69000000
18/05/2025 03:00,103295.70000000,103346.70000000,103390.45000000,103140.32000000
18/05/2025 04:00,103355.01000000,103295.70000000,103433.78000000,103295.69000000
18/05/2025 05:00,103648.20000000,103355.01000000,103685.03000000,103355.01000000
18/05/2025 06:00,103476.19000000,103648.20000000,103679.02000000,103368.36000000
18/05/2025 07:00,103919.39000000,103476.20000000,103988.00000000,103443.45000000
18/05/2025 08:00,103912.82000000,103919.39000000,104088.20000000,103819.43000000
18/05/2025 09:00,103868.48000000,103912.82000000,104022.00000000,103845.23000000
18/05/2025 10:00,103856.81000000,103868.48000000,103935.40000000,103800.00000000
18/05/2025 11:00,103800.54000000,103856.80000000,103998.98000000,103800.00000000
18/05/2025 12:00,103939.65000000,103800.55000000,103939.66000000,103701.40000000
18/05/2025 13:00,104740.00000000,103939.65000000,104800.00000000,103900.02000000
18/05/2025 14:00,105270.97000000,104740.00000000,105548.00000000,104556.32000000
18/05/2025 15:00,105518.00000000,105270.98000000,105680.00000000,104970.03000000
18/05/2025 16:00,105822.22000000,105518.00000000,105980.00000000,105161.19000000
18/05/2025 17:00,104836.67000000,105822.22000000,105900.00000000,104836.66000000
18/05/2025 18:00,104498.00000000,104836.66000000,104923.17000000,103988.00000000
18/05/2025 19:00,103883.97000000,104498.01000000,104761.90000000,103851.01000000
18/05/2025 20:00,104053.05000000,103883.98000000,104240.00000000,103285.71000000
18/05/2025 21:00,104180.38000000,104053.05000000,104601.14000000,104053.04000000
18/05/2025 22:00,105928.10000000,104180.37000000,105979.99000000,103963.63000000
18/05/2025 23:00,106454.26000000,105928.11000000,106660.00000000,105460.00000000
19/05/2025 00:00,105260.88000000,106454.27000000,107108.62000000,105165.44000000
19/05/2025 01:00,105059.97000000,105260.88000000,105416.67000000,104742.53000000
19/05/2025 02:00,104645.15000000,105059.97000000,105192.17000000,104569.00000000
19/05/2025 03:00,103605.88000000,104645.15000000,104645.15000000,103534.47000000
19/05/2025 04:00,103002.07000000,103605.90000000,103779.99000000,102789.00000000
19/05/2025 05:00,103032.01000000,103002.07000000,103118.57000000,102513.87000000
19/05/2025 06:00,102208.00000000,103032.00000000,103195.67000000,102000.00000000
19/05/2025 07:00,103226.29000000,102208.01000000,103356.80000000,102173.91000000
19/05/2025 08:00,103233.90000000,103226.29000000,103357.60000000,102920.57000000
19/05/2025 09:00,103061.61000000,103233.90000000,103425.53000000,102999.99000000
19/05/2025 10:00,102915.50000000,103061.62000000,103090.07000000,102853.81000000
19/05/2025 11:00,102963.41000000,102915.50000000,103067.83000000,102782.60000000
19/05/2025 12:00,102479.95000000,102963.40000000,102963.41000000,102126.16000000
19/05/2025 13:00,103294.11000000,102479.94000000,103527.89000000,102321.83000000
19/05/2025 14:00,104328.11000000,103294.11000000,104369.00000000,103181.67000000
19/05/2025 15:00,104786.41000000,104328.11000000,104968.75000000,104266.14000000
19/05/2025 16:00,105356.44000000,104786.42000000,105435.49000000,104491.53000000
19/05/2025 17:00,105380.95000000,105356.43000000,105550.01000000,104940.77000000
19/05/2025 18:00,104778.98000000,105380.96000000,105561.76000000,104703.66000000
19/05/2025 19:00,105517.70000000,104778.99000000,105549.99000000,104633.55000000
19/05/2025 20:00,105468.00000000,105517.64000000,105788.87000000,105321.54000000
19/05/2025 21:00,105474.67000000,105468.00000000,105514.79000000,105016.27000000
19/05/2025 22:00,105549.92000000,105474.67000000,105644.41000000,105182.86000000
19/05/2025 23:00,105573.74000000,105549.92000000,105829.99000000,105455.57000000
20/05/2025 00:00,105727.27000000,105573.73000000,106569.99000000,105554.31000000
20/05/2025 01:00,106450.00000000,105727.27000000,106789.58000000,105701.46000000
20/05/2025 02:00,106099.99000000,106450.01000000,106853.27000000,106000.00000000
20/05/2025 03:00,105761.92000000,106100.00000000,106180.75000000,105533.01000000
20/05/2025 04:00,106219.99000000,105761.92000000,106250.00000000,105545.45000000
20/05/2025 05:00,106105.26000000,106220.00000000,106399.00000000,106067.36000000
20/05/2025 06:00,105454.54000000,106105.26000000,106219.99000000,105381.02000000
20/05/2025 07:00,105021.71000000,105454.55000000,105750.26000000,104928.44000000
20/05/2025 08:00,105223.01000000,105021.70000000,105249.11000000,104847.16000000
20/05/2025 09:00,105285.72000000,105223.00000000,105390.13000000,105186.31000000
20/05/2025 10:00,105030.65000000,105285.72000000,105416.66000000,105022.72000000
20/05/2025 11:00,105203.76000000,105030.65000000,105348.67000000,104913.04000000
20/05/2025 12:00,104780.00000000,105203.75000000,105203.76000000,104653.39000000
20/05/2025 13:00,104448.04000000,104780.01000000,104869.57000000,104184.72000000
20/05/2025 14:00,104519.84000000,104448.04000000,104995.43000000,104304.34000000
20/05/2025 15:00,105333.68000000,104519.84000000,105391.27000000,104482.68000000
20/05/2025 16:00,105212.49000000,105333.67000000,105523.81000000,105090.90000000
20/05/2025 17:00,106200.31000000,105212.49000000,106336.37000000,105212.49000000
20/05/2025 18:00,105285.54000000,106200.32000000,106419.19000000,105234.04000000
20/05/2025 19:00,107026.47000000,105285.53000000,107238.37000000,105220.00000000
20/05/2025 20:00,106909.09000000,107026.47000000,107320.00000000,106407.66000000
20/05/2025 21:00,106619.00000000,106909.09000000,107225.68000000,106132.09000000
20/05/2025 22:00,106775.83000000,106619.00000000,106894.86000000,105935.83000000
20/05/2025 23:00,106849.99000000,106775.83000000,107208.68000000,106637.50000000
21/05/2025 00:00,106739.54000000,106850.00000000,107206.94000000,106459.80000000
21/05/2025 01:00,106500.00000000,106739.55000000,107086.24000000,106426.00000000
21/05/2025 02:00,106859.04000000,106500.00000000,106923.07000000,106186.79000000
21/05/2025 03:00,106843.59000000,106859.05000000,107100.00000000,106748.69000000
21/05/2025 04:00,107287.00000000,106843.60000000,107700.00000000,106742.85000000
21/05/2025 05:00,107542.00000000,107286.99000000,107718.68000000,107281.55000000
21/05/2025 06:00,107751.41000000,107542.01000000,107985.05000000,107294.63000000
21/05/2025 07:00,106527.16000000,107751.41000000,107855.49000000,106454.54000000
21/05/2025 08:00,106372.45000000,106527.17000000,106797.98000000,106347.05000000
21/05/2025 09:00,106200.03000000,106372.46000000,106523.81000000,106100.01000000
21/05/2025 10:00,106328.57000000,106200.03000000,106450.00000000,106136.99000000
21/05/2025 11:00,106546.44000000,106328.56000000,106741.71000000,106272.72000000
21/05/2025 12:00,106573.11000000,106546.43000000,106920.21000000,106409.92000000
21/05/2025 13:00,107244.76000000,106573.10000000,107662.08000000,106329.47000000
21/05/2025 14:00,108999.99000000,107244.75000000,109000.00000000,107009.06000000
21/05/2025 15:00,108973.35000000,108999.99000000,109458.00000000,108332.26000000
21/05/2025 16:00,109131.70000000,108973.34000000,109845.00000000,108701.54000000
21/05/2025 17:00,106592.79000000,109131.71000000,109343.01000000,106117.67000000
21/05/2025 18:00,106965.05000000,106592.80000000,107415.83000000,106317.00000000
21/05/2025 19:00,108603.79000000,106965.05000000,108857.19000000,106619.68000000
21/05/2025 20:00,108238.09000000,108603.79000000,108739.14000000,107725.00000000
21/05/2025 21:00,108414.64000000,108238.09000000,108560.34000000,107940.00000000
21/05/2025 22:00,108739.36000000,108414.63000000,109028.25000000,108278.97000000
21/05/2025 23:00,109643.99000000,108739.36000000,110797.38000000,108660.00000000
22/05/2025 00:00,109954.53000000,109643.99000000,110178.49000000,109177.37000000
22/05/2025 01:00,109920.68000000,109954.54000000,110576.70000000,109667.00000000
22/05/2025 02:00,110471.51000000,109920.69000000,110981.96000000,109822.58000000
22/05/2025 03:00,111780.84000000,110471.52000000,111880.00000000,110339.87000000
22/05/2025 04:00,111482.42000000,111780.84000000,111795.04000000,111234.40000000
22/05/2025 05:00,110879.99000000,111482.43000000,111672.32000000,110832.38000000
22/05/2025 06:00,110606.07000000,110880.00000000,111185.82000000,110478.26000000
22/05/2025 07:00,111045.45000000,110606.07000000,111139.71000000,110461.87000000
22/05/2025 08:00,110409.09000000,111045.45000000,111162.18000000,110381.46000000
22/05/2025 09:00,110821.30000000,110409.10000000,110840.00000000,110272.72000000
22/05/2025 10:00,110805.22000000,110821.30000000,110952.39000000,110601.00000000
22/05/2025 11:00,110981.97000000,110805.23000000,111326.20000000,110500.00000000
22/05/2025 12:00,111608.69000000,110981.98000000,111626.43000000,110804.72000000
22/05/2025 13:00,110914.49000000,111608.69000000,111625.75000000,110904.00000000
22/05/2025 14:00,110897.90000000,110914.49000000,111397.94000000,110550.00000000
22/05/2025 15:00,111290.86000000,110897.89000000,111529.72000000,110787.80000000
22/05/2025 16:00,111252.36000000,111290.85000000,111782.61000000,111087.25000000
22/05/2025 17:00,111502.31000000,111252.36000000,111980.00000000,111168.03000000
22/05/2025 18:00,111727.27000000,111502.32000000,111953.85000000,111379.22000000
22/05/2025 19:00,111188.00000000,111727.28000000,111920.00000000,110916.40000000
22/05/2025 20:00,111076.24000000,111188.00000000,111431.50000000,110831.52000000
22/05/2025 21:00,110831.36000000,111076.24000000,111108.89000000,110763.27000000
22/05/2025 22:00,111020.93000000,110831.36000000,111252.03000000,110831.36000000
22/05/2025 23:00,111696.21000000,111020.93000000,111717.34000000,111020.92000000
23/05/2025 00:00,111613.58000000,111696.22000000,111800.00000000,111382.97000000
23/05/2025 01:00,111327.69000000,111613.58000000,111739.14000000,111201.86000000
23/05/2025 02:00,111272.72000000,111327.69000000,111618.93000000,111193.90000000
23/05/2025 03:00,111100.01000000,111272.73000000,111374.54000000,111000.13000000
23/05/2025 04:00,110844.19000000,111100.00000000,111181.82000000,110547.98000000
23/05/2025 05:00,110855.47000000,110844.19000000,110951.70000000,110658.72000000
23/05/2025 06:00,110526.01000000,110855.47000000,110857.15000000,110407.89000000
23/05/2025 07:00,110715.42000000,110526.01000000,110857.15000000,110523.80000000
23/05/2025 08:00,110935.24000000,110715.41000000,111030.12000000,110715.41000000
23/05/2025 09:00,111335.02000000,110935.24000000,111381.61000000,110909.46000000
23/05/2025 10:00,111061.24000000,111335.02000000,111335.02000000,110816.34000000
23/05/2025 11:00,109076.35000000,111061.24000000,111092.50000000,108888.00000000
23/05/2025 12:00,108412.77000000,109076.36000000,109096.39000000,107316.00000000
23/05/2025 13:00,109634.99000000,108412.77000000,109714.70000000,107922.82000000
23/05/2025 14:00,109672.01000000,109634.99000000,109992.75000000,109505.00000000
23/05/2025 15:00,108940.00000000,109672.01000000,109850.02000000,108916.00000000
23/05/2025 16:00,109068.87000000,108940.00000000,109222.42000000,108001.00000000
23/05/2025 17:00,109413.03000000,109068.87000000,109809.53000000,109022.82000000
23/05/2025 18:00,108794.09000000,109413.02000000,109494.80000000,108654.82000000
23/05/2025 19:00,108716.07000000,108794.09000000,109157.85000000,108605.12000000
23/05/2025 20:00,108236.53000000,108714.01000000,108727.28000000,108186.55000000
23/05/2025 21:00,108282.89000000,108236.53000000,108664.65000000,108055.00000000
23/05/2025 22:00,107797.37000000,108282.89000000,108590.90000000,107638.96000000
23/05/2025 23:00,107318.30000000,107797.37000000,107898.34000000,106800.00000000
24/05/2025 00:00,107366.68000000,107318.30000000,107680.83000000,106875.41000000
24/05/2025 01:00,107479.24000000,107366.68000000,107875.66000000,107352.75000000
24/05/2025 02:00,107803.84000000,107479.24000000,107900.11000000,107243.10000000
24/05/2025 03:00,108366.30000000,107803.84000000,108367.54000000,107750.64000000
24/05/2025 04:00,108485.07000000,108366.31000000,108582.33000000,108300.00000000
24/05/2025 05:00,108235.68000000,108485.06000000,108530.73000000,108126.99000000
24/05/2025 06:00,107959.99000000,108235.69000000,108342.53000000,107683.96000000
24/05/2025 07:00,107587.75000000,107959.99000000,108227.27000000,107566.37000000
24/05/2025 08:00,108251.23000000,107587.75000000,108285.39000000,107587.74000000
24/05/2025 09:00,108161.69000000,108251.23000000,108434.00000000,108158.09000000
24/05/2025 10:00,109094.99000000,108161.70000000,109258.94000000,108152.01000000
24/05/2025 11:00,109208.56000000,109094.99000000,109506.03000000,109094.99000000
24/05/2025 12:00,108776.63000000,109208.57000000,109282.81000000,108636.36000000
24/05/2025 13:00,108590.29000000,108776.63000000,108894.25000000,108540.00000000
24/05/2025 14:00,108959.09000000,108590.28000000,109036.81000000,108590.28000000
24/05/2025 15:00,108929.70000000,108959.10000000,109212.76000000,108819.12000000
24/05/2025 16:00,108997.67000000,108929.71000000,109096.13000000,108682.36000000
24/05/2025 17:00,108920.03000000,108997.68000000,109200.00000000,108882.35000000
24/05/2025 18:00,108827.01000000,108920.03000000,109076.20000000,108781.54000000
24/05/2025 19:00,108960.00000000,108827.00000000,109019.60000000,108800.00000000
24/05/2025 20:00,108863.63000000,108960.00000000,109125.00000000,108863.63000000
24/05/2025 21:00,108818.18000000,108863.63000000,108863.64000000,108580.11000000
24/05/2025 22:00,108100.50000000,108818.18000000,108818.19000000,107977.67000000
24/05/2025 23:00,107761.91000000,108100.50000000,108396.97000000,107500.00000000
25/05/2025 00:00,107443.90000000,107761.90000000,108130.44000000,107286.28000000
25/05/2025 01:00,107656.22000000,107443.90000000,108007.29000000,107206.00000000
25/05/2025 02:00,107928.80000000,107656.21000000,108000.00000000,107480.29000000
25/05/2025 03:00,108095.75000000,107928.80000000,108257.14000000,107923.60000000
25/05/2025 04:00,108245.21000000,108095.76000000,108275.70000000,107941.96000000
25/05/2025 05:00,108103.98000000,108245.21000000,108288.69000000,107972.02000000
25/05/2025 06:00,107938.00000000,108103.99000000,108136.37000000,107687.21000000
25/05/2025 07:00,107681.81000000,107938.00000000,107938.00000000,107454.54000000
25/05/2025 08:00,107109.41000000,107681.82000000,107700.65000000,106926.14000000
25/05/2025 09:00,107131.67000000,107109.40000000,107258.29000000,106708.98000000
25/05/2025 10:00,106946.40000000,107131.68000000,107390.89000000,106826.53000000
25/05/2025 11:00,107260.00000000,106946.40000000,107272.73000000,106834.34000000
25/05/2025 12:00,107530.57000000,107259.99000000,107625.00000000,107181.81000000
25/05/2025 13:00,107521.75000000,107530.57000000,107743.34000000,107300.00000000
25/05/2025 14:00,107355.00000000,107521.74000000,107653.68000000,107137.56000000
25/05/2025 15:00,106967.97000000,107355.00000000,107420.98000000,106600.64000000
25/05/2025 16:00,107174.40000000,106967.97000000,107243.36000000,106640.52000000
25/05/2025 17:00,107363.37000000,107174.41000000,107374.38000000,107111.56000000
25/05/2025 18:00,107413.34000000,107363.36000000,107600.00000000,107272.72000000
25/05/2025 19:00,107717.01000000,107413.34000000,107940.95000000,107413.33000000
25/05/2025 20:00,107677.35000000,107717.02000000,107754.24000000,107409.09000000
25/05/2025 21:00,107466.70000000,107677.36000000,107914.44000000,107176.00000000
25/05/2025 22:00,109166.00000000,107466.69000000,109200.00000000,107350.01000000
25/05/2025 23:00,109004.19000000,109165.99000000,109299.99000000,108570.16000000
26/05/2025 00:00,109540.46000000,109004.20000000,109600.00000000,108670.58000000
26/05/2025 01:00,109545.46000000,109540.45000000,109844.91000000,109224.00000000
26/05/2025 02:00,109387.72000000,109545.45000000,109772.72000000,109172.36000000
26/05/2025 03:00,109623.53000000,109387.73000000,109765.74000000,109273.51000000
26/05/2025 04:00,109541.30000000,109623.54000000,109737.71000000,109510.58000000
26/05/2025 05:00,109650.01000000,109541.31000000,109688.05000000,109365.29000000
26/05/2025 06:00,109928.37000000,109650.00000000,109951.20000000,109519.40000000
26/05/2025 07:00,110094.62000000,109928.37000000,110228.11000000,109728.37000000
26/05/2025 08:00,109666.40000000,110094.62000000,110173.92000000,109606.32000000
26/05/2025 09:00,109712.56000000,109666.39000000,109996.20000000,109600.00000000
26/05/2025 10:00,109643.56000000,109712.56000000,109857.15000000,109571.42000000
26/05/2025 11:00,109772.72000000,109643.55000000,109836.00000000,109556.69000000
26/05/2025 12:00,109826.92000000,109772.73000000,110086.96000000,109666.66000000
26/05/2025 13:00,109595.65000000,109826.91000000,109980.00000000,109494.74000000
26/05/2025 14:00,109652.51000000,109595.64000000,109739.14000000,109499.92000000
26/05/2025 15:00,110009.82000000,109652.51000000,110420.74000000,109529.57000000
26/05/2025 16:00,109391.37000000,110009.83000000,110422.22000000,109089.43000000
26/05/2025 17:00,109171.91000000,109391.37000000,109693.24000000,108871.21000000
26/05/2025 18:00,109101.97000000,109171.90000000,109460.89000000,109010.97000000
26/05/2025 19:00,109130.44000000,109101.96000000,109193.66000000,108858.28000000
26/05/2025 20:00,109606.50000000,109130.44000000,109624.85000000,108940.00000000
26/05/2025 21:00,109346.68000000,109606.50000000,109646.45000000,109136.36000000
26/05/2025 22:00,109190.48000000,109346.68000000,109888.89000000,109173.91000000
26/05/2025 23:00,109434.79000000,109190.47000000,109466.06000000,109057.74000000
27/05/2025 00:00,109136.37000000,109434.78000000,109666.00000000,109128.72000000
27/05/2025 01:00,108385.31000000,109136.37000000,109136.37000000,107516.57000000
27/05/2025 02:00,108272.72000000,108385.32000000,108697.94000000,107894.95000000
27/05/2025 03:00,108892.16000000,108272.73000000,109298.43000000,108268.00000000
27/05/2025 04:00,108952.65000000,108892.15000000,109355.11000000,108863.63000000
27/05/2025 05:00,108923.36000000,108952.64000000,108969.76000000,108550.00000000
27/05/2025 06:00,108828.19000000,108923.36000000,109290.03000000,108826.08000000
27/05/2025 07:00,109547.16000000,108828.18000000,109636.37000000,108828.18000000
27/05/2025 08:00,109695.65000000,109540.00000000,109777.77000000,109492.59000000
27/05/2025 09:00,109830.25000000,109695.66000000,109899.00000000,109428.98000000
27/05/2025 10:00,109698.57000000,109830.24000000,109852.00000000,109639.64000000
27/05/2025 11:00,109585.49000000,109698.57000000,109783.53000000,109439.71000000
27/05/2025 12:00,109603.02000000,109585.49000000,109826.91000000,109456.50000000
27/05/2025 13:00,109837.26000000,109603.03000000,110718.00000000,109581.46000000
27/05/2025 14:00,109374.75000000,109837.26000000,110217.40000000,108670.29000000
27/05/2025 15:00,110140.11000000,109374.75000000,110240.83000000,109010.33000000
27/05/2025 16:00,110217.39000000,110140.11000000,110499.64000000,109956.03000000
27/05/2025 17:00,110232.46000000,110217.40000000,110454.95000000,109968.00000000
27/05/2025 18:00,109890.62000000,110232.46000000,110409.11000000,109828.92000000
27/05/2025 19:00,109877.87000000,109890.62000000,110064.71000000,109574.46000000
27/05/2025 20:00,109551.69000000,109877.87000000,109897.49000000,109551.69000000
27/05/2025 21:00,108918.07000000,109551.69000000,109690.94000000,108824.85000000
27/05/2025 22:00,109027.01000000,108918.08000000,109170.49000000,108600.00000000
27/05/2025 23:00,108938.17000000,109027.00000000,109159.28000000,108919.24000000
28/05/2025 00:00,109205.39000000,108938.17000000,109261.76000000,108665.18000000
28/05/2025 01:00,108667.99000000,109205.39000000,109284.70000000,108624.33000000
28/05/2025 02:00,108627.42000000,108667.99000000,108869.57000000,108400.00000000
28/05/2025 03:00,108863.64000000,108627.41000000,108962.10000000,108569.09000000
28/05/2025 04:00,108971.87000000,108863.64000000,109061.60000000,108624.43000000
28/05/2025 05:00,109000.00000000,108971.87000000,109089.68000000,108841.57000000
28/05/2025 06:00,108727.27000000,108999.99000000,109000.00000000,108636.36000000
28/05/2025 07:00,108816.44000000,108727.28000000,109007.71000000,108720.00000000
28/05/2025 08:00,109040.45000000,108816.44000000,109130.44000000,108602.90000000
28/05/2025 09:00,108789.17000000,109040.45000000,109076.61000000,108507.23000000
28/05/2025 10:00,108829.01000000,108789.17000000,108944.22000000,108258.01000000
28/05/2025 11:00,108870.38000000,108829.00000000,108950.00000000,108719.89000000
28/05/2025 12:00,108891.94000000,108870.39000000,109053.39000000,108784.27000000
28/05/2025 13:00,108068.45000000,108891.94000000,108985.05000000,108010.00000000
28/05/2025 14:00,107522.72000000,108068.45000000,108253.03000000,107466.02000000
28/05/2025 15:00,107107.31000000,107522.71000000,107677.28000000,107045.45000000
28/05/2025 16:00,107420.00000000,107107.31000000,107457.59000000,107107.31000000
28/05/2025 17:00,107679.01000000,107420.00000000,107832.38000000,107363.63000000
28/05/2025 18:00,107476.55000000,107679.01000000,107842.29000000,107388.00000000
28/05/2025 19:00,106946.01000000,107476.54000000,107798.14000000,106938.24000000
28/05/2025 20:00,107318.18000000,106946.00000000,107403.82000000,106769.43000000
28/05/2025 21:00,107495.74000000,107318.19000000,107575.56000000,107185.90000000
28/05/2025 22:00,107400.73000000,107495.74000000,107495.74000000,107150.00000000
28/05/2025 23:00,107781.78000000,107400.73000000,108043.95000000,107400.73000000
29/05/2025 00:00,108285.32000000,107781.78000000,108297.87000000,107421.12000000
29/05/2025 01:00,108156.23000000,108285.31000000,108347.78000000,107812.85000000
29/05/2025 02:00,108426.94000000,108156.23000000,108484.61000000,107931.15000000
29/05/2025 03:00,108044.88000000,108426.93000000,108430.76000000,107955.47000000
29/05/2025 04:00,107564.44000000,108044.87000000,108106.94000000,106948.01000000
29/05/2025 05:00,107681.81000000,107564.44000000,107765.95000000,107492.36000000
29/05/2025 06:00,107915.46000000,107681.81000000,107945.47000000,107643.18000000
29/05/2025 07:00,107880.72000000,107915.46000000,108012.79000000,107752.54000000
29/05/2025 08:00,108492.49000000,107880.73000000,108553.62000000,107681.81000000
29/05/2025 09:00,108520.01000000,108492.50000000,108637.01000000,108320.00000000
29/05/2025 10:00,108746.01000000,108520.01000000,108857.15000000,108381.76000000
29/05/2025 11:00,108779.84000000,108746.01000000,108891.91000000,108666.09000000
29/05/2025 12:00,108434.78000000,108779.83000000,108797.25000000,108375.71000000
29/05/2025 13:00,107601.08000000,108434.78000000,108590.88000000,107430.56000000
29/05/2025 14:00,107622.54000000,107601.08000000,107835.33000000,106474.00000000
29/05/2025 15:00,107019.89000000,107622.53000000,107737.70000000,106955.91000000
29/05/2025 16:00,106724.42000000,107019.90000000,107168.23000000,106570.99000000
29/05/2025 17:00,106303.60000000,106724.42000000,106889.39000000,106117.51000000
29/05/2025 18:00,105837.13000000,106303.60000000,106617.77000000,105804.87000000
29/05/2025 19:00,105731.74000000,105837.14000000,106090.45000000,105639.30000000
29/05/2025 20:00,106180.00000000,105731.74000000,106221.91000000,105729.02000000
29/05/2025 21:00,106443.01000000,106180.00000000,106470.69000000,106099.41000000
29/05/2025 22:00,105929.07000000,106443.02000000,106460.00000000,105906.65000000
29/05/2025 23:00,105589.75000000,105929.08000000,106078.47000000,105322.86000000
30/05/2025 00:00,104939.99000000,105589.75000000,106214.93000000,104600.50000000
30/05/2025 01:00,105666.66000000,104940.00000000,105925.92000000,104940.00000000
30/05/2025 02:00,106000.00000000,105666.67000000,106172.30000000,105650.00000000
30/05/2025 03:00,106024.33000000,106000.01000000,106193.58000000,105913.35000000
30/05/2025 04:00,106112.08000000,106024.33000000,106136.00000000,105904.76000000
30/05/2025 05:00,106083.42000000,106112.08000000,106313.12000000,106018.79000000
30/05/2025 06:00,105711.77000000,106083.43000000,106135.17000000,105535.07000000
30/05/2025 07:00,105028.02000000,105711.77000000,105850.00000000,104727.72000000
30/05/2025 08:00,105177.33000000,105028.03000000,105367.31000000,104841.42000000
30/05/2025 09:00,105623.04000000,105177.34000000,105666.67000000,104606.01000000
30/05/2025 10:00,105925.06000000,105623.04000000,105938.44000000,105285.71000000
30/05/2025 11:00,105880.51000000,105925.05000000,105981.75000000,105700.00000000
30/05/2025 12:00,105684.96000000,105880.50000000,106000.00000000,105153.84000000
30/05/2025 13:00,105495.59000000,105684.95000000,105979.35000000,105366.14000000
30/05/2025 14:00,105346.33000000,105495.60000000,105837.57000000,105047.61000000
30/05/2025 15:00,105543.00000000,105346.34000000,105831.00000000,105291.12000000
30/05/2025 16:00,103898.75000000,105543.00000000,105560.98000000,103706.71000000
30/05/2025 17:00,104183.15000000,103898.75000000,104292.69000000,103836.03000000
30/05/2025 18:00,104891.99000000,104183.15000000,104914.02000000,104065.08000000
30/05/2025 19:00,104640.50000000,104891.98000000,104988.97000000,104484.86000000
30/05/2025 20:00,104580.00000000,104640.49000000,104846.13000000,104398.93000000
30/05/2025 21:00,104631.59000000,104579.99000000,104878.05000000,104553.70000000
30/05/2025 22:00,103966.33000000,104631.60000000,104804.32000000,103966.32000000
30/05/2025 23:00,103985.48000000,103966.32000000,104260.00000000,103621.00000000
31/05/2025 00:00,103957.33000000,103985.47000000,104292.69000000,103550.00000000
31/05/2025 01:00,103476.61000000,103957.33000000,104195.13000000,103269.87000000
31/05/2025 02:00,103189.83000000,103476.60000000,103852.18000000,103102.59000000
31/05/2025 03:00,103684.01000000,103189.83000000,103692.30000000,103068.55000000
31/05/2025 04:00,103812.00000000,103684.00000000,103820.68000000,103487.99000000
31/05/2025 05:00,103538.94000000,103812.00000000,103911.10000000,103519.74000000
31/05/2025 06:00,103862.52000000,103538.93000000,103903.54000000,103530.64000000
31/05/2025 07:00,103747.02000000,103862.52000000,103862.52000000,103633.35000000
31/05/2025 08:00,103648.32000000,103747.03000000,103809.51000000,103513.84000000
31/05/2025 09:00,103538.01000000,103648.32000000,103737.49000000,103482.55000000
31/05/2025 10:00,103410.00000000,103538.02000000,103599.36000000,103285.71000000
31/05/2025 11:00,103498.18000000,103410.01000000,103523.81000000,103311.32000000
31/05/2025 12:00,104033.96000000,103498.17000000,104033.96000000,103480.11000000
31/05/2025 13:00,104117.30000000,104033.95000000,104200.00000000,103978.00000000
31/05/2025 14:00,104573.92000000,104117.31000000,104583.48000000,104117.30000000
31/05/2025 15:00,104556.08000000,104573.91000000,104846.15000000,104443.39000000
31/05/2025 16:00,104490.57000000,104556.08000000,104780.49000000,104400.00000000
31/05/2025 17:00,104349.06000000,104490.56000000,104619.05000000,104261.39000000
31/05/2025 18:00,104487.81000000,104349.06000000,104619.05000000,104349.05000000
31/05/2025 19:00,104698.02000000,104487.81000000,104750.00000000,104487.80000000
31/05/2025 20:00,104781.83000000,104698.03000000,104807.94000000,104533.54000000
31/05/2025 21:00,104863.16000000,104781.84000000,104884.16000000,104645.73000000
31/05/2025 22:00,104625.80000000,104863.16000000,104900.00000000,104603.08000000
31/05/2025 23:00,104591.88000000,104625.79000000,104840.00000000,104473.20000000
01/06/2025 00:00,104446.49000000,104591.88000000,104647.11000000,104320.02000000
01/06/2025 01:00,104126.07000000,104446.49000000,104505.58000000,103991.37000000
01/06/2025 02:00,104195.12000000,104126.08000000,104324.21000000,103924.52000000
01/06/2025 03:00,104381.03000000,104195.13000000,104464.10000000,103971.70000000
01/06/2025 04:00,104633.16000000,104381.03000000,104729.99000000,104360.90000000
01/06/2025 05:00,104536.57000000,104633.16000000,104714.29000000,104450.00000000
01/06/2025 06:00,104258.93000000,104536.57000000,104536.58000000,104195.12000000
01/06/2025 07:00,104275.95000000,104258.93000000,104370.38000000,104202.48000000
01/06/2025 08:00,104386.60000000,104275.95000000,104386.60000000,104220.70000000
01/06/2025 09:00,103934.34000000,104386.60000000,104459.07000000,103752.49000000
01/06/2025 10:00,103930.99000000,103934.35000000,104040.52000000,103773.69000000
01/06/2025 11:00,104082.68000000,103930.98000000,104152.24000000,103845.46000000
01/06/2025 12:00,103956.26000000,104082.67000000,104190.48000000,103783.01000000
01/06/2025 13:00,104259.20000000,103956.25000000,104424.64000000,103951.61000000
01/06/2025 14:00,104599.70000000,104259.19000000,104773.59000000,104259.19000000
01/06/2025 15:00,104715.10000000,104599.70000000,104809.53000000,104502.99000000
01/06/2025 16:00,105038.80000000,104715.10000000,105299.21000000,104659.47000000
01/06/2025 17:00,105066.33000000,105038.80000000,105192.99000000,104986.20000000
01/06/2025 18:00,104900.01000000,105066.34000000,105066.34000000,104319.79000000
01/06/2025 19:00,105121.94000000,104900.01000000,105156.73000000,104805.44000000
01/06/2025 20:00,104948.91000000,105121.95000000,105300.00000000,104893.72000000
01/06/2025 21:00,105496.54000000,104948.91000000,105504.67000000,104926.82000000
01/06/2025 22:00,105512.18000000,105496.54000000,105737.84000000,105414.63000000
01/06/2025 23:00,105642.93000000,105512.17000000,105866.91000000,105466.39000000
02/06/2025 00:00,105427.48000000,105642.93000000,105735.42000000,105404.31000000
02/06/2025 01:00,105388.59000000,105427.48000000,105658.38000000,105349.63000000
02/06/2025 02:00,105026.98000000,105388.58000000,105414.64000000,105019.05000000
02/06/2025 03:00,104829.27000000,105026.97000000,105055.10000000,104571.42000000
02/06/2025 04:00,104765.48000000,104829.27000000,104997.06000000,104700.03000000
02/06/2025 05:00,104833.79000000,104765.48000000,104918.04000000,104610.13000000
02/06/2025 06:00,105162.38000000,104833.79000000,105266.87000000,104732.38000000
02/06/2025 07:00,105387.67000000,105162.39000000,105438.87000000,105162.38000000
02/06/2025 08:00,105328.43000000,105387.67000000,105935.63000000,105241.18000000
02/06/2025 09:00,104585.36000000,105328.43000000,105335.99000000,104483.64000000
02/06/2025 10:00,104370.85000000,104585.37000000,104660.00000000,104254.71000000
02/06/2025 11:00,104047.64000000,104370.85000000,104487.82000000,103941.00000000
02/06/2025 12:00,104200.32000000,104047.63000000,104281.98000000,103862.50000000
02/06/2025 13:00,103800.00000000,104200.32000000,104570.57000000,103700.00000000
02/06/2025 14:00,104176.62000000,103799.99000000,104679.25000000,103659.88000000
02/06/2025 15:00,104438.79000000,104176.61000000,104565.32000000,103905.10000000
02/06/2025 16:00,104286.06000000,104438.79000000,104450.01000000,104030.01000000
02/06/2025 17:00,104399.89000000,104286.06000000,104490.57000000,104095.23000000
02/06/2025 18:00,104361.54000000,104399.89000000,104731.95000000,104200.00000000
02/06/2025 19:00,104425.63000000,104361.54000000,104510.96000000,104050.96000000
02/06/2025 20:00,104878.62000000,104425.64000000,104995.93000000,104425.64000000
02/06/2025 21:00,104942.00000000,104878.61000000,105096.66000000,104575.37000000
02/06/2025 22:00,105695.49000000,104941.99000000,105800.00000000,104941.99000000
02/06/2025 23:00,105857.99000000,105695.50000000,105931.44000000,105575.47000000
03/06/2025 00:00,106285.72000000,105858.00000000,106400.00000000,105747.14000000
03/06/2025 01:00,106481.75000000,106285.72000000,106488.00000000,106110.53000000
03/06/2025 02:00,105612.46000000,106481.76000000,106500.00000000,105577.36000000
03/06/2025 03:00,105482.02000000,105612.47000000,105712.72000000,105340.18000000
03/06/2025 04:00,105166.92000000,105482.03000000,105513.02000000,105116.20000000
03/06/2025 05:00,105452.08000000,105166.93000000,105472.10000000,105166.92000000
03/06/2025 06:00,105429.67000000,105452.09000000,105463.19000000,105218.00000000
03/06/2025 07:00,105170.75000000,105429.67000000,105438.02000000,105161.84000000
03/06/2025 08:00,105094.93000000,105170.76000000,105245.29000000,104872.50000000
03/06/2025 09:00,105198.11000000,105094.93000000,105284.74000000,105067.74000000
03/06/2025 10:00,105280.99000000,105198.12000000,105343.01000000,105146.99000000
03/06/2025 11:00,105287.24000000,105281.00000000,105349.94000000,105173.87000000
03/06/2025 12:00,105307.94000000,105287.24000000,105425.38000000,105224.25000000
03/06/2025 13:00,105421.55000000,105307.94000000,105666.67000000,105031.60000000
03/06/2025 14:00,106550.01000000,105421.54000000,106692.43000000,105150.94000000
03/06/2025 15:00,106610.66000000,106550.01000000,106794.67000000,106333.33000000
03/06/2025 16:00,105817.63000000,106610.66000000,106666.67000000,105800.00000000
03/06/2025 17:00,105943.98000000,105817.63000000,106142.86000000,105758.25000000
03/06/2025 18:00,106013.15000000,105943.99000000,106047.62000000,105592.17000000
03/06/2025 19:00,106238.81000000,106013.15000000,106428.58000000,106013.15000000
03/06/2025 20:00,105738.69000000,106238.81000000,106254.92000000,105353.50000000
03/06/2025 21:00,105367.93000000,105738.70000000,105847.71000000,105274.95000000
03/06/2025 22:00,105743.74000000,105367.92000000,105902.93000000,105308.00000000
03/06/2025 23:00,105376.89000000,105743.74000000,105743.74000000,105266.02000000
04/06/2025 00:00,105476.20000000,105376.90000000,105524.96000000,105132.27000000
04/06/2025 01:00,105592.90000000,105476.20000000,105740.00000000,105422.59000000
04/06/2025 02:00,105476.22000000,105592.90000000,105839.63000000,105415.09000000
04/06/2025 03:00,105519.27000000,105476.22000000,105745.29000000,105444.32000000
04/06/2025 04:00,105407.05000000,105519.26000000,105611.96000000,105404.25000000
04/06/2025 05:00,105354.14000000,105407.06000000,105549.03000000,105340.66000000
04/06/2025 06:00,105301.02000000,105354.14000000,105436.64000000,105250.00000000
04/06/2025 07:00,105320.75000000,105301.03000000,105469.00000000,105264.23000000
04/06/2025 08:00,105435.93000000,105320.75000000,105585.45000000,105320.75000000
04/06/2025 09:00,105825.31000000,105435.93000000,105919.26000000,105329.54000000
04/06/2025 10:00,105705.13000000,105825.31000000,106000.00000000,105650.96000000
04/06/2025 11:00,105084.36000000,105705.13000000,105820.04000000,105080.26000000
04/06/2025 12:00,105039.19000000,105084.36000000,105157.27000000,104794.50000000
04/06/2025 13:00,104761.17000000,105039.20000000,105272.30000000,104720.00000000
04/06/2025 14:00,105033.30000000,104761.17000000,105045.79000000,104179.00000000
04/06/2025 15:00,105298.27000000,105033.30000000,105542.00000000,104928.65000000
04/06/2025 16:00,105445.89000000,105298.26000000,105464.85000000,105094.00000000
04/06/2025 17:00,105051.10000000,105445.90000000,105483.14000000,104963.64000000
04/06/2025 18:00,104951.54000000,105051.11000000,105300.00000000,104920.01000000
04/06/2025 19:00,104913.52000000,104951.54000000,105079.99000000,104865.25000000
04/06/2025 20:00,104609.87000000,104913.52000000,104959.64000000,104407.16000000
04/06/2025 21:00,104930.61000000,104609.88000000,105045.79000000,104549.83000000
04/06/2025 22:00,104775.36000000,104930.61000000,105034.91000000,104744.18000000
04/06/2025 23:00,104696.86000000,104775.37000000,104864.50000000,104625.15000000
05/06/2025 00:00,104976.74000000,104696.86000000,104976.75000000,104651.16000000
05/06/2025 01:00,104774.92000000,104976.75000000,105155.55000000,104697.84000000
05/06/2025 02:00,104989.48000000,104774.92000000,105240.84000000,104774.92000000
05/06/2025 03:00,105047.15000000,104989.48000000,105064.95000000,104880.20000000
05/06/2025 04:00,105173.71000000,105047.15000000,105226.14000000,105032.95000000
05/06/2025 05:00,104649.23000000,105173.72000000,105189.22000000,104570.43000000
05/06/2025 06:00,104452.93000000,104649.22000000,104696.73000000,104380.00000000
05/06/2025 07:00,104518.05000000,104452.94000000,104636.46000000,104424.52000000
05/06/2025 08:00,104675.36000000,104518.05000000,104681.28000000,104424.52000000
05/06/2025 09:00,104900.00000000,104675.36000000,104920.00000000,104675.35000000
05/06/2025 10:00,104659.24000000,104900.00000000,104900.01000000,104517.43000000
05/06/2025 11:00,104827.80000000,104659.25000000,104847.52000000,104551.64000000
05/06/2025 12:00,105649.59000000,104827.79000000,105776.99000000,104790.69000000
05/06/2025 13:00,104527.00000000,105649.60000000,105909.71000000,104303.64000000
05/06/2025 14:00,104639.20000000,104527.00000000,104927.79000000,103900.00000000
05/06/2025 15:00,104531.49000000,104639.21000000,104871.31000000,104330.18000000
05/06/2025 16:00,103262.53000000,104531.50000000,104598.87000000,103258.00000000
05/06/2025 17:00,103240.04000000,103262.54000000,103581.40000000,103140.00000000
05/06/2025 18:00,103006.05000000,103240.04000000,103354.56000000,102581.56000000
05/06/2025 19:00,101914.77000000,103006.04000000,103036.91000000,101596.62000000
05/06/2025 20:00,100483.91000000,101914.76000000,102171.44000000,100372.26000000
05/06/2025 21:00,101542.82000000,100483.92000000,101658.17000000,100428.00000000
05/06/2025 22:00,101502.61000000,101542.82000000,101707.77000000,101029.46000000
05/06/2025 23:00,101508.68000000,101502.61000000,101835.70000000,101488.37000000
06/06/2025 00:00,101900.77000000,101508.69000000,101907.00000000,101095.80000000
06/06/2025 01:00,101841.20000000,101900.77000000,101944.89000000,101681.77000000
06/06/2025 02:00,102203.52000000,101841.19000000,102208.28000000,101535.61000000
06/06/2025 03:00,102493.30000000,102203.53000000,102520.00000000,102056.23000000
06/06/2025 04:00,102777.00000000,102493.30000000,102799.23000000,102387.38000000
06/06/2025 05:00,102954.24000000,102777.01000000,102954.24000000,102683.22000000
06/06/2025 06:00,103160.00000000,102954.23000000,103210.06000000,102896.10000000
06/06/2025 07:00,103150.44000000,103160.00000000,103468.66000000,103050.90000000
06/06/2025 08:00,103510.25000000,103150.44000000,103589.00000000,103150.43000000
06/06/2025 09:00,103643.98000000,103510.25000000,103750.00000000,103510.24000000
06/06/2025 10:00,103676.25000000,103643.99000000,103800.00000000,103553.31000000
06/06/2025 11:00,103927.99000000,103676.24000000,103991.45000000,103643.78000000
06/06/2025 12:00,103753.27000000,103927.99000000,104300.00000000,103513.70000000
06/06/2025 13:00,104098.84000000,103753.26000000,104529.65000000,103753.26000000
06/06/2025 14:00,104776.70000000,104098.84000000,104880.88000000,104004.83000000
06/06/2025 15:00,105092.28000000,104776.70000000,105333.00000000,104616.12000000
06/06/2025 16:00,104758.27000000,105092.28000000,105284.00000000,104708.08000000
06/06/2025 17:00,104922.14000000,104758.28000000,104975.47000000,104390.18000000
06/06/2025 18:00,104497.69000000,104922.14000000,104982.38000000,104475.93000000
06/06/2025 19:00,104219.80000000,104497.69000000,104601.87000000,104013.21000000
06/06/2025 20:00,104478.07000000,104219.80000000,104617.56000000,104167.98000000
06/06/2025 21:00,104386.29000000,104478.07000000,104488.38000000,104300.00000000
06/06/2025 22:00,104476.81000000,104386.29000000,104485.91000000,104232.55000000
06/06/2025 23:00,104288.44000000,104476.82000000,104487.28000000,104193.32000000
07/06/2025 00:00,104511.69000000,104288.43000000,104511.69000000,103871.09000000
07/06/2025 01:00,104453.56000000,104511.68000000,104567.89000000,104348.83000000
07/06/2025 02:00,104531.57000000,104453.55000000,104611.68000000,104328.18000000
07/06/2025 03:00,104871.58000000,104531.58000000,104910.77000000,104484.52000000
07/06/2025 04:00,104819.99000000,104871.59000000,104880.32000000,104643.62000000
07/06/2025 05:00,104877.36000000,104820.00000000,105000.00000000,104751.16000000
07/06/2025 06:00,105316.37000000,104877.37000000,105319.00000000,104788.31000000
07/06/2025 07:00,104867.04000000,105316.36000000,105319.13000000,104834.27000000
07/06/2025 08:00,104746.44000000,104867.03000000,104966.69000000,104689.81000000
07/06/2025 09:00,104848.09000000,104746.44000000,104942.02000000,104746.43000000
07/06/2025 10:00,105145.84000000,104848.09000000,105198.58000000,104840.29000000
07/06/2025 11:00,105150.01000000,105145.83000000,105264.00000000,105050.04000000
07/06/2025 12:00,105465.21000000,105150.01000000,105702.99000000,105150.00000000
07/06/2025 13:00,105610.52000000,105465.22000000,105800.00000000,105309.56000000
07/06/2025 14:00,105431.61000000,105610.53000000,105688.40000000,105394.48000000
07/06/2025 15:00,105558.11000000,105431.61000000,105577.18000000,105316.98000000
07/06/2025 16:00,105350.68000000,105558.11000000,105666.66000000,105279.06000000
07/06/2025 17:00,105393.21000000,105350.68000000,105558.62000000,105350.00000000
07/06/2025 18:00,105599.99000000,105393.21000000,105884.46000000,105393.20000000
07/06/2025 19:00,105725.91000000,105599.99000000,105871.33000000,105599.99000000
07/06/2025 20:00,105846.98000000,105725.91000000,105900.00000000,105725.90000000
07/06/2025 21:00,105764.64000000,105846.98000000,105865.43000000,105707.39000000
07/06/2025 22:00,105820.51000000,105764.63000000,105900.00000000,105664.00000000
07/06/2025 23:00,105552.15000000,105820.52000000,105820.52000000,105534.88000000
08/06/2025 00:00,105473.21000000,105552.15000000,105654.95000000,105441.86000000
08/06/2025 01:00,105690.33000000,105473.22000000,105786.33000000,105400.57000000
08/06/2025 02:00,105441.87000000,105690.32000000,105690.33000000,105441.86000000
08/06/2025 03:00,105471.59000000,105441.86000000,105500.00000000,105394.03000000
08/06/2025 04:00,105614.38000000,105471.59000000,105636.53000000,105408.38000000
08/06/2025 05:00,105438.34000000,105614.37000000,105653.13000000,105412.76000000
08/06/2025 06:00,105442.87000000,105438.34000000,105599.32000000,105432.96000000
08/06/2025 07:00,105426.45000000,105442.88000000,105556.15000000,105410.23000000
08/06/2025 08:00,105373.81000000,105426.46000000,105495.99000000,105367.88000000
08/06/2025 09:00,105140.01000000,105373.82000000,105405.80000000,105075.51000000
08/06/2025 10:00,105357.64000000,105140.00000000,105481.24000000,104964.14000000
08/06/2025 11:00,105686.71000000,105357.64000000,105720.94000000,105357.63000000
08/06/2025 12:00,105721.50000000,105686.71000000,105773.60000000,105520.25000000
08/06/2025 13:00,105627.90000000,105721.50000000,106160.19000000,105577.36000000
08/06/2025 14:00,105829.66000000,105627.90000000,105910.17000000,105577.36000000
08/06/2025 15:00,105984.52000000,105829.66000000,106095.85000000,105818.18000000
08/06/2025 16:00,106189.99000000,105984.53000000,106320.77000000,105943.91000000
08/06/2025 17:00,106082.95000000,106190.00000000,106360.00000000,106081.59000000
08/06/2025 18:00,106317.70000000,106082.95000000,106325.59000000,106020.46000000
08/06/2025 19:00,106289.99000000,106317.71000000,106335.90000000,106180.85000000
08/06/2025 20:00,106147.66000000,106289.99000000,106319.92000000,106118.72000000
08/06/2025 21:00,106331.92000000,106147.65000000,106488.14000000,106147.65000000
08/06/2025 22:00,105770.55000000,106331.92000000,106360.85000000,105674.70000000
08/06/2025 23:00,105734.00000000,105770.55000000,105775.99000000,105545.71000000
09/06/2025 00:00,105706.34000000,105734.01000000,105966.33000000,105581.44000000
09/06/2025 01:00,105527.71000000,105706.34000000,105740.90000000,105427.53000000
09/06/2025 02:00,105560.89000000,105527.71000000,105724.76000000,105475.48000000
09/06/2025 03:00,105659.13000000,105560.90000000,105700.37000000,105318.37000000
09/06/2025 04:00,105449.21000000,105659.14000000,105717.30000000,105428.02000000
09/06/2025 05:00,105379.11000000,105449.21000000,105522.87000000,105325.60000000
09/06/2025 06:00,105692.83000000,105379.12000000,105692.84000000,105319.00000000
09/06/2025 07:00,105560.71000000,105692.84000000,105692.84000000,105500.00000000
09/06/2025 08:00,105926.39000000,105560.71000000,105949.09000000,105473.57000000
09/06/2025 09:00,106612.52000000,105926.40000000,106888.00000000,105832.00000000
09/06/2025 10:00,107179.70000000,106612.53000000,107464.77000000,106565.30000000
09/06/2025 11:00,107759.21000000,107179.70000000,107806.00000000,107146.18000000
09/06/2025 12:00,107750.39000000,107759.21000000,107990.00000000,107540.22000000
09/06/2025 13:00,107026.47000000,107750.39000000,107893.40000000,106860.00000000
09/06/2025 14:00,107610.33000000,107026.48000000,108000.00000000,107026.48000000
09/06/2025 15:00,107635.91000000,107610.32000000,108020.00000000,107522.79000000
09/06/2025 16:00,107697.51000000,107635.91000000,108127.16000000,107635.91000000
09/06/2025 17:00,108337.56000000,107697.52000000,108422.28000000,107659.35000000
09/06/2025 18:00,108446.18000000,108337.57000000,108552.44000000,108284.50000000
09/06/2025 19:00,108564.72000000,108446.18000000,108767.24000000,108339.68000000
09/06/2025 20:00,108706.74000000,108565.86000000,108736.19000000,108456.08000000
09/06/2025 21:00,109973.75000000,108706.74000000,110530.17000000,108706.73000000
09/06/2025 22:00,110177.28000000,109973.74000000,110420.00000000,109734.92000000
09/06/2025 23:00,110263.02000000,110177.28000000,110313.99000000,109866.18000000
10/06/2025 00:00,109913.91000000,110263.02000000,110311.82000000,109909.54000000
10/06/2025 01:00,109788.57000000,109913.91000000,109953.98000000,109648.29000000
10/06/2025 02:00,109650.94000000,109788.58000000,109788.58000000,109381.24000000
10/06/2025 03:00,109568.02000000,109650.95000000,109684.89000000,109382.38000000
10/06/2025 04:00,109528.55000000,109568.03000000,109649.98000000,109366.00000000
10/06/2025 05:00,109310.49000000,109528.55000000,109737.68000000,109200.00000000
10/06/2025 06:00,109502.68000000,109310.49000000,109650.00000000,109161.00000000
10/06/2025 07:00,109205.14000000,109502.69000000,109517.16000000,109095.67000000
10/06/2025 08:00,109082.65000000,109205.14000000,109415.10000000,109056.90000000
10/06/2025 09:00,109508.78000000,109082.65000000,109521.84000000,109065.14000000
10/06/2025 10:00,109303.61000000,109508.78000000,109573.30000000,109275.43000000
10/06/2025 11:00,109541.28000000,109303.61000000,109851.80000000,109199.81000000
10/06/2025 12:00,109697.76000000,109541.93000000,109700.00000000,109415.62000000
10/06/2025 13:00,109305.28000000,109697.75000000,109900.81000000,108888.88000000
10/06/2025 14:00,108620.01000000,109305.28000000,109332.45000000,108468.29000000
10/06/2025 15:00,109015.42000000,108620.00000000,109199.99000000,108331.03000000
10/06/2025 16:00,108720.61000000,109015.41000000,109251.41000000,108690.59000000
10/06/2025 17:00,108711.37000000,108720.61000000,109064.06000000,108616.68000000
10/06/2025 18:00,109282.38000000,108711.37000000,109480.67000000,108518.86000000
10/06/2025 19:00,109526.30000000,109282.38000000,110400.00000000,109282.37000000
10/06/2025 20:00,109960.00000000,109526.30000000,110018.07000000,109239.68000000
10/06/2025 21:00,109863.07000000,109960.01000000,110000.00000000,109420.00000000
10/06/2025 22:00,109727.87000000,109863.06000000,110181.10000000,109610.40000000
10/06/2025 23:00,110274.39000000,109727.88000000,110299.73000000,109600.00000000
11/06/2025 00:00,109825.54000000,110274.39000000,110274.40000000,109780.00000000
11/06/2025 01:00,109605.53000000,109825.55000000,109832.94000000,109565.10000000
11/06/2025 02:00,109677.03000000,109605.53000000,109858.22000000,109533.97000000
11/06/2025 03:00,109722.95000000,109677.03000000,109858.23000000,109622.03000000
11/06/2025 04:00,109562.75000000,109722.95000000,109735.24000000,109552.68000000
11/06/2025 05:00,109468.03000000,109562.75000000,109650.59000000,109430.38000000
11/06/2025 06:00,109595.01000000,109468.04000000,109679.24000000,109373.67000000
11/06/2025 07:00,109446.74000000,109595.02000000,109745.29000000,109446.73000000
11/06/2025 08:00,109576.02000000,109446.74000000,109675.69000000,109446.73000000
11/06/2025 09:00,109269.83000000,109576.03000000,109603.57000000,109233.62000000
11/06/2025 10:00,109373.12000000,109269.82000000,109468.67000000,109200.00000000
11/06/2025 11:00,109252.09000000,109373.13000000,109391.75000000,109193.89000000
11/06/2025 12:00,109714.87000000,109252.10000000,109927.04000000,109008.82000000
11/06/2025 13:00,109684.00000000,109714.87000000,109900.00000000,109301.42000000
11/06/2025 14:00,109866.69000000,109684.00000000,110392.01000000,109650.94000000
11/06/2025 15:00,109735.70000000,109866.69000000,110042.90000000,109660.72000000
11/06/2025 16:00,109439.38000000,109735.70000000,109815.84000000,109341.79000000
11/06/2025 17:00,108984.72000000,109439.38000000,109768.85000000,108964.16000000
11/06/2025 18:00,108807.25000000,108984.72000000,109072.91000000,108412.01000000
11/06/2025 19:00,108742.37000000,108807.25000000,108960.00000000,108576.00000000
11/06/2025 20:00,108906.44000000,108742.37000000,109001.50000000,108480.00000000
11/06/2025 21:00,108508.18000000,108906.45000000,109219.51000000,108367.94000000
11/06/2025 22:00,108443.38000000,108508.17000000,108633.38000000,108064.00000000
11/06/2025 23:00,108645.12000000,108443.38000000,108691.87000000,108324.00000000
12/06/2025 00:00,108705.99000000,108645.13000000,108813.55000000,108326.55000000
12/06/2025 01:00,108515.99000000,108706.00000000,108706.00000000,108258.49000000
12/06/2025 02:00,108400.52000000,108515.99000000,108759.00000000,108390.34000000
12/06/2025 03:00,107860.05000000,108400.52000000,108448.03000000,107730.00000000
12/06/2025 04:00,107765.12000000,107860.04000000,107917.41000000,107320.00000000
12/06/2025 05:00,107746.91000000,107765.13000000,107922.43000000,107593.67000000
12/06/2025 06:00,107909.02000000,107746.91000000,107993.58000000,107640.33000000
12/06/2025 07:00,107633.53000000,107909.02000000,107961.01000000,107438.65000000
12/06/2025 08:00,107731.67000000,107633.53000000,107835.83000000,107440.13000000
12/06/2025 09:00,107507.35000000,107731.67000000,107771.55000000,107488.95000000
12/06/2025 10:00,107323.16000000,107507.35000000,107518.85000000,107200.00000000
12/06/2025 11:00,106900.95000000,107323.16000000,107349.31000000,106874.47000000
12/06/2025 12:00,106988.54000000,106900.95000000,107431.82000000,106870.00000000
12/06/2025 13:00,107070.80000000,106988.55000000,107198.75000000,106600.00000000
12/06/2025 14:00,107612.69000000,107070.80000000,107721.17000000,107070.80000000
12/06/2025 15:00,107020.95000000,107612.70000000,107822.50000000,106890.88000000
12/06/2025 16:00,107744.71000000,107020.96000000,107858.32000000,106985.38000000
12/06/2025 17:00,108287.40000000,107744.70000000,108450.16000000,107702.42000000
12/06/2025 18:00,107561.35000000,108287.40000000,108419.21000000,107229.47000000
12/06/2025 19:00,106788.80000000,107561.36000000,107879.92000000,106680.00000000
12/06/2025 20:00,105973.62000000,106789.80000000,106960.77000000,105772.73000000
12/06/2025 21:00,105894.31000000,105973.61000000,106430.39000000,105860.90000000
12/06/2025 22:00,105890.70000000,105894.32000000,106225.40000000,105726.65000000
12/06/2025 23:00,105671.73000000,105890.69000000,106140.00000000,105671.72000000
13/06/2025 00:00,103797.81000000,105671.74000000,105694.00000000,103213.87000000
13/06/2025 01:00,103773.65000000,103797.81000000,103938.59000000,102664.31000000
13/06/2025 02:00,103641.21000000,103773.65000000,103976.64000000,103065.58000000
13/06/2025 03:00,104277.22000000,103641.20000000,104590.00000000,103605.12000000
13/06/2025 04:00,104404.52000000,104277.22000000,104506.36000000,103782.75000000
13/06/2025 05:00,104002.25000000,104404.52000000,104450.00000000,104000.00000000
13/06/2025 06:00,104704.26000000,104002.26000000,104722.50000000,103825.11000000
13/06/2025 07:00,104895.00000000,104704.27000000,104970.12000000,104376.43000000
13/06/2025 08:00,104739.45000000,104895.01000000,105434.34000000,104690.85000000
13/06/2025 09:00,104830.36000000,104739.44000000,104916.00000000,104500.00000000
13/06/2025 10:00,104874.01000000,104830.36000000,104925.10000000,104425.79000000
13/06/2025 11:00,105039.48000000,104874.00000000,105045.79000000,104640.00000000
13/06/2025 12:00,104852.29000000,105039.48000000,105290.14000000,104822.36000000
13/06/2025 13:00,104732.44000000,104852.28000000,105300.00000000,104674.14000000
13/06/2025 14:00,104970.74000000,104732.82000000,105011.76000000,104118.00000000
13/06/2025 15:00,105436.87000000,104970.74000000,105747.47000000,104860.00000000
13/06/2025 16:00,105783.66000000,105436.87000000,105981.00000000,105308.83000000
13/06/2025 17:00,105390.94000000,105783.65000000,105783.65000000,104867.65000000
13/06/2025 18:00,105193.04000000,105390.94000000,105480.00000000,104668.73000000
13/06/2025 19:00,105110.00000000,105193.04000000,105436.90000000,104900.00000000
13/06/2025 20:00,105424.00000000,105110.01000000,105508.34000000,105020.87000000
13/06/2025 21:00,105612.59000000,105424.00000000,105788.79000000,105326.41000000
13/06/2025 22:00,105751.28000000,105612.58000000,105840.00000000,105542.00000000
13/06/2025 23:00,106066.59000000,105751.29000000,106179.53000000,105751.28000000
14/06/2025 00:00,105826.32000000,106066.59000000,106252.00000000,105703.61000000
14/06/2025 01:00,105470.35000000,105826.32000000,105826.33000000,105440.00000000
14/06/2025 02:00,105374.17000000,105470.35000000,105611.67000000,105312.88000000
14/06/2025 03:00,105228.82000000,105374.18000000,105440.00000000,105197.96000000
14/06/2025 04:00,105371.07000000,105228.83000000,105397.06000000,105212.09000000
14/06/2025 05:00,105288.30000000,105371.08000000,105397.06000000,105233.95000000
14/06/2025 06:00,105105.13000000,105288.30000000,105321.82000000,105105.13000000
14/06/2025 07:00,105076.59000000,105105.14000000,105144.57000000,104792.98000000
14/06/2025 08:00,105095.03000000,105076.59000000,105132.36000000,104871.06000000
14/06/2025 09:00,104862.26000000,105095.04000000,105110.15000000,104850.54000000
14/06/2025 10:00,105011.92000000,104862.26000000,105117.07000000,104836.06000000
14/06/2025 11:00,105082.01000000,105011.92000000,105096.00000000,104948.38000000
14/06/2025 12:00,105053.63000000,105082.01000000,105100.00000000,104745.10000000
14/06/2025 13:00,105017.41000000,105053.64000000,105131.25000000,104902.28000000
14/06/2025 14:00,104913.01000000,105017.41000000,105060.42000000,104841.96000000
14/06/2025 15:00,104841.30000000,104913.01000000,104983.05000000,104615.38000000
14/06/2025 16:00,104457.85000000,104841.29000000,104900.00000000,104359.50000000
14/06/2025 17:00,104608.17000000,104457.84000000,104721.53000000,104404.90000000
14/06/2025 18:00,104892.81000000,104608.18000000,104995.72000000,104359.08000000
14/06/2025 19:00,104645.67000000,104892.82000000,105045.78000000,104630.19000000
14/06/2025 20:00,104894.29000000,104645.66000000,104991.00000000,104300.00000000
14/06/2025 21:00,105315.54000000,104894.30000000,105458.71000000,104867.14000000
14/06/2025 22:00,105428.74000000,105315.55000000,105480.00000000,105289.45000000
14/06/2025 23:00,105414.64000000,105428.75000000,105480.00000000,105348.81000000
15/06/2025 00:00,105643.99000000,105414.63000000,105663.98000000,105264.75000000
15/06/2025 01:00,105421.03000000,105643.99000000,105680.00000000,105410.50000000
15/06/2025 02:00,105481.02000000,105421.03000000,105624.00000000,105421.03000000
15/06/2025 03:00,105473.55000000,105481.03000000,105566.22000000,105463.54000000
15/06/2025 04:00,105559.68000000,105473.54000000,105563.04000000,105473.54000000
15/06/2025 05:00,106073.94000000,105559.69000000,106100.00000000,105507.65000000
15/06/2025 06:00,105440.69000000,106073.95000000,106128.57000000,105410.43000000
15/06/2025 07:00,105428.00000000,105440.70000000,105453.46000000,105200.00000000
15/06/2025 08:00,105197.19000000,105428.00000000,105482.40000000,105134.69000000
15/06/2025 09:00,104915.15000000,105197.18000000,105197.19000000,104867.64000000
15/06/2025 10:00,105119.99000000,104915.15000000,105188.96000000,104915.14000000
15/06/2025 11:00,104970.51000000,105119.99000000,105162.51000000,104915.14000000
15/06/2025 12:00,105289.81000000,104970.51000000,105296.00000000,104955.48000000
15/06/2025 13:00,105515.97000000,105289.81000000,105660.31000000,105220.65000000
15/06/2025 14:00,105657.64000000,105515.97000000,105838.24000000,105308.82000000
15/06/2025 15:00,105564.00000000,105657.63000000,105794.12000000,105539.00000000
15/06/2025 16:00,105567.24000000,105563.99000000,105687.74000000,105332.00000000
15/06/2025 17:00,105689.64000000,105567.24000000,105777.09000000,105476.40000000
15/06/2025 18:00,105485.29000000,105689.65000000,105689.65000000,105472.00000000
15/06/2025 19:00,105294.19000000,105485.29000000,105566.43000000,105082.97000000
15/06/2025 20:00,104729.53000000,105294.19000000,105300.00000000,104600.13000000
15/06/2025 21:00,104807.75000000,104729.53000000,104828.94000000,104494.53000000
15/06/2025 22:00,105263.51000000,104807.75000000,105359.96000000,104734.42000000
15/06/2025 23:00,105594.01000000,105263.52000000,105617.82000000,105226.79000000
16/06/2025 00:00,105429.32000000,105594.02000000,105769.85000000,105352.94000000
16/06/2025 01:00,105815.08000000,105429.32000000,105885.00000000,104980.37000000
16/06/2025 02:00,105785.51000000,105815.09000000,105970.59000000,105684.46000000
16/06/2025 03:00,105921.84000000,105785.51000000,105966.00000000,105708.93000000
16/06/2025 04:00,106386.00000000,105921.85000000,106396.30000000,105874.48000000
16/06/2025 05:00,106559.98000000,106386.00000000,106785.71000000,106312.33000000
16/06/2025 06:00,106586.01000000,106559.99000000,106777.38000000,106510.61000000
16/06/2025 07:00,107061.80000000,106586.00000000,107262.31000000,106586.00000000
16/06/2025 08:00,107180.00000000,107061.80000000,107242.92000000,106954.47000000
16/06/2025 09:00,106945.86000000,107180.00000000,107255.01000000,106863.98000000
16/06/2025 10:00,106834.32000000,106945.86000000,107200.00000000,106744.66000000
16/06/2025 11:00,106883.99000000,106834.33000000,106976.75000000,106582.25000000
16/06/2025 12:00,106690.47000000,106884.00000000,106900.00000000,106600.00000000
16/06/2025 13:00,107160.06000000,106690.47000000,107172.11000000,106495.09000000
16/06/2025 14:00,107533.50000000,107160.06000000,107784.26000000,106787.99000000
16/06/2025 15:00,107424.96000000,107533.50000000,107715.40000000,107307.81000000
16/06/2025 16:00,107765.99000000,107424.96000000,107906.98000000,107309.15000000
16/06/2025 17:00,107755.00000000,107765.99000000,108017.98000000,107627.90000000
16/06/2025 18:00,108255.96000000,107755.01000000,108278.00000000,107686.56000000
16/06/2025 19:00,108652.00000000,108255.97000000,108888.00000000,108255.96000000
16/06/2025 20:00,108782.68000000,108652.01000000,108849.77000000,108428.00000000
16/06/2025 21:00,108513.10000000,108782.68000000,108817.00000000,108321.45000000
16/06/2025 22:00,107700.01000000,108513.10000000,108952.38000000,107418.24000000
16/06/2025 23:00,106794.53000000,107700.01000000,107982.63000000,106700.00000000
17/06/2025 00:00,107238.63000000,106794.53000000,107262.31000000,106115.35000000
17/06/2025 01:00,107173.51000000,107238.68000000,107399.00000000,106930.23000000
17/06/2025 02:00,107482.39000000,107173.51000000,107600.00000000,106572.07000000
17/06/2025 03:00,107590.41000000,107482.40000000,107771.34000000,107364.89000000
17/06/2025 04:00,107333.64000000,107590.41000000,107711.06000000,107303.01000000
17/06/2025 05:00,107122.02000000,107333.64000000,107403.99000000,107040.00000000
17/06/2025 06:00,106832.91000000,107122.01000000,107234.94000000,106724.00000000
17/06/2025 07:00,106758.52000000,106832.92000000,106879.48000000,106481.60000000
17/06/2025 08:00,106568.06000000,106758.52000000,106822.78000000,106484.89000000
17/06/2025 09:00,106160.57000000,106568.06000000,106655.82000000,106069.55000000
17/06/2025 10:00,105956.01000000,106160.58000000,106248.43000000,105721.29000000
17/06/2025 11:00,105641.47000000,105956.01000000,105956.01000000,105508.23000000
17/06/2025 12:00,105507.00000000,105641.48000000,105862.03000000,105420.00000000
17/06/2025 13:00,105349.27000000,105506.99000000,105754.05000000,105200.00000000
17/06/2025 14:00,104847.33000000,105349.28000000,105694.42000000,104777.48000000
17/06/2025 15:00,104241.63000000,104847.33000000,104968.69000000,104130.95000000
17/06/2025 16:00,103630.67000000,104241.62000000,104484.97000000,103500.01000000
17/06/2025 17:00,103814.01000000,103630.67000000,104250.00000000,103371.02000000
17/06/2025 18:00,104414.84000000,103814.00000000,104414.85000000,103626.05000000
17/06/2025 19:00,104686.12000000,104414.84000000,105336.82000000,104414.83000000
17/06/2025 20:00,104362.39000000,104686.12000000,104898.81000000,104262.88000000
17/06/2025 21:00,104552.58000000,104362.39000000,104822.31000000,104252.33000000
17/06/2025 22:00,104228.31000000,104552.59000000,104731.61000000,104203.85000000
17/06/2025 23:00,104551.17000000,104228.31000000,104730.77000000,104228.31000000
18/06/2025 00:00,104842.78000000,104551.17000000,104857.14000000,104379.52000000
18/06/2025 01:00,104776.92000000,104842.78000000,105176.61000000,104680.00000000
18/06/2025 02:00,104856.06000000,104776.92000000,105099.99000000,104695.82000000
18/06/2025 03:00,105184.84000000,104856.06000000,105240.00000000,104849.13000000
18/06/2025 04:00,105447.39000000,105184.84000000,105504.67000000,105074.25000000
18/06/2025 05:00,105423.50000000,105447.53000000,105550.27000000,105375.05000000
18/06/2025 06:00,104966.20000000,105423.51000000,105527.88000000,104859.18000000
18/06/2025 07:00,104973.24000000,104966.19000000,105000.90000000,104713.24000000
18/06/2025 08:00,104949.90000000,104973.24000000,105310.62000000,104756.33000000
18/06/2025 09:00,104697.03000000,104949.91000000,105142.00000000,104565.00000000
18/06/2025 10:00,104266.19000000,104697.02000000,104797.06000000,104175.87000000
18/06/2025 11:00,104840.59000000,104266.18000000,104858.80000000,104192.46000000
18/06/2025 12:00,104514.00000000,104840.58000000,104908.49000000,104474.81000000
18/06/2025 13:00,104439.81000000,104513.99000000,104550.92000000,103814.04000000
18/06/2025 14:00,104619.88000000,104439.82000000,105325.83000000,104228.30000000
18/06/2025 15:00,104801.01000000,104619.87000000,104973.79000000,104150.13000000
18/06/2025 16:00,104426.93000000,104801.01000000,104836.64000000,104334.78000000
18/06/2025 17:00,104331.83000000,104426.93000000,104508.00000000,103615.33000000
18/06/2025 18:00,103623.39000000,104332.00000000,104706.08000000,103586.00000000
18/06/2025 19:00,103808.41000000,103623.39000000,104437.70000000,103500.00000000
18/06/2025 20:00,104822.33000000,103808.41000000,104988.88000000,103652.00000000
18/06/2025 21:00,105085.50000000,104822.34000000,105139.87000000,104378.62000000
18/06/2025 22:00,104815.23000000,105085.49000000,105138.00000000,104794.41000000
18/06/2025 23:00,104886.78000000,104815.23000000,104956.74000000,104630.09000000
19/06/2025 00:00,104944.06000000,104886.79000000,105226.17000000,104680.41000000
19/06/2025 01:00,104599.25000000,104944.06000000,104964.02000000,104466.16000000
19/06/2025 02:00,104722.51000000,104599.25000000,105000.64000000,104457.12000000
19/06/2025 03:00,105100.02000000,104722.50000000,105114.45000000,104722.50000000
19/06/2025 04:00,105073.52000000,105100.01000000,105111.37000000,104803.98000000
19/06/2025 05:00,104892.86000000,105073.52000000,105220.00000000,104819.62000000
19/06/2025 06:00,104707.94000000,104892.86000000,104989.34000000,104630.89000000
19/06/2025 07:00,104642.85000000,104707.95000000,104848.49000000,104617.69000000
19/06/2025 08:00,104746.12000000,104642.85000000,104986.13000000,104631.26000000
19/06/2025 09:00,104994.00000000,104746.11000000,105030.00000000,104729.83000000
19/06/2025 10:00,104913.19000000,104994.00000000,105073.53000000,104843.70000000
19/06/2025 11:00,104776.23000000,104913.19000000,104913.20000000,104720.10000000
19/06/2025 12:00,104752.60000000,104776.23000000,104917.05000000,104663.77000000
19/06/2025 13:00,104283.33000000,104752.61000000,104785.15000000,104244.11000000
19/06/2025 14:00,104148.60000000,104283.33000000,104690.47000000,104109.06000000
19/06/2025 15:00,104096.93000000,104148.61000000,104443.94000000,104078.00000000
19/06/2025 16:00,104001.13000000,104096.94000000,104425.15000000,103933.33000000
19/06/2025 17:00,104521.31000000,104001.13000000,104814.73000000,103929.27000000
19/06/2025 18:00,104392.53000000,104521.32000000,104694.01000000,104294.09000000
19/06/2025 19:00,104250.44000000,104392.54000000,104464.29000000,104126.98000000
19/06/2025 20:00,104266.82000000,104250.45000000,104496.00000000,104150.00000000
19/06/2025 21:00,104332.45000000,104266.83000000,104413.66000000,104228.53000000
19/06/2025 22:00,104596.29000000,104332.45000000,104774.32000000,104332.45000000
19/06/2025 23:00,104658.59000000,104596.29000000,104898.31000000,104463.56000000
20/06/2025 00:00,104692.74000000,104658.59000000,104820.00000000,104563.25000000
20/06/2025 01:00,104778.50000000,104692.74000000,104797.06000000,104391.38000000
20/06/2025 02:00,104628.00000000,104778.50000000,104800.00000000,104496.50000000
20/06/2025 03:00,104596.63000000,104628.00000000,104700.00000000,104511.00000000
20/06/2025 04:00,104258.59000000,104596.64000000,104600.00000000,104238.02000000
20/06/2025 05:00,104584.68000000,104258.59000000,104585.99000000,104258.59000000
20/06/2025 06:00,104719.86000000,104584.68000000,104769.25000000,104584.68000000
20/06/2025 07:00,105811.74000000,104719.86000000,105825.66000000,104648.46000000
20/06/2025 08:00,105959.68000000,105811.74000000,106524.65000000,105780.76000000
20/06/2025 09:00,105940.58000000,105959.68000000,106078.85000000,105757.48000000
20/06/2025 10:00,105958.87000000,105940.57000000,106172.06000000,105829.18000000
20/06/2025 11:00,105977.82000000,105958.87000000,106075.14000000,105801.09000000
20/06/2025 12:00,105982.89000000,105977.82000000,106107.69000000,105876.01000000
20/06/2025 13:00,105674.00000000,105982.90000000,106149.17000000,105361.62000000
20/06/2025 14:00,103940.01000000,105673.99000000,105795.39000000,103888.00000000
20/06/2025 15:00,104217.99000000,103940.01000000,104623.34000000,103888.00000000
20/06/2025 16:00,103670.61000000,104218.00000000,104269.64000000,103620.01000000
20/06/2025 17:00,103279.26000000,103670.61000000,103761.84000000,102345.00000000
20/06/2025 18:00,103165.45000000,103279.26000000,103428.50000000,103037.25000000
20/06/2025 19:00,103307.22000000,103165.44000000,103495.72000000,103010.41000000
20/06/2025 20:00,103693.50000000,103307.21000000,103828.00000000,103300.11000000
20/06/2025 21:00,103532.00000000,103693.51000000,103719.99000000,103353.06000000
20/06/2025 22:00,103107.11000000,103531.99000000,103532.00000000,102980.00000000
20/06/2025 23:00,103297.99000000,103107.12000000,103339.99000000,102963.67000000
21/06/2025 00:00,103248.07000000,103297.98000000,103339.99000000,103127.48000000
21/06/2025 01:00,103515.36000000,103248.06000000,103515.37000000,103137.86000000
21/06/2025 02:00,103499.98000000,103515.36000000,103538.60000000,103377.44000000
21/06/2025 03:00,103495.87000000,103499.99000000,103691.67000000,103495.87000000
21/06/2025 04:00,103384.98000000,103495.86000000,103531.97000000,103333.00000000
21/06/2025 05:00,103421.21000000,103384.99000000,103487.00000000,103343.00000000
21/06/2025 06:00,103572.69000000,103421.21000000,103599.04000000,103330.00000000
21/06/2025 07:00,103458.50000000,103572.69000000,103572.69000000,103360.02000000
21/06/2025 08:00,103826.03000000,103458.50000000,103830.48000000,103458.49000000
21/06/2025 09:00,103843.37000000,103826.03000000,103933.33000000,103653.14000000
21/06/2025 10:00,103831.22000000,103843.37000000,103982.64000000,103767.77000000
21/06/2025 11:00,103874.64000000,103831.22000000,103929.99000000,103724.13000000
21/06/2025 12:00,103807.70000000,103874.63000000,103946.47000000,103786.61000000
21/06/2025 13:00,103572.29000000,103807.70000000,103866.98000000,103534.62000000
21/06/2025 14:00,103549.99000000,103572.29000000,103776.00000000,103382.97000000
21/06/2025 15:00,103560.90000000,103550.00000000,103680.00000000,103281.82000000
21/06/2025 16:00,103486.01000000,103560.90000000,103640.00000000,103449.10000000
21/06/2025 17:00,103182.98000000,103486.01000000,103589.20000000,103174.12000000
21/06/2025 18:00,102645.22000000,103182.98000000,103423.21000000,102633.45000000
21/06/2025 19:00,102245.10000000,102645.22000000,102757.22000000,102210.43000000
21/06/2025 20:00,102782.08000000,102245.11000000,102888.88000000,102206.00000000
21/06/2025 21:00,101455.61000000,102782.09000000,102836.00000000,101110.00000000
21/06/2025 22:00,101772.96000000,101455.61000000,102000.00000000,101446.74000000
21/06/2025 23:00,102120.01000000,101772.97000000,102322.41000000,100837.90000000
22/06/2025 00:00,102852.00000000,102120.02000000,103399.62000000,101839.96000000
22/06/2025 01:00,102387.00000000,102852.00000000,103005.37000000,102237.37000000
22/06/2025 02:00,102347.64000000,102387.01000000,102884.00000000,101885.98000000
22/06/2025 03:00,102375.40000000,102347.63000000,102600.00000000,102127.34000000
22/06/2025 04:00,102548.15000000,102375.40000000,102786.38000000,102256.01000000
22/06/2025 05:00,102853.89000000,102548.14000000,102919.46000000,102548.14000000
22/06/2025 06:00,102744.36000000,102853.89000000,102946.47000000,102692.87000000
22/06/2025 07:00,102424.61000000,102744.36000000,102750.00000000,102269.18000000
22/06/2025 08:00,102712.34000000,102424.61000000,102712.34000000,102318.04000000
22/06/2025 09:00,102199.99000000,102712.34000000,102804.05000000,102080.00000000
22/06/2025 10:00,102495.69000000,102199.99000000,102532.44000000,102150.00000000
22/06/2025 11:00,102739.48000000,102495.68000000,102760.50000000,102428.69000000
22/06/2025 12:00,102759.98000000,102739.47000000,102831.00000000,102584.36000000
22/06/2025 13:00,100865.66000000,102759.97000000,102810.28000000,100268.75000000
22/06/2025 14:00,99628.28000000,100865.66000000,101239.06000000,99066.36000000
22/06/2025 15:00,98906.21000000,99628.29000000,99826.34000000,98889.35000000
22/06/2025 16:00,99667.17000000,98906.21000000,99689.66000000,98673.66000000
22/06/2025 17:00,99480.00000000,99667.17000000,100380.00000000,99407.98000000
22/06/2025 18:00,99437.42000000,99480.01000000,99777.61000000,99350.34000000
22/06/2025 19:00,98882.84000000,99437.42000000,99453.75000000,98800.00000000
22/06/2025 20:00,99536.00000000,98882.85000000,99760.00000000,98200.00000000
22/06/2025 21:00,99173.83000000,99536.00000000,99667.01000000,99004.72000000
22/06/2025 22:00,100980.05000000,99173.83000000,100980.06000000,99140.00000000
22/06/2025 23:00,100963.87000000,100980.05000000,101034.65000000,100645.88000000
23/06/2025 00:00,100904.60000000,100963.87000000,101620.00000000,100494.25000000
23/06/2025 01:00,101101.64000000,100904.60000000,101109.87000000,100564.19000000
23/06/2025 02:00,101301.20000000,101101.65000000,101399.37000000,100930.20000000
23/06/2025 03:00,101154.14000000,101301.20000000,101370.68000000,101073.32000000
23/06/2025 04:00,101167.99000000,101154.13000000,101314.46000000,100980.00000000
23/06/2025 05:00,101771.02000000,101168.00000000,101890.00000000,101167.99000000
23/06/2025 06:00,101940.27000000,101771.01000000,102064.69000000,101645.47000000
23/06/2025 07:00,101931.04000000,101940.28000000,102137.00000000,101748.31000000
23/06/2025 08:00,101881.37000000,101931.04000000,102080.00000000,101746.61000000
23/06/2025 09:00,101567.66000000,101881.38000000,101881.38000000,101389.09000000
23/06/2025 10:00,101463.21000000,101567.66000000,101577.01000000,101198.68000000
23/06/2025 11:00,101289.01000000,101463.22000000,101562.19000000,101102.76000000
23/06/2025 12:00,101684.70000000,101289.00000000,101684.70000000,101112.06000000
23/06/2025 13:00,102354.14000000,101684.70000000,102480.06000000,100792.16000000
23/06/2025 14:00,101624.39000000,102354.15000000,102613.09000000,101496.00000000
23/06/2025 15:00,101420.70000000,101624.39000000,102060.25000000,101301.20000000
23/06/2025 16:00,100692.10000000,101420.71000000,101453.35000000,99613.33000000
23/06/2025 17:00,102484.02000000,100692.10000000,102690.00000000,100500.22000000
23/06/2025 18:00,102933.78000000,102484.02000000,103300.00000000,102387.72000000
23/06/2025 19:00,103161.29000000,102933.77000000,103230.76000000,102676.94000000
23/06/2025 20:00,103739.99000000,103161.30000000,103915.50000000,102880.00000000
23/06/2025 21:00,103705.52000000,103740.00000000,104214.28000000,103624.19000000
23/06/2025 22:00,105538.19000000,103705.52000000,106074.20000000,103697.06000000
23/06/2025 23:00,105333.93000000,105538.17000000,105665.05000000,105115.65000000
24/06/2025 00:00,105132.59000000,105333.94000000,105500.00000000,104909.69000000
24/06/2025 01:00,105450.76000000,105132.59000000,105499.99000000,104966.99000000
24/06/2025 02:00,104753.80000000,105450.75000000,105450.75000000,104729.69000000
24/06/2025 03:00,104919.60000000,104753.80000000,105127.94000000,104720.82000000
24/06/2025 04:00,104826.14000000,104919.60000000,104959.24000000,104704.91000000
24/06/2025 05:00,105396.54000000,104826.13000000,105426.48000000,104826.13000000
24/06/2025 06:00,105655.23000000,105396.54000000,105811.00000000,105244.84000000
24/06/2025 07:00,104933.74000000,105655.23000000,105777.00000000,104900.00000000
24/06/2025 08:00,104996.77000000,104933.74000000,105167.24000000,104622.02000000
24/06/2025 09:00,105198.98000000,104996.78000000,105571.40000000,104968.25000000
24/06/2025 10:00,105281.99000000,105198.99000000,105351.00000000,105069.23000000
24/06/2025 11:00,105170.00000000,105281.98000000,105428.03000000,105001.60000000
24/06/2025 12:00,105205.47000000,105169.99000000,105306.54000000,104968.43000000
24/06/2025 13:00,105065.44000000,105205.47000000,105390.27000000,104800.98000000
24/06/2025 14:00,105517.50000000,105065.45000000,105665.52000000,104950.80000000
24/06/2025 15:00,105244.73000000,105517.50000000,105731.92000000,105153.01000000
24/06/2025 16:00,106225.26000000,105244.72000000,106268.00000000,105172.64000000
24/06/2025 17:00,106046.69000000,106225.25000000,106290.00000000,105609.80000000
24/06/2025 18:00,105533.73000000,106046.69000000,106088.96000000,105523.80000000
24/06/2025 19:00,105643.19000000,105533.73000000,105677.82000000,105270.48000000
24/06/2025 20:00,106087.30000000,105643.20000000,106098.00000000,105435.45000000
24/06/2025 21:00,105989.05000000,106087.30000000,106119.11000000,105729.95000000
24/06/2025 22:00,106025.39000000,105989.04000000,106025.92000000,105734.38000000
24/06/2025 23:00,106083.00000000,106025.39000000,106083.00000000,105774.90000000
25/06/2025 00:00,106407.34000000,106083.00000000,106470.21000000,105808.03000000
25/06/2025 01:00,106387.43000000,106407.34000000,106616.01000000,106016.00000000
25/06/2025 02:00,106474.58000000,106387.42000000,106791.18000000,106300.00000000
25/06/2025 03:00,106232.01000000,106474.58000000,106599.90000000,106216.62000000
25/06/2025 04:00,106197.56000000,106232.01000000,106308.89000000,106001.00000000
25/06/2025 05:00,106213.72000000,106197.55000000,106396.61000000,106037.14000000
25/06/2025 06:00,106399.99000000,106213.72000000,106461.04000000,106125.05000000
25/06/2025 07:00,106600.01000000,106400.00000000,106702.00000000,106321.25000000
25/06/2025 08:00,106635.76000000,106600.00000000,106663.24000000,106343.13000000
25/06/2025 09:00,106628.06000000,106635.76000000,106971.91000000,106449.61000000
25/06/2025 10:00,107126.49000000,106628.05000000,107184.68000000,106567.38000000
25/06/2025 11:00,107198.02000000,107126.50000000,107237.44000000,106866.90000000
25/06/2025 12:00,107240.00000000,107198.02000000,107300.00000000,106927.80000000
25/06/2025 13:00,107923.21000000,107240.00000000,108130.24000000,107172.87000000
25/06/2025 14:00,107629.59000000,107923.22000000,108135.30000000,107226.94000000
25/06/2025 15:00,107028.00000000,107629.58000000,107638.00000000,106752.36000000
25/06/2025 16:00,107139.81000000,107027.99000000,107490.75000000,106989.03000000
25/06/2025 17:00,107402.53000000,107139.81000000,107529.35000000,106931.00000000
25/06/2025 18:00,107406.63000000,107402.54000000,107523.90000000,107177.52000000
25/06/2025 19:00,107761.68000000,107406.62000000,107905.37000000,107394.97000000
25/06/2025 20:00,107781.20000000,107761.67000000,107859.33000000,107500.00000000
25/06/2025 21:00,107569.67000000,107781.20000000,108000.00000000,107444.57000000
25/06/2025 22:00,107275.01000000,107569.67000000,107569.68000000,107215.00000000
25/06/2025 23:00,107340.58000000,107275.01000000,107375.01000000,107079.90000000
26/06/2025 00:00,107320.00000000,107340.59000000,107623.52000000,107252.21000000
26/06/2025 01:00,107638.01000000,107320.00000000,107900.00000000,107105.43000000
26/06/2025 02:00,107920.47000000,107638.01000000,108039.05000000,107562.40000000
26/06/2025 03:00,107853.79000000,107920.47000000,108272.45000000,107783.69000000
26/06/2025 04:00,107845.41000000,107853.79000000,107953.27000000,107692.64000000
26/06/2025 05:00,107632.09000000,107845.40000000,107845.40000000,107520.00000000
26/06/2025 06:00,107761.50000000,107632.09000000,107813.57000000,107553.11000000
26/06/2025 07:00,107813.99000000,107761.50000000,108085.92000000,107751.30000000
26/06/2025 08:00,107753.07000000,107813.99000000,108174.86000000,107709.38000000
26/06/2025 09:00,107325.12000000,107753.07000000,107786.53000000,107275.63000000
26/06/2025 10:00,107389.01000000,107325.13000000,107468.94000000,107240.00000000
26/06/2025 11:00,107325.41000000,107389.00000000,107403.02000000,107117.65000000
26/06/2025 12:00,107122.48000000,107325.42000000,107421.57000000,107033.33000000
26/06/2025 13:00,106960.01000000,107122.47000000,107348.52000000,106817.64000000
26/06/2025 14:00,107436.60000000,106960.01000000,107765.55000000,106884.31000000
26/06/2025 15:00,107313.60000000,107436.60000000,107515.50000000,106562.50000000
26/06/2025 16:00,107196.05000000,107313.61000000,107410.94000000,107009.28000000
26/06/2025 17:00,107192.99000000,107196.06000000,107442.84000000,107145.38000000
26/06/2025 18:00,107384.10000000,107192.99000000,107580.00000000,107137.03000000
26/06/2025 19:00,107532.98000000,107384.11000000,107669.74000000,107328.00000000
26/06/2025 20:00,107766.29000000,107532.97000000,108000.00000000,107451.95000000
26/06/2025 21:00,107029.60000000,107766.30000000,107799.99000000,106850.00000000
26/06/2025 22:00,106992.59000000,107029.59000000,107235.29000000,106961.94000000
26/06/2025 23:00,106947.06000000,106992.59000000,107063.05000000,106865.56000000
27/06/2025 00:00,106675.22000000,106947.06000000,107179.80000000,106650.26000000
27/06/2025 01:00,107122.81000000,106675.21000000,107229.95000000,106438.33000000
27/06/2025 02:00,107253.60000000,107122.80000000,107300.00000000,107062.42000000
27/06/2025 03:00,107477.76000000,107253.59000000,107515.28000000,107168.79000000
27/06/2025 04:00,107497.06000000,107477.76000000,107568.68000000,107360.65000000
27/06/2025 05:00,107267.74000000,107497.07000000,107550.00000000,107267.73000000
27/06/2025 06:00,107278.82000000,107267.73000000,107385.24000000,107202.67000000
27/06/2025 07:00,106869.71000000,107278.82000000,107735.34000000,106850.00000000
27/06/2025 08:00,106998.53000000,106869.72000000,107087.85000000,106679.98000000
27/06/2025 09:00,107083.80000000,106998.54000000,107137.64000000,106786.47000000
27/06/2025 10:00,106995.32000000,107083.81000000,107159.95000000,106953.02000000
27/06/2025 11:00,106983.60000000,106995.33000000,107147.83000000,106921.66000000
27/06/2025 12:00,106692.90000000,106983.60000000,107200.00000000,106601.64000000
27/06/2025 13:00,106820.99000000,106692.89000000,106982.40000000,106356.76000000
27/06/2025 14:00,106557.79000000,106821.00000000,107105.43000000,106370.44000000
27/06/2025 15:00,107308.25000000,106557.79000000,107407.14000000,106485.37000000
27/06/2025 16:00,107480.10000000,107308.25000000,107709.22000000,107094.03000000
27/06/2025 17:00,106875.75000000,107480.10000000,107497.16000000,106477.34000000
27/06/2025 18:00,106704.60000000,106875.75000000,107000.00000000,106446.45000000
27/06/2025 19:00,106801.02000000,106704.60000000,107020.66000000,106594.10000000
27/06/2025 20:00,107119.50000000,106801.02000000,107130.36000000,106794.33000000
27/06/2025 21:00,107052.01000000,107119.50000000,107277.99000000,107038.54000000
27/06/2025 22:00,107100.70000000,107052.01000000,107190.21000000,107052.01000000
27/06/2025 23:00,107047.59000000,107100.70000000,107171.23000000,106961.70000000
28/06/2025 00:00,107064.19000000,107047.58000000,107176.68000000,106847.59000000
28/06/2025 01:00,107066.19000000,107064.20000000,107129.33000000,106811.51000000
28/06/2025 02:00,107110.00000000,107066.19000000,107200.00000000,107015.70000000
28/06/2025 03:00,107300.13000000,107110.01000000,107347.10000000,107080.27000000
28/06/2025 04:00,107191.19000000,107300.13000000,107310.90000000,107183.29000000
28/06/2025 05:00,107294.80000000,107191.20000000,107317.00000000,107185.32000000
28/06/2025 06:00,107412.07000000,107294.81000000,107449.07000000,107294.80000000
28/06/2025 07:00,107485.00000000,107412.07000000,107496.12000000,107400.68000000
28/06/2025 08:00,107379.99000000,107485.01000000,107493.07000000,107347.85000000
28/06/2025 09:00,107307.99000000,107380.00000000,107380.00000000,107275.00000000
28/06/2025 10:00,107274.41000000,107308.00000000,107376.89000000,107252.60000000
28/06/2025 11:00,107373.39000000,107274.41000000,107373.40000000,107270.37000000
28/06/2025 12:00,107341.34000000,107373.39000000,107373.40000000,107292.44000000
28/06/2025 13:00,107101.78000000,107341.34000000,107354.82000000,107084.15000000
28/06/2025 14:00,107204.80000000,107101.79000000,107258.35000000,107101.78000000
28/06/2025 15:00,107449.28000000,107204.81000000,107577.75000000,107190.21000000
28/06/2025 16:00,107295.84000000,107449.28000000,107520.32000000,107253.22000000
28/06/2025 17:00,107465.12000000,107295.85000000,107542.50000000,107295.13000000
28/06/2025 18:00,107318.00000000,107465.13000000,107465.13000000,107260.64000000
28/06/2025 19:00,107225.74000000,107318.00000000,107339.38000000,107225.74000000
28/06/2025 20:00,107169.52000000,107225.74000000,107235.40000000,107154.62000000
28/06/2025 21:00,107331.38000000,107169.52000000,107347.65000000,107169.52000000
28/06/2025 22:00,107370.61000000,107331.37000000,107378.37000000,107257.09000000
28/06/2025 23:00,107296.79000000,107370.61000000,107370.62000000,107282.72000000
29/06/2025 00:00,107475.92000000,107296.79000000,107500.00000000,107254.16000000
29/06/2025 01:00,107311.00000000,107475.91000000,107475.92000000,107310.53000000
29/06/2025 02:00,107307.48000000,107311.00000000,107355.06000000,107172.52000000
29/06/2025 03:00,107210.78000000,107307.47000000,107307.48000000,107189.86000000
29/06/2025 04:00,107264.15000000,107210.78000000,107272.77000000,107210.77000000
29/06/2025 05:00,107309.99000000,107264.16000000,107310.00000000,107205.82000000
29/06/2025 06:00,107376.95000000,107310.00000000,107385.92000000,107309.99000000
29/06/2025 07:00,107402.18000000,107376.96000000,107402.18000000,107330.00000000
29/06/2025 08:00,107693.85000000,107402.17000000,107719.58000000,107402.17000000
29/06/2025 09:00,107891.64000000,107693.85000000,107972.74000000,107627.49000000
29/06/2025 10:00,108153.26000000,107891.64000000,108297.89000000,107849.61000000
29/06/2025 11:00,108477.11000000,108153.25000000,108484.00000000,108096.56000000
29/06/2025 12:00,108189.88000000,108477.12000000,108528.50000000,108033.00000000
29/06/2025 13:00,108051.52000000,108189.88000000,108228.28000000,108012.82000000
29/06/2025 14:00,107948.08000000,108051.53000000,108215.12000000,107777.77000000
29/06/2025 15:00,107750.72000000,107948.07000000,108034.13000000,107650.00000000
29/06/2025 16:00,107552.03000000,107750.72000000,107792.05000000,107320.00000000
29/06/2025 17:00,107544.44000000,107552.03000000,107592.17000000,107316.46000000
29/06/2025 18:00,107640.01000000,107544.44000000,107718.02000000,107445.40000000
29/06/2025 19:00,107406.81000000,107640.01000000,107640.01000000,107365.96000000
29/06/2025 20:00,107359.79000000,107406.80000000,107494.06000000,107359.78000000
29/06/2025 21:00,107543.48000000,107359.79000000,107734.59000000,107250.00000000
29/06/2025 22:00,108079.90000000,107543.48000000,108277.23000000,107543.48000000
29/06/2025 23:00,108356.93000000,108079.91000000,108436.47000000,108013.28000000
30/06/2025 00:00,108713.81000000,108356.93000000,108789.99000000,108255.81000000
30/06/2025 01:00,108493.93000000,108713.80000000,108770.00000000,108396.18000000
30/06/2025 02:00,108479.81000000,108493.92000000,108652.00000000,108445.01000000
30/06/2025 03:00,108503.74000000,108479.99000000,108580.00000000,108419.56000000
30/06/2025 04:00,108314.99000000,108503.74000000,108538.76000000,108301.60000000
30/06/2025 05:00,108280.65000000,108314.98000000,108380.00000000,108168.48000000
30/06/2025 06:00,107571.72000000,108280.66000000,108299.99000000,107518.88000000
30/06/2025 07:00,107614.08000000,107571.73000000,107746.13000000,107481.31000000
30/06/2025 08:00,107512.89000000,107614.07000000,107747.76000000,107459.00000000
30/06/2025 09:00,107478.77000000,107512.89000000,107704.98000000,107466.18000000
30/06/2025 10:00,107649.49000000,107478.78000000,107649.50000000,107400.00000000
30/06/2025 11:00,107654.20000000,107649.50000000,107964.33000000,107624.99000000
30/06/2025 12:00,107570.58000000,107654.21000000,107824.31000000,107561.16000000
30/06/2025 13:00,107525.49000000,107570.59000000,107858.79000000,107482.56000000
30/06/2025 14:00,106803.32000000,107525.49000000,107641.31000000,106777.77000000
30/06/2025 15:00,107580.46000000,106803.32000000,107796.20000000,106733.33000000
30/06/2025 16:00,107599.96000000,107580.47000000,107807.94000000,107281.50000000
30/06/2025 17:00,107462.94000000,107599.96000000,107792.99000000,107429.39000000
30/06/2025 18:00,107242.01000000,107462.95000000,107614.90000000,107116.40000000
30/06/2025 19:00,107745.97000000,107242.00000000,107794.19000000,107212.60000000
30/06/2025 20:00,107577.89000000,107745.97000000,107764.73000000,107480.00000000
30/06/2025 21:00,107130.81000000,107577.88000000,107589.00000000,106900.02000000
30/06/2025 22:00,107112.75000000,107130.80000000,107317.53000000,107029.64000000
30/06/2025 23:00,107146.50000000,107112.76000000,107232.59000000,107063.04000000
01/07/2025 00:00,107377.02000000,107146.51000000,107449.25000000,107026.93000000
01/07/2025 01:00,107220.00000000,107377.03000000,107540.00000000,107171.42000000
01/07/2025 02:00,107101.69000000,107220.00000000,107410.74000000,107097.87000000
01/07/2025 03:00,107192.38000000,107101.68000000,107223.00000000,107070.20000000
01/07/2025 04:00,106881.60000000,107192.39000000,107203.11000000,106867.43000000
01/07/2025 05:00,106932.49000000,106881.60000000,106967.76000000,106740.00000000
01/07/2025 06:00,106890.77000000,106932.49000000,106932.49000000,106758.24000000
01/07/2025 07:00,107178.99000000,106890.77000000,107178.99000000,106615.97000000
01/07/2025 08:00,106710.12000000,107178.99000000,107178.99000000,106681.52000000
01/07/2025 09:00,106556.39000000,106710.12000000,106794.09000000,106500.00000000
01/07/2025 10:00,106490.42000000,106556.39000000,106633.31000000,106301.86000000
01/07/2025 11:00,106605.80000000,106490.42000000,106622.05000000,106317.17000000
01/07/2025 12:00,106421.08000000,106605.79000000,106706.05000000,106365.24000000
01/07/2025 13:00,106807.42000000,106421.07000000,106885.38000000,106301.04000000
01/07/2025 14:00,105925.00000000,106807.43000000,107179.99000000,105717.84000000
01/07/2025 15:00,105955.18000000,105925.01000000,106200.00000000,105623.39000000
01/07/2025 16:00,106082.56000000,105955.19000000,106280.00000000,105831.50000000
01/07/2025 17:00,106253.79000000,106082.55000000,106287.95000000,105909.42000000
01/07/2025 18:00,105749.68000000,106253.80000000,106269.60000000,105699.22000000
01/07/2025 19:00,105398.53000000,105749.68000000,105804.00000000,105387.68000000
01/07/2025 20:00,105920.01000000,105398.52000000,105995.44000000,105250.85000000
01/07/2025 21:00,105784.13000000,105920.01000000,106100.00000000,105744.81000000
01/07/2025 22:00,105613.22000000,105784.12000000,105916.64000000,105600.00000000
01/07/2025 23:00,105681.14000000,105613.21000000,105702.39000000,105361.33000000
02/07/2025 00:00,105392.30000000,105681.13000000,105781.43000000,105377.35000000
02/07/2025 01:00,105720.00000000,105392.30000000,105790.07000000,105100.19000000
02/07/2025 02:00,105908.70000000,105720.00000000,105920.11000000,105525.61000000
02/07/2025 03:00,106194.70000000,105908.71000000,106216.08000000,105871.07000000
02/07/2025 04:00,106382.86000000,106194.70000000,106382.86000000,106131.55000000
02/07/2025 05:00,106638.83000000,106382.85000000,106667.57000000,106292.29000000
02/07/2025 06:00,107014.38000000,106638.83000000,107014.39000000,106633.83000000
02/07/2025 07:00,107080.00000000,107014.39000000,107186.78000000,106852.83000000
02/07/2025 08:00,107728.99000000,107080.00000000,107745.00000000,107080.00000000
02/07/2025 09:00,107636.16000000,107729.00000000,107799.99000000,107506.52000000
02/07/2025 10:00,107848.95000000,107636.15000000,107860.23000000,107612.67000000
02/07/2025 11:00,107479.99000000,107848.95000000,107848.96000000,107338.15000000
02/07/2025 12:00,107379.92000000,107479.98000000,107479.99000000,107186.10000000
02/07/2025 13:00,107768.20000000,107379.92000000,107998.00000000,107280.00000000
02/07/2025 14:00,108139.99000000,107768.21000000,108171.80000000,107659.35000000
02/07/2025 15:00,108737.74000000,108140.00000000,108759.20000000,108120.00000000
02/07/2025 16:00,109413.02000000,108737.75000000,109646.45000000,108650.97000000
02/07/2025 17:00,109129.67000000,109413.01000000,109730.00000000,108834.30000000
02/07/2025 18:00,109538.88000000,109129.68000000,109538.89000000,108989.90000000
02/07/2025 19:00,109676.14000000,109538.88000000,109681.81000000,109293.90000000
02/07/2025 20:00,109136.30000000,109676.14000000,109676.14000000,109128.72000000
02/07/2025 21:00,109441.80000000,109136.31000000,109542.31000000,109130.01000000
02/07/2025 22:00,109142.00000000,109441.79000000,109498.91000000,109100.57000000
02/07/2025 23:00,108849.60000000,109142.00000000,109170.42000000,108720.00000000
03/07/2025 00:00,108915.00000000,108849.59000000,109115.03000000,108715.56000000
03/07/2025 01:00,108975.97000000,108915.00000000,109111.00000000,108807.43000000
03/07/2025 02:00,108721.52000000,108975.96000000,108975.97000000,108530.40000000
03/07/2025 03:00,108628.21000000,108721.52000000,108820.00000000,108620.25000000
03/07/2025 04:00,108790.00000000,108628.20000000,109000.01000000,108566.14000000
03/07/2025 05:00,109340.37000000,108790.00000000,109381.12000000,108790.00000000
03/07/2025 06:00,109478.94000000,109340.37000000,109548.00000000,109237.85000000
03/07/2025 07:00,109280.00000000,109478.95000000,109478.95000000,109146.20000000
03/07/2025 08:00,109377.57000000,109279.99000000,109580.00000000,109279.99000000
03/07/2025 09:00,109942.20000000,109377.57000000,110273.21000000,109377.57000000
03/07/2025 10:00,109839.37000000,109942.19000000,110000.00000000,109628.08000000
03/07/2025 11:00,109599.19000000,109839.38000000,109839.38000000,109584.61000000
03/07/2025 12:00,109167.99000000,109599.18000000,109916.00000000,108749.99000000
03/07/2025 13:00,110255.63000000,109168.00000000,110529.18000000,109133.30000000
03/07/2025 14:00,109718.57000000,110255.64000000,110499.60000000,109560.00000000
03/07/2025 15:00,109127.84000000,109718.57000000,109833.30000000,109107.00000000
03/07/2025 16:00,109288.46000000,109127.85000000,109683.19000000,109020.80000000
03/07/2025 17:00,109556.00000000,109288.47000000,109655.70000000,109278.41000000
03/07/2025 18:00,109678.75000000,109556.00000000,109721.51000000,109332.10000000
03/07/2025 19:00,109803.41000000,109678.75000000,109910.10000000,109638.01000000
03/07/2025 20:00,109947.11000000,109803.41000000,109947.11000000,109772.37000000
03/07/2025 21:00,109788.00000000,109947.10000000,110000.00000000,109687.59000000
03/07/2025 22:00,109699.17000000,109787.99000000,109874.69000000,109650.94000000
03/07/2025 23:00,109584.78000000,109699.17000000,109820.00000000,109510.00000000
04/07/2025 00:00,109478.94000000,109584.77000000,109708.04000000,109384.38000000
04/07/2025 01:00,109500.01000000,109478.94000000,109767.59000000,109445.86000000
04/07/2025 02:00,109180.54000000,109500.01000000,109500.01000000,109103.71000000
04/07/2025 03:00,109235.57000000,109180.54000000,109373.08000000,109119.23000000
04/07/2025 04:00,108982.59000000,109235.58000000,109329.60000000,108950.00000000
04/07/2025 05:00,109012.00000000,108982.59000000,109204.08000000,108921.00000000
04/07/2025 06:00,109025.99000000,109012.00000000,109028.98000000,108804.00000000
04/07/2025 07:00,108700.00000000,109026.00000000,109144.33000000,108700.00000000
04/07/2025 08:00,108763.28000000,108700.00000000,108892.00000000,108518.83000000
04/07/2025 09:00,108997.59000000,108763.29000000,109070.00000000,108763.28000000
04/07/2025 10:00,108899.74000000,108997.60000000,109067.06000000,108865.38000000
04/07/2025 11:00,108888.00000000,108899.73000000,109111.00000000,108856.00000000
04/07/2025 12:00,108731.79000000,108888.00000000,108978.64000000,108611.53000000
04/07/2025 13:00,107970.23000000,108731.80000000,108856.49000000,107970.22000000
04/07/2025 14:00,107810.00000000,107970.22000000,108110.75000000,107505.00000000
04/07/2025 15:00,107573.29000000,107809.99000000,107939.03000000,107573.28000000
04/07/2025 16:00,107636.98000000,107573.29000000,107750.01000000,107333.33000000
04/07/2025 17:00,107875.37000000,107636.99000000,107922.50000000,107632.00000000
04/07/2025 18:00,107489.23000000,107875.37000000,107875.37000000,107489.23000000
04/07/2025 19:00,107469.23000000,107489.23000000,107637.84000000,107245.00000000
04/07/2025 20:00,107692.01000000,107469.22000000,107813.04000000,107440.63000000
04/07/2025 21:00,107911.20000000,107692.01000000,107941.99000000,107689.91000000
04/07/2025 22:00,108254.95000000,107911.19000000,108279.33000000,107886.84000000
04/07/2025 23:00,107984.24000000,108254.95000000,108254.96000000,107958.00000000
05/07/2025 00:00,108196.01000000,107984.25000000,108224.56000000,107955.07000000
05/07/2025 01:00,107981.13000000,108196.00000000,108196.01000000,107894.61000000
05/07/2025 02:00,108067.87000000,107981.14000000,108095.59000000,107756.31000000
05/07/2025 03:00,108154.72000000,108067.88000000,108259.99000000,108067.87000000
05/07/2025 04:00,108137.66000000,108154.72000000,108420.56000000,108032.00000000
05/07/2025 05:00,108125.63000000,108137.65000000,108166.31000000,108000.00000000
05/07/2025 06:00,108270.82000000,108125.63000000,108287.48000000,108059.71000000
05/07/2025 07:00,108053.46000000,108270.82000000,108270.82000000,108000.99000000
05/07/2025 08:00,108029.97000000,108053.46000000,108125.37000000,107922.80000000
05/07/2025 09:00,108078.06000000,108029.96000000,108123.62000000,107870.42000000
05/07/2025 10:00,108085.23000000,108078.07000000,108216.22000000,108053.30000000
05/07/2025 11:00,108112.21000000,108085.24000000,108219.19000000,108085.23000000
05/07/2025 12:00,108148.57000000,108112.20000000,108152.95000000,107971.00000000
05/07/2025 13:00,108125.99000000,108148.56000000,108232.29000000,108100.44000000
05/07/2025 14:00,108193.23000000,108126.00000000,108223.22000000,108103.84000000
05/07/2025 15:00,108058.00000000,108193.23000000,108193.24000000,108047.42000000
05/07/2025 16:00,108101.99000000,108058.00000000,108112.80000000,107864.75000000
05/07/2025 17:00,108090.08000000,108101.99000000,108159.00000000,107941.00000000
05/07/2025 18:00,108010.00000000,108090.08000000,108098.00000000,107965.51000000
05/07/2025 19:00,108141.78000000,108010.01000000,108167.23000000,107953.03000000
05/07/2025 20:00,108096.75000000,108141.78000000,108159.39000000,107993.39000000
05/07/2025 21:00,108090.00000000,108096.74000000,108140.00000000,108061.53000000
05/07/2025 22:00,108188.47000000,108089.99000000,108200.00000000,108048.25000000
05/07/2025 23:00,108198.12000000,108188.46000000,108250.00000000,108181.61000000
06/07/2025 00:00,108206.99000000,108198.12000000,108250.00000000,108112.96000000
06/07/2025 01:00,108218.25000000,108206.99000000,108218.25000000,108084.92000000
06/07/2025 02:00,108060.02000000,108218.25000000,108268.35000000,108060.02000000
06/07/2025 03:00,108050.49000000,108060.00000000,108100.00000000,108025.97000000
06/07/2025 04:00,107989.11000000,108050.49000000,108100.00000000,107930.45000000
06/07/2025 05:00,108003.35000000,107989.10000000,108010.13000000,107962.19000000
06/07/2025 06:00,108121.98000000,108003.36000000,108218.00000000,107977.70000000
06/07/2025 07:00,108040.31000000,108121.99000000,108194.59000000,108040.17000000
06/07/2025 08:00,108005.27000000,108040.31000000,108065.69000000,107969.31000000
06/07/2025 09:00,107850.01000000,108005.27000000,108056.01000000,107817.80000000
06/07/2025 10:00,107990.93000000,107850.00000000,108111.00000000,107800.01000000
06/07/2025 11:00,108076.01000000,107990.93000000,108079.17000000,107949.99000000
06/07/2025 12:00,108232.99000000,108076.00000000,108233.00000000,108045.76000000
06/07/2025 13:00,108772.17000000,108233.00000000,109127.03000000,108191.85000000
06/07/2025 14:00,108933.25000000,108772.18000000,109049.27000000,108612.00000000
06/07/2025 15:00,108905.99000000,108933.25000000,109000.12000000,108665.86000000
06/07/2025 16:00,108856.92000000,108906.00000000,108955.63000000,108708.00000000
06/07/2025 17:00,108919.22000000,108856.92000000,108966.62000000,108727.16000000
06/07/2025 18:00,108463.99000000,108919.23000000,108928.00000000,108266.67000000
06/07/2025 19:00,108538.46000000,108464.00000000,108630.95000000,108307.69000000
06/07/2025 20:00,108665.47000000,108538.45000000,108840.00000000,108536.86000000
06/07/2025 21:00,109208.25000000,108665.48000000,109700.00000000,108665.47000000
06/07/2025 22:00,109228.73000000,109208.24000000,109526.69000000,109203.86000000
06/07/2025 23:00,109203.84000000,109228.73000000,109278.18000000,108977.54000000
07/07/2025 00:00,108823.07000000,109203.85000000,109288.02000000,108800.01000000
07/07/2025 01:00,109019.13000000,108823.07000000,109089.00000000,108679.75000000
07/07/2025 02:00,109364.52000000,109019.13000000,109499.99000000,109019.12000000
07/07/2025 03:00,109389.47000000,109364.53000000,109700.00000000,109364.52000000
07/07/2025 04:00,109128.73000000,109389.46000000,109447.54000000,109128.72000000
07/07/2025 05:00,109079.99000000,109128.73000000,109201.65000000,109035.21000000
07/07/2025 06:00,108774.50000000,109079.99000000,109174.87000000,108769.23000000
07/07/2025 07:00,109061.08000000,108774.50000000,109061.08000000,108654.94000000
07/07/2025 08:00,109011.70000000,109061.07000000,109087.86000000,108860.50000000
07/07/2025 09:00,108849.06000000,109011.70000000,109011.71000000,108761.13000000
07/07/2025 10:00,108664.14000000,108849.05000000,108899.32000000,108660.14000000
07/07/2025 11:00,108642.01000000,108664.15000000,108801.00000000,108572.52000000
07/07/2025 12:00,108346.85000000,108642.01000000,108642.02000000,108303.83000000
07/07/2025 13:00,108536.84000000,108346.86000000,108572.00000000,108019.23000000
07/07/2025 14:00,108223.14000000,108536.84000000,108660.00000000,107970.00000000
07/07/2025 15:00,108292.59000000,108223.14000000,108621.45000000,108223.14000000
07/07/2025 16:00,107976.91000000,108292.59000000,108493.56000000,107906.25000000
07/07/2025 17:00,107943.15000000,107976.91000000,108354.00000000,107811.00000000
07/07/2025 18:00,108024.53000000,107943.16000000,108100.00000000,107513.20000000
07/07/2025 19:00,108056.68000000,108024.53000000,108314.72000000,108009.99000000
07/07/2025 20:00,107886.85000000,108056.67000000,108140.50000000,107866.66000000
07/07/2025 21:00,108166.95000000,107886.85000000,108213.00000000,107800.01000000
07/07/2025 22:00,108019.23000000,108166.94000000,108180.00000000,107973.06000000
07/07/2025 23:00,108262.94000000,108019.23000000,108300.00000000,108019.23000000
08/07/2025 00:00,108299.99000000,108262.94000000,108525.00000000,108193.48000000
08/07/2025 01:00,107705.03000000,108299.99000000,108300.00000000,107689.64000000
08/07/2025 02:00,107766.20000000,107705.03000000,107945.00000000,107429.57000000
08/07/2025 03:00,107901.52000000,107766.20000000,108000.00000000,107686.92000000
08/07/2025 04:00,108019.24000000,107901.52000000,108019.24000000,107750.00000000
08/07/2025 05:00,108210.94000000,108019.23000000,108220.39000000,107990.00000000
08/07/2025 06:00,108299.72000000,108210.94000000,108392.05000000,108135.25000000
08/07/2025 07:00,108484.61000000,108299.71000000,108499.00000000,108216.04000000
08/07/2025 08:00,108262.36000000,108484.61000000,108525.00000000,108262.35000000
08/07/2025 09:00,108469.99000000,108262.35000000,108488.98000000,108229.15000000
08/07/2025 10:00,108832.77000000,108469.99000000,108900.00000000,108419.08000000
08/07/2025 11:00,108756.37000000,108832.78000000,109005.00000000,108756.36000000
08/07/2025 12:00,108949.19000000,108756.37000000,108949.19000000,108688.82000000
08/07/2025 13:00,109034.61000000,108949.19000000,109216.56000000,108631.27000000
08/07/2025 14:00,108376.00000000,109034.60000000,109072.81000000,108250.00000000
08/07/2025 15:00,108268.35000000,108376.00000000,108528.06000000,108217.07000000
08/07/2025 16:00,108439.37000000,108268.35000000,108562.95000000,108096.55000000
08/07/2025 17:00,108991.00000000,108439.37000000,109100.00000000,108439.37000000
08/07/2025 18:00,109147.56000000,108991.01000000,109147.56000000,108909.94000000
08/07/2025 19:00,108771.88000000,109147.55000000,109147.56000000,108736.00000000
08/07/2025 20:00,108630.54000000,108771.87000000,108939.00000000,108630.53000000
08/07/2025 21:00,108889.90000000,108630.53000000,108970.40000000,108624.00000000
08/07/2025 22:00,108917.01000000,108889.89000000,108973.58000000,108818.08000000
08/07/2025 23:00,108922.98000000,108917.01000000,108974.00000000,108823.07000000
09/07/2025 00:00,108940.39000000,108922.99000000,108957.58000000,108777.97000000
09/07/2025 01:00,108780.76000000,108940.38000000,109136.00000000,108722.09000000
09/07/2025 02:00,108611.53000000,108780.77000000,108837.70000000,108600.00000000
09/07/2025 03:00,108376.41000000,108611.53000000,108665.40000000,108348.00000000
09/07/2025 04:00,108553.61000000,108376.41000000,108564.00000000,108324.53000000
09/07/2025 05:00,108778.10000000,108553.60000000,108942.20000000,108489.20000000
09/07/2025 06:00,108840.01000000,108778.10000000,108860.00000000,108667.01000000
09/07/2025 07:00,108714.39000000,108840.01000000,108876.30000000,108675.15000000
09/07/2025 08:00,108654.16000000,108714.39000000,108837.70000000,108654.15000000
09/07/2025 09:00,108763.37000000,108654.15000000,108793.47000000,108553.18000000
09/07/2025 10:00,108900.00000000,108763.37000000,108900.00000000,108708.00000000
09/07/2025 11:00,109058.27000000,108900.00000000,109117.00000000,108899.99000000
09/07/2025 12:00,109330.77000000,109058.27000000,109500.00000000,108992.87000000
09/07/2025 13:00,109184.00000000,109330.76000000,109769.39000000,109128.72000000
09/07/2025 14:00,108900.29000000,109183.99000000,109460.94000000,108503.00000000
09/07/2025 15:00,109071.32000000,108900.29000000,109215.69000000,108816.52000000
09/07/2025 16:00,109408.71000000,109071.32000000,109475.29000000,109047.49000000
09/07/2025 17:00,109168.00000000,109408.72000000,109447.82000000,109047.49000000
09/07/2025 18:00,109536.49000000,109168.01000000,109579.98000000,109137.42000000
09/07/2025 19:00,111750.00000000,109536.50000000,111999.79000000,109500.00000000
09/07/2025 20:00,110714.97000000,111749.99000000,111952.33000000,110559.40000000
09/07/2025 21:00,110818.36000000,110714.97000000,111280.00000000,110682.39000000
09/07/2025 22:00,111382.17000000,110818.36000000,111403.85000000,110818.36000000
09/07/2025 23:00,111233.99000000,111382.17000000,111521.00000000,111229.92000000
10/07/2025 00:00,110916.66000000,111234.00000000,111319.24000000,110916.66000000
10/07/2025 01:00,111189.71000000,110916.66000000,111356.00000000,110880.00000000
10/07/2025 02:00,111213.91000000,111189.70000000,111581.00000000,111150.00000000
10/07/2025 03:00,111074.51000000,111213.91000000,111221.14000000,110986.33000000
10/07/2025 04:00,111150.00000000,111074.52000000,111185.77000000,110951.59000000
10/07/2025 05:00,111086.14000000,111150.00000000,111164.35000000,110898.00000000
10/07/2025 06:00,111233.34000000,111086.14000000,111306.49000000,111086.14000000
10/07/2025 07:00,111230.00000000,111233.33000000,111432.46000000,111144.08000000
10/07/2025 08:00,111233.33000000,111229.99000000,111398.96000000,111102.78000000
10/07/2025 09:00,111041.36000000,111233.34000000,111258.00000000,111021.57000000
10/07/2025 10:00,111088.51000000,111041.37000000,111098.30000000,110870.33000000
10/07/2025 11:00,111019.99000000,111088.51000000,111173.95000000,110967.00000000
10/07/2025 12:00,110869.00000000,111019.99000000,111020.00000000,110752.35000000
10/07/2025 13:00,110800.01000000,110869.00000000,111039.99000000,110500.00000000
10/07/2025 14:00,111247.57000000,110801.78000000,111319.24000000,110642.30000000
10/07/2025 15:00,111408.40000000,111247.56000000,111408.41000000,110969.51000000
10/07/2025 16:00,112643.48000000,111408.40000000,112725.38000000,111322.32000000
10/07/2025 17:00,113722.82000000,112643.47000000,113788.23000000,112545.95000000
10/07/2025 18:00,113420.00000000,113722.83000000,113760.97000000,112985.64000000
10/07/2025 19:00,113301.81000000,113420.01000000,113680.00000000,113098.45000000
10/07/2025 20:00,113493.16000000,113301.80000000,113580.00000000,113270.98000000
10/07/2025 21:00,116490.52000000,113493.16000000,116868.00000000,113385.36000000
10/07/2025 22:00,116008.38000000,116490.52000000,116499.95000000,115800.00000000
10/07/2025 23:00,116010.00000000,116008.38000000,116099.99000000,115645.88000000
11/07/2025 00:00,115590.63000000,116010.01000000,116098.80000000,115222.22000000
11/07/2025 01:00,115967.57000000,115590.64000000,116078.85000000,115514.57000000
11/07/2025 02:00,116672.57000000,115967.57000000,116800.00000000,115702.86000000
11/07/2025 03:00,116881.70000000,116672.57000000,116950.00000000,116390.25000000
11/07/2025 04:00,116918.16000000,116881.69000000,116929.00000000,116500.00000000
11/07/2025 05:00,117860.37000000,116918.16000000,118404.22000000,116918.16000000
11/07/2025 06:00,117648.33000000,117860.38000000,118400.00000000,117602.22000000
11/07/2025 07:00,117526.88000000,117648.32000000,118108.79000000,117468.53000000
11/07/2025 08:00,117964.76000000,117526.88000000,118133.00000000,117526.88000000
11/07/2025 09:00,118470.34000000,117964.75000000,118869.98000000,117883.74000000
11/07/2025 10:00,117983.78000000,118470.35000000,118470.35000000,117946.72000000
11/07/2025 11:00,117821.91000000,117983.78000000,118110.60000000,117583.16000000
11/07/2025 12:00,117878.11000000,117821.91000000,118259.24000000,117741.94000000
11/07/2025 13:00,117989.18000000,117878.10000000,118189.18000000,117273.45000000
11/07/2025 14:00,117858.16000000,117989.17000000,118170.24000000,117388.00000000
11/07/2025 15:00,116902.59000000,117858.15000000,117960.00000000,116724.66000000
11/07/2025 16:00,117393.39000000,116902.58000000,117433.40000000,116604.87000000
11/07/2025 17:00,117640.00000000,117393.38000000,117745.70000000,117250.00000000
11/07/2025 18:00,117694.01000000,117640.01000000,117734.55000000,117300.00000000
11/07/2025 19:00,118108.81000000,117694.02000000,118138.75000000,117426.58000000
11/07/2025 20:00,117664.46000000,118108.81000000,118108.81000000,117659.19000000
11/07/2025 21:00,117619.99000000,117664.46000000,117880.01000000,117471.09000000
11/07/2025 22:00,117615.89000000,117619.99000000,117665.92000000,117146.80000000
11/07/2025 23:00,117527.66000000,117615.88000000,117677.24000000,117436.59000000
12/07/2025 00:00,117407.99000000,117527.66000000,117646.97000000,117141.13000000
12/07/2025 01:00,117644.81000000,117407.99000000,117697.49000000,117407.99000000
12/07/2025 02:00,117599.99000000,117644.80000000,117800.43000000,117556.00000000
12/07/2025 03:00,117774.42000000,117599.98000000,117847.66000000,117599.97000000
12/07/2025 04:00,117646.44000000,117774.42000000,117876.57000000,117587.00000000
12/07/2025 05:00,117689.68000000,117646.43000000,117718.82000000,117506.37000000
12/07/2025 06:00,117847.66000000,117689.68000000,117981.57000000,117660.00000000
12/07/2025 07:00,117731.99000000,117847.66000000,118054.79000000,117625.63000000
12/07/2025 08:00,117929.65000000,117731.99000000,118000.00000000,117724.47000000
12/07/2025 09:00,118158.78000000,117929.66000000,118200.00000000,117881.15000000
12/07/2025 10:00,118077.32000000,118158.79000000,118158.79000000,117870.31000000
12/07/2025 11:00,117810.00000000,118077.32000000,118106.20000000,117625.00000000
12/07/2025 12:00,117559.97000000,117810.00000000,117861.19000000,117309.61000000
12/07/2025 13:00,117500.00000000,117559.98000000,117571.61000000,117238.88000000
12/07/2025 14:00,117389.47000000,117500.00000000,117727.26000000,117315.68000000
12/07/2025 15:00,117100.01000000,117389.47000000,117461.62000000,116900.05000000
12/07/2025 16:00,117191.08000000,117100.00000000,117399.77000000,117045.86000000
12/07/2025 17:00,117478.40000000,117191.08000000,117548.69000000,117186.81000000
12/07/2025 18:00,117504.00000000,117478.40000000,117509.76000000,117378.91000000
12/07/2025 19:00,117550.96000000,117504.01000000,117639.98000000,117439.72000000
12/07/2025 20:00,117023.36000000,117550.96000000,117550.96000000,117023.35000000
12/07/2025 21:00,117485.22000000,117023.36000000,117555.50000000,117000.01000000
12/07/2025 22:00,117385.37000000,117485.21000000,117563.75000000,117312.04000000
12/07/2025 23:00,117420.00000000,117385.38000000,117460.02000000,117219.53000000
13/07/2025 00:00,117316.10000000,117420.00000000,117458.48000000,117248.21000000
13/07/2025 01:00,117553.37000000,117316.10000000,117640.61000000,117224.79000000
13/07/2025 02:00,117620.00000000,117553.37000000,117817.16000000,117407.94000000
13/07/2025 03:00,117753.60000000,117620.00000000,117824.76000000,117600.81000000
13/07/2025 04:00,117879.22000000,117753.59000000,117892.23000000,117684.22000000
13/07/2025 05:00,117759.99000000,117879.22000000,117904.75000000,117700.65000000
13/07/2025 06:00,117888.51000000,117759.99000000,117978.97000000,117742.31000000
13/07/2025 07:00,117999.00000000,117888.51000000,118054.79000000,117852.00000000
13/07/2025 08:00,117895.78000000,117998.99000000,118006.96000000,117756.39000000
13/07/2025 09:00,117739.16000000,117895.78000000,117901.34000000,117689.63000000
13/07/2025 10:00,117747.99000000,117739.16000000,117845.48000000,117739.16000000
13/07/2025 11:00,118072.01000000,117748.00000000,118086.66000000,117747.99000000
13/07/2025 12:00,118432.11000000,118072.01000000,118636.92000000,117989.53000000
13/07/2025 13:00,118610.01000000,118432.11000000,118750.00000000,118154.81000000
13/07/2025 14:00,118766.94000000,118610.00000000,119376.00000000,118353.20000000
13/07/2025 15:00,118672.24000000,118766.94000000,119124.00000000,118532.84000000
13/07/2025 16:00,118528.01000000,118672.23000000,118982.89000000,118520.00000000
13/07/2025 17:00,118699.60000000,118528.00000000,118844.83000000,118382.56000000
13/07/2025 18:00,118992.73000000,118699.60000000,119070.24000000,118592.01000000
13/07/2025 19:00,118961.08000000,118992.73000000,119488.00000000,118897.44000000
13/07/2025 20:00,119083.60000000,118961.09000000,119367.37000000,118826.00000000
13/07/2025 21:00,118648.87000000,119083.60000000,119083.60000000,118500.01000000
13/07/2025 22:00,118520.01000000,118648.86000000,118774.64000000,118243.68000000
13/07/2025 23:00,119086.64000000,118520.01000000,119198.00000000,118386.55000000
14/07/2025 00:00,119061.40000000,119086.65000000,119470.54000000,118916.17000000
14/07/2025 01:00,119100.58000000,119061.40000000,119238.10000000,118905.18000000
14/07/2025 02:00,119647.88000000,119100.58000000,119999.00000000,118969.56000000
14/07/2025 03:00,120750.24000000,119647.88000000,121492.48000000,119592.70000000
14/07/2025 04:00,121400.00000000,120750.25000000,121438.27000000,120557.63000000
14/07/2025 05:00,122461.99000000,121400.00000000,122666.00000000,121129.00000000
14/07/2025 06:00,122130.99000000,122461.99000000,122465.30000000,122017.81000000
14/07/2025 07:00,122736.04000000,122130.99000000,123218.00000000,122100.00000000
14/07/2025 08:00,122578.00000000,122736.04000000,122769.19000000,122300.00000000
14/07/2025 09:00,121973.74000000,122578.01000000,122582.97000000,121888.44000000
14/07/2025 10:00,121905.48000000,121973.74000000,122130.65000000,121628.47000000
14/07/2025 11:00,121467.24000000,121905.48000000,121905.48000000,121355.55000000
14/07/2025 12:00,121918.00000000,121467.23000000,121945.63000000,121400.01000000
14/07/2025 13:00,121710.64000000,121918.01000000,122120.00000000,121188.00000000
14/07/2025 14:00,121158.89000000,121710.64000000,121990.42000000,120600.00000000
14/07/2025 15:00,119878.23000000,121158.88000000,121176.26000000,119611.70000000
14/07/2025 16:00,120268.87000000,119878.22000000,120299.58000000,119202.00000000
14/07/2025 17:00,119896.42000000,120268.88000000,120526.03000000,119769.40000000
14/07/2025 18:00,119644.94000000,119896.42000000,120192.73000000,119632.00000000
14/07/2025 19:00,119939.41000000,119644.93000000,120103.31000000,119610.92000000
14/07/2025 20:00,120167.07000000,119939.42000000,120447.00000000,119522.72000000
14/07/2025 21:00,120034.98000000,120167.06000000,120244.50000000,119827.34000000
14/07/2025 22:00,120057.01000000,120034.97000000,120300.00000000,119924.00000000
14/07/2025 23:00,119841.18000000,120057.01000000,120057.01000000,119766.05000000
15/07/2025 00:00,119497.92000000,119841.17000000,119940.83000000,119110.00000000
15/07/2025 01:00,118431.71000000,119497.93000000,119537.22000000,118352.09000000
15/07/2025 02:00,118251.05000000,118431.71000000,118855.56000000,117827.46000000
15/07/2025 03:00,117148.47000000,118251.04000000,118251.04000000,116840.01000000
15/07/2025 04:00,117480.48000000,117148.46000000,117511.33000000,116250.00000000
15/07/2025 05:00,117335.12000000,117480.48000000,117765.40000000,116962.97000000
15/07/2025 06:00,117070.54000000,117335.12000000,117335.12000000,116766.00000000
15/07/2025 07:00,116779.12000000,117070.54000000,117270.86000000,116400.00000000
15/07/2025 08:00,116777.47000000,116779.13000000,116862.02000000,116300.00000000
15/07/2025 09:00,116779.99000000,116777.47000000,117224.08000000,116711.67000000
15/07/2025 10:00,117016.48000000,116780.00000000,117198.21000000,116744.48000000
15/07/2025 11:00,117113.98000000,117016.49000000,117161.52000000,116338.30000000
15/07/2025 12:00,117204.18000000,117113.98000000,117466.52000000,116417.00000000
15/07/2025 13:00,118088.13000000,117204.18000000,118490.71000000,117157.25000000
15/07/2025 14:00,116008.19000000,118088.13000000,118458.31000000,115736.92000000
15/07/2025 15:00,116391.43000000,116008.20000000,116750.00000000,115800.00000000
15/07/2025 16:00,117188.01000000,116391.43000000,117800.60000000,116362.97000000
15/07/2025 17:00,117372.99000000,117188.00000000,117538.46000000,117140.00000000
15/07/2025 18:00,116719.55000000,117373.00000000,117380.00000000,116019.05000000
15/07/2025 19:00,116416.07000000,116719.55000000,117204.50000000,116282.38000000
15/07/2025 20:00,116419.02000000,116416.07000000,116725.02000000,116192.27000000
15/07/2025 21:00,117553.92000000,116419.01000000,117600.00000000,116350.00000000
15/07/2025 22:00,117827.74000000,117553.91000000,117868.52000000,117263.66000000
15/07/2025 23:00,117758.09000000,117827.74000000,117972.86000000,117500.00000000
16/07/2025 00:00,118112.89000000,117758.08000000,118178.00000000,117425.27000000
16/07/2025 01:00,117724.29000000,118112.90000000,118195.00000000,117582.12000000
16/07/2025 02:00,117317.27000000,117724.29000000,117752.87000000,117017.29000000
16/07/2025 03:00,117482.67000000,117317.27000000,117519.49000000,117211.25000000
16/07/2025 04:00,117600.92000000,117482.67000000,117700.70000000,117275.63000000
16/07/2025 05:00,117869.82000000,117600.92000000,118000.00000000,117600.92000000
16/07/2025 06:00,118276.30000000,117869.82000000,118285.15000000,117760.00000000
16/07/2025 07:00,118189.25000000,118276.30000000,118300.00000000,118046.19000000
16/07/2025 08:00,118699.99000000,118189.24000000,118794.64000000,118113.82000000
16/07/2025 09:00,119193.37000000,118700.00000000,119200.00000000,118693.71000000
16/07/2025 10:00,118736.25000000,119193.38000000,119310.75000000,118734.53000000
16/07/2025 11:00,118769.06000000,118736.24000000,118912.36000000,118650.00000000
16/07/2025 12:00,118613.43000000,118769.06000000,119082.94000000,118580.36000000
16/07/2025 13:00,118700.01000000,118613.43000000,118920.00000000,118181.14000000
16/07/2025 14:00,119056.80000000,118700.02000000,119260.00000000,118200.00000000
16/07/2025 15:00,119095.76000000,119056.81000000,119794.80000000,118328.48000000
16/07/2025 16:00,119291.91000000,119095.76000000,119338.12000000,118471.38000000
16/07/2025 17:00,119073.35000000,119291.91000000,119700.00000000,118963.96000000
16/07/2025 18:00,119512.20000000,119073.35000000,119904.13000000,118880.27000000
16/07/2025 19:00,119230.16000000,119512.20000000,119668.72000000,118822.72000000
16/07/2025 20:00,119921.96000000,119230.16000000,119933.89000000,118943.91000000
16/07/2025 21:00,119297.64000000,119921.97000000,120063.84000000,119200.00000000
16/07/2025 22:00,118639.34000000,119297.64000000,119500.00000000,118592.22000000
16/07/2025 23:00,118630.43000000,118639.34000000,118823.50000000,118420.00000000
17/07/2025 00:00,118894.33000000,118630.44000000,119158.28000000,118620.83000000
17/07/2025 01:00,118149.70000000,118894.33000000,119082.88000000,117683.53000000
17/07/2025 02:00,118330.57000000,118149.71000000,118523.25000000,118017.06000000
17/07/2025 03:00,118128.80000000,118330.58000000,118356.32000000,117761.11000000
17/07/2025 04:00,118485.40000000,118128.80000000,118485.40000000,117959.33000000
17/07/2025 05:00,118587.03000000,118485.39000000,118643.59000000,118225.54000000
17/07/2025 06:00,118452.51000000,118587.03000000,118772.00000000,118341.55000000
17/07/2025 07:00,118311.75000000,118452.51000000,118556.45000000,117857.03000000
17/07/2025 08:00,118330.93000000,118311.75000000,118424.28000000,118082.99000000
17/07/2025 09:00,118769.34000000,118330.93000000,119192.00000000,118242.26000000
17/07/2025 10:00,118340.01000000,118769.34000000,118869.73000000,118241.24000000
17/07/2025 11:00,117995.00000000,118340.00000000,118398.82000000,117974.99000000
17/07/2025 12:00,117867.08000000,117995.00000000,118183.74000000,117453.57000000
17/07/2025 13:00,118281.99000000,117867.08000000,118446.19000000,117520.60000000
17/07/2025 14:00,118770.94000000,118281.99000000,118834.20000000,118141.47000000
17/07/2025 15:00,118881.99000000,118770.94000000,119073.46000000,118334.34000000
17/07/2025 16:00,118558.61000000,118881.99000000,118954.66000000,118333.60000000
17/07/2025 17:00,119261.50000000,118558.61000000,119328.89000000,118500.00000000
17/07/2025 18:00,119580.00000000,119261.51000000,119780.67000000,119211.94000000
17/07/2025 19:00,118959.66000000,119580.00000000,119880.13000000,118821.06000000
17/07/2025 20:00,119436.86000000,118959.66000000,119436.87000000,118383.97000000
17/07/2025 21:00,120272.19000000,119436.86000000,120998.71000000,119431.93000000
17/07/2025 22:00,119766.71000000,120272.19000000,120693.35000000,119485.71000000
17/07/2025 23:00,119177.56000000,119766.70000000,119879.35000000,119170.52000000
18/07/2025 00:00,119739.06000000,119177.56000000,119786.52000000,119020.48000000
18/07/2025 01:00,120336.88000000,119739.06000000,120785.49000000,119644.21000000
18/07/2025 02:00,120096.43000000,120336.88000000,120399.04000000,119869.97000000
18/07/2025 03:00,120223.09000000,120096.42000000,120478.83000000,119949.28000000
18/07/2025 04:00,120403.40000000,120223.08000000,120486.29000000,119750.00000000
18/07/2025 05:00,120589.95000000,120403.40000000,120635.97000000,120210.02000000
18/07/2025 06:00,120251.00000000,120589.94000000,120820.71000000,120075.04000000
18/07/2025 07:00,119339.51000000,120251.00000000,120386.27000000,119287.72000000
18/07/2025 08:00,118642.01000000,119339.51000000,119469.21000000,118395.00000000
18/07/2025 09:00,118875.01000000,118642.02000000,118974.99000000,118442.84000000
18/07/2025 10:00,119250.72000000,118875.01000000,119259.98000000,118502.70000000
18/07/2025 11:00,119171.34000000,119250.72000000,119281.93000000,118772.40000000
18/07/2025 12:00,119442.44000000,119171.35000000,119531.48000000,119145.84000000
18/07/2025 13:00,118773.38000000,119442.43000000,119442.44000000,118500.00000000
18/07/2025 14:00,118139.99000000,118773.38000000,119242.63000000,117315.69000000
18/07/2025 15:00,117860.25000000,118139.99000000,118265.96000000,117480.00000000
18/07/2025 16:00,117553.42000000,117860.24000000,118054.92000000,117479.92000000
18/07/2025 17:00,117600.01000000,117553.41000000,117996.49000000,117377.00000000
18/07/2025 18:00,117310.72000000,117600.01000000,117723.11000000,117235.00000000
18/07/2025 19:00,117374.76000000,117310.72000000,117874.00000000,117120.53000000
18/07/2025 20:00,117405.00000000,117374.75000000,117539.51000000,116812.76000000
18/07/2025 21:00,117676.82000000,117404.99000000,117879.90000000,117368.01000000
18/07/2025 22:00,117683.71000000,117676.81000000,117962.09000000,117402.25000000
18/07/2025 23:00,117924.84000000,117683.71000000,118021.62000000,117455.94000000
19/07/2025 00:00,117739.70000000,117924.84000000,118028.86000000,117714.85000000
19/07/2025 01:00,118036.73000000,117739.70000000,118109.95000000,117613.35000000
19/07/2025 02:00,118201.03000000,118036.74000000,118297.72000000,117935.00000000
19/07/2025 03:00,118322.54000000,118201.04000000,118371.42000000,118123.60000000
19/07/2025 04:00,118134.83000000,118322.53000000,118364.00000000,118096.89000000
19/07/2025 05:00,118205.98000000,118134.83000000,118289.43000000,118044.19000000
19/07/2025 06:00,118164.42000000,118205.98000000,118261.70000000,118065.80000000
19/07/2025 07:00,118163.06000000,118164.42000000,118326.80000000,118156.32000000
19/07/2025 08:00,118101.82000000,118163.07000000,118265.95000000,117943.25000000
19/07/2025 09:00,118244.30000000,118101.83000000,118328.00000000,118069.22000000
19/07/2025 10:00,118440.38000000,118244.30000000,118479.34000000,118180.36000000
19/07/2025 11:00,118327.06000000,118440.39000000,118499.90000000,118166.39000000
19/07/2025 12:00,118242.04000000,118327.05000000,118327.06000000,118099.46000000
19/07/2025 13:00,118188.14000000,118242.04000000,118317.42000000,118086.00000000
19/07/2025 14:00,117668.14000000,118188.15000000,118229.80000000,117627.71000000
19/07/2025 15:00,118058.11000000,117668.14000000,118240.01000000,117661.04000000
19/07/2025 16:00,117973.99000000,118058.10000000,118161.51000000,117850.00000000
19/07/2025 17:00,117808.17000000,117974.00000000,117984.68000000,117741.93000000
19/07/2025 18:00,117859.10000000,117808.17000000,118028.00000000,117761.58000000
19/07/2025 19:00,118007.88000000,117859.10000000,118141.00000000,117605.26000000
19/07/2025 20:00,117720.01000000,118007.88000000,118141.00000000,117708.55000000
19/07/2025 21:00,117705.82000000,117720.00000000,117836.56000000,117277.34000000
19/07/2025 22:00,117792.98000000,117705.81000000,117850.14000000,117529.44000000
19/07/2025 23:00,117840.00000000,117792.98000000,117935.76000000,117738.63000000
20/07/2025 00:00,117942.31000000,117840.01000000,117996.49000000,117650.00000000
20/07/2025 01:00,117941.25000000,117942.31000000,118131.20000000,117900.72000000
20/07/2025 02:00,117970.49000000,117941.25000000,118006.37000000,117766.42000000
20/07/2025 03:00,117958.01000000,117970.50000000,118165.38000000,117706.90000000
20/07/2025 04:00,117949.98000000,117958.00000000,118127.39000000,117900.00000000
20/07/2025 05:00,117846.91000000,117949.99000000,117976.36000000,117800.00000000
20/07/2025 06:00,117824.48000000,117846.92000000,117884.29000000,117760.67000000
20/07/2025 07:00,118029.49000000,117824.49000000,118218.00000000,117824.48000000
20/07/2025 08:00,118151.14000000,118029.49000000,118255.14000000,118000.00000000
20/07/2025 09:00,117913.11000000,118151.15000000,118277.17000000,117886.51000000
20/07/2025 10:00,117888.21000000,117913.12000000,117993.86000000,117876.42000000
20/07/2025 11:00,117878.46000000,117888.21000000,118081.66000000,117819.88000000
20/07/2025 12:00,118085.43000000,117878.46000000,118169.36000000,117723.23000000
20/07/2025 13:00,118417.35000000,118085.43000000,118422.57000000,118085.42000000
20/07/2025 14:00,118468.41000000,118417.35000000,118799.80000000,118277.77000000
20/07/2025 15:00,118671.11000000,118468.41000000,118775.85000000,118347.38000000
20/07/2025 16:00,118557.78000000,118671.12000000,118856.80000000,118465.00000000
20/07/2025 17:00,118018.69000000,118557.77000000,118557.78000000,117960.00000000
20/07/2025 18:00,118361.79000000,118018.70000000,118448.20000000,118018.70000000
20/07/2025 19:00,118155.01000000,118361.80000000,118563.93000000,118155.00000000
20/07/2025 20:00,118087.67000000,118155.00000000,118263.00000000,117852.72000000
20/07/2025 21:00,117997.88000000,118087.67000000,118153.88000000,117830.20000000
20/07/2025 22:00,117479.93000000,117997.87000000,118040.00000000,116467.02000000
20/07/2025 23:00,117265.12000000,117479.92000000,117556.93000000,116955.94000000
21/07/2025 00:00,117352.06000000,117265.11000000,117352.06000000,116515.00000000
21/07/2025 01:00,117305.86000000,117352.05000000,117441.62000000,116775.95000000
21/07/2025 02:00,118183.92000000,117305.86000000,118183.93000000,117305.86000000
21/07/2025 03:00,118404.00000000,118183.92000000,118614.70000000,118131.75000000
21/07/2025 04:00,118331.61000000,118404.01000000,118634.57000000,118282.25000000
21/07/2025 05:00,118430.22000000,118331.62000000,118430.24000000,118188.95000000
21/07/2025 06:00,119169.25000000,118430.22000000,119241.57000000,118290.24000000
21/07/2025 07:00,119362.67000000,119169.26000000,119676.73000000,119162.62000000
21/07/2025 08:00,119016.83000000,119364.18000000,119500.00000000,118854.90000000
21/07/2025 09:00,118690.05000000,119016.84000000,119086.05000000,118527.12000000
21/07/2025 10:00,118578.14000000,118690.05000000,118820.00000000,118344.00000000
21/07/2025 11:00,118070.17000000,118578.14000000,118798.20000000,118070.16000000
21/07/2025 12:00,118172.82000000,118070.17000000,118590.00000000,117778.70000000
21/07/2025 13:00,118834.00000000,118172.82000000,119100.00000000,117888.25000000
21/07/2025 14:00,118828.99000000,118834.00000000,119233.71000000,118432.00000000
21/07/2025 15:00,118313.16000000,118828.99000000,119119.59000000,118270.00000000
21/07/2025 16:00,117738.44000000,118313.16000000,118399.10000000,117500.00000000
21/07/2025 17:00,117847.82000000,117738.44000000,118093.13000000,117321.84000000
21/07/2025 18:00,117162.28000000,117847.83000000,118213.24000000,117100.00000000
21/07/2025 19:00,116767.67000000,117162.28000000,117521.01000000,116666.00000000
21/07/2025 20:00,116939.40000000,116767.67000000,117252.00000000,116656.88000000
21/07/2025 21:00,117215.25000000,116939.40000000,117371.99000000,116879.10000000
21/07/2025 22:00,117348.96000000,117215.25000000,117633.66000000,117117.85000000
21/07/2025 23:00,117380.36000000,117348.97000000,117508.25000000,117107.03000000
22/07/2025 00:00,117123.69000000,117380.36000000,117524.07000000,117012.29000000
22/07/2025 01:00,117750.01000000,117123.68000000,117950.00000000,116128.00000000
22/07/2025 02:00,117027.81000000,117750.01000000,117800.00000000,116969.67000000
22/07/2025 03:00,117210.00000000,117027.81000000,117271.32000000,116683.93000000
22/07/2025 04:00,116555.01000000,117210.00000000,117357.21000000,116555.00000000
22/07/2025 05:00,117329.27000000,116555.01000000,117346.17000000,116552.18000000
22/07/2025 06:00,117847.26000000,117329.28000000,117847.77000000,117275.47000000
22/07/2025 07:00,117983.68000000,117847.26000000,118594.55000000,117780.00000000
22/07/2025 08:00,118289.99000000,117983.69000000,118345.00000000,117488.19000000
22/07/2025 09:00,118399.09000000,118290.00000000,118656.00000000,117873.42000000
22/07/2025 10:00,118955.99000000,118399.09000000,118956.00000000,118302.01000000
22/07/2025 11:00,119154.99000000,118955.99000000,119188.30000000,118784.00000000
22/07/2025 12:00,119293.70000000,119154.99000000,119419.74000000,119037.02000000
22/07/2025 13:00,118147.82000000,119293.70000000,119573.53000000,118034.63000000
22/07/2025 14:00,119060.00000000,118147.83000000,119140.14000000,117550.00000000
22/07/2025 15:00,118912.04000000,119060.01000000,119177.53000000,118690.38000000
22/07/2025 16:00,118681.26000000,118912.04000000,119350.01000000,118626.35000000
22/07/2025 17:00,119199.39000000,118681.25000000,119213.00000000,118368.19000000
22/07/2025 18:00,119733.69000000,119199.39000000,120183.96000000,119044.06000000
22/07/2025 19:00,119282.10000000,119733.70000000,119914.97000000,119097.60000000
22/07/2025 20:00,119703.28000000,119282.11000000,119901.88000000,119203.20000000
22/07/2025 21:00,119400.00000000,119703.29000000,119770.84000000,119400.00000000
22/07/2025 22:00,119844.23000000,119400.00000000,120035.29000000,119385.21000000
22/07/2025 23:00,119954.42000000,119844.23000000,120247.80000000,119835.56000000
23/07/2025 00:00,119546.56000000,119954.43000000,120090.00000000,119500.29000000
23/07/2025 01:00,119488.22000000,119546.56000000,119666.04000000,119379.63000000
23/07/2025 02:00,119090.73000000,119488.21000000,119531.29000000,118983.34000000
23/07/2025 03:00,118614.17000000,119090.73000000,119116.68000000,118532.96000000
23/07/2025 04:00,118996.00000000,118614.16000000,118996.01000000,118576.38000000
23/07/2025 05:00,118645.04000000,118996.01000000,119006.05000000,118615.97000000
23/07/2025 06:00,118417.99000000,118645.04000000,118717.12000000,118329.04000000
23/07/2025 07:00,118350.35000000,118417.99000000,118592.39000000,118288.20000000
23/07/2025 08:00,118423.21000000,118350.35000000,118552.00000000,118222.71000000
23/07/2025 09:00,118040.00000000,118423.21000000,118457.86000000,117910.66000000
23/07/2025 10:00,118372.12000000,118040.01000000,118379.74000000,117844.24000000
23/07/2025 11:00,118538.46000000,118372.13000000,118619.79000000,118160.00000000
23/07/2025 12:00,117980.70000000,118538.46000000,118655.00000000,117799.87000000
23/07/2025 13:00,117381.44000000,117980.69000000,118199.89000000,117330.00000000
23/07/2025 14:00,118204.99000000,117381.44000000,118205.00000000,117301.00000000
23/07/2025 15:00,118567.39000000,118204.99000000,118708.24000000,117823.21000000
23/07/2025 16:00,117712.53000000,118567.39000000,118567.39000000,117561.23000000
23/07/2025 17:00,118131.99000000,117712.53000000,118136.46000000,117331.63000000
23/07/2025 18:00,118379.45000000,118131.99000000,118387.85000000,117998.90000000
23/07/2025 19:00,118393.64000000,118379.44000000,118466.69000000,118218.12000000
23/07/2025 20:00,117900.00000000,118393.64000000,118498.76000000,117559.91000000
23/07/2025 21:00,118181.36000000,117900.00000000,118181.36000000,117381.80000000
23/07/2025 22:00,118568.99000000,118181.75000000,118630.39000000,117937.47000000
23/07/2025 23:00,118755.99000000,118568.99000000,118756.00000000,118421.86000000
24/07/2025 00:00,119060.00000000,118756.00000000,119138.57000000,118571.17000000
24/07/2025 01:00,119094.40000000,119060.01000000,119100.00000000,118787.32000000
24/07/2025 02:00,118960.60000000,119094.40000000,119094.40000000,118808.44000000
24/07/2025 03:00,118488.92000000,118960.60000000,119273.36000000,118466.71000000
24/07/2025 04:00,117941.86000000,118488.92000000,118610.25000000,117830.00000000
24/07/2025 05:00,117604.55000000,117941.86000000,117953.72000000,117500.00000000
24/07/2025 06:00,117466.81000000,117604.54000000,117855.00000000,117380.03000000
24/07/2025 07:00,118416.21000000,117466.81000000,118473.62000000,117103.10000000
24/07/2025 08:00,118775.28000000,118416.21000000,118811.09000000,118224.76000000
24/07/2025 09:00,118507.08000000,118775.29000000,118814.47000000,118300.53000000
24/07/2025 10:00,118373.99000000,118507.07000000,118648.53000000,117955.59000000
24/07/2025 11:00,118600.00000000,118374.00000000,118739.13000000,118297.56000000
24/07/2025 12:00,118531.42000000,118600.00000000,118728.33000000,118281.12000000
24/07/2025 13:00,118227.48000000,118531.43000000,118727.53000000,118220.00000000
24/07/2025 14:00,119057.11000000,118227.48000000,119109.74000000,117832.32000000
24/07/2025 15:00,119092.65000000,119057.12000000,119450.00000000,118614.84000000
24/07/2025 16:00,118529.97000000,119092.65000000,119190.41000000,118350.00000000
24/07/2025 17:00,119122.94000000,118529.97000000,119307.43000000,118481.70000000
24/07/2025 18:00,119044.29000000,119122.95000000,119395.81000000,118960.27000000
24/07/2025 19:00,118943.42000000,119044.29000000,119343.97000000,118900.02000000
24/07/2025 20:00,118722.02000000,118943.42000000,119010.64000000,118722.02000000
24/07/2025 21:00,118527.52000000,118722.03000000,118790.44000000,118487.20000000
24/07/2025 22:00,118280.01000000,118527.51000000,118626.09000000,118186.57000000
24/07/2025 23:00,118340.99000000,118280.00000000,118450.24000000,118166.94000000
25/07/2025 00:00,117664.56000000,118340.98000000,118451.57000000,117652.85000000
25/07/2025 01:00,117359.26000000,117664.55000000,117802.04000000,117231.00000000
25/07/2025 02:00,116353.67000000,117359.27000000,117396.96000000,116353.66000000
25/07/2025 03:00,115419.66000000,116353.67000000,116428.55000000,115330.86000000
25/07/2025 04:00,116102.70000000,115419.65000000,116144.63000000,115115.00000000
25/07/2025 05:00,115500.00000000,116102.71000000,116102.71000000,115263.54000000
25/07/2025 06:00,115284.25000000,115500.00000000,115511.54000000,115200.00000000
25/07/2025 07:00,115320.01000000,115284.25000000,115946.26000000,114723.16000000
25/07/2025 08:00,115202.55000000,115320.01000000,115980.82000000,115008.85000000
25/07/2025 09:00,116033.44000000,115202.55000000,116033.46000000,115020.59000000
25/07/2025 10:00,116308.48000000,116033.44000000,116487.50000000,115990.09000000
25/07/2025 11:00,116543.58000000,116308.48000000,116782.13000000,116308.48000000
25/07/2025 12:00,116105.96000000,116543.59000000,116656.99000000,115963.97000000
25/07/2025 13:00,116216.27000000,116105.96000000,116600.00000000,115564.75000000
25/07/2025 14:00,114960.01000000,116216.27000000,116286.87000000,114908.00000000
25/07/2025 15:00,115727.08000000,114960.01000000,115846.39000000,114916.48000000
25/07/2025 16:00,116185.32000000,115727.07000000,116214.88000000,115455.46000000
25/07/2025 17:00,116042.50000000,116185.31000000,116345.74000000,115871.80000000
25/07/2025 18:00,116491.53000000,116042.51000000,116568.73000000,116042.50000000
25/07/2025 19:00,116688.60000000,116491.53000000,116997.21000000,116405.70000000
25/07/2025 20:00,117040.01000000,116688.60000000,117306.00000000,116578.02000000
25/07/2025 21:00,117214.23000000,117040.01000000,117377.59000000,116956.00000000
25/07/2025 22:00,117279.97000000,117214.23000000,117343.89000000,117102.30000000
25/07/2025 23:00,117614.31000000,117279.97000000,117630.00000000,117186.83000000
26/07/2025 00:00,117496.00000000,117614.31000000,117614.32000000,117330.24000000
26/07/2025 01:00,117153.73000000,117496.00000000,117550.90000000,117138.38000000
26/07/2025 02:00,117469.00000000,117153.74000000,117750.00000000,117153.73000000
26/07/2025 03:00,117489.62000000,117469.01000000,117603.00000000,117462.64000000
26/07/2025 04:00,117496.81000000,117489.61000000,117547.92000000,117396.95000000
26/07/2025 05:00,117444.99000000,117496.80000000,117541.19000000,117419.83000000
26/07/2025 06:00,117350.71000000,117444.99000000,117458.00000000,117320.00000000
26/07/2025 07:00,117304.47000000,117350.71000000,117382.76000000,117304.46000000
26/07/2025 08:00,117557.14000000,117304.47000000,117615.12000000,117304.46000000
26/07/2025 09:00,117570.60000000,117557.14000000,117617.65000000,117458.00000000
26/07/2025 10:00,117971.93000000,117570.60000000,118217.45000000,117545.10000000
26/07/2025 11:00,117776.11000000,117971.94000000,118072.41000000,117776.10000000
26/07/2025 12:00,117914.17000000,117776.10000000,117990.00000000,117772.13000000
26/07/2025 13:00,118125.24000000,117914.16000000,118220.00000000,117855.15000000
26/07/2025 14:00,118064.99000000,118125.24000000,118210.85000000,117956.00000000
26/07/2025 15:00,118130.10000000,118064.99000000,118142.87000000,117818.20000000
26/07/2025 16:00,118081.18000000,118130.10000000,118188.97000000,118011.00000000
26/07/2025 17:00,118039.98000000,118081.19000000,118090.00000000,117990.00000000
26/07/2025 18:00,118095.15000000,118039.99000000,118099.99000000,117941.96000000
26/07/2025 19:00,118232.11000000,118095.16000000,118297.35000000,118040.00000000
26/07/2025 20:00,117956.32000000,118232.11000000,118232.12000000,117883.86000000
26/07/2025 21:00,118028.56000000,117956.32000000,118068.00000000,117888.20000000
26/07/2025 22:00,118007.02000000,118028.56000000,118276.66000000,117978.00000000
26/07/2025 23:00,117919.99000000,118007.03000000,118048.19000000,117890.00000000
27/07/2025 00:00,117952.00000000,117919.99000000,117961.89000000,117825.50000000
27/07/2025 01:00,118102.00000000,117951.99000000,118190.00000000,117920.00000000
27/07/2025 02:00,118309.99000000,118102.00000000,118358.18000000,118021.85000000
27/07/2025 03:00,118182.83000000,118309.99000000,118309.99000000,118080.92000000
27/07/2025 04:00,118215.10000000,118182.83000000,118272.43000000,118149.19000000
27/07/2025 05:00,118274.73000000,118215.09000000,118300.00000000,118160.84000000
27/07/2025 06:00,118263.40000000,118274.73000000,118438.83000000,118197.71000000
27/07/2025 07:00,118095.95000000,118263.40000000,118263.40000000,118066.74000000
27/07/2025 08:00,117950.47000000,118095.95000000,118129.75000000,117950.47000000
27/07/2025 09:00,117943.92000000,117950.47000000,117999.91000000,117859.98000000
27/07/2025 10:00,118184.92000000,117943.92000000,118292.86000000,117943.92000000
27/07/2025 11:00,118072.71000000,118184.92000000,118255.32000000,118050.00000000
27/07/2025 12:00,118097.39000000,118072.71000000,118111.34000000,117890.00000000
27/07/2025 13:00,118201.99000000,118097.39000000,118217.60000000,118085.87000000
27/07/2025 14:00,118422.16000000,118201.99000000,118499.00000000,118149.96000000
27/07/2025 15:00,118585.74000000,118422.16000000,118588.00000000,118236.84000000
27/07/2025 16:00,119090.45000000,118585.75000000,119540.01000000,118585.75000000
27/07/2025 17:00,119196.69000000,119090.46000000,119334.88000000,118855.58000000
27/07/2025 18:00,119021.33000000,119196.68000000,119372.87000000,118942.90000000
27/07/2025 19:00,118960.00000000,119021.33000000,119073.91000000,118895.09000000
27/07/2025 20:00,118754.13000000,118960.01000000,119169.97000000,118713.74000000
27/07/2025 21:00,119265.76000000,118754.13000000,119270.15000000,118724.00000000
27/07/2025 22:00,119495.17000000,119265.75000000,119766.65000000,119228.56000000
27/07/2025 23:00,119415.55000000,119495.16000000,119528.47000000,119119.53000000
28/07/2025 00:00,119236.72000000,119415.56000000,119690.32000000,119126.09000000
28/07/2025 01:00,119037.77000000,119236.72000000,119480.00000000,118960.50000000
28/07/2025 02:00,119434.14000000,119037.77000000,119800.00000000,119021.11000000
28/07/2025 03:00,119287.99000000,119434.14000000,119521.03000000,119234.37000000
28/07/2025 04:00,119218.05000000,119287.99000000,119423.58000000,119128.46000000
28/07/2025 05:00,119526.13000000,119218.06000000,119701.07000000,119138.24000000
28/07/2025 06:00,119448.02000000,119526.13000000,119600.00000000,119440.00000000
28/07/2025 07:00,118900.00000000,119448.03000000,119448.03000000,118774.31000000
28/07/2025 08:00,119072.45000000,118900.01000000,119102.69000000,118777.98000000
28/07/2025 09:00,118930.87000000,119072.45000000,119072.45000000,118704.01000000
28/07/2025 10:00,118764.53000000,118930.88000000,118953.52000000,118620.22000000
28/07/2025 11:00,118827.49000000,118764.54000000,118873.78000000,118475.47000000
28/07/2025 12:00,118845.24000000,118827.49000000,119093.68000000,118783.85000000
28/07/2025 13:00,118434.78000000,118845.23000000,119085.79000000,118234.28000000
28/07/2025 14:00,117985.93000000,118434.77000000,118685.02000000,117895.73000000
28/07/2025 15:00,118174.90000000,117985.94000000,118500.00000000,117907.00000000
28/07/2025 16:00,118028.88000000,118174.89000000,118376.61000000,118003.55000000
28/07/2025 17:00,117667.86000000,118028.89000000,118112.24000000,117653.39000000
28/07/2025 18:00,117776.56000000,117667.86000000,117856.37000000,117427.50000000
28/07/2025 19:00,118068.73000000,117776.56000000,118244.46000000,117542.45000000
28/07/2025 20:00,118044.93000000,118068.73000000,118162.17000000,117500.09000000
28/07/2025 21:00,118106.90000000,118044.93000000,118350.01000000,117951.12000000
28/07/2025 22:00,117854.35000000,118106.89000000,118266.06000000,117762.51000000
28/07/2025 23:00,118062.32000000,117854.34000000,118172.37000000,117814.64000000
29/07/2025 00:00,117979.80000000,118062.32000000,118450.00000000,117539.68000000
29/07/2025 01:00,117774.16000000,117979.80000000,118247.62000000,117774.15000000
29/07/2025 02:00,118095.60000000,117774.15000000,118102.79000000,117450.00000000
29/07/2025 03:00,118764.85000000,118095.59000000,118800.00000000,118095.59000000
29/07/2025 04:00,118533.93000000,118764.85000000,118799.99000000,118416.66000000
29/07/2025 05:00,118800.00000000,118533.93000000,118852.00000000,118527.77000000
29/07/2025 06:00,118764.85000000,118799.99000000,119061.68000000,118731.74000000
29/07/2025 07:00,118882.37000000,118764.86000000,119273.36000000,118750.87000000
29/07/2025 08:00,118923.80000000,118882.37000000,119051.00000000,118764.86000000
29/07/2025 09:00,118784.79000000,118923.81000000,118985.00000000,118758.98000000
29/07/2025 10:00,118317.75000000,118784.80000000,118828.01000000,118300.00000000
29/07/2025 11:00,118592.38000000,118317.74000000,118592.39000000,118160.87000000
29/07/2025 12:00,118906.85000000,118592.38000000,119080.81000000,118450.00000000
29/07/2025 13:00,118621.27000000,118906.85000000,119029.54000000,118527.01000000
29/07/2025 14:00,117823.67000000,118621.27000000,118635.58000000,117701.00000000
29/07/2025 15:00,117400.01000000,117823.66000000,117955.39000000,117272.00000000
29/07/2025 16:00,117739.03000000,117400.02000000,117758.13000000,116950.75000000
29/07/2025 17:00,117773.69000000,117739.03000000,118057.05000000,117629.99000000
29/07/2025 18:00,117606.72000000,117773.69000000,117824.59000000,117482.40000000
29/07/2025 19:00,117525.29000000,117606.74000000,118000.00000000,117420.00000000
29/07/2025 20:00,117514.28000000,117525.28000000,117871.39000000,117094.96000000
29/07/2025 21:00,117606.79000000,117514.49000000,117701.10000000,117190.83000000
29/07/2025 22:00,117848.03000000,117606.79000000,117860.00000000,117459.04000000
29/07/2025 23:00,117950.76000000,117848.03000000,118000.00000000,117729.80000000
30/07/2025 00:00,117744.77000000,117950.75000000,117995.98000000,117538.15000000
30/07/2025 01:00,117862.05000000,117744.78000000,118012.78000000,117412.53000000
30/07/2025 02:00,118024.11000000,117862.05000000,118119.00000000,117796.14000000
30/07/2025 03:00,118161.87000000,118024.10000000,118250.00000000,117905.61000000
30/07/2025 04:00,117993.52000000,118161.86000000,118275.18000000,117963.65000000
30/07/2025 05:00,117992.26000000,117993.52000000,118080.00000000,117667.33000000
30/07/2025 06:00,118287.31000000,117992.26000000,118326.56000000,117992.25000000
30/07/2025 07:00,118123.01000000,118287.31000000,118412.11000000,118118.00000000
30/07/2025 08:00,118372.73000000,118123.00000000,118481.81000000,117939.99000000
30/07/2025 09:00,118164.08000000,118372.73000000,118427.98000000,117985.98000000
30/07/2025 10:00,118020.18000000,118164.08000000,118471.69000000,117928.13000000
30/07/2025 11:00,117579.99000000,118020.17000000,118184.00000000,117358.84000000
30/07/2025 12:00,117739.02000000,117579.99000000,117909.01000000,117358.84000000
30/07/2025 13:00,117675.79000000,117739.02000000,117888.00000000,117415.62000000
30/07/2025 14:00,118714.35000000,117675.78000000,118728.15000000,117610.93000000
30/07/2025 15:00,118000.01000000,118714.35000000,118792.00000000,117834.24000000
30/07/2025 16:00,117734.80000000,118000.01000000,118021.88000000,117635.30000000
30/07/2025 17:00,117802.10000000,117734.80000000,117940.00000000,117650.00000000
30/07/2025 18:00,116523.14000000,117802.11000000,118037.18000000,116509.47000000
30/07/2025 19:00,116916.73000000,116523.15000000,117123.80000000,115796.23000000
30/07/2025 20:00,117175.71000000,116916.73000000,117325.94000000,116880.64000000
30/07/2025 21:00,117326.82000000,117175.72000000,117336.34000000,116955.64000000
30/07/2025 22:00,117486.49000000,117326.82000000,117497.17000000,117253.73000000
30/07/2025 23:00,117840.30000000,117486.48000000,117908.40000000,117460.00000000
31/07/2025 00:00,118415.80000000,117840.29000000,118542.39000000,117781.87000000
31/07/2025 01:00,118055.32000000,118415.80000000,118456.46000000,117992.71000000
31/07/2025 02:00,118447.52000000,118055.32000000,118520.32000000,117981.02000000
31/07/2025 03:00,118466.14000000,118447.52000000,118600.00000000,118385.00000000
31/07/2025 04:00,118511.53000000,118466.15000000,118550.00000000,118364.13000000
31/07/2025 05:00,118362.00000000,118511.52000000,118540.00000000,118331.63000000
31/07/2025 06:00,118691.78000000,118362.01000000,118725.59000000,118287.63000000
31/07/2025 07:00,118665.97000000,118691.79000000,118922.45000000,118604.22000000
31/07/2025 08:00,118593.94000000,118665.98000000,118770.07000000,118568.46000000
31/07/2025 09:00,118605.58000000,118593.95000000,118617.96000000,118467.65000000
31/07/2025 10:00,118505.02000000,118605.58000000,118719.42000000,118435.72000000
31/07/2025 11:00,118371.25000000,118505.02000000,118560.00000000,118278.91000000
31/07/2025 12:00,118626.18000000,118371.25000000,118645.10000000,118285.14000000
31/07/2025 13:00,118557.01000000,118626.19000000,118702.10000000,117807.35000000
31/07/2025 14:00,117913.18000000,118557.01000000,118660.17000000,117901.68000000
31/07/2025 15:00,118306.18000000,117913.19000000,118351.00000000,117894.99000000
31/07/2025 16:00,118538.53000000,118306.18000000,118879.14000000,118242.39000000
31/07/2025 17:00,117728.00000000,118538.53000000,118557.71000000,117702.42000000
31/07/2025 18:00,117658.80000000,117728.00000000,117998.38000000,117400.00000000
31/07/2025 19:00,116785.79000000,117658.81000000,117762.05000000,116763.43000000
31/07/2025 20:00,116514.00000000,116785.78000000,116990.04000000,116450.00000000
31/07/2025 21:00,116536.96000000,116514.00000000,116909.67000000,116228.77000000
31/07/2025 22:00,116010.60000000,116536.96000000,116536.97000000,116010.00000000
31/07/2025 23:00,115764.08000000,116010.60000000,116362.99000000,115500.00000000
01/08/2025 00:00,115427.27000000,115764.07000000,115933.00000000,114313.13000000
01/08/2025 01:00,115331.86000000,115427.27000000,115609.99000000,114600.00000000
01/08/2025 02:00,115966.12000000,115328.67000000,116019.30000000,115221.07000000
01/08/2025 03:00,115648.03000000,115966.11000000,116052.00000000,115613.21000000
01/08/2025 04:00,115695.52000000,115648.03000000,115699.58000000,115266.64000000
01/08/2025 05:00,115568.00000000,115695.53000000,115916.43000000,115385.92000000
01/08/2025 06:00,115156.51000000,115568.00000000,115658.09000000,115065.55000000
01/08/2025 07:00,115081.77000000,115156.52000000,115300.00000000,114633.18000000
01/08/2025 08:00,114615.99000000,115081.76000000,115081.76000000,114116.00000000
01/08/2025 09:00,114938.67000000,114615.98000000,115340.00000000,114555.41000000
01/08/2025 10:00,114762.58000000,114938.66000000,115203.13000000,114710.02000000
01/08/2025 11:00,115305.65000000,114762.58000000,115336.98000000,114602.40000000
01/08/2025 12:00,115732.48000000,115305.64000000,115900.00000000,115142.62000000
01/08/2025 13:00,114352.05000000,115732.48000000,116019.30000000,114172.00000000
01/08/2025 14:00,115619.80000000,114352.04000000,115831.28000000,113988.47000000
01/08/2025 15:00,115357.82000000,115619.80000000,115645.57000000,114676.03000000
01/08/2025 16:00,115015.60000000,115357.82000000,115695.52000000,114817.81000000
01/08/2025 17:00,114420.00000000,115015.60000000,115096.93000000,114345.00000000
01/08/2025 18:00,113836.93000000,114420.00000000,114496.59000000,113669.01000000
01/08/2025 19:00,113328.68000000,113836.92000000,113922.47000000,113221.93000000
01/08/2025 20:00,113951.09000000,113328.67000000,113980.00000000,113168.22000000
01/08/2025 21:00,113892.12000000,113951.10000000,114094.08000000,113700.00000000
01/08/2025 22:00,113141.05000000,113892.11000000,114010.82000000,112722.58000000
01/08/2025 23:00,113297.93000000,113141.05000000,113560.46000000,112908.54000000
02/08/2025 00:00,113822.97000000,113297.92000000,113844.16000000,113198.63000000
02/08/2025 01:00,113674.24000000,113822.97000000,113909.30000000,113420.76000000
02/08/2025 02:00,113702.24000000,113674.23000000,113766.43000000,113534.30000000
02/08/2025 03:00,113909.86000000,113702.24000000,113921.94000000,113702.24000000
02/08/2025 04:00,114025.75000000,113909.87000000,114057.27000000,113820.00000000
02/08/2025 05:00,113981.06000000,114025.76000000,114063.49000000,113855.01000000
02/08/2025 06:00,113697.85000000,113981.07000000,113981.07000000,113469.43000000
02/08/2025 07:00,113982.49000000,113697.85000000,114021.00000000,113556.19000000
02/08/2025 08:00,113682.01000000,113982.49000000,114040.29000000,113676.81000000
02/08/2025 09:00,113690.70000000,113682.01000000,113852.00000000,113572.19000000
02/08/2025 10:00,113550.89000000,113690.71000000,113704.00000000,113425.58000000
02/08/2025 11:00,113787.12000000,113550.89000000,113914.25000000,113451.77000000
02/08/2025 12:00,113620.01000000,113787.11000000,113787.12000000,113564.99000000
02/08/2025 13:00,113457.85000000,113620.01000000,113630.00000000,113218.00000000
02/08/2025 14:00,113099.89000000,113457.86000000,113530.00000000,112939.39000000
02/08/2025 15:00,112840.71000000,113099.90000000,113420.00000000,112802.31000000
02/08/2025 16:00,113200.25000000,112840.70000000,113261.16000000,112700.07000000
02/08/2025 17:00,112724.03000000,113200.25000000,113420.00000000,112584.23000000
02/08/2025 18:00,112327.65000000,112724.04000000,112920.00000000,112099.22000000
02/08/2025 19:00,112229.42000000,112327.65000000,112945.62000000,112003.00000000
02/08/2025 20:00,112780.00000000,112229.42000000,112780.00000000,112069.86000000
02/08/2025 21:00,112859.32000000,112780.00000000,113058.82000000,112562.02000000
02/08/2025 22:00,112862.14000000,112859.32000000,113011.63000000,112555.00000000
02/08/2025 23:00,112546.35000000,112862.14000000,112873.83000000,112280.86000000
03/08/2025 00:00,112956.04000000,112546.35000000,112992.27000000,111920.00000000
03/08/2025 01:00,113107.99000000,112956.04000000,113269.92000000,112841.46000000
03/08/2025 02:00,113517.58000000,113107.99000000,113517.58000000,113100.00000000
03/08/2025 03:00,113604.20000000,113517.58000000,113740.69000000,113419.45000000
03/08/2025 04:00,113468.41000000,113604.20000000,113604.20000000,113341.06000000
03/08/2025 05:00,113618.52000000,113468.41000000,113659.00000000,113408.22000000
03/08/2025 06:00,113559.34000000,113618.52000000,113636.50000000,113472.54000000
03/08/2025 07:00,113700.00000000,113559.34000000,113720.16000000,113559.34000000
03/08/2025 08:00,113692.00000000,113700.00000000,113790.00000000,113551.00000000
03/08/2025 09:00,113654.95000000,113692.01000000,113710.51000000,113630.30000000
03/08/2025 10:00,113899.99000000,113654.95000000,113900.00000000,113654.94000000
03/08/2025 11:00,113862.18000000,113899.99000000,114260.31000000,113861.18000000
03/08/2025 12:00,114009.99000000,113862.19000000,114098.45000000,113656.40000000
03/08/2025 13:00,113939.00000000,114010.00000000,114095.35000000,113803.00000000
03/08/2025 14:00,113792.28000000,113939.00000000,114065.54000000,113579.69000000
03/08/2025 15:00,113959.06000000,113792.29000000,113966.00000000,113674.05000000
03/08/2025 16:00,113995.16000000,113959.06000000,114026.82000000,113775.55000000
03/08/2025 17:00,114117.42000000,113995.15000000,114165.09000000,113953.97000000
03/08/2025 18:00,114380.40000000,114117.42000000,114460.15000000,114060.36000000
03/08/2025 19:00,114313.19000000,114380.41000000,114799.97000000,114259.95000000
03/08/2025 20:00,114423.77000000,114313.19000000,114467.00000000,114163.49000000
03/08/2025 21:00,114435.47000000,114423.77000000,114521.68000000,114363.46000000
03/08/2025 22:00,114324.83000000,114435.46000000,114612.24000000,114066.56000000
03/08/2025 23:00,114208.80000000,114324.84000000,114500.00000000,114176.00000000
04/08/2025 00:00,114899.87000000,114208.81000000,114914.29000000,114107.60000000
04/08/2025 01:00,114671.96000000,114899.86000000,115000.00000000,114620.14000000
04/08/2025 02:00,114797.90000000,114671.96000000,114877.98000000,114418.68000000
04/08/2025 03:00,114570.61000000,114797.90000000,114799.00000000,114527.73000000
04/08/2025 04:00,114383.55000000,114570.61000000,114653.51000000,114345.74000000
04/08/2025 05:00,114391.26000000,114383.54000000,114418.75000000,114188.00000000
04/08/2025 06:00,114423.76000000,114391.26000000,114482.49000000,114148.58000000
04/08/2025 07:00,114652.97000000,114423.77000000,114778.50000000,114402.45000000
04/08/2025 08:00,114546.25000000,114652.98000000,114750.00000000,114360.99000000
04/08/2025 09:00,114325.92000000,114546.25000000,114744.20000000,114302.29000000
04/08/2025 10:00,114251.83000000,114325.92000000,114506.16000000,114234.58000000
04/08/2025 11:00,114493.09000000,114251.83000000,114517.55000000,114217.97000000
04/08/2025 12:00,114444.36000000,114493.09000000,114535.48000000,114327.95000000
04/08/2025 13:00,114913.88000000,114444.36000000,114913.89000000,114121.00000000
04/08/2025 14:00,114736.78000000,114913.89000000,115466.00000000,114652.96000000
04/08/2025 15:00,114826.00000000,114736.78000000,115022.97000000,114560.33000000
04/08/2025 16:00,115301.00000000,114826.01000000,115405.22000000,114826.00000000
04/08/2025 17:00,115193.41000000,115301.00000000,115720.00000000,115148.08000000
04/08/2025 18:00,114957.64000000,115193.41000000,115312.76000000,114913.88000000
04/08/2025 19:00,114777.62000000,114957.63000000,115134.46000000,114732.65000000
04/08/2025 20:00,114811.96000000,114777.62000000,115076.34000000,114616.33000000
04/08/2025 21:00,115111.09000000,114811.95000000,115258.62000000,114810.75000000
04/08/2025 22:00,115325.88000000,115111.09000000,115325.88000000,115086.72000000
04/08/2025 23:00,115055.03000000,115325.88000000,115340.00000000,115046.67000000
05/08/2025 00:00,114886.96000000,115055.03000000,115127.81000000,114840.00000000
05/08/2025 01:00,114708.11000000,114886.97000000,115046.68000000,114695.18000000
05/08/2025 02:00,114719.27000000,114708.11000000,114827.79000000,114614.94000000
05/08/2025 03:00,114256.85000000,114719.27000000,114737.82000000,114256.85000000
05/08/2025 04:00,114338.06000000,114256.85000000,114426.65000000,114149.95000000
05/08/2025 05:00,114405.99000000,114338.07000000,114487.25000000,114239.87000000
05/08/2025 06:00,114178.63000000,114406.00000000,114500.66000000,114105.71000000
05/08/2025 07:00,113969.70000000,114178.64000000,114395.30000000,113725.72000000
05/08/2025 08:00,114281.09000000,113969.70000000,114540.00000000,113928.87000000
05/08/2025 09:00,114694.76000000,114281.09000000,114792.72000000,114281.08000000
05/08/2025 10:00,114841.27000000,114694.76000000,115096.73000000,114586.73000000
05/08/2025 11:00,114827.07000000,114841.28000000,114972.00000000,114750.00000000
05/08/2025 12:00,113937.35000000,114827.07000000,114893.13000000,113500.01000000
05/08/2025 13:00,114381.43000000,113937.35000000,114573.17000000,113868.00000000
05/08/2025 14:00,113037.12000000,114380.75000000,114386.37000000,112650.00000000
05/08/2025 15:00,112934.00000000,113037.12000000,113249.11000000,112692.30000000
05/08/2025 16:00,113175.73000000,112934.00000000,113367.31000000,112815.68000000
05/08/2025 17:00,113640.01000000,113175.73000000,113661.96000000,113096.00000000
05/08/2025 18:00,113644.71000000,113640.01000000,113653.93000000,113261.79000000
05/08/2025 19:00,113616.52000000,113644.72000000,113763.27000000,113407.35000000
05/08/2025 20:00,113690.71000000,113616.51000000,113989.97000000,113494.47000000
05/08/2025 21:00,113606.53000000,113690.71000000,113862.45000000,113569.07000000
05/08/2025 22:00,113961.25000000,113606.52000000,113989.40000000,113304.00000000
05/08/2025 23:00,114129.75000000,113961.25000000,114228.88000000,113918.40000000
06/08/2025 00:00,113879.70000000,114129.75000000,114139.38000000,113748.67000000
06/08/2025 01:00,113821.21000000,113879.69000000,113945.14000000,113588.77000000
06/08/2025 02:00,113623.22000000,113820.77000000,113833.88000000,113491.76000000
06/08/2025 03:00,113509.97000000,113623.23000000,113658.13000000,113400.00000000
06/08/2025 04:00,113429.21000000,113509.98000000,113582.71000000,113355.13000000
06/08/2025 05:00,114148.01000000,113429.21000000,114417.02000000,113384.81000000
06/08/2025 06:00,114084.93000000,114148.01000000,114200.00000000,113933.23000000
06/08/2025 07:00,114227.91000000,114084.92000000,114300.00000000,114019.66000000
06/08/2025 08:00,113948.22000000,114227.90000000,114250.00000000,113727.57000000
06/08/2025 09:00,114093.15000000,113948.23000000,114368.31000000,113906.96000000
06/08/2025 10:00,114067.20000000,114093.15000000,114226.69000000,113899.20000000
06/08/2025 11:00,114226.69000000,114067.20000000,114404.23000000,114007.85000000
06/08/2025 12:00,113914.31000000,114226.68000000,114333.59000000,113809.02000000
06/08/2025 13:00,114270.09000000,113914.31000000,114390.88000000,113579.90000000
06/08/2025 14:00,115187.96000000,114270.09000000,115200.00000000,113869.88000000
06/08/2025 15:00,115413.87000000,115187.96000000,115515.09000000,114832.38000000
06/08/2025 16:00,115132.49000000,115413.87000000,115477.06000000,114942.18000000
06/08/2025 17:00,115500.00000000,115132.49000000,115514.28000000,115024.00000000
06/08/2025 18:00,115423.22000000,115500.00000000,115716.00000000,115301.27000000
06/08/2025 19:00,115259.99000000,115423.23000000,115525.48000000,115118.80000000
06/08/2025 20:00,115045.64000000,115260.00000000,115260.00000000,114987.68000000
06/08/2025 21:00,115048.78000000,115045.65000000,115221.14000000,114793.01000000
06/08/2025 22:00,115106.67000000,115048.77000000,115210.95000000,115039.14000000
06/08/2025 23:00,114992.27000000,115106.66000000,115122.34000000,114963.20000000
07/08/2025 00:00,114890.65000000,114992.27000000,115015.82000000,114856.15000000
07/08/2025 01:00,114763.46000000,114890.66000000,115185.58000000,114580.53000000
07/08/2025 02:00,114565.28000000,114763.47000000,114859.00000000,114404.22000000
07/08/2025 03:00,114546.03000000,114564.76000000,114624.30000000,114404.70000000
07/08/2025 04:00,114349.58000000,114546.03000000,114648.00000000,114259.00000000
07/08/2025 05:00,114568.73000000,114349.58000000,114568.74000000,114278.02000000
07/08/2025 06:00,114650.01000000,114568.74000000,114784.00000000,114511.96000000
07/08/2025 07:00,114787.99000000,114650.01000000,114876.79000000,114640.03000000
07/08/2025 08:00,114948.74000000,114787.99000000,115179.99000000,114787.98000000
07/08/2025 09:00,115062.19000000,114948.74000000,115077.37000000,114844.78000000
07/08/2025 10:00,116347.22000000,115062.19000000,116430.01000000,115038.06000000
07/08/2025 11:00,116519.53000000,116347.23000000,116828.93000000,116347.23000000
07/08/2025 12:00,116390.00000000,116519.54000000,116588.02000000,116035.84000000
07/08/2025 13:00,116640.00000000,116390.01000000,116741.05000000,116200.00000000
07/08/2025 14:00,116363.16000000,116640.01000000,116680.00000000,116204.32000000
07/08/2025 15:00,116689.81000000,116363.16000000,116791.11000000,116240.00000000
07/08/2025 16:00,116259.24000000,116689.80000000,116748.66000000,115632.31000000
07/08/2025 17:00,116511.54000000,116259.24000000,116560.00000000,116120.00000000
07/08/2025 18:00,116561.05000000,116511.55000000,116573.36000000,116123.72000000
07/08/2025 19:00,117461.98000000,116561.05000000,117520.00000000,116488.00000000
07/08/2025 20:00,117182.19000000,117461.99000000,117496.05000000,117140.32000000
07/08/2025 21:00,117105.78000000,117182.19000000,117354.21000000,117012.00000000
07/08/2025 22:00,117554.23000000,117105.77000000,117621.00000000,117079.39000000
07/08/2025 23:00,117472.01000000,117554.23000000,117579.98000000,117292.88000000
08/08/2025 00:00,117264.12000000,117472.02000000,117630.00000000,116870.21000000
08/08/2025 01:00,116888.02000000,117264.11000000,117264.12000000,116786.43000000
08/08/2025 02:00,116700.00000000,116888.01000000,116923.21000000,116694.28000000
08/08/2025 03:00,116737.35000000,116700.00000000,116980.00000000,116699.60000000
08/08/2025 04:00,116750.01000000,116737.34000000,116869.49000000,116666.00000000
08/08/2025 05:00,116530.63000000,116750.01000000,116750.01000000,116505.00000000
08/08/2025 06:00,116740.01000000,116530.64000000,116763.44000000,116401.00000000
08/08/2025 07:00,116817.19000000,116740.01000000,116973.30000000,116557.54000000
08/08/2025 08:00,116620.63000000,116817.20000000,116914.60000000,116449.51000000
08/08/2025 09:00,116685.17000000,116620.63000000,116726.88000000,116481.44000000
08/08/2025 10:00,116544.39000000,116685.17000000,116714.46000000,116317.08000000
08/08/2025 11:00,116891.51000000,116544.39000000,116899.78000000,116544.39000000
08/08/2025 12:00,116500.48000000,116891.51000000,116891.52000000,116492.45000000
08/08/2025 13:00,116917.97000000,116500.49000000,116945.63000000,116499.43000000
08/08/2025 14:00,116491.53000000,116917.98000000,117271.73000000,116381.32000000
08/08/2025 15:00,116207.69000000,116491.53000000,116538.94000000,115878.71000000
08/08/2025 16:00,116193.63000000,116207.70000000,116364.82000000,116006.14000000
08/08/2025 17:00,116708.86000000,116193.63000000,116708.86000000,116161.11000000
08/08/2025 18:00,116497.99000000,116708.86000000,116900.00000000,116336.00000000
08/08/2025 19:00,116453.41000000,116497.99000000,116716.26000000,116337.91000000
08/08/2025 20:00,116888.52000000,116453.41000000,116900.00000000,116319.06000000
08/08/2025 21:00,116931.44000000,116888.52000000,116979.95000000,116755.53000000
08/08/2025 22:00,116888.90000000,116931.43000000,116980.00000000,116752.05000000
08/08/2025 23:00,116674.74000000,116888.90000000,116917.74000000,116657.26000000
09/08/2025 00:00,116586.00000000,116674.74000000,116750.00000000,116577.72000000
09/08/2025 01:00,116563.26000000,116586.00000000,116650.01000000,116521.38000000
09/08/2025 02:00,116404.00000000,116563.26000000,116563.26000000,116400.00000000
09/08/2025 03:00,116384.01000000,116404.00000000,116482.28000000,116299.13000000
09/08/2025 04:00,116434.76000000,116384.01000000,116675.99000000,116339.45000000
09/08/2025 05:00,116739.23000000,116434.77000000,116980.00000000,116418.00000000
09/08/2025 06:00,116650.75000000,116739.23000000,116756.24000000,116532.77000000
09/08/2025 07:00,116756.01000000,116650.75000000,116902.22000000,116633.88000000
09/08/2025 08:00,117106.65000000,116756.00000000,117181.00000000,116756.00000000
09/08/2025 09:00,117510.87000000,117106.66000000,117510.88000000,117045.54000000
09/08/2025 10:00,117424.16000000,117510.88000000,117944.05000000,117382.27000000
09/08/2025 11:00,117110.00000000,117424.16000000,117471.73000000,117082.43000000
09/08/2025 12:00,117116.64000000,117110.00000000,117238.04000000,117010.00000000
09/08/2025 13:00,116968.32000000,117116.65000000,117154.15000000,116878.68000000
09/08/2025 14:00,116972.87000000,116968.32000000,117000.00000000,116748.20000000
09/08/2025 15:00,116892.47000000,116972.87000000,117132.75000000,116700.01000000
09/08/2025 16:00,116648.51000000,116892.48000000,116947.16000000,116642.67000000
09/08/2025 17:00,116670.22000000,116648.51000000,116782.46000000,116619.77000000
09/08/2025 18:00,116634.91000000,116670.22000000,116720.96000000,116555.02000000
09/08/2025 19:00,116535.69000000,116634.91000000,116721.74000000,116500.00000000
09/08/2025 20:00,116778.07000000,116535.68000000,117021.16000000,116504.53000000
09/08/2025 21:00,116524.09000000,116778.07000000,116794.40000000,116359.89000000
09/08/2025 22:00,116541.63000000,116524.09000000,116742.28000000,116500.00000000
09/08/2025 23:00,116462.25000000,116541.62000000,116590.00000000,116436.15000000
10/08/2025 00:00,116749.47000000,116462.25000000,116759.08000000,116460.63000000
10/08/2025 01:00,116576.42000000,116749.46000000,116776.59000000,116539.99000000
10/08/2025 02:00,117317.99000000,116576.42000000,117318.00000000,116576.41000000
10/08/2025 03:00,118500.00000000,117317.99000000,118500.00000000,117250.41000000
10/08/2025 04:00,118485.45000000,118500.00000000,118741.77000000,118380.00000000
10/08/2025 05:00,118045.00000000,118485.45000000,118511.00000000,117902.62000000
10/08/2025 06:00,118074.24000000,118045.00000000,118161.05000000,117743.44000000
10/08/2025 07:00,117808.30000000,118074.24000000,118238.87000000,117466.34000000
10/08/2025 08:00,118308.85000000,117808.29000000,118400.00000000,117608.01000000
10/08/2025 09:00,118293.08000000,118308.86000000,118441.48000000,118110.64000000
10/08/2025 10:00,118020.00000000,118293.09000000,118293.45000000,117998.90000000
10/08/2025 11:00,118330.58000000,118020.01000000,118500.00000000,117940.00000000
10/08/2025 12:00,118514.00000000,118330.58000000,118737.26000000,118232.00000000
10/08/2025 13:00,118452.00000000,118514.00000000,118683.87000000,118370.39000000
10/08/2025 14:00,118779.00000000,118451.99000000,118850.00000000,118308.02000000
10/08/2025 15:00,118815.00000000,118778.99000000,119113.94000000,118568.07000000
10/08/2025 16:00,118671.74000000,118815.00000000,118944.24000000,118623.14000000
10/08/2025 17:00,118520.32000000,118671.75000000,118693.02000000,118453.48000000
10/08/2025 18:00,118554.01000000,118520.33000000,118611.91000000,118433.80000000
10/08/2025 19:00,118663.08000000,118554.01000000,118714.28000000,118462.29000000
10/08/2025 20:00,118323.16000000,118663.09000000,118765.71000000,118074.99000000
10/08/2025 21:00,118716.90000000,118323.00000000,118716.91000000,118092.00000000
10/08/2025 22:00,119084.92000000,118716.90000000,119084.93000000,118615.44000000
10/08/2025 23:00,119294.01000000,119084.93000000,119311.11000000,118861.16000000
11/08/2025 00:00,119126.35000000,119294.27000000,119500.00000000,119104.17000000
11/08/2025 01:00,119988.00000000,119126.35000000,119999.00000000,118972.59000000
11/08/2025 02:00,121876.00000000,119988.00000000,121894.64000000,119937.59000000
11/08/2025 03:00,121728.99000000,121875.99000000,122164.07000000,121559.11000000
11/08/2025 04:00,122080.00000000,121729.00000000,122175.88000000,121623.14000000
11/08/2025 05:00,122059.34000000,122080.00000000,122335.16000000,121823.24000000
11/08/2025 06:00,122300.63000000,122059.34000000,122332.98000000,121954.79000000
11/08/2025 07:00,121537.15000000,122300.64000000,122313.00000000,121466.08000000
11/08/2025 08:00,121679.13000000,121537.14000000,121823.00000000,121207.34000000
11/08/2025 09:00,121439.75000000,121679.13000000,121704.78000000,121080.00000000
11/08/2025 10:00,121184.84000000,121439.75000000,121455.02000000,120954.13000000
11/08/2025 11:00,120561.54000000,121184.84000000,121283.29000000,120286.40000000
11/08/2025 12:00,119643.70000000,120561.53000000,120667.54000000,119536.75000000
11/08/2025 13:00,120010.00000000,119643.70000000,120328.93000000,119382.91000000
11/08/2025 14:00,120243.59000000,120009.99000000,120586.54000000,119809.06000000
11/08/2025 15:00,120314.40000000,120243.60000000,120408.01000000,119843.18000000
11/08/2025 16:00,119953.65000000,120314.40000000,120794.05000000,119920.00000000
11/08/2025 17:00,119500.00000000,119953.65000000,120150.00000000,119461.97000000
11/08/2025 18:00,119773.92000000,119500.01000000,119870.20000000,119261.57000000
11/08/2025 19:00,119089.30000000,119773.92000000,119785.72000000,118604.17000000
11/08/2025 20:00,118824.34000000,119089.30000000,119093.00000000,118565.69000000
11/08/2025 21:00,118712.61000000,118824.33000000,119172.63000000,118050.11000000
11/08/2025 22:00,118886.96000000,118712.61000000,118906.41000000,118280.71000000
11/08/2025 23:00,118686.00000000,118886.97000000,118889.00000000,118588.78000000
12/08/2025 00:00,118949.31000000,118686.00000000,119021.77000000,118593.39000000
12/08/2025 01:00,118977.10000000,118949.31000000,119108.06000000,118767.54000000
12/08/2025 02:00,119054.13000000,118977.09000000,119275.46000000,118834.51000000
12/08/2025 03:00,118857.70000000,119054.14000000,119120.00000000,118749.06000000
12/08/2025 04:00,119067.97000000,118857.70000000,119158.06000000,118804.75000000
12/08/2025 05:00,118819.99000000,119067.97000000,119067.97000000,118424.86000000
12/08/2025 06:00,118839.97000000,118820.00000000,119032.00000000,118607.85000000
12/08/2025 07:00,118986.72000000,118839.97000000,119150.00000000,118839.97000000
12/08/2025 08:00,118814.70000000,118986.73000000,119058.43000000,118740.00000000
12/08/2025 09:00,118408.38000000,118814.71000000,118893.29000000,118400.01000000
12/08/2025 10:00,118449.99000000,118408.38000000,118662.90000000,118207.47000000
12/08/2025 11:00,118522.22000000,118449.99000000,118662.90000000,118222.00000000
12/08/2025 12:00,119264.66000000,118522.22000000,119264.66000000,118285.00000000
12/08/2025 13:00,118847.35000000,119264.66000000,119712.60000000,118631.69000000
12/08/2025 14:00,119437.12000000,118847.35000000,119437.12000000,118764.36000000
12/08/2025 15:00,119933.00000000,119437.12000000,119960.00000000,119320.00000000
12/08/2025 16:00,119647.70000000,119933.00000000,120192.10000000,119525.00000000
12/08/2025 17:00,119269.99000000,119647.69000000,119857.04000000,119172.62000000
12/08/2025 18:00,119344.90000000,119270.00000000,120073.01000000,119267.00000000
12/08/2025 19:00,119665.27000000,119345.07000000,119958.05000000,119309.08000000
12/08/2025 20:00,120192.10000000,119665.27000000,120324.43000000,119485.84000000
12/08/2025 21:00,119903.36000000,120192.09000000,120202.21000000,119792.50000000
12/08/2025 22:00,120099.99000000,119903.36000000,120100.00000000,119650.00000000
12/08/2025 23:00,120134.08000000,120100.00000000,120299.99000000,119925.47000000
13/08/2025 00:00,119713.19000000,120134.09000000,120192.10000000,119636.00000000
13/08/2025 01:00,119478.47000000,119713.19000000,119716.24000000,119337.67000000
13/08/2025 02:00,119549.37000000,119478.47000000,119729.99000000,119094.28000000
13/08/2025 03:00,119482.01000000,119549.37000000,119630.57000000,119306.89000000
13/08/2025 04:00,119335.01000000,119482.01000000,119820.18000000,119328.12000000
13/08/2025 05:00,119070.69000000,119335.01000000,119673.28000000,118920.92000000
13/08/2025 06:00,119410.01000000,119070.68000000,119416.22000000,118955.99000000
13/08/2025 07:00,119580.40000000,119410.01000000,119638.55000000,119290.01000000
13/08/2025 08:00,120044.49000000,119580.40000000,120044.50000000,119446.22000000
13/08/2025 09:00,120116.02000000,120044.50000000,120169.76000000,119771.88000000
13/08/2025 10:00,120496.00000000,120116.02000000,120496.00000000,120047.58000000
13/08/2025 11:00,120570.41000000,120496.00000000,120732.94000000,120432.21000000
13/08/2025 12:00,120273.72000000,120570.41000000,120686.00000000,120209.51000000
13/08/2025 13:00,121767.97000000,120273.72000000,122051.99000000,120106.02000000
13/08/2025 14:00,120890.73000000,121767.97000000,122200.00000000,120759.37000000
13/08/2025 15:00,120920.62000000,120890.74000000,121343.06000000,120309.73000000
13/08/2025 16:00,121421.77000000,120920.61000000,121721.30000000,120920.61000000
13/08/2025 17:00,121823.24000000,121421.77000000,121887.53000000,121421.76000000
13/08/2025 18:00,121639.20000000,121823.25000000,121954.51000000,121429.36000000
13/08/2025 19:00,122744.21000000,121639.19000000,122839.47000000,121524.27000000
13/08/2025 20:00,122904.01000000,122744.22000000,122973.00000000,122464.34000000
13/08/2025 21:00,122561.16000000,122904.01000000,123000.00000000,122298.20000000
13/08/2025 22:00,122954.03000000,122561.17000000,123637.68000000,122561.16000000
13/08/2025 23:00,123306.43000000,122954.03000000,123667.79000000,122907.05000000
14/08/2025 00:00,123847.83000000,123306.44000000,124474.00000000,123251.90000000
14/08/2025 01:00,123337.67000000,123847.82000000,123946.46000000,123337.66000000
14/08/2025 02:00,123662.53000000,123337.66000000,123689.98000000,123250.50000000
14/08/2025 03:00,123337.14000000,123662.53000000,123849.98000000,123295.21000000
14/08/2025 04:00,123003.17000000,123337.14000000,123428.60000000,123001.46000000
14/08/2025 05:00,122134.76000000,123003.17000000,123123.60000000,122080.00000000
14/08/2025 06:00,121771.27000000,122134.76000000,122134.76000000,121313.86000000
14/08/2025 07:00,121725.31000000,121771.27000000,122047.79000000,121538.28000000
14/08/2025 08:00,121637.78000000,121725.31000000,122045.90000000,121560.83000000
14/08/2025 09:00,121649.84000000,121637.78000000,121918.80000000,121528.55000000
14/08/2025 10:00,120933.00000000,121649.84000000,121772.90000000,120757.01000000
14/08/2025 11:00,120949.67000000,120932.99000000,121031.31000000,120694.00000000
14/08/2025 12:00,118866.37000000,120949.66000000,121183.06000000,117632.00000000
14/08/2025 13:00,118428.85000000,118866.37000000,119249.20000000,117727.73000000
14/08/2025 14:00,118799.01000000,118428.86000000,119361.45000000,118008.32000000
14/08/2025 15:00,118257.25000000,118799.02000000,118899.64000000,117879.87000000
14/08/2025 16:00,117866.42000000,118257.26000000,118257.26000000,117407.09000000
14/08/2025 17:00,117920.13000000,117866.42000000,118146.48000000,117500.00000000
14/08/2025 18:00,118089.75000000,117920.14000000,118214.78000000,117180.00000000
14/08/2025 19:00,117945.92000000,118089.75000000,118535.00000000,117920.00000000
14/08/2025 20:00,117866.16000000,117945.92000000,118146.55000000,117724.37000000
14/08/2025 21:00,117899.16000000,117866.16000000,118199.99000000,117302.33000000
14/08/2025 22:00,118285.46000000,117899.16000000,118349.01000000,117641.40000000
14/08/2025 23:00,118295.09000000,118285.47000000,118516.81000000,118239.68000000
15/08/2025 00:00,118181.97000000,118295.09000000,118473.18000000,118032.94000000
15/08/2025 01:00,118681.64000000,118181.98000000,118736.00000000,118032.32000000
15/08/2025 02:00,118698.00000000,118681.63000000,118888.00000000,118584.20000000
15/08/2025 03:00,118968.91000000,118698.00000000,119077.71000000,118604.41000000
15/08/2025 04:00,118833.03000000,118968.91000000,119199.20000000,118770.00000000
15/08/2025 05:00,118984.29000000,118833.04000000,119000.00000000,118629.58000000
15/08/2025 06:00,119082.82000000,118984.29000000,119216.82000000,118866.01000000
15/08/2025 07:00,118956.45000000,119082.83000000,119100.00000000,118758.80000000
15/08/2025 08:00,118878.72000000,118956.45000000,119144.50000000,118878.71000000
15/08/2025 09:00,118707.99000000,118878.72000000,119058.94000000,118600.00000000
15/08/2025 10:00,118879.83000000,118708.00000000,119026.53000000,118708.00000000
15/08/2025 11:00,119006.01000000,118879.82000000,119121.31000000,118879.82000000
15/08/2025 12:00,118648.66000000,119006.01000000,119130.77000000,118510.00000000
15/08/2025 13:00,117770.48000000,118648.66000000,118738.00000000,117743.21000000
15/08/2025 14:00,117400.00000000,117770.47000000,118274.00000000,117260.00000000
15/08/2025 15:00,117275.22000000,117400.00000000,117588.68000000,116827.29000000
15/08/2025 16:00,117353.36000000,117275.23000000,117418.49000000,116803.99000000
15/08/2025 17:00,117586.92000000,117353.36000000,117882.35000000,117000.00000000
15/08/2025 18:00,117159.66000000,117586.92000000,117662.41000000,117028.98000000
15/08/2025 19:00,116936.27000000,117159.65000000,117412.82000000,116866.00000000
15/08/2025 20:00,117280.00000000,116936.28000000,117323.47000000,116862.50000000
15/08/2025 21:00,117320.02000000,117280.01000000,117350.00000000,117000.00000000
15/08/2025 22:00,117702.00000000,117320.01000000,117738.57000000,117302.65000000
15/08/2025 23:00,117342.05000000,117701.99000000,117761.88000000,117036.53000000
16/08/2025 00:00,117735.21000000,117342.04000000,117781.99000000,117231.14000000
16/08/2025 01:00,117821.60000000,117735.20000000,117898.99000000,117626.31000000
16/08/2025 02:00,117505.51000000,117821.61000000,117821.61000000,117440.74000000
16/08/2025 03:00,117429.63000000,117505.52000000,117657.97000000,117389.56000000
16/08/2025 04:00,117815.66000000,117429.63000000,117884.00000000,117419.44000000
16/08/2025 05:00,117595.78000000,117815.66000000,117852.25000000,117522.70000000
16/08/2025 06:00,117394.65000000,117595.78000000,117635.42000000,117278.00000000
16/08/2025 07:00,117596.07000000,117394.64000000,117674.77000000,117344.69000000
16/08/2025 08:00,117631.09000000,117596.07000000,117677.06000000,117501.16000000
16/08/2025 09:00,117312.00000000,117631.09000000,117703.92000000,117306.00000000
16/08/2025 10:00,117388.00000000,117312.00000000,117447.05000000,117143.98000000
16/08/2025 11:00,117378.52000000,117387.99000000,117540.00000000,117350.12000000
16/08/2025 12:00,117747.36000000,117378.52000000,117747.36000000,117327.63000000
16/08/2025 13:00,117623.52000000,117747.35000000,117799.99000000,117582.29000000
16/08/2025 14:00,117771.39000000,117623.53000000,117771.40000000,117550.00000000
16/08/2025 15:00,117676.70000000,117771.40000000,117825.00000000,117621.10000000
16/08/2025 16:00,117747.65000000,117676.70000000,117817.65000000,117676.70000000
16/08/2025 17:00,117693.00000000,117747.64000000,117747.65000000,117651.72000000
16/08/2025 18:00,117685.79000000,117692.99000000,117757.06000000,117629.94000000
16/08/2025 19:00,117672.12000000,117685.78000000,117771.40000000,117652.92000000
16/08/2025 20:00,117655.41000000,117672.13000000,117713.51000000,117522.01000000
16/08/2025 21:00,117452.21000000,117655.41000000,117655.42000000,117433.33000000
16/08/2025 22:00,117460.56000000,117452.21000000,117552.00000000,117219.34000000
16/08/2025 23:00,117380.66000000,117460.57000000,117475.07000000,117278.23000000
17/08/2025 00:00,117255.19000000,117380.66000000,117419.45000000,117255.18000000
17/08/2025 01:00,117439.97000000,117255.18000000,117491.44000000,117172.21000000
17/08/2025 02:00,117606.00000000,117439.97000000,117624.55000000,117381.39000000
17/08/2025 03:00,117684.95000000,117606.00000000,117771.37000000,117505.93000000
17/08/2025 04:00,118076.11000000,117684.96000000,118187.28000000,117684.95000000
17/08/2025 05:00,118000.01000000,118076.12000000,118230.82000000,118000.00000000
17/08/2025 06:00,117923.99000000,118000.00000000,118118.00000000,117905.37000000
17/08/2025 07:00,118005.98000000,117924.00000000,118030.15000000,117843.74000000
17/08/2025 08:00,118366.06000000,118005.98000000,118399.99000000,117922.00000000
17/08/2025 09:00,118345.99000000,118366.05000000,118484.00000000,118235.00000000
17/08/2025 10:00,118393.34000000,118345.99000000,118393.35000000,118190.00000000
17/08/2025 11:00,118308.01000000,118393.34000000,118393.35000000,118270.80000000
17/08/2025 12:00,118162.60000000,118308.00000000,118356.62000000,118134.51000000
17/08/2025 13:00,118429.99000000,118162.61000000,118575.00000000,118059.12000000
17/08/2025 14:00,118150.01000000,118429.99000000,118473.66000000,118150.00000000
17/08/2025 15:00,118246.16000000,118150.01000000,118263.90000000,118137.25000000
17/08/2025 16:00,117834.56000000,118246.15000000,118316.01000000,117700.70000000
17/08/2025 17:00,117900.00000000,117834.55000000,117934.82000000,117645.04000000
17/08/2025 18:00,117542.01000000,117900.01000000,117947.98000000,117321.53000000
17/08/2025 19:00,117570.07000000,117542.01000000,117749.12000000,117468.00000000
17/08/2025 20:00,117599.44000000,117570.07000000,117749.32000000,117508.49000000
17/08/2025 21:00,117700.00000000,117599.44000000,117781.38000000,117599.43000000
17/08/2025 22:00,117954.99000000,117700.01000000,117995.37000000,117688.50000000
17/08/2025 23:00,117405.01000000,117955.00000000,117978.42000000,117371.65000000
18/08/2025 00:00,117290.19000000,117405.01000000,117543.75000000,117020.00000000
18/08/2025 01:00,116269.54000000,117290.20000000,117409.87000000,116166.03000000
18/08/2025 02:00,115453.24000000,116269.53000000,116339.61000000,115292.67000000
18/08/2025 03:00,115319.00000000,115452.00000000,115636.89000000,115000.00000000
18/08/2025 04:00,115469.51000000,115319.00000000,115533.89000000,115079.91000000
18/08/2025 05:00,115687.99000000,115469.52000000,115688.00000000,115000.00000000
18/08/2025 06:00,115245.56000000,115687.99000000,115712.49000000,114878.71000000
18/08/2025 07:00,115205.98000000,115245.56000000,115477.20000000,115186.56000000
18/08/2025 08:00,115135.43000000,115205.99000000,115402.51000000,115068.58000000
18/08/2025 09:00,115038.46000000,115135.43000000,115135.44000000,114640.14000000
18/08/2025 10:00,115058.58000000,115038.46000000,115261.69000000,114985.00000000
18/08/2025 11:00,114947.27000000,115058.58000000,115127.54000000,114860.62000000
18/08/2025 12:00,115519.99000000,114947.27000000,115520.00000000,114902.94000000
18/08/2025 13:00,114839.13000000,115520.00000000,115736.54000000,114825.00000000
18/08/2025 14:00,115633.73000000,114839.14000000,115633.73000000,114839.14000000
18/08/2025 15:00,116145.34000000,115633.72000000,116186.97000000,115402.00000000
18/08/2025 16:00,115962.24000000,116145.34000000,116350.00000000,115818.86000000
18/08/2025 17:00,116428.99000000,115962.24000000,116800.00000000,115962.23000000
18/08/2025 18:00,116481.81000000,116428.98000000,116579.16000000,116238.71000000
18/08/2025 19:00,116313.99000000,116481.80000000,116639.35000000,116204.00000000
18/08/2025 20:00,116407.99000000,116314.00000000,116529.50000000,115980.32000000
18/08/2025 21:00,116648.99000000,116407.99000000,116675.67000000,116403.76000000
18/08/2025 22:00,116399.99000000,116649.00000000,116980.00000000,116394.12000000
18/08/2025 23:00,116227.05000000,116400.00000000,116564.38000000,116089.00000000
19/08/2025 00:00,116563.13000000,116227.05000000,116563.55000000,115516.82000000
19/08/2025 01:00,115798.00000000,116563.12000000,116725.69000000,115710.03000000
19/08/2025 02:00,115747.08000000,115798.00000000,116051.00000000,115635.63000000
19/08/2025 03:00,114810.00000000,115747.09000000,115771.98000000,114787.23000000
19/08/2025 04:00,115305.99000000,114810.01000000,115372.55000000,114366.00000000
19/08/2025 05:00,114972.90000000,115306.00000000,115483.24000000,114944.16000000
19/08/2025 06:00,115019.99000000,114972.90000000,115219.99000000,114914.26000000
19/08/2025 07:00,114978.14000000,115019.99000000,115056.00000000,114600.74000000
19/08/2025 08:00,115186.48000000,114978.15000000,115300.00000000,114804.00000000
19/08/2025 09:00,115322.70000000,115186.47000000,115488.27000000,115185.92000000
19/08/2025 10:00,115400.00000000,115322.69000000,115577.60000000,115317.92000000
19/08/2025 11:00,115508.71000000,115400.00000000,115650.00000000,115400.00000000
19/08/2025 12:00,115599.99000000,115508.71000000,115617.84000000,115282.70000000
19/08/2025 13:00,115192.00000000,115600.00000000,115875.84000000,114869.60000000
19/08/2025 14:00,113882.66000000,115192.00000000,115378.82000000,113770.34000000
19/08/2025 15:00,113786.38000000,113882.66000000,114177.58000000,113587.68000000
19/08/2025 16:00,113388.30000000,113786.39000000,113897.58000000,113346.28000000
19/08/2025 17:00,113520.11000000,113388.31000000,113596.07000000,113107.07000000
19/08/2025 18:00,113069.61000000,113520.11000000,113520.11000000,112837.11000000
19/08/2025 19:00,113132.48000000,113069.61000000,113552.03000000,112767.06000000
19/08/2025 20:00,113570.44000000,113132.49000000,113570.44000000,112927.82000000
19/08/2025 21:00,113419.11000000,113570.44000000,113589.48000000,113413.14000000
19/08/2025 22:00,113174.42000000,113419.10000000,113440.43000000,113060.00000000
19/08/2025 23:00,112872.94000000,113174.42000000,113201.26000000,112732.58000000
20/08/2025 00:00,113215.50000000,112872.95000000,113320.00000000,112843.14000000
20/08/2025 01:00,112996.93000000,113215.49000000,113413.23000000,112566.01000000
20/08/2025 02:00,113438.29000000,112996.93000000,113500.00000000,112944.68000000
20/08/2025 03:00,113525.91000000,113438.29000000,113636.13000000,113319.45000000
20/08/2025 04:00,113633.47000000,113525.90000000,113700.00000000,113460.29000000
20/08/2025 05:00,113708.00000000,113633.47000000,113767.44000000,113464.02000000
20/08/2025 06:00,113653.28000000,113707.99000000,113734.23000000,113500.00000000
20/08/2025 07:00,113490.13000000,113653.28000000,113837.93000000,113432.00000000
20/08/2025 08:00,114010.00000000,113490.14000000,114016.77000000,113401.00000000
20/08/2025 09:00,113699.98000000,114010.00000000,114010.01000000,113628.65000000
20/08/2025 10:00,113792.20000000,113699.98000000,113869.50000000,113587.68000000
20/08/2025 11:00,113666.68000000,113792.19000000,113859.26000000,113060.08000000
20/08/2025 12:00,113659.01000000,113666.69000000,113944.00000000,113512.88000000
20/08/2025 13:00,112693.15000000,113659.01000000,113659.01000000,112600.00000000
20/08/2025 14:00,113465.84000000,112693.14000000,113854.34000000,112380.00000000
20/08/2025 15:00,113353.94000000,113465.84000000,114326.35000000,113229.43000000
20/08/2025 16:00,113839.99000000,113353.94000000,114309.16000000,113278.49000000
20/08/2025 17:00,114197.53000000,113839.99000000,114444.00000000,113781.16000000
20/08/2025 18:00,113490.01000000,114197.54000000,114269.63000000,113264.01000000
20/08/2025 19:00,114276.66000000,113490.00000000,114337.31000000,113472.38000000
20/08/2025 20:00,114370.00000000,114276.66000000,114375.27000000,114000.00000000
20/08/2025 21:00,114356.24000000,114370.00000000,114476.13000000,114000.00000000
20/08/2025 22:00,114595.19000000,114356.24000000,114615.38000000,114206.89000000
20/08/2025 23:00,114271.24000000,114595.19000000,114608.77000000,114220.00000000
21/08/2025 00:00,114292.14000000,114271.23000000,114493.10000000,114010.87000000
21/08/2025 01:00,114729.94000000,114292.14000000,114736.00000000,113954.13000000
21/08/2025 02:00,114038.00000000,114729.93000000,114821.76000000,113906.01000000
21/08/2025 03:00,113954.62000000,114038.00000000,114531.29000000,113954.61000000
21/08/2025 04:00,113800.00000000,113954.62000000,114033.84000000,113800.00000000
21/08/2025 05:00,113995.12000000,113800.01000000,114010.83000000,113637.00000000
21/08/2025 06:00,113807.20000000,113995.12000000,113995.12000000,113609.88000000
21/08/2025 07:00,113896.03000000,113807.20000000,113944.74000000,113582.43000000
21/08/2025 08:00,113588.45000000,113896.03000000,113990.00000000,113588.45000000
21/08/2025 09:00,113376.85000000,113588.46000000,113616.58000000,113300.00000000
21/08/2025 10:00,113329.74000000,113376.85000000,113479.97000000,113230.00000000
21/08/2025 11:00,113148.66000000,113329.74000000,113542.47000000,113000.00000000
21/08/2025 12:00,113095.29000000,113148.65000000,113416.69000000,112950.00000000
21/08/2025 13:00,113486.98000000,113095.30000000,113713.56000000,113055.93000000
21/08/2025 14:00,113281.99000000,113486.98000000,113995.11000000,112913.39000000
21/08/2025 15:00,112792.08000000,113282.00000000,113386.31000000,112608.64000000
21/08/2025 16:00,112379.58000000,112792.08000000,112969.47000000,112333.33000000
21/08/2025 17:00,112410.91000000,112379.58000000,112596.90000000,112201.00000000
21/08/2025 18:00,112602.62000000,112410.92000000,112682.20000000,112224.67000000
21/08/2025 19:00,112193.71000000,112602.62000000,112724.74000000,112015.67000000
21/08/2025 20:00,112450.30000000,112193.71000000,112870.94000000,112067.46000000
21/08/2025 21:00,112628.76000000,112450.31000000,112734.51000000,112100.00000000
21/08/2025 22:00,112511.20000000,112628.75000000,112712.70000000,112425.35000000
21/08/2025 23:00,112500.00000000,112511.19000000,112511.20000000,112272.04000000
22/08/2025 00:00,112630.87000000,112500.00000000,112840.00000000,112489.42000000
22/08/2025 01:00,112840.08000000,112630.88000000,112924.37000000,112335.60000000
22/08/2025 02:00,113153.96000000,112840.08000000,113525.00000000,112784.68000000
22/08/2025 03:00,112929.24000000,113153.96000000,113441.45000000,112882.90000000
22/08/2025 04:00,112847.63000000,112929.24000000,113256.03000000,112708.81000000
22/08/2025 05:00,113241.99000000,112847.62000000,113285.59000000,112844.56000000
22/08/2025 06:00,112998.30000000,113241.98000000,113394.76000000,112844.00000000
22/08/2025 07:00,113094.83000000,112998.30000000,113250.00000000,112950.00000000
22/08/2025 08:00,112980.34000000,113094.83000000,113319.30000000,112950.00000000
22/08/2025 09:00,113049.67000000,112980.34000000,113128.00000000,112815.55000000
22/08/2025 10:00,112534.54000000,113049.67000000,113060.00000000,112512.74000000
22/08/2025 11:00,112320.00000000,112534.54000000,112629.40000000,112177.27000000
22/08/2025 12:00,112341.50000000,112320.01000000,112713.93000000,111684.79000000
22/08/2025 13:00,112487.11000000,112341.50000000,112662.27000000,111932.28000000
22/08/2025 14:00,115808.23000000,112487.10000000,116116.11000000,112468.35000000
22/08/2025 15:00,116370.75000000,115808.24000000,117296.12000000,115808.23000000
22/08/2025 16:00,116146.47000000,116370.75000000,116783.22000000,116116.00000000
22/08/2025 17:00,117024.00000000,116146.48000000,117032.84000000,116146.48000000
22/08/2025 18:00,116805.27000000,117024.01000000,117429.05000000,116750.00000000
22/08/2025 19:00,116655.79000000,116805.27000000,116914.30000000,116520.00000000
22/08/2025 20:00,117052.65000000,116655.79000000,117127.44000000,116570.17000000
22/08/2025 21:00,117028.27000000,117052.65000000,117174.43000000,116829.34000000
22/08/2025 22:00,116757.18000000,117028.27000000,117057.14000000,116550.96000000
22/08/2025 23:00,116935.99000000,116757.18000000,116937.56000000,116674.51000000
23/08/2025 00:00,116870.22000000,116936.00000000,117030.00000000,116726.64000000
23/08/2025 01:00,116453.59000000,116870.22000000,116882.16000000,116300.00000000
23/08/2025 02:00,115927.98000000,116453.59000000,116547.95000000,115500.00000000
23/08/2025 03:00,115568.77000000,115927.98000000,116044.55000000,115458.20000000
23/08/2025 04:00,115926.77000000,115568.77000000,115980.00000000,115551.20000000
23/08/2025 05:00,115954.51000000,115926.77000000,116034.53000000,115800.01000000
23/08/2025 06:00,115781.16000000,115954.51000000,116015.69000000,115690.83000000
23/08/2025 07:00,115799.47000000,115781.16000000,115928.00000000,115669.76000000
23/08/2025 08:00,115746.12000000,115799.46000000,115861.80000000,115607.46000000
23/08/2025 09:00,115765.82000000,115746.12000000,115782.03000000,115605.27000000
23/08/2025 10:00,115575.72000000,115765.81000000,115780.59000000,115575.72000000
23/08/2025 11:00,115310.13000000,115575.73000000,115616.63000000,115223.43000000
23/08/2025 12:00,115213.60000000,115310.13000000,115486.97000000,115175.48000000
23/08/2025 13:00,114864.92000000,115213.60000000,115213.60000000,114735.57000000
23/08/2025 14:00,114621.47000000,114864.92000000,115081.59000000,114620.00000000
23/08/2025 15:00,114812.87000000,114621.48000000,114966.87000000,114560.00000000
23/08/2025 16:00,115020.00000000,114812.88000000,115097.92000000,114684.11000000
23/08/2025 17:00,115087.97000000,115020.00000000,115167.78000000,114947.46000000
23/08/2025 18:00,115145.77000000,115087.97000000,115190.74000000,115035.11000000
23/08/2025 19:00,115133.91000000,115145.77000000,115173.86000000,115051.32000000
23/08/2025 20:00,115325.81000000,115133.92000000,115325.82000000,115108.23000000
23/08/2025 21:00,115028.00000000,115325.81000000,115325.82000000,115001.88000000
23/08/2025 22:00,115317.85000000,115028.01000000,115317.86000000,115028.00000000
23/08/2025 23:00,115438.05000000,115317.86000000,115454.12000000,115244.70000000
24/08/2025 00:00,115375.35000000,115438.06000000,115549.44000000,115315.33000000
24/08/2025 01:00,115473.99000000,115375.36000000,115584.09000000,115196.00000000
24/08/2025 02:00,115005.15000000,115473.99000000,115666.68000000,115000.00000000
24/08/2025 03:00,115036.00000000,115005.15000000,115161.24000000,114934.21000000
24/08/2025 04:00,115174.30000000,115036.01000000,115283.21000000,115036.00000000
24/08/2025 05:00,114996.01000000,115174.30000000,115206.55000000,114930.65000000
24/08/2025 06:00,114862.40000000,114996.01000000,115062.77000000,114846.14000000
24/08/2025 07:00,114888.19000000,114862.40000000,115124.86000000,114855.64000000
24/08/2025 08:00,114838.02000000,114888.19000000,114979.55000000,114750.01000000
24/08/2025 09:00,114841.17000000,114838.02000000,115060.99000000,114668.00000000
24/08/2025 10:00,114790.40000000,114841.16000000,114956.66000000,114600.00000000
24/08/2025 11:00,114730.22000000,114790.40000000,114889.91000000,114620.13000000
24/08/2025 12:00,114673.81000000,114730.22000000,114846.40000000,114597.55000000
24/08/2025 13:00,114555.00000000,114673.80000000,114869.41000000,114555.00000000
24/08/2025 14:00,114514.05000000,114555.00000000,114657.00000000,114350.57000000
24/08/2025 15:00,114400.00000000,114514.05000000,114865.32000000,114400.00000000
24/08/2025 16:00,114275.00000000,114400.01000000,114541.93000000,114255.32000000
24/08/2025 17:00,114423.42000000,114275.00000000,114578.85000000,114236.00000000
24/08/2025 18:00,114626.97000000,114423.43000000,114917.10000000,114301.22000000
24/08/2025 19:00,112600.00000000,114626.96000000,114790.75000000,110680.00000000
24/08/2025 20:00,112770.39000000,112600.00000000,112987.88000000,111632.85000000
24/08/2025 21:00,112988.39000000,112770.39000000,113406.80000000,112369.16000000
24/08/2025 22:00,113451.02000000,112988.40000000,113500.00000000,112614.42000000
24/08/2025 23:00,113493.59000000,113451.02000000,113692.97000000,113366.49000000
25/08/2025 00:00,112645.10000000,113493.59000000,113516.16000000,112159.00000000
25/08/2025 01:00,113066.94000000,112645.10000000,113140.06000000,112615.90000000
25/08/2025 02:00,113412.36000000,113066.95000000,113640.01000000,113066.94000000
25/08/2025 03:00,112916.84000000,113412.36000000,113667.28000000,112905.16000000
25/08/2025 04:00,112764.00000000,112916.84000000,113059.52000000,112611.78000000
25/08/2025 05:00,112310.00000000,112764.01000000,112863.24000000,112309.99000000
25/08/2025 06:00,111929.87000000,112310.00000000,112459.18000000,111756.60000000
25/08/2025 07:00,111511.55000000,111929.87000000,112165.19000000,111284.05000000
25/08/2025 08:00,111414.30000000,111511.56000000,111820.53000000,110991.28000000
25/08/2025 09:00,111800.01000000,111414.30000000,111850.13000000,111259.76000000
25/08/2025 10:00,110984.03000000,111800.00000000,111806.99000000,110939.40000000
25/08/2025 11:00,111214.97000000,110984.04000000,111279.91000000,110929.48000000
25/08/2025 12:00,111586.31000000,111214.97000000,111682.49000000,111072.00000000
25/08/2025 13:00,111491.69000000,111586.30000000,111754.82000000,110588.00000000
25/08/2025 14:00,112260.00000000,111491.70000000,112307.69000000,111326.49000000
25/08/2025 15:00,112200.64000000,112260.01000000,112580.00000000,111828.24000000
25/08/2025 16:00,112502.43000000,112200.65000000,112937.26000000,112022.00000000
25/08/2025 17:00,112431.40000000,112502.43000000,112800.00000000,112159.00000000
25/08/2025 18:00,112402.90000000,112431.40000000,112618.89000000,112250.13000000
25/08/2025 19:00,110716.13000000,112402.90000000,112430.16000000,110655.01000000
25/08/2025 20:00,109561.96000000,110716.13000000,111092.54000000,109390.01000000
25/08/2025 21:00,109888.01000000,109561.96000000,110280.50000000,109274.10000000
25/08/2025 22:00,110153.23000000,109888.01000000,110599.07000000,109888.00000000
25/08/2025 23:00,110111.98000000,110153.23000000,110267.55000000,109781.61000000
26/08/2025 00:00,109100.23000000,110111.98000000,110111.98000000,108854.19000000
26/08/2025 01:00,109897.20000000,109100.24000000,109910.68000000,108666.66000000
26/08/2025 02:00,109710.96000000,109897.21000000,110026.14000000,109505.04000000
26/08/2025 03:00,109879.56000000,109710.96000000,109927.99000000,109432.00000000
26/08/2025 04:00,110100.01000000,109879.57000000,110235.29000000,109879.57000000
26/08/2025 05:00,110196.01000000,110100.01000000,110375.58000000,110084.41000000
26/08/2025 06:00,109988.18000000,110196.00000000,110342.57000000,109900.00000000
26/08/2025 07:00,110303.20000000,109988.17000000,110547.31000000,109765.93000000
26/08/2025 08:00,110102.02000000,110303.20000000,110455.13000000,110000.00000000
26/08/2025 09:00,110152.89000000,110102.02000000,110413.54000000,110037.51000000
26/08/2025 10:00,110216.53000000,110152.90000000,110413.54000000,110064.12000000
26/08/2025 11:00,109876.52000000,110216.52000000,110224.09000000,109570.34000000
26/08/2025 12:00,110216.81000000,109876.53000000,110818.60000000,109612.00000000
26/08/2025 13:00,110094.66000000,110216.81000000,110265.31000000,109393.93000000
26/08/2025 14:00,110358.13000000,110094.66000000,110552.86000000,109800.00000000
26/08/2025 15:00,109666.33000000,110358.13000000,110561.76000000,109550.00000000
26/08/2025 16:00,110153.84000000,109666.34000000,110153.84000000,109450.00000000
26/08/2025 17:00,109988.07000000,110153.83000000,110205.68000000,109587.42000000
26/08/2025 18:00,110695.58000000,109988.07000000,110990.05000000,109966.64000000
26/08/2025 19:00,111116.03000000,110695.58000000,111162.59000000,110501.57000000
26/08/2025 20:00,111321.58000000,111116.03000000,111380.03000000,110918.26000000
26/08/2025 21:00,111584.60000000,111321.57000000,111584.61000000,111113.67000000
26/08/2025 22:00,111910.01000000,111584.60000000,111945.69000000,111557.09000000
26/08/2025 23:00,111763.22000000,111910.00000000,112371.00000000,111737.38000000
27/08/2025 00:00,111356.37000000,111763.22000000,111825.16000000,111339.22000000
27/08/2025 01:00,111299.48000000,111356.38000000,111469.07000000,111092.80000000
27/08/2025 02:00,111135.37000000,111299.48000000,111480.00000000,111105.45000000
27/08/2025 03:00,111418.15000000,111135.37000000,111723.92000000,110918.26000000
27/08/2025 04:00,111570.81000000,111418.15000000,111737.26000000,111403.29000000
27/08/2025 05:00,111372.18000000,111570.81000000,111685.57000000,111337.85000000
27/08/2025 06:00,111040.09000000,111372.18000000,111372.19000000,111028.02000000
27/08/2025 07:00,110725.18000000,111040.10000000,111129.94000000,110622.50000000
27/08/2025 08:00,110756.01000000,110725.19000000,110837.77000000,110345.42000000
27/08/2025 09:00,110810.78000000,110756.00000000,111125.32000000,110720.06000000
27/08/2025 10:00,110975.12000000,110810.77000000,111267.70000000,110810.77000000
27/08/2025 11:00,111322.07000000,110975.12000000,111374.45000000,110975.11000000
27/08/2025 12:00,111344.42000000,111322.07000000,111397.74000000,111022.78000000
27/08/2025 13:00,111487.24000000,111344.43000000,111895.25000000,111019.02000000
27/08/2025 14:00,111815.94000000,111487.24000000,112625.00000000,111283.97000000
27/08/2025 15:00,112000.00000000,111815.94000000,112084.43000000,111505.00000000
27/08/2025 16:00,112121.46000000,111999.99000000,112250.00000000,111541.23000000
27/08/2025 17:00,112345.29000000,112121.45000000,112444.10000000,111897.43000000
27/08/2025 18:00,111947.21000000,112345.30000000,112600.00000000,111928.00000000
27/08/2025 19:00,112080.69000000,111947.22000000,112212.06000000,111576.24000000
27/08/2025 20:00,112419.07000000,112080.68000000,112419.09000000,110921.79000000
27/08/2025 21:00,111528.19000000,112419.08000000,112452.05000000,111368.15000000
27/08/2025 22:00,111409.54000000,111528.19000000,111610.06000000,111051.00000000
27/08/2025 23:00,111262.01000000,111409.54000000,111544.00000000,111102.28000000
28/08/2025 00:00,111338.92000000,111262.01000000,111535.09000000,110862.42000000
28/08/2025 01:00,111647.70000000,111338.93000000,111714.28000000,111334.89000000
28/08/2025 02:00,111500.00000000,111647.71000000,111761.58000000,111446.07000000
28/08/2025 03:00,112000.01000000,111499.99000000,112042.04000000,111408.00000000
28/08/2025 04:00,112965.90000000,112000.00000000,113082.48000000,111945.07000000
28/08/2025 05:00,112853.24000000,112965.89000000,113160.00000000,112702.13000000
28/08/2025 06:00,113213.78000000,112853.24000000,113284.41000000,112716.00000000
28/08/2025 07:00,113114.11000000,113213.79000000,113360.00000000,113005.92000000
28/08/2025 08:00,113128.49000000,113114.11000000,113351.51000000,113006.66000000
28/08/2025 09:00,112856.89000000,113128.49000000,113139.80000000,112850.40000000
28/08/2025 10:00,113127.53000000,112856.89000000,113127.53000000,112826.22000000
28/08/2025 11:00,112909.18000000,113127.53000000,113152.97000000,112850.00000000
28/08/2025 12:00,113239.44000000,112909.18000000,113340.01000000,112781.68000000
28/08/2025 13:00,112832.00000000,113239.44000000,113485.90000000,112575.43000000
28/08/2025 14:00,113153.06000000,112832.75000000,113300.00000000,112528.15000000
28/08/2025 15:00,112678.53000000,113153.07000000,113250.00000000,112391.56000000
28/08/2025 16:00,112329.44000000,112678.53000000,113186.56000000,112329.44000000
28/08/2025 17:00,112387.99000000,112329.44000000,112617.86000000,112215.32000000
28/08/2025 18:00,112373.59000000,112388.00000000,112718.20000000,112230.76000000
28/08/2025 19:00,111901.36000000,112373.58000000,112575.84000000,111901.35000000
28/08/2025 20:00,111902.49000000,111901.36000000,112111.05000000,111872.06000000
28/08/2025 21:00,112025.07000000,111902.50000000,112133.65000000,111900.00000000
28/08/2025 22:00,112340.64000000,112025.07000000,112509.33000000,112025.06000000
28/08/2025 23:00,112566.90000000,112340.64000000,112575.98000000,112305.15000000
29/08/2025 00:00,112200.94000000,112566.90000000,112638.64000000,112129.13000000
29/08/2025 01:00,111486.00000000,112200.94000000,112271.38000000,111425.28000000
29/08/2025 02:00,111419.98000000,111486.00000000,111770.44000000,111361.35000000
29/08/2025 03:00,111704.23000000,111419.98000000,111823.19000000,111302.27000000
29/08/2025 04:00,111502.00000000,111704.24000000,111850.56000000,111420.87000000
29/08/2025 05:00,111315.42000000,111502.01000000,111583.13000000,111133.64000000
29/08/2025 06:00,111279.45000000,111315.42000000,111401.06000000,110955.41000000
29/08/2025 07:00,110019.38000000,111279.45000000,111279.45000000,109899.99000000
29/08/2025 08:00,109628.02000000,110019.38000000,110270.30000000,109610.00000000
29/08/2025 09:00,109772.71000000,109628.02000000,109924.39000000,109414.18000000
29/08/2025 10:00,110008.01000000,109772.71000000,110028.00000000,109750.00000000
29/08/2025 11:00,110098.81000000,110008.00000000,110161.93000000,109835.29000000
29/08/2025 12:00,110728.00000000,110098.81000000,111517.07000000,110070.73000000
29/08/2025 13:00,109106.14000000,110728.01000000,110780.57000000,108900.00000000
29/08/2025 14:00,108198.67000000,109106.14000000,109560.14000000,108103.00000000
29/08/2025 15:00,108386.23000000,108198.66000000,108727.38000000,108188.39000000
29/08/2025 16:00,108705.67000000,108386.23000000,108832.00000000,108140.00000000
29/08/2025 17:00,108466.01000000,108705.68000000,108725.50000000,108155.73000000
29/08/2025 18:00,108145.40000000,108466.01000000,108500.00000000,108101.07000000
29/08/2025 19:00,108212.01000000,108145.40000000,108744.00000000,107934.24000000
29/08/2025 20:00,107770.78000000,108212.01000000,108263.02000000,107506.00000000
29/08/2025 21:00,108450.01000000,107770.78000000,108470.75000000,107463.90000000
29/08/2025 22:00,108378.97000000,108450.00000000,108480.49000000,108207.79000000
29/08/2025 23:00,108377.40000000,108378.98000000,108549.99000000,108322.79000000
30/08/2025 00:00,108300.71000000,108377.40000000,108410.73000000,108139.49000000
30/08/2025 01:00,107447.97000000,108300.70000000,108350.00000000,107350.10000000
30/08/2025 02:00,107782.01000000,107447.97000000,107951.77000000,107384.00000000
30/08/2025 03:00,108436.20000000,107782.01000000,108436.21000000,107769.48000000
30/08/2025 04:00,108435.59000000,108436.21000000,108697.28000000,108372.95000000
30/08/2025 05:00,108347.20000000,108435.58000000,108480.71000000,108129.30000000
30/08/2025 06:00,108320.00000000,108347.20000000,108554.73000000,108209.35000000
30/08/2025 07:00,108524.26000000,108320.00000000,108524.26000000,108120.00000000
30/08/2025 08:00,108568.00000000,108524.26000000,108777.43000000,108488.00000000
30/08/2025 09:00,108517.63000000,108568.00000000,108604.82000000,108470.84000000
30/08/2025 10:00,108425.99000000,108517.63000000,108690.49000000,108400.00000000
30/08/2025 11:00,108680.01000000,108425.98000000,108714.35000000,108422.36000000
30/08/2025 12:00,108614.86000000,108680.01000000,108680.01000000,108333.00000000
30/08/2025 13:00,108531.14000000,108614.85000000,108614.86000000,108190.52000000
30/08/2025 14:00,108661.99000000,108531.14000000,108740.16000000,108408.84000000
30/08/2025 15:00,108869.98000000,108662.00000000,108926.15000000,108551.08000000
30/08/2025 16:00,108815.72000000,108869.98000000,108879.96000000,108665.63000000
30/08/2025 17:00,108784.71000000,108815.72000000,108898.17000000,108625.46000000
30/08/2025 18:00,108739.72000000,108784.71000000,108839.13000000,108629.28000000
30/08/2025 19:00,108828.33000000,108739.72000000,108900.00000000,108650.00000000
30/08/2025 20:00,108648.00000000,108828.32000000,108838.27000000,108580.93000000
30/08/2025 21:00,108588.67000000,108648.00000000,108682.81000000,108500.00000000
30/08/2025 22:00,108531.12000000,108588.67000000,108595.90000000,108468.77000000
30/08/2025 23:00,108816.33000000,108531.13000000,108816.34000000,108530.15000000
31/08/2025 00:00,109389.08000000,108816.33000000,109400.00000000,108801.35000000
31/08/2025 01:00,109429.01000000,109389.09000000,109480.02000000,109141.60000000
31/08/2025 02:00,109224.87000000,109429.02000000,109439.54000000,109171.97000000
31/08/2025 03:00,109223.84000000,109224.88000000,109378.93000000,109160.05000000
31/08/2025 04:00,108816.32000000,109223.84000000,109231.41000000,108666.93000000
31/08/2025 05:00,108756.85000000,108816.33000000,108816.33000000,108572.00000000
31/08/2025 06:00,108716.65000000,108756.85000000,108778.27000000,108523.49000000
31/08/2025 07:00,108708.26000000,108716.65000000,108829.17000000,108670.00000000
31/08/2025 08:00,109011.67000000,108708.25000000,109030.51000000,108708.25000000
31/08/2025 09:00,108507.68000000,109011.67000000,109100.00000000,108447.60000000
31/08/2025 10:00,108560.23000000,108507.68000000,108628.63000000,108303.21000000
31/08/2025 11:00,108389.76000000,108560.23000000,108597.19000000,108323.73000000
31/08/2025 12:00,108309.20000000,108389.77000000,108486.13000000,108307.69000000
31/08/2025 13:00,108418.02000000,108309.21000000,108451.45000000,108191.29000000
31/08/2025 14:00,108467.33000000,108418.02000000,108515.68000000,108255.43000000
31/08/2025 15:00,108818.69000000,108467.32000000,108858.43000000,108462.60000000
31/08/2025 16:00,108922.79000000,108818.69000000,108978.00000000,108555.00000000
31/08/2025 17:00,108993.87000000,108922.79000000,108993.88000000,108852.89000000
31/08/2025 18:00,109146.62000000,108993.88000000,109237.51000000,108927.50000000
31/08/2025 19:00,108930.00000000,109146.62000000,109167.84000000,108916.28000000
31/08/2025 20:00,109117.99000000,108930.00000000,109118.00000000,108880.00000000
31/08/2025 21:00,109037.29000000,109118.00000000,109118.00000000,108957.12000000
31/08/2025 22:00,108900.46000000,109037.30000000,109230.00000000,108758.37000000
31/08/2025 23:00,108246.35000000,108900.45000000,108917.36000000,108076.93000000
01/09/2025 00:00,108222.37000000,108246.36000000,108406.18000000,107631.68000000
01/09/2025 01:00,108150.24000000,108222.37000000,108482.98000000,107968.09000000
01/09/2025 02:00,107617.05000000,108150.24000000,108197.67000000,107425.42000000
01/09/2025 03:00,107660.01000000,107617.05000000,107769.94000000,107393.00000000
01/09/2025 04:00,107409.10000000,107660.00000000,107759.99000000,107279.51000000
01/09/2025 05:00,107866.12000000,107409.09000000,107987.40000000,107255.00000000
01/09/2025 06:00,108064.75000000,107866.13000000,108128.00000000,107594.42000000
01/09/2025 07:00,109432.99000000,108064.76000000,109432.99000000,107984.79000000
01/09/2025 08:00,109590.00000000,109432.99000000,109820.02000000,109424.00000000
01/09/2025 09:00,109524.12000000,109590.00000000,109912.40000000,109485.57000000
01/09/2025 10:00,108571.41000000,109524.13000000,109535.32000000,108186.41000000
01/09/2025 11:00,108782.88000000,108571.42000000,108857.35000000,108464.00000000
01/09/2025 12:00,109108.27000000,108782.89000000,109165.47000000,108635.39000000
01/09/2025 13:00,109023.61000000,109108.27000000,109520.00000000,108936.44000000
01/09/2025 14:00,109146.60000000,109023.61000000,109332.28000000,108824.82000000
01/09/2025 15:00,108784.33000000,109146.59000000,109373.10000000,108566.00000000
01/09/2025 16:00,108774.23000000,108784.33000000,109096.00000000,108653.09000000
01/09/2025 17:00,108927.61000000,108774.23000000,108953.82000000,108391.30000000
01/09/2025 18:00,109240.00000000,108927.61000000,109267.22000000,108921.17000000
01/09/2025 19:00,109217.64000000,109240.00000000,109329.65000000,109160.27000000
01/09/2025 20:00,108877.38000000,109217.65000000,109217.65000000,108284.00000000
01/09/2025 21:00,107800.80000000,108877.39000000,108939.42000000,107459.49000000
01/09/2025 22:00,108444.96000000,107800.80000000,108500.04000000,107588.01000000
01/09/2025 23:00,109237.42000000,108444.96000000,109442.95000000,108428.45000000
02/09/2025 00:00,109040.36000000,109237.43000000,109337.64000000,108883.80000000
02/09/2025 01:00,109313.00000000,109040.36000000,109611.11000000,108993.00000000
02/09/2025 02:00,110246.01000000,109313.00000000,110272.06000000,109171.78000000
02/09/2025 03:00,110322.18000000,110246.00000000,110623.97000000,110060.12000000
02/09/2025 04:00,110310.56000000,110322.19000000,110420.00000000,110143.62000000
02/09/2025 05:00,110209.32000000,110310.56000000,110337.06000000,110045.01000000
02/09/2025 06:00,110376.63000000,110209.33000000,110610.50000000,110173.96000000
02/09/2025 07:00,110233.92000000,110376.63000000,110400.00000000,110000.00000000
02/09/2025 08:00,110360.00000000,110233.91000000,110711.10000000,110052.27000000
02/09/2025 09:00,110450.56000000,110360.01000000,110699.58000000,110256.94000000
02/09/2025 10:00,110246.00000000,110450.56000000,110477.85000000,110128.13000000
02/09/2025 11:00,109733.34000000,110246.00000000,110255.17000000,109563.87000000
02/09/2025 12:00,108795.99000000,109733.33000000,109836.34000000,108393.39000000
02/09/2025 13:00,111149.99000000,108796.00000000,111275.93000000,108733.88000000
02/09/2025 14:00,111360.01000000,111149.99000000,111771.52000000,110780.61000000
02/09/2025 15:00,110829.17000000,111360.00000000,111540.30000000,110628.85000000
02/09/2025 16:00,110785.85000000,110829.16000000,111119.58000000,110469.70000000
02/09/2025 17:00,110914.00000000,110785.85000000,111050.00000000,110628.85000000
02/09/2025 18:00,110646.47000000,110914.01000000,110945.30000000,110200.00000000
02/09/2025 19:00,110806.00000000,110646.47000000,110840.00000000,110441.42000000
02/09/2025 20:00,111418.49000000,110806.01000000,111419.18000000,110716.77000000
02/09/2025 21:00,111129.57000000,111418.49000000,111538.17000000,111129.57000000
02/09/2025 22:00,111259.99000000,111129.58000000,111260.00000000,110870.27000000
02/09/2025 23:00,111240.01000000,111260.00000000,111271.13000000,111017.79000000
03/09/2025 00:00,111339.98000000,111240.01000000,111782.21000000,111240.01000000
03/09/2025 01:00,111176.94000000,111339.98000000,111404.77000000,110901.06000000
03/09/2025 02:00,111372.00000000,111176.93000000,111484.05000000,111029.43000000
03/09/2025 03:00,111054.01000000,111372.00000000,111411.24000000,110892.14000000
03/09/2025 04:00,111020.68000000,111054.00000000,111151.99000000,110836.48000000
03/09/2025 05:00,110685.57000000,111020.68000000,111069.48000000,110666.00000000
03/09/2025 06:00,110724.00000000,110685.57000000,110879.89000000,110549.80000000
03/09/2025 07:00,111099.88000000,110724.00000000,111111.11000000,110528.71000000
03/09/2025 08:00,111019.99000000,111099.87000000,111279.48000000,110974.00000000
03/09/2025 09:00,111312.28000000,111019.99000000,111324.00000000,110889.29000000
03/09/2025 10:00,111449.99000000,111312.28000000,111491.74000000,111170.06000000
03/09/2025 11:00,111437.77000000,111450.00000000,111708.00000000,111388.24000000
03/09/2025 12:00,111112.00000000,111437.77000000,111858.57000000,111031.61000000
03/09/2025 13:00,111475.07000000,111112.00000000,111920.70000000,111065.56000000
03/09/2025 14:00,112261.37000000,111475.08000000,112500.00000000,111118.43000000
03/09/2025 15:00,112222.74000000,112261.37000000,112376.70000000,111910.24000000
03/09/2025 16:00,111858.66000000,112222.73000000,112336.00000000,111686.24000000
03/09/2025 17:00,112312.64000000,111858.65000000,112575.27000000,111858.65000000
03/09/2025 18:00,112000.00000000,112312.64000000,112516.35000000,111800.00000000
03/09/2025 19:00,112193.74000000,112000.00000000,112252.33000000,111781.63000000
03/09/2025 20:00,112211.31000000,112193.74000000,112250.00000000,112052.10000000
03/09/2025 21:00,111989.67000000,112211.30000000,112250.00000000,111759.50000000
03/09/2025 22:00,111947.48000000,111989.68000000,112150.00000000,111839.86000000
03/09/2025 23:00,111705.71000000,111947.47000000,111980.00000000,111613.98000000
04/09/2025 00:00,112065.61000000,111705.72000000,112180.00000000,111619.86000000
04/09/2025 01:00,111947.48000000,112065.60000000,112080.00000000,111641.63000000
04/09/2025 02:00,111450.15000000,111947.48000000,111980.01000000,111406.79000000
04/09/2025 03:00,111148.97000000,111450.16000000,111728.57000000,111136.00000000
04/09/2025 04:00,110917.45000000,111148.97000000,111318.84000000,110917.45000000
04/09/2025 05:00,110653.07000000,110917.46000000,110922.40000000,110569.36000000
04/09/2025 06:00,110393.95000000,110653.08000000,110729.00000000,110279.68000000
04/09/2025 07:00,110463.36000000,110393.95000000,110642.19000000,110343.72000000
04/09/2025 08:00,110640.97000000,110463.36000000,110858.60000000,110415.72000000
04/09/2025 09:00,110815.04000000,110640.96000000,110856.63000000,110640.96000000
04/09/2025 10:00,110628.86000000,110815.05000000,111154.93000000,110628.85000000
04/09/2025 11:00,110810.00000000,110628.86000000,111054.69000000,110546.48000000
04/09/2025 12:00,110933.94000000,110810.00000000,111123.99000000,110532.73000000
04/09/2025 13:00,110464.00000000,110933.94000000,110970.00000000,110217.13000000
04/09/2025 14:00,109842.01000000,110463.99000000,110523.98000000,109705.48000000
04/09/2025 15:00,109510.31000000,109842.01000000,109862.94000000,109329.12000000
04/09/2025 16:00,109438.34000000,109510.32000000,109688.00000000,109363.26000000
04/09/2025 17:00,109786.48000000,109438.35000000,109914.01000000,109428.98000000
04/09/2025 18:00,109977.00000000,109786.48000000,110218.39000000,109699.15000000
04/09/2025 19:00,109799.99000000,109977.00000000,110113.19000000,109713.31000000
04/09/2025 20:00,110408.02000000,109800.00000000,110409.46000000,109755.59000000
04/09/2025 21:00,110500.00000000,110408.01000000,110545.44000000,110328.96000000
04/09/2025 22:00,111490.73000000,110500.01000000,111588.66000000,110484.95000000
04/09/2025 23:00,110730.87000000,111490.74000000,111765.31000000,110605.72000000
05/09/2025 00:00,110451.62000000,110730.87000000,110929.30000000,110435.75000000
05/09/2025 01:00,111121.51000000,110451.63000000,111136.00000000,110451.63000000
05/09/2025 02:00,111340.65000000,111121.51000000,111482.09000000,111040.79000000
05/09/2025 03:00,111311.77000000,111340.64000000,111340.65000000,111096.67000000
05/09/2025 04:00,111445.00000000,111311.78000000,111468.20000000,111144.51000000
05/09/2025 05:00,111574.50000000,111445.00000000,111710.49000000,111407.57000000
05/09/2025 06:00,111911.99000000,111574.51000000,111914.53000000,111501.94000000
05/09/2025 07:00,112954.32000000,111912.00000000,112999.00000000,111883.49000000
05/09/2025 08:00,112618.51000000,112954.32000000,112985.00000000,112605.37000000
05/09/2025 09:00,112303.87000000,112618.51000000,112619.98000000,112131.02000000
05/09/2025 10:00,112256.36000000,112303.87000000,112571.90000000,112191.40000000
05/09/2025 11:00,112354.00000000,112256.36000000,112439.36000000,112138.15000000
05/09/2025 12:00,113214.78000000,112354.00000000,113384.62000000,112040.00000000
05/09/2025 13:00,113084.16000000,113214.78000000,113310.01000000,112706.71000000
05/09/2025 14:00,110569.99000000,113084.16000000,113084.16000000,110487.65000000
05/09/2025 15:00,110716.82000000,110569.99000000,111017.80000000,110286.91000000
05/09/2025 16:00,110815.40000000,110716.82000000,110929.30000000,110537.99000000
05/09/2025 17:00,110608.18000000,110815.40000000,110815.40000000,110206.96000000
05/09/2025 18:00,111198.78000000,110608.19000000,111285.35000000,110569.43000000
05/09/2025 19:00,111614.54000000,111198.77000000,111627.51000000,111125.80000000
05/09/2025 20:00,111630.30000000,111614.54000000,111679.79000000,111299.98000000
05/09/2025 21:00,110605.01000000,111630.31000000,111700.00000000,110375.60000000
05/09/2025 22:00,110800.00000000,110605.01000000,110917.46000000,110500.00000000
05/09/2025 23:00,110659.99000000,110800.01000000,110859.49000000,110594.79000000
06/09/2025 00:00,110779.70000000,110660.00000000,110833.32000000,110552.56000000
06/09/2025 01:00,110867.70000000,110779.70000000,110917.46000000,110744.08000000
06/09/2025 02:00,111216.15000000,110867.71000000,111216.25000000,110733.11000000
06/09/2025 03:00,111082.22000000,111216.14000000,111307.70000000,111000.12000000
06/09/2025 04:00,110876.12000000,111082.23000000,111082.23000000,110783.70000000
06/09/2025 05:00,110714.00000000,110876.12000000,110876.13000000,110687.69000000
06/09/2025 06:00,110752.83000000,110714.00000000,110817.11000000,110714.00000000
06/09/2025 07:00,110825.60000000,110752.84000000,110829.15000000,110750.64000000
06/09/2025 08:00,110952.76000000,110825.59000000,110968.00000000,110774.46000000
06/09/2025 09:00,110695.06000000,110952.77000000,110952.77000000,110693.86000000
06/09/2025 10:00,110773.62000000,110695.06000000,110804.62000000,110677.30000000
06/09/2025 11:00,110781.02000000,110773.62000000,110868.80000000,110675.58000000
06/09/2025 12:00,110832.58000000,110781.03000000,110898.70000000,110753.97000000
06/09/2025 13:00,110936.82000000,110832.59000000,110947.91000000,110822.00000000
06/09/2025 14:00,110807.77000000,110936.82000000,110999.83000000,110781.96000000
06/09/2025 15:00,110384.15000000,110807.78000000,110840.00000000,110358.11000000
06/09/2025 16:00,110267.99000000,110384.16000000,110402.00000000,109977.00000000
06/09/2025 17:00,110157.41000000,110267.99000000,110275.50000000,110000.00000000
06/09/2025 18:00,110228.00000000,110157.41000000,110285.65000000,110056.29000000
06/09/2025 19:00,110038.41000000,110228.01000000,110260.00000000,110000.00000000
06/09/2025 20:00,110167.00000000,110038.42000000,110167.01000000,110034.44000000
06/09/2025 21:00,110201.00000000,110167.01000000,110215.03000000,110093.14000000
06/09/2025 22:00,110170.55000000,110200.99000000,110238.12000000,110074.95000000
06/09/2025 23:00,110187.97000000,110170.54000000,110282.82000000,110113.96000000
07/09/2025 00:00,110356.75000000,110187.98000000,110367.37000000,110180.00000000
07/09/2025 01:00,110546.66000000,110356.74000000,110587.86000000,110332.81000000
07/09/2025 02:00,110666.24000000,110546.66000000,110692.52000000,110444.43000000
07/09/2025 03:00,110629.15000000,110666.24000000,110733.12000000,110596.71000000
07/09/2025 04:00,110557.76000000,110629.15000000,110638.00000000,110489.96000000
07/09/2025 05:00,110649.44000000,110557.77000000,110699.00000000,110557.76000000
07/09/2025 06:00,110504.15000000,110649.45000000,110665.35000000,110472.33000000
07/09/2025 07:00,110753.42000000,110504.14000000,110911.42000000,110463.10000000
07/09/2025 08:00,111071.25000000,110753.41000000,111377.19000000,110720.01000000
07/09/2025 09:00,111115.98000000,111071.25000000,111248.20000000,110876.88000000
07/09/2025 10:00,111225.02000000,111115.99000000,111237.97000000,111041.87000000
07/09/2025 11:00,111292.13000000,111225.03000000,111292.13000000,111189.75000000
07/09/2025 12:00,111115.92000000,111292.12000000,111292.13000000,111073.17000000
07/09/2025 13:00,111214.62000000,111115.92000000,111231.60000000,111042.60000000
07/09/2025 14:00,111145.59000000,111214.63000000,111412.00000000,111059.57000000
07/09/2025 15:00,111329.99000000,111145.59000000,111373.43000000,111120.56000000
07/09/2025 16:00,111202.02000000,111329.99000000,111371.35000000,111152.15000000
07/09/2025 17:00,110962.83000000,111202.02000000,111237.86000000,110888.07000000
07/09/2025 18:00,111053.76000000,110962.84000000,111063.00000000,110861.20000000
07/09/2025 19:00,111259.99000000,111053.77000000,111293.99000000,111049.05000000
07/09/2025 20:00,111330.30000000,111259.99000000,111371.26000000,111147.25000000
07/09/2025 21:00,111050.14000000,111330.31000000,111330.31000000,111050.14000000
07/09/2025 22:00,111250.01000000,111050.14000000,111364.40000000,111001.45000000
07/09/2025 23:00,111137.34000000,111250.01000000,111600.00000000,111076.92000000
08/09/2025 00:00,110837.96000000,111137.35000000,111293.26000000,110733.71000000
08/09/2025 01:00,110890.57000000,110837.95000000,110994.58000000,110731.71000000
08/09/2025 02:00,111240.00000000,110890.58000000,111372.00000000,110621.78000000
08/09/2025 03:00,111052.11000000,111239.99000000,111349.24000000,111026.91000000
08/09/2025 04:00,110979.35000000,111052.11000000,111218.49000000,110929.30000000
08/09/2025 05:00,111027.16000000,110979.35000000,111061.05000000,110899.69000000
08/09/2025 06:00,111113.26000000,111027.15000000,111197.86000000,110917.45000000
08/09/2025 07:00,111280.39000000,111113.26000000,111609.04000000,111113.25000000
08/09/2025 08:00,111684.25000000,111280.40000000,111910.48000000,111252.90000000
08/09/2025 09:00,112094.99000000,111684.26000000,112095.00000000,111591.06000000
08/09/2025 10:00,112048.00000000,112094.99000000,112186.98000000,111920.89000000
08/09/2025 11:00,112052.43000000,112048.00000000,112121.59000000,111754.31000000
08/09/2025 12:00,112034.51000000,112052.43000000,112153.90000000,111934.24000000
08/09/2025 13:00,111906.55000000,112034.50000000,112370.30000000,111877.64000000
08/09/2025 14:00,112645.05000000,111906.56000000,112779.50000000,111888.00000000
08/09/2025 15:00,112631.75000000,112645.06000000,112924.37000000,112526.61000000
08/09/2025 16:00,112398.00000000,112631.74000000,112670.06000000,112293.18000000
08/09/2025 17:00,112214.40000000,112398.01000000,112531.60000000,112075.20000000
08/09/2025 18:00,112477.01000000,112214.41000000,112515.59000000,112184.97000000
08/09/2025 19:00,112097.31000000,112477.01000000,112477.01000000,111978.67000000
08/09/2025 20:00,111958.04000000,112097.31000000,112153.07000000,111896.00000000
08/09/2025 21:00,112326.45000000,111958.04000000,112331.32000000,111930.73000000
08/09/2025 22:00,112236.71000000,112326.45000000,112512.71000000,112210.91000000
08/09/2025 23:00,112065.23000000,112236.71000000,112305.03000000,111989.00000000
09/09/2025 00:00,111650.03000000,112065.23000000,112104.41000000,111459.87000000
09/09/2025 01:00,111364.73000000,111650.03000000,111748.54000000,111258.30000000
09/09/2025 02:00,111330.71000000,111364.73000000,111442.95000000,111111.00000000
09/09/2025 03:00,111708.00000000,111330.72000000,111740.61000000,111234.16000000
09/09/2025 04:00,112024.01000000,111708.01000000,112110.99000000,111624.12000000
09/09/2025 05:00,112200.00000000,112024.01000000,112248.84000000,111851.52000000
09/09/2025 06:00,113022.61000000,112200.01000000,113156.65000000,112151.16000000
09/09/2025 07:00,112991.11000000,113022.62000000,113293.29000000,112753.61000000
09/09/2025 08:00,112992.69000000,112991.11000000,113176.51000000,112886.93000000
09/09/2025 09:00,112966.54000000,112992.69000000,113057.99000000,112900.00000000
09/09/2025 10:00,112732.62000000,112966.54000000,113040.00000000,112635.38000000
09/09/2025 11:00,112433.59000000,112732.62000000,112800.00000000,112403.91000000
09/09/2025 12:00,112671.76000000,112433.59000000,112824.00000000,112393.40000000
09/09/2025 13:00,112760.58000000,112671.76000000,112932.18000000,112470.18000000
09/09/2025 14:00,111767.45000000,112760.58000000,112950.00000000,111511.11000000
09/09/2025 15:00,110880.76000000,111767.45000000,111847.23000000,110766.66000000
09/09/2025 16:00,110975.99000000,110880.76000000,111148.17000000,110788.00000000
09/09/2025 17:00,111025.44000000,110975.99000000,111193.39000000,110898.28000000
09/09/2025 18:00,111131.92000000,111025.43000000,111298.16000000,110900.02000000
09/09/2025 19:00,111301.53000000,111131.92000000,111388.04000000,111124.17000000
09/09/2025 20:00,111530.16000000,111301.53000000,111530.16000000,111090.07000000
09/09/2025 21:00,111299.61000000,111530.15000000,111745.69000000,111270.75000000
09/09/2025 22:00,111556.16000000,111299.61000000,111630.31000000,111266.11000000
09/09/2025 23:00,111546.39000000,111556.15000000,111583.81000000,111362.94000000
10/09/2025 00:00,111010.46000000,111546.38000000,111572.57000000,110942.33000000
10/09/2025 01:00,111005.64000000,111010.47000000,111224.53000000,110917.45000000
10/09/2025 02:00,111411.13000000,111005.63000000,111551.04000000,111005.63000000
10/09/2025 03:00,111545.88000000,111411.13000000,111586.26000000,111372.08000000
10/09/2025 04:00,111520.43000000,111545.88000000,111647.38000000,111410.83000000
10/09/2025 05:00,111577.31000000,111520.43000000,111729.65000000,111372.42000000
10/09/2025 06:00,111792.33000000,111577.31000000,111969.57000000,111396.08000000
10/09/2025 07:00,112553.65000000,111792.34000000,112602.35000000,111760.69000000
10/09/2025 08:00,112370.08000000,112553.65000000,112859.80000000,112336.28000000
10/09/2025 09:00,112274.29000000,112370.07000000,112428.29000000,112097.20000000
10/09/2025 10:00,112270.01000000,112274.29000000,112422.63000000,112199.19000000
10/09/2025 11:00,112299.99000000,112270.00000000,112409.49000000,112148.49000000
10/09/2025 12:00,113413.51000000,112300.00000000,113550.14000000,112299.99000000
10/09/2025 13:00,113952.00000000,113413.50000000,114313.13000000,113384.61000000
10/09/2025 14:00,113899.99000000,113951.99000000,114295.63000000,113802.14000000
10/09/2025 15:00,113853.99000000,113900.00000000,114095.66000000,113723.21000000
10/09/2025 16:00,113759.89000000,113853.99000000,113936.99000000,113553.74000000
10/09/2025 17:00,113738.01000000,113759.88000000,114074.46000000,113415.20000000
10/09/2025 18:00,113584.85000000,113738.01000000,113896.94000000,113347.39000000
10/09/2025 19:00,113574.52000000,113584.84000000,113617.09000000,113155.03000000
10/09/2025 20:00,113566.39000000,113574.53000000,113900.00000000,113553.26000000
10/09/2025 21:00,113842.53000000,113566.40000000,113845.18000000,113528.01000000
10/09/2025 22:00,113881.20000000,113842.54000000,113992.39000000,113713.63000000
10/09/2025 23:00,113960.00000000,113881.21000000,114025.78000000,113788.00000000
11/09/2025 00:00,113885.70000000,113960.00000000,114008.87000000,113669.82000000
11/09/2025 01:00,113903.23000000,113885.70000000,114176.66000000,113831.33000000
11/09/2025 02:00,113819.02000000,113903.23000000,113953.99000000,113716.00000000
11/09/2025 03:00,114400.01000000,113819.02000000,114434.23000000,113819.01000000
11/09/2025 04:00,114158.29000000,114400.01000000,114400.01000000,114071.81000000
11/09/2025 05:00,114266.00000000,114158.29000000,114348.52000000,113966.46000000
11/09/2025 06:00,114324.64000000,114266.00000000,114459.65000000,114076.92000000
11/09/2025 07:00,114083.58000000,114324.65000000,114326.52000000,113957.20000000
11/09/2025 08:00,114049.39000000,114083.58000000,114200.00000000,113972.00000000
11/09/2025 09:00,113895.29000000,114049.39000000,114075.11000000,113776.00000000
11/09/2025 10:00,114062.32000000,113895.30000000,114119.40000000,113891.45000000
11/09/2025 11:00,113999.99000000,114062.31000000,114112.00000000,113887.98000000
11/09/2025 12:00,113975.99000000,113999.99000000,114500.00000000,113500.00000000
11/09/2025 13:00,114628.08000000,113975.99000000,114715.02000000,113430.00000000
11/09/2025 14:00,114463.73000000,114630.06000000,114667.45000000,113927.60000000
11/09/2025 15:00,114180.31000000,114463.73000000,114699.25000000,113996.19000000
11/09/2025 16:00,114487.53000000,114180.32000000,114588.98000000,114180.31000000
11/09/2025 17:00,114589.84000000,114487.53000000,114593.29000000,114328.52000000
11/09/2025 18:00,114312.35000000,114589.84000000,114605.54000000,114102.00000000
11/09/2025 19:00,114419.99000000,114312.35000000,114525.00000000,114182.04000000
11/09/2025 20:00,114395.99000000,114420.00000000,114487.53000000,114246.04000000
11/09/2025 21:00,114482.69000000,114395.98000000,114517.60000000,114395.98000000
11/09/2025 22:00,115084.00000000,114482.70000000,115266.45000000,114435.63000000
11/09/2025 23:00,115482.69000000,115084.01000000,115488.09000000,115084.00000000
12/09/2025 00:00,115840.69000000,115482.69000000,116331.81000000,115420.87000000
12/09/2025 01:00,115377.29000000,115840.69000000,116016.91000000,115371.13000000
12/09/2025 02:00,115391.00000000,115377.29000000,115663.05000000,115256.64000000
12/09/2025 03:00,115194.14000000,115391.00000000,115429.46000000,115045.45000000
12/09/2025 04:00,115359.99000000,115194.14000000,115509.65000000,115086.82000000
12/09/2025 05:00,115612.84000000,115360.00000000,115656.87000000,115320.27000000
12/09/2025 06:00,115318.00000000,115612.84000000,115612.85000000,115260.38000000
12/09/2025 07:00,115086.70000000,115318.01000000,115405.79000000,115086.70000000
12/09/2025 08:00,115048.00000000,115086.70000000,115273.12000000,114950.00000000
12/09/2025 09:00,115048.01000000,115047.99000000,115127.05000000,114888.01000000
12/09/2025 10:00,114980.85000000,115048.00000000,115093.49000000,114926.42000000
12/09/2025 11:00,114913.45000000,114980.84000000,115148.00000000,114901.03000000
12/09/2025 12:00,115083.97000000,114913.45000000,115172.57000000,114740.99000000
12/09/2025 13:00,115166.45000000,115083.98000000,115214.29000000,114822.77000000
12/09/2025 14:00,115260.00000000,115166.46000000,115500.95000000,114865.30000000
12/09/2025 15:00,115121.18000000,115260.00000000,115294.10000000,114939.53000000
12/09/2025 16:00,115495.56000000,115121.18000000,115514.77000000,115030.30000000
12/09/2025 17:00,115815.16000000,115495.56000000,115939.39000000,115395.66000000
12/09/2025 18:00,116486.18000000,115815.16000000,116495.00000000,115769.88000000
12/09/2025 19:00,116632.51000000,116486.19000000,116665.63000000,116238.64000000
12/09/2025 20:00,116157.33000000,116632.51000000,116632.51000000,115974.00000000
12/09/2025 21:00,115865.89000000,116157.34000000,116157.34000000,115752.68000000
12/09/2025 22:00,116027.46000000,115865.89000000,116360.43000000,115865.89000000
12/09/2025 23:00,116029.42000000,116027.46000000,116161.37000000,115929.06000000
13/09/2025 00:00,116209.32000000,116029.41000000,116298.78000000,115959.59000000
13/09/2025 01:00,115764.30000000,116209.32000000,116275.81000000,115576.26000000
13/09/2025 02:00,115886.17000000,115764.30000000,115991.29000000,115686.47000000
13/09/2025 03:00,115957.00000000,115886.16000000,116012.91000000,115837.98000000
13/09/2025 04:00,115698.40000000,115957.00000000,115957.01000000,115685.60000000
13/09/2025 05:00,115704.04000000,115698.40000000,115845.46000000,115657.81000000
13/09/2025 06:00,115749.99000000,115704.03000000,115802.16000000,115662.20000000
13/09/2025 07:00,115778.71000000,115750.00000000,115855.89000000,115702.39000000
13/09/2025 08:00,115978.01000000,115778.72000000,116056.17000000,115767.33000000
13/09/2025 09:00,116035.33000000,115978.01000000,116038.14000000,115871.26000000
13/09/2025 10:00,115937.99000000,116035.32000000,116166.71000000,115916.41000000
13/09/2025 11:00,115974.11000000,115937.99000000,116005.82000000,115888.00000000
13/09/2025 12:00,116002.91000000,115974.11000000,116060.00000000,115872.82000000
13/09/2025 13:00,115761.05000000,116002.91000000,116002.91000000,115621.65000000
13/09/2025 14:00,115797.68000000,115761.06000000,115950.00000000,115603.98000000
13/09/2025 15:00,115768.68000000,115797.67000000,115924.60000000,115619.57000000
13/09/2025 16:00,115334.00000000,115768.68000000,115817.37000000,115127.27000000
13/09/2025 17:00,115571.78000000,115333.99000000,115587.49000000,115180.00000000
13/09/2025 18:00,115633.92000000,115571.79000000,115653.26000000,115433.09000000
13/09/2025 19:00,115797.12000000,115633.91000000,115800.88000000,115570.78000000
13/09/2025 20:00,115905.88000000,115797.12000000,115991.29000000,115797.11000000
13/09/2025 21:00,115895.39000000,115905.88000000,115972.52000000,115839.98000000
13/09/2025 22:00,115871.58000000,115895.40000000,115944.64000000,115809.90000000
13/09/2025 23:00,115918.29000000,115871.58000000,115979.99000000,115861.39000000
14/09/2025 00:00,115935.60000000,115918.29000000,116000.00000000,115815.13000000
14/09/2025 01:00,115962.93000000,115935.61000000,115990.20000000,115744.67000000
14/09/2025 02:00,115852.95000000,115962.92000000,116109.00000000,115750.00000000
14/09/2025 03:00,115679.98000000,115852.95000000,115869.99000000,115651.99000000
14/09/2025 04:00,115750.99000000,115679.99000000,115768.00000000,115449.59000000
14/09/2025 05:00,115860.01000000,115751.00000000,115924.69000000,115735.58000000
14/09/2025 06:00,115734.23000000,115860.01000000,115936.00000000,115693.95000000
14/09/2025 07:00,115805.39000000,115734.24000000,115838.41000000,115734.23000000
14/09/2025 08:00,115933.40000000,115805.39000000,115983.02000000,115759.44000000
14/09/2025 09:00,116052.09000000,115933.40000000,116165.19000000,115905.88000000
14/09/2025 10:00,116027.26000000,116052.10000000,116132.85000000,115955.57000000
14/09/2025 11:00,115794.91000000,116027.25000000,116100.00000000,115748.78000000
14/09/2025 12:00,115776.31000000,115794.92000000,115878.49000000,115662.62000000
14/09/2025 13:00,115348.10000000,115776.31000000,115776.32000000,115217.01000000
14/09/2025 14:00,115401.75000000,115348.10000000,115691.04000000,115141.80000000
14/09/2025 15:00,115224.01000000,115401.75000000,115419.10000000,115200.40000000
14/09/2025 16:00,115480.00000000,115224.01000000,115540.00000000,115193.90000000
14/09/2025 17:00,115557.65000000,115480.00000000,115657.50000000,115413.46000000
14/09/2025 18:00,115388.21000000,115557.65000000,115557.66000000,115375.05000000
14/09/2025 19:00,115634.99000000,115388.21000000,115635.00000000,115330.99000000
14/09/2025 20:00,115802.16000000,115634.99000000,115851.26000000,115634.99000000
14/09/2025 21:00,116058.88000000,115802.16000000,116087.35000000,115607.99000000
14/09/2025 22:00,116009.61000000,116059.48000000,116076.89000000,115810.22000000
14/09/2025 23:00,115268.01000000,116009.62000000,116009.62000000,115135.00000000
15/09/2025 00:00,115071.32000000,115268.01000000,115276.49000000,114972.29000000
15/09/2025 01:00,115231.69000000,115071.32000000,115283.50000000,114825.00000000
15/09/2025 02:00,115362.35000000,115231.69000000,115443.29000000,115214.55000000
15/09/2025 03:00,115445.45000000,115362.35000000,115594.90000000,115347.91000000
15/09/2025 04:00,116058.01000000,115445.46000000,116168.26000000,115400.00000000
15/09/2025 05:00,116520.00000000,116058.01000000,116583.47000000,116019.05000000
15/09/2025 06:00,116129.99000000,116519.13000000,116757.99000000,116043.01000000
15/09/2025 07:00,115806.62000000,116130.00000000,116400.00000000,115626.96000000
15/09/2025 08:00,114737.27000000,115806.62000000,115806.62000000,114709.18000000
15/09/2025 09:00,114868.59000000,114737.28000000,115188.00000000,114625.87000000
15/09/2025 10:00,114769.04000000,114868.60000000,114954.83000000,114720.69000000
15/09/2025 11:00,115070.00000000,114769.03000000,115195.86000000,114740.97000000
15/09/2025 12:00,114721.04000000,115070.01000000,115074.51000000,114671.75000000
15/09/2025 13:00,114664.08000000,114721.03000000,115099.00000000,114384.00000000
15/09/2025 14:00,114679.56000000,114664.07000000,115029.81000000,114450.28000000
15/09/2025 15:00,114842.90000000,114679.55000000,114909.40000000,114404.43000000
15/09/2025 16:00,114662.57000000,114842.90000000,114922.59000000,114600.00000000
15/09/2025 17:00,115120.03000000,114662.58000000,115130.00000000,114600.00000000
15/09/2025 18:00,115307.79000000,115120.02000000,115360.54000000,114904.16000000
15/09/2025 19:00,115307.78000000,115307.79000000,115570.00000000,114975.66000000
15/09/2025 20:00,115379.99000000,115307.78000000,115515.41000000,115200.07000000
15/09/2025 21:00,115528.00000000,115380.00000000,115538.55000000,115283.49000000
15/09/2025 22:00,115288.01000000,115528.00000000,115605.07000000,115221.68000000
15/09/2025 23:00,115349.71000000,115288.01000000,115476.00000000,115232.58000000
16/09/2025 00:00,115088.66000000,115349.71000000,115349.71000000,114945.01000000
16/09/2025 01:00,115024.24000000,115088.66000000,115520.00000000,115008.69000000
16/09/2025 02:00,115034.47000000,115024.24000000,115227.51000000,115024.23000000
16/09/2025 03:00,115307.25000000,115034.48000000,115426.49000000,115034.44000000
16/09/2025 04:00,115503.01000000,115307.26000000,115560.01000000,114930.00000000
16/09/2025 05:00,115936.65000000,115503.02000000,115957.23000000,115454.30000000
16/09/2025 06:00,115770.35000000,115936.65000000,116009.62000000,115591.57000000
16/09/2025 07:00,115840.00000000,115770.36000000,115886.17000000,115724.41000000
16/09/2025 08:00,115658.76000000,115839.99000000,115981.17000000,115526.50000000
16/09/2025 09:00,115477.27000000,115658.76000000,115720.00000000,115443.65000000
16/09/2025 10:00,115372.46000000,115477.28000000,115590.49000000,115372.35000000
16/09/2025 11:00,115287.83000000,115372.47000000,115431.52000000,115206.15000000
16/09/2025 12:00,115439.36000000,115287.84000000,115460.20000000,115287.38000000
16/09/2025 13:00,115200.00000000,115439.36000000,115558.06000000,114737.11000000
16/09/2025 14:00,115296.86000000,115200.00000000,115306.71000000,114811.00000000
16/09/2025 15:00,115905.88000000,115296.86000000,115905.89000000,115010.66000000
16/09/2025 16:00,116068.06000000,115905.88000000,116068.92000000,115608.28000000
16/09/2025 17:00,116461.54000000,116068.05000000,116870.76000000,116056.99000000
16/09/2025 18:00,116418.86000000,116461.55000000,116776.66000000,116226.12000000
16/09/2025 19:00,116800.12000000,116418.87000000,116820.00000000,116395.60000000
16/09/2025 20:00,116839.47000000,116800.13000000,116908.83000000,116722.56000000
16/09/2025 21:00,116800.51000000,116839.47000000,116940.26000000,116584.45000000
16/09/2025 22:00,116855.58000000,116800.51000000,116964.27000000,116694.73000000
16/09/2025 23:00,116788.96000000,116855.58000000,116920.46000000,116632.00000000
17/09/2025 00:00,116560.01000000,116788.96000000,116832.00000000,116560.00000000
17/09/2025 01:00,116662.25000000,116560.01000000,116768.00000000,116516.92000000
17/09/2025 02:00,116686.43000000,116662.25000000,117077.16000000,116556.52000000
17/09/2025 03:00,116372.04000000,116686.43000000,116758.83000000,116371.81000000
17/09/2025 04:00,116313.49000000,116372.05000000,116480.01000000,116160.22000000
17/09/2025 05:00,117108.30000000,116313.50000000,117214.00000000,116313.49000000
17/09/2025 06:00,117234.27000000,117108.31000000,117286.73000000,116970.41000000
17/09/2025 07:00,117162.48000000,117234.28000000,117275.00000000,117125.78000000
17/09/2025 08:00,116860.00000000,117162.48000000,117189.86000000,116683.99000000
17/09/2025 09:00,116550.01000000,116860.01000000,116860.01000000,116548.88000000
17/09/2025 10:00,116359.14000000,116550.01000000,116604.26000000,116267.44000000
17/09/2025 11:00,116258.13000000,116359.14000000,116383.87000000,116253.27000000
17/09/2025 12:00,116204.94000000,116258.12000000,116516.93000000,116096.41000000
17/09/2025 13:00,116107.19000000,116204.94000000,116330.75000000,115905.88000000
17/09/2025 14:00,115606.61000000,116107.18000000,116240.00000000,115432.00000000
17/09/2025 15:00,115875.32000000,115606.62000000,115886.17000000,115527.48000000
17/09/2025 16:00,115640.77000000,115875.33000000,115875.33000000,115386.21000000
17/09/2025 17:00,115504.48000000,115640.76000000,116288.27000000,115500.00000000
17/09/2025 18:00,115226.93000000,115504.49000000,116333.33000000,114720.81000000
17/09/2025 19:00,115652.02000000,115226.93000000,115989.20000000,115068.33000000
17/09/2025 20:00,115621.47000000,115652.02000000,116140.20000000,115496.68000000
17/09/2025 21:00,116038.39000000,115621.47000000,116120.00000000,115307.33000000
17/09/2025 22:00,116559.69000000,116038.39000000,116823.72000000,116038.39000000
17/09/2025 23:00,116447.59000000,116559.68000000,116990.68000000,116340.07000000
18/09/2025 00:00,116350.65000000,116447.60000000,116470.52000000,116092.76000000
18/09/2025 01:00,116634.84000000,116350.65000000,116869.46000000,116340.00000000
18/09/2025 02:00,116950.47000000,116634.84000000,116959.96000000,116429.55000000
18/09/2025 03:00,117581.66000000,116950.46000000,117896.00000000,116896.93000000
18/09/2025 04:00,117605.16000000,117581.67000000,117750.00000000,117219.50000000
18/09/2025 05:00,117273.36000000,117605.16000000,117605.16000000,117176.10000000
18/09/2025 06:00,117102.43000000,117273.37000000,117338.05000000,116888.02000000
18/09/2025 07:00,117086.01000000,117102.43000000,117208.00000000,117048.81000000
18/09/2025 08:00,117229.59000000,117086.01000000,117413.04000000,117010.59000000
18/09/2025 09:00,117298.81000000,117229.58000000,117350.00000000,117107.57000000
18/09/2025 10:00,117190.47000000,117298.82000000,117307.50000000,117078.72000000
18/09/2025 11:00,117063.40000000,117190.48000000,117300.00000000,117013.77000000
18/09/2025 12:00,117124.69000000,117063.41000000,117279.00000000,116977.59000000
18/09/2025 13:00,117432.04000000,117124.69000000,117655.55000000,117004.28000000
18/09/2025 14:00,117640.54000000,117432.04000000,117843.83000000,117400.54000000
18/09/2025 15:00,117583.56000000,117640.54000000,117705.51000000,117322.41000000
18/09/2025 16:00,117565.60000000,117583.56000000,117789.00000000,117500.01000000
18/09/2025 17:00,117579.93000000,117565.59000000,117765.59000000,117418.45000000
18/09/2025 18:00,117822.97000000,117579.94000000,117900.00000000,117512.11000000
18/09/2025 19:00,117450.21000000,117822.98000000,117822.98000000,117196.33000000
18/09/2025 20:00,117521.14000000,117450.21000000,117657.17000000,117337.95000000
18/09/2025 21:00,117299.21000000,117521.14000000,117521.14000000,117299.21000000
18/09/2025 22:00,117061.02000000,117299.21000000,117334.80000000,117027.34000000
18/09/2025 23:00,117073.53000000,117061.02000000,117172.21000000,116612.03000000
19/09/2025 00:00,117424.20000000,117073.53000000,117427.70000000,117020.00000000
19/09/2025 01:00,117241.32000000,117424.21000000,117459.99000000,117118.21000000
19/09/2025 02:00,117112.80000000,117241.32000000,117285.99000000,117044.13000000
19/09/2025 03:00,116977.58000000,117112.81000000,117291.01000000,116871.61000000
19/09/2025 04:00,116990.65000000,116977.58000000,117100.00000000,116700.02000000
19/09/2025 05:00,116894.83000000,116990.65000000,117010.00000000,116780.75000000
19/09/2025 06:00,116669.75000000,116894.83000000,116894.83000000,116633.86000000
19/09/2025 07:00,116909.97000000,116669.76000000,116992.81000000,116665.00000000
19/09/2025 08:00,116915.88000000,116909.98000000,117090.36000000,116882.47000000
19/09/2025 09:00,116488.00000000,116915.88000000,116979.86000000,116488.00000000
19/09/2025 10:00,116532.68000000,116488.00000000,116551.54000000,116434.23000000
19/09/2025 11:00,116394.72000000,116532.68000000,116554.05000000,116300.00000000
19/09/2025 12:00,116162.45000000,116394.72000000,116529.08000000,116133.66000000
19/09/2025 13:00,116284.64000000,116162.45000000,116465.35000000,116075.00000000
19/09/2025 14:00,115899.99000000,116284.63000000,116479.11000000,115800.00000000
19/09/2025 15:00,115884.03000000,115899.99000000,115952.95000000,115464.19000000
19/09/2025 16:00,116088.68000000,115884.03000000,116136.00000000,115800.00000000
19/09/2025 17:00,115542.73000000,116088.68000000,116093.18000000,115538.67000000
19/09/2025 18:00,115407.49000000,115542.73000000,115644.73000000,115382.98000000
19/09/2025 19:00,115125.12000000,115407.49000000,115479.45000000,115112.58000000
19/09/2025 20:00,115342.57000000,115125.13000000,115445.23000000,115100.00000000
19/09/2025 21:00,115465.39000000,115342.56000000,115532.73000000,115306.07000000
19/09/2025 22:00,115613.21000000,115465.39000000,115657.28000000,115465.39000000
19/09/2025 23:00,115632.38000000,115613.21000000,115648.00000000,115448.01000000
20/09/2025 00:00,115723.73000000,115632.39000000,115730.41000000,115548.92000000
20/09/2025 01:00,115623.51000000,115723.72000000,115723.73000000,115610.84000000
20/09/2025 02:00,115606.39000000,115623.50000000,115623.51000000,115444.00000000
20/09/2025 03:00,115445.00000000,115606.40000000,115606.40000000,115408.47000000
20/09/2025 04:00,115568.41000000,115445.00000000,115582.38000000,115409.08000000
20/09/2025 05:00,115717.49000000,115568.41000000,115717.50000000,115512.63000000
20/09/2025 06:00,115700.46000000,115717.49000000,115724.34000000,115625.85000000
20/09/2025 07:00,115968.56000000,115700.47000000,115985.20000000,115683.47000000
20/09/2025 08:00,115701.43000000,115968.56000000,115968.57000000,115700.01000000
20/09/2025 09:00,115672.80000000,115701.43000000,115794.39000000,115664.11000000
20/09/2025 10:00,115747.54000000,115672.80000000,115798.16000000,115672.79000000
20/09/2025 11:00,115894.06000000,115747.54000000,115909.54000000,115747.54000000
20/09/2025 12:00,115874.49000000,115894.05000000,115950.89000000,115804.47000000
20/09/2025 13:00,115915.80000000,115874.50000000,115951.96000000,115859.48000000
20/09/2025 14:00,115970.36000000,115915.79000000,116036.00000000,115883.30000000
20/09/2025 15:00,115986.69000000,115970.36000000,116121.81000000,115946.91000000
20/09/2025 16:00,116027.94000000,115986.70000000,116057.24000000,115882.58000000
20/09/2025 17:00,115821.72000000,116027.95000000,116079.46000000,115817.28000000
20/09/2025 18:00,115711.51000000,115821.73000000,115821.73000000,115700.00000000
20/09/2025 19:00,115702.00000000,115711.51000000,115812.62000000,115698.08000000
20/09/2025 20:00,115721.10000000,115702.00000000,115789.57000000,115689.91000000
20/09/2025 21:00,115786.31000000,115721.10000000,115944.70000000,115721.10000000
20/09/2025 22:00,115776.06000000,115786.30000000,115796.54000000,115742.14000000
20/09/2025 23:00,115685.63000000,115776.06000000,115776.06000000,115603.42000000
21/09/2025 00:00,115660.01000000,115685.63000000,115732.94000000,115559.97000000
21/09/2025 01:00,115500.00000000,115660.01000000,115660.01000000,115500.00000000
21/09/2025 02:00,115690.76000000,115500.01000000,115700.00000000,115441.83000000
21/09/2025 03:00,115669.41000000,115690.76000000,115723.43000000,115616.38000000
21/09/2025 04:00,115494.23000000,115669.42000000,115669.42000000,115494.22000000
21/09/2025 05:00,115663.48000000,115494.23000000,115663.49000000,115487.56000000
21/09/2025 06:00,115687.20000000,115663.48000000,115787.39000000,115663.48000000
21/09/2025 07:00,115815.97000000,115687.21000000,115815.98000000,115615.00000000
21/09/2025 08:00,115629.60000000,115815.98000000,115819.06000000,115560.94000000
21/09/2025 09:00,115683.54000000,115629.60000000,115704.53000000,115329.03000000
21/09/2025 10:00,115522.31000000,115683.53000000,115708.33000000,115504.13000000
21/09/2025 11:00,115603.45000000,115522.31000000,115694.74000000,115522.31000000
21/09/2025 12:00,115683.59000000,115603.45000000,115747.23000000,115603.44000000
21/09/2025 13:00,115661.65000000,115683.59000000,115747.06000000,115645.20000000
21/09/2025 14:00,115500.01000000,115661.65000000,115691.15000000,115500.00000000
21/09/2025 15:00,115531.61000000,115500.00000000,115599.60000000,115473.19000000
21/09/2025 16:00,115316.00000000,115531.62000000,115549.90000000,115209.02000000
21/09/2025 17:00,115628.18000000,115316.01000000,115629.58000000,115249.94000000
21/09/2025 18:00,115530.90000000,115628.19000000,115665.52000000,115513.98000000
21/09/2025 19:00,115480.05000000,115530.89000000,115530.90000000,115318.02000000
21/09/2025 20:00,115307.51000000,115480.05000000,115503.47000000,115307.51000000
21/09/2025 21:00,115405.48000000,115307.52000000,115434.53000000,115250.01000000
21/09/2025 22:00,115538.90000000,115405.48000000,115545.43000000,115188.00000000
21/09/2025 23:00,115232.29000000,115538.91000000,115538.91000000,115200.00000000
22/09/2025 00:00,114407.28000000,115232.29000000,115379.25000000,114290.16000000
22/09/2025 01:00,114273.45000000,114407.28000000,114750.00000000,114250.98000000
22/09/2025 02:00,114187.81000000,114273.44000000,114618.89000000,114150.00000000
22/09/2025 03:00,114649.89000000,114187.80000000,114654.36000000,114187.80000000
22/09/2025 04:00,114433.53000000,114649.89000000,114649.90000000,114397.32000000
22/09/2025 05:00,113691.19000000,114433.53000000,114551.80000000,113623.00000000
22/09/2025 06:00,112800.77000000,113691.18000000,113698.38000000,111800.00000000
22/09/2025 07:00,112519.99000000,112800.77000000,112999.00000000,112476.17000000
22/09/2025 08:00,112629.07000000,112520.00000000,112780.00000000,112452.00000000
22/09/2025 09:00,112336.62000000,112629.06000000,112662.87000000,112173.52000000
22/09/2025 10:00,112792.16000000,112336.62000000,112848.33000000,112262.22000000
22/09/2025 11:00,112876.97000000,112792.16000000,112976.02000000,112683.49000000
22/09/2025 12:00,112738.65000000,112876.97000000,112876.97000000,112520.00000000
22/09/2025 13:00,113130.63000000,112738.64000000,113148.29000000,112380.00000000
22/09/2025 14:00,112933.16000000,113130.63000000,113432.76000000,112754.15000000
22/09/2025 15:00,112815.50000000,112933.16000000,113024.23000000,112576.42000000
22/09/2025 16:00,112600.68000000,112815.50000000,112888.00000000,112585.87000000
22/09/2025 17:00,112398.66000000,112600.69000000,112622.95000000,112250.89000000
22/09/2025 18:00,112429.13000000,112398.65000000,112816.55000000,112345.54000000
22/09/2025 19:00,112122.90000000,112429.12000000,112600.87000000,111936.40000000
22/09/2025 20:00,112781.88000000,112122.90000000,112977.41000000,111975.28000000
22/09/2025 21:00,112969.99000000,112781.87000000,112970.00000000,112602.79000000
22/09/2025 22:00,112643.25000000,112969.99000000,112970.00000000,112594.33000000
22/09/2025 23:00,112650.99000000,112643.25000000,112739.14000000,112592.20000000
23/09/2025 00:00,112395.32000000,112650.99000000,112833.09000000,112385.23000000
23/09/2025 01:00,112156.66000000,112395.32000000,112502.29000000,112138.88000000
23/09/2025 02:00,111811.88000000,112156.66000000,112487.38000000,111674.00000000
23/09/2025 03:00,112339.99000000,111811.88000000,112446.97000000,111478.00000000
23/09/2025 04:00,112442.30000000,112339.99000000,112469.21000000,111876.15000000
23/09/2025 05:00,112665.44000000,112442.29000000,112894.49000000,112413.01000000
23/09/2025 06:00,112974.96000000,112665.44000000,113111.89000000,112616.93000000
23/09/2025 07:00,113090.13000000,112974.97000000,113114.01000000,112882.48000000
23/09/2025 08:00,113133.84000000,113090.13000000,113177.72000000,112936.98000000
23/09/2025 09:00,112934.47000000,113133.84000000,113281.50000000,112888.00000000
23/09/2025 10:00,112969.32000000,112934.48000000,113006.56000000,112828.62000000
23/09/2025 11:00,112975.99000000,112969.32000000,113081.35000000,112683.33000000
23/09/2025 12:00,112941.02000000,112975.99000000,113049.90000000,112811.40000000
23/09/2025 13:00,112952.31000000,112941.01000000,113024.31000000,112722.78000000
23/09/2025 14:00,112652.91000000,112952.32000000,113290.50000000,112571.81000000
23/09/2025 15:00,112882.19000000,112652.91000000,113072.89000000,112496.61000000
23/09/2025 16:00,112823.63000000,112882.20000000,112958.58000000,112486.37000000
23/09/2025 17:00,111957.76000000,112823.62000000,112823.62000000,111888.00000000
23/09/2025 18:00,111780.10000000,111957.76000000,112200.00000000,111686.90000000
23/09/2025 19:00,111655.29000000,111780.09000000,111979.27000000,111540.20000000
23/09/2025 20:00,111985.77000000,111655.29000000,111994.99000000,111458.73000000
23/09/2025 21:00,112161.54000000,111985.78000000,112202.24000000,111893.44000000
23/09/2025 22:00,112159.23000000,112161.53000000,112213.95000000,112002.16000000
23/09/2025 23:00,111998.80000000,112159.24000000,112220.54000000,111879.73000000
24/09/2025 00:00,112230.72000000,111998.80000000,112380.00000000,111816.86000000
24/09/2025 01:00,112451.26000000,112230.73000000,112500.00000000,112140.00000000
24/09/2025 02:00,112111.62000000,112451.25000000,112500.00000000,111896.43000000
24/09/2025 03:00,111683.09000000,112111.62000000,112223.15000000,111683.09000000
24/09/2025 04:00,112161.93000000,111683.10000000,112374.32000000,111042.66000000
24/09/2025 05:00,112636.84000000,112161.94000000,112666.74000000,112133.83000000
24/09/2025 06:00,112596.69000000,112636.85000000,112779.37000000,112535.78000000
24/09/2025 07:00,112583.54000000,112596.70000000,112742.06000000,112459.44000000
24/09/2025 08:00,112622.80000000,112583.54000000,112636.85000000,112405.62000000
24/09/2025 09:00,112735.06000000,112622.81000000,112837.42000000,112501.38000000
24/09/2025 10:00,112941.98000000,112735.05000000,112960.00000000,112668.51000000
24/09/2025 11:00,113029.46000000,112941.99000000,113162.17000000,112877.30000000
24/09/2025 12:00,113070.69000000,113029.45000000,113097.99000000,112944.00000000
24/09/2025 13:00,112823.62000000,113070.69000000,113222.69000000,112808.00000000
24/09/2025 14:00,113720.64000000,112823.62000000,113890.00000000,112823.61000000
24/09/2025 15:00,113346.41000000,113720.64000000,113883.68000000,113257.01000000
24/09/2025 16:00,113732.01000000,113346.40000000,113753.00000000,113163.21000000
24/09/2025 17:00,113761.30000000,113732.01000000,113940.00000000,113616.00000000
24/09/2025 18:00,113639.80000000,113761.31000000,113830.66000000,113512.53000000
24/09/2025 19:00,113420.01000000,113639.80000000,113682.46000000,113292.25000000
24/09/2025 20:00,113501.52000000,113420.00000000,113609.25000000,113401.99000000
24/09/2025 21:00,113339.63000000,113501.52000000,113584.02000000,113283.99000000
24/09/2025 22:00,113336.33000000,113339.63000000,113647.58000000,113250.59000000
24/09/2025 23:00,113307.00000000,113336.34000000,113429.12000000,113204.71000000
25/09/2025 00:00,113062.35000000,113307.01000000,113510.23000000,112960.00000000
25/09/2025 01:00,112661.24000000,113062.35000000,113369.98000000,112446.15000000
25/09/2025 02:00,112907.38000000,112661.24000000,113179.94000000,112510.06000000
25/09/2025 03:00,112546.21000000,112907.38000000,112907.39000000,112214.74000000
25/09/2025 04:00,111735.66000000,112546.22000000,112614.43000000,111584.23000000
25/09/2025 05:00,111749.91000000,111735.67000000,112040.00000000,111597.86000000
25/09/2025 06:00,111533.26000000,111749.91000000,111843.30000000,111515.87000000
25/09/2025 07:00,111766.72000000,111533.26000000,111883.23000000,111450.42000000
25/09/2025 08:00,111727.21000000,111766.73000000,112031.18000000,111689.38000000
25/09/2025 09:00,111571.58000000,111727.20000000,112246.46000000,111571.57000000
25/09/2025 10:00,111648.19000000,111571.58000000,111854.12000000,111525.81000000
25/09/2025 11:00,111348.00000000,111648.19000000,111728.48000000,111283.63000000
25/09/2025 12:00,111111.00000000,111347.99000000,111656.81000000,111020.00000000
25/09/2025 13:00,111000.00000000,111111.01000000,111719.05000000,110629.99000000
25/09/2025 14:00,111540.00000000,111000.00000000,111729.52000000,110983.03000000
25/09/2025 15:00,111580.77000000,111540.01000000,111587.75000000,110868.90000000
25/09/2025 16:00,110957.29000000,111580.77000000,111672.58000000,110904.91000000
25/09/2025 17:00,108833.63000000,110957.28000000,110968.40000000,108654.00000000
25/09/2025 18:00,109760.20000000,108833.63000000,109801.78000000,108631.51000000
25/09/2025 19:00,109360.00000000,109760.20000000,109973.40000000,109302.54000000
25/09/2025 20:00,109163.44000000,109360.00000000,109482.62000000,109057.06000000
25/09/2025 21:00,109420.00000000,109163.45000000,109666.30000000,109074.11000000
25/09/2025 22:00,109419.97000000,109420.00000000,109587.99000000,109261.02000000
25/09/2025 23:00,108994.49000000,109419.97000000,109685.72000000,108765.00000000
26/09/2025 00:00,109472.13000000,108994.49000000,109614.67000000,108809.24000000
26/09/2025 01:00,109680.40000000,109472.12000000,109762.59000000,109313.17000000
26/09/2025 02:00,109621.70000000,109680.39000000,109798.84000000,109487.26000000
26/09/2025 03:00,109580.01000000,109621.70000000,109635.80000000,109293.25000000
26/09/2025 04:00,109338.01000000,109580.00000000,109625.94000000,109250.87000000
26/09/2025 05:00,109252.79000000,109338.02000000,109579.99000000,109085.78000000
26/09/2025 06:00,109360.00000000,109252.79000000,109624.16000000,109016.00000000
26/09/2025 07:00,109320.02000000,109360.00000000,109593.49000000,108913.00000000
26/09/2025 08:00,109567.20000000,109320.02000000,109607.50000000,109304.72000000
26/09/2025 09:00,109568.72000000,109567.20000000,109690.98000000,109393.37000000
26/09/2025 10:00,108895.00000000,109568.72000000,109568.72000000,108697.42000000
26/09/2025 11:00,109133.50000000,108894.99000000,109200.00000000,108620.07000000
26/09/2025 12:00,109372.68000000,109133.50000000,109579.00000000,108824.82000000
26/09/2025 13:00,109669.73000000,109372.68000000,109779.73000000,109000.00000000
26/09/2025 14:00,108836.00000000,109669.72000000,109779.73000000,108764.76000000
26/09/2025 15:00,109027.78000000,108836.00000000,109358.50000000,108802.04000000
26/09/2025 16:00,109460.01000000,109027.79000000,109618.00000000,109027.78000000
26/09/2025 17:00,109899.99000000,109460.00000000,110000.00000000,109392.35000000
26/09/2025 18:00,109727.99000000,109900.00000000,110300.00000000,109700.00000000
26/09/2025 19:00,109172.20000000,109727.99000000,109727.99000000,109030.41000000
26/09/2025 20:00,109288.44000000,109172.21000000,109347.59000000,109087.57000000
26/09/2025 21:00,109469.07000000,109288.45000000,109530.00000000,109189.17000000
26/09/2025 22:00,109558.25000000,109469.07000000,109607.38000000,109348.00000000
26/09/2025 23:00,109643.46000000,109558.24000000,109687.69000000,109432.07000000
27/09/2025 00:00,109649.29000000,109643.46000000,109660.88000000,109472.23000000
27/09/2025 01:00,109431.92000000,109649.29000000,109657.45000000,109330.08000000
27/09/2025 02:00,109408.18000000,109431.92000000,109482.64000000,109324.42000000
27/09/2025 03:00,109553.77000000,109408.18000000,109743.91000000,109384.63000000
27/09/2025 04:00,109654.99000000,109553.77000000,109742.27000000,109514.63000000
27/09/2025 05:00,109635.72000000,109654.99000000,109684.29000000,109593.65000000
27/09/2025 06:00,109541.36000000,109635.73000000,109635.73000000,109481.44000000
27/09/2025 07:00,109411.20000000,109541.36000000,109570.36000000,109332.02000000
27/09/2025 08:00,109252.01000000,109411.19000000,109411.20000000,109252.00000000
27/09/2025 09:00,109292.73000000,109252.01000000,109347.59000000,109064.40000000
27/09/2025 10:00,109431.70000000,109292.74000000,109477.69000000,109256.07000000
27/09/2025 11:00,109310.21000000,109431.71000000,109440.65000000,109280.00000000
27/09/2025 12:00,109400.05000000,109310.22000000,109477.59000000,109227.14000000
27/09/2025 13:00,109306.61000000,109400.06000000,109412.14000000,109299.64000000
27/09/2025 14:00,109287.89000000,109306.61000000,109387.51000000,109255.90000000
27/09/2025 15:00,109402.24000000,109287.89000000,109427.40000000,109193.00000000
27/09/2025 16:00,109389.04000000,109402.25000000,109427.76000000,109308.00000000
27/09/2025 17:00,109382.47000000,109389.05000000,109410.00000000,109243.89000000
27/09/2025 18:00,109434.96000000,109382.48000000,109434.99000000,109345.11000000
27/09/2025 19:00,109424.20000000,109434.96000000,109440.00000000,109383.48000000
27/09/2025 20:00,109390.00000000,109424.21000000,109435.00000000,109362.72000000
27/09/2025 21:00,109474.99000000,109390.00000000,109483.55000000,109389.47000000
27/09/2025 22:00,109605.62000000,109474.98000000,109699.98000000,109474.98000000
27/09/2025 23:00,109635.85000000,109605.63000000,109683.16000000,109461.53000000
28/09/2025 00:00,109607.81000000,109635.85000000,109787.75000000,109548.00000000
28/09/2025 01:00,109353.67000000,109607.81000000,109654.85000000,109325.05000000
28/09/2025 02:00,109447.55000000,109353.68000000,109535.00000000,109353.67000000
28/09/2025 03:00,109436.00000000,109447.54000000,109535.00000000,109409.17000000
28/09/2025 04:00,109365.90000000,109436.00000000,109486.10000000,109365.88000000
28/09/2025 05:00,109356.43000000,109365.90000000,109398.00000000,109356.42000000
28/09/2025 06:00,109410.00000000,109356.44000000,109455.97000000,109260.00000000
28/09/2025 07:00,109513.06000000,109410.00000000,109537.80000000,109350.00000000
28/09/2025 08:00,109509.91000000,109513.06000000,109585.39000000,109423.21000000
28/09/2025 09:00,109519.42000000,109509.91000000,109559.89000000,109323.88000000
28/09/2025 10:00,109368.44000000,109519.43000000,109519.43000000,109368.43000000
28/09/2025 11:00,109369.02000000,109368.43000000,109447.28000000,109250.00000000
28/09/2025 12:00,109314.99000000,109369.02000000,109451.04000000,109189.99000000
28/09/2025 13:00,109639.00000000,109314.99000000,109668.98000000,109314.98000000
28/09/2025 14:00,109850.01000000,109639.00000000,109888.00000000,109502.56000000
28/09/2025 15:00,110037.93000000,109850.00000000,110037.93000000,109712.23000000
28/09/2025 16:00,110222.02000000,110037.92000000,110393.63000000,110008.54000000
28/09/2025 17:00,110203.52000000,110222.01000000,110377.05000000,110130.26000000
28/09/2025 18:00,110293.56000000,110203.53000000,110293.56000000,110060.88000000
28/09/2025 19:00,110337.60000000,110293.56000000,110388.46000000,110119.71000000
28/09/2025 20:00,110803.80000000,110337.61000000,110945.00000000,110294.78000000
28/09/2025 21:00,110833.99000000,110803.80000000,110896.33000000,110640.81000000
28/09/2025 22:00,111938.51000000,110833.99000000,112014.00000000,110833.99000000
28/09/2025 23:00,112163.95000000,111938.51000000,112350.00000000,111938.51000000
29/09/2025 00:00,112260.57000000,112163.96000000,112309.98000000,111985.00000000
29/09/2025 01:00,111855.30000000,112260.57000000,112310.00000000,111721.79000000
29/09/2025 02:00,111750.02000000,111855.30000000,112022.27000000,111632.72000000
29/09/2025 03:00,111857.51000000,111750.02000000,111857.51000000,111588.07000000
29/09/2025 04:00,111812.00000000,111857.51000000,111904.34000000,111750.00000000
29/09/2025 05:00,111753.34000000,111812.01000000,111812.01000000,111575.38000000
29/09/2025 06:00,111632.83000000,111753.34000000,111850.00000000,111624.00000000
29/09/2025 07:00,111865.95000000,111632.83000000,111865.96000000,111560.65000000
29/09/2025 08:00,112099.75000000,111865.96000000,112421.99000000,111865.95000000
29/09/2025 09:00,112110.90000000,112099.74000000,112219.00000000,111988.13000000
29/09/2025 10:00,112090.18000000,112110.90000000,112225.00000000,112012.73000000
29/09/2025 11:00,112100.00000000,112090.19000000,112112.86000000,111923.13000000
29/09/2025 12:00,112022.16000000,112100.00000000,112515.00000000,111940.00000000
29/09/2025 13:00,113227.29000000,112022.00000000,113490.00000000,111901.26000000
29/09/2025 14:00,114033.53000000,113227.29000000,114231.56000000,113220.21000000
29/09/2025 15:00,113815.57000000,114033.54000000,114127.13000000,113686.06000000
29/09/2025 16:00,113626.15000000,113815.57000000,114053.00000000,113600.00000000
29/09/2025 17:00,114043.91000000,113626.15000000,114151.00000000,113449.74000000
29/09/2025 18:00,114008.79000000,114043.92000000,114137.73000000,113867.02000000
29/09/2025 19:00,114265.55000000,114008.78000000,114390.93000000,113848.63000000
29/09/2025 20:00,114258.29000000,114265.56000000,114400.00000000,114122.12000000
29/09/2025 21:00,114176.73000000,114258.29000000,114329.80000000,114095.36000000
29/09/2025 22:00,114189.81000000,114176.72000000,114216.41000000,114020.00000000
29/09/2025 23:00,114311.96000000,114189.80000000,114395.92000000,114189.80000000
30/09/2025 00:00,114525.97000000,114311.97000000,114758.00000000,114040.35000000
30/09/2025 01:00,114500.31000000,114525.97000000,114792.00000000,114255.38000000
30/09/2025 02:00,114455.96000000,114500.32000000,114583.19000000,114360.00000000
30/09/2025 03:00,114376.39000000,114455.96000000,114514.50000000,114303.06000000
30/09/2025 04:00,114091.63000000,114376.39000000,114376.40000000,114091.62000000
30/09/2025 05:00,113904.00000000,114091.63000000,114205.17000000,113827.24000000
30/09/2025 06:00,113891.64000000,113904.00000000,114084.22000000,113838.41000000
30/09/2025 07:00,113699.23000000,113891.64000000,113994.61000000,113585.00000000
30/09/2025 08:00,113451.89000000,113699.24000000,113741.37000000,113350.35000000
30/09/2025 09:00,112781.97000000,113451.89000000,113451.89000000,112731.41000000
30/09/2025 10:00,112923.49000000,112781.97000000,113085.23000000,112656.27000000
30/09/2025 11:00,113055.01000000,112923.50000000,113135.44000000,112810.62000000
30/09/2025 12:00,113002.06000000,113055.00000000,113255.99000000,112990.75000000
30/09/2025 13:00,113404.53000000,113002.06000000,113677.23000000,112866.11000000
30/09/2025 14:00,113595.05000000,113404.53000000,113630.13000000,112900.00000000
30/09/2025 15:00,113106.16000000,113595.04000000,113598.27000000,112919.95000000
30/09/2025 16:00,112841.24000000,113106.15000000,113279.92000000,112800.00000000
30/09/2025 17:00,113246.11000000,112841.23000000,113503.99000000,112813.82000000
30/09/2025 18:00,113714.56000000,113246.12000000,113714.56000000,113177.37000000
30/09/2025 19:00,114359.99000000,113714.55000000,114563.46000000,113702.01000000
30/09/2025 20:00,114626.36000000,114359.99000000,114723.57000000,114110.09000000
30/09/2025 21:00,114161.00000000,114626.36000000,114754.87000000,114136.50000000
30/09/2025 22:00,113940.39000000,114161.00000000,114356.98000000,113883.01000000
30/09/2025 23:00,114048.93000000,113940.40000000,114048.94000000,113765.42000000
01/10/2025 00:00,114239.53000000,114048.94000000,114308.00000000,113966.67000000
01/10/2025 01:00,114549.99000000,114239.53000000,114550.00000000,114142.99000000
01/10/2025 02:00,114272.15000000,114549.99000000,114551.76000000,114272.15000000
01/10/2025 03:00,114176.92000000,114272.16000000,114530.48000000,114096.58000000
01/10/2025 04:00,114289.01000000,114176.93000000,114700.00000000,114151.00000000
01/10/2025 05:00,114569.84000000,114289.02000000,114740.00000000,114265.63000000
01/10/2025 06:00,114256.81000000,114569.84000000,114624.30000000,114224.88000000
01/10/2025 07:00,114539.02000000,114256.82000000,114584.35000000,114236.59000000
01/10/2025 08:00,116111.28000000,114539.02000000,116591.80000000,114484.43000000
01/10/2025 09:00,116412.10000000,116111.27000000,116529.93000000,115950.00000000
01/10/2025 10:00,116281.64000000,116412.10000000,116551.00000000,116203.50000000
01/10/2025 11:00,116789.58000000,116281.64000000,116795.85000000,116269.00000000
01/10/2025 12:00,116402.65000000,116789.57000000,116887.00000000,116363.38000000
01/10/2025 13:00,116806.96000000,116402.65000000,116843.73000000,116399.50000000
01/10/2025 14:00,117292.74000000,116806.96000000,117441.26000000,116704.74000000
01/10/2025 15:00,117423.73000000,117292.73000000,117649.99000000,117091.84000000
01/10/2025 16:00,117535.79000000,117423.73000000,118199.00000000,117319.04000000
01/10/2025 17:00,116768.07000000,117535.79000000,117681.27000000,116724.56000000
01/10/2025 18:00,117234.01000000,116768.08000000,117339.09000000,116768.07000000
01/10/2025 19:00,117439.53000000,117234.01000000,117623.59000000,117214.80000000
01/10/2025 20:00,117536.12000000,117439.53000000,117542.24000000,117163.25000000
01/10/2025 21:00,117554.96000000,117536.13000000,117579.43000000,117339.54000000
01/10/2025 22:00,117745.39000000,117554.95000000,118080.00000000,117554.95000000
01/10/2025 23:00,118594.99000000,117745.39000000,118649.10000000,117686.28000000
02/10/2025 00:00,118428.46000000,118594.99000000,119456.92000000,118397.32000000
02/10/2025 01:00,118617.37000000,118428.46000000,118894.12000000,118368.05000000
02/10/2025 02:00,118753.73000000,118617.37000000,118784.87000000,118483.39000000
02/10/2025 03:00,118733.99000000,118753.73000000,119058.82000000,118688.61000000
02/10/2025 04:00,118662.04000000,118733.99000000,118930.29000000,118432.64000000
02/10/2025 05:00,118377.34000000,118662.04000000,118677.32000000,118279.31000000
02/10/2025 06:00,118649.06000000,118377.34000000,118672.34000000,118295.87000000
02/10/2025 07:00,118489.76000000,118649.07000000,118678.98000000,118424.00000000
02/10/2025 08:00,118668.89000000,118489.76000000,118680.00000000,118354.61000000
02/10/2025 09:00,118849.99000000,118668.89000000,118850.00000000,118567.00000000
02/10/2025 10:00,118619.56000000,118849.99000000,118926.49000000,118567.85000000
02/10/2025 11:00,118765.73000000,118619.55000000,118900.01000000,118537.10000000
02/10/2025 12:00,119402.42000000,118765.72000000,119402.43000000,118742.91000000
02/10/2025 13:00,119621.20000000,119402.43000000,119761.36000000,118933.25000000
02/10/2025 14:00,118814.09000000,119621.19000000,119788.00000000,118642.20000000
02/10/2025 15:00,119910.78000000,118814.09000000,119910.79000000,118516.39000000
02/10/2025 16:00,119731.40000000,119910.78000000,120300.00000000,119607.82000000
02/10/2025 17:00,119917.52000000,119731.40000000,119956.84000000,119359.63000000
02/10/2025 18:00,120506.61000000,119917.52000000,120663.96000000,119907.01000000
02/10/2025 19:00,120836.49000000,120506.60000000,121022.07000000,120439.97000000
02/10/2025 20:00,120652.01000000,120836.49000000,120914.00000000,120306.02000000
02/10/2025 21:00,120150.10000000,120652.01000000,120774.97000000,120141.72000000
02/10/2025 22:00,120257.49000000,120150.10000000,120412.24000000,120072.46000000
02/10/2025 23:00,120529.35000000,120257.49000000,120680.35000000,120251.81000000
03/10/2025 00:00,120132.80000000,120529.35000000,120550.90000000,120079.00000000
03/10/2025 01:00,119875.72000000,120132.80000000,120293.68000000,119820.00000000
03/10/2025 02:00,120157.82000000,119875.72000000,120269.11000000,119866.18000000
03/10/2025 03:00,120225.89000000,120157.82000000,120472.12000000,120157.82000000
03/10/2025 04:00,120039.98000000,120225.88000000,120324.53000000,120000.40000000
03/10/2025 05:00,119920.40000000,120039.98000000,120065.41000000,119746.81000000
03/10/2025 06:00,119916.93000000,119920.41000000,120075.62000000,119765.99000000
03/10/2025 07:00,119640.21000000,119916.94000000,120011.05000000,119610.59000000
03/10/2025 08:00,120038.60000000,119640.22000000,120072.59000000,119248.30000000
03/10/2025 09:00,120300.00000000,120038.60000000,120365.35000000,120008.60000000
03/10/2025 10:00,120425.95000000,120300.01000000,120515.89000000,120271.18000000
03/10/2025 11:00,120334.50000000,120425.95000000,120471.00000000,120130.76000000
03/10/2025 12:00,120358.07000000,120334.51000000,120400.00000000,120102.18000000
03/10/2025 13:00,120374.73000000,120358.07000000,120691.44000000,120113.00000000
03/10/2025 14:00,120917.85000000,120374.72000000,120975.00000000,119881.24000000
03/10/2025 15:00,122258.05000000,120917.10000000,122366.00000000,120641.27000000
03/10/2025 16:00,122553.30000000,122258.04000000,123894.99000000,122258.04000000
03/10/2025 17:00,122073.25000000,122553.30000000,123113.97000000,121603.42000000
03/10/2025 18:00,122538.46000000,122073.26000000,122732.12000000,121466.25000000
03/10/2025 19:00,122660.99000000,122538.46000000,122961.63000000,122355.08000000
03/10/2025 20:00,122447.94000000,122661.00000000,122734.92000000,122037.43000000
03/10/2025 21:00,122306.57000000,122447.94000000,122452.10000000,121999.33000000
03/10/2025 22:00,122477.00000000,122306.57000000,122665.00000000,122306.56000000
03/10/2025 23:00,122232.00000000,122477.00000000,122477.00000000,122180.79000000
04/10/2025 00:00,122100.00000000,122232.21000000,122295.56000000,121982.23000000
04/10/2025 01:00,121865.21000000,122100.00000000,122103.24000000,121698.80000000
04/10/2025 02:00,121854.53000000,121865.22000000,122030.00000000,121684.97000000
04/10/2025 03:00,122243.99000000,121854.53000000,122325.60000000,121829.54000000
04/10/2025 04:00,122495.00000000,122243.99000000,122522.00000000,122219.30000000
04/10/2025 05:00,122522.70000000,122495.01000000,122800.00000000,122405.64000000
04/10/2025 06:00,122430.27000000,122522.70000000,122606.86000000,122373.90000000
04/10/2025 07:00,122324.08000000,122430.27000000,122455.00000000,122259.98000000
04/10/2025 08:00,122267.57000000,122324.08000000,122539.83000000,122197.63000000
04/10/2025 09:00,122208.78000000,122267.58000000,122457.17000000,122186.03000000
04/10/2025 10:00,122129.53000000,122208.79000000,122331.01000000,122099.69000000
04/10/2025 11:00,121973.26000000,122129.53000000,122215.97000000,121962.81000000
04/10/2025 12:00,122005.62000000,121973.26000000,122103.00000000,121945.00000000
04/10/2025 13:00,122385.42000000,122005.62000000,122509.52000000,122005.62000000
04/10/2025 14:00,122000.01000000,122385.42000000,122459.98000000,122000.00000000
04/10/2025 15:00,121791.31000000,122000.01000000,122144.28000000,121698.88000000
04/10/2025 16:00,121719.99000000,121791.31000000,121964.95000000,121595.67000000
04/10/2025 17:00,121747.37000000,121720.00000000,121910.24000000,121660.57000000
04/10/2025 18:00,121574.66000000,121747.36000000,121829.69000000,121510.00000000
04/10/2025 19:00,121959.25000000,121574.66000000,121959.25000000,121574.65000000
04/10/2025 20:00,121892.89000000,121959.25000000,122079.65000000,121891.49000000
04/10/2025 21:00,122190.67000000,121892.89000000,122347.55000000,121871.01000000
04/10/2025 22:00,122287.19000000,122190.67000000,122365.14000000,122139.98000000
04/10/2025 23:00,122391.00000000,122287.19000000,122410.00000000,122214.00000000
05/10/2025 00:00,122157.70000000,122390.99000000,122410.00000000,122157.70000000
05/10/2025 01:00,122377.72000000,122157.71000000,122410.00000000,122136.00000000
05/10/2025 02:00,124031.44000000,122377.71000000,124362.28000000,122342.00000000
05/10/2025 03:00,123776.22000000,124031.44000000,124173.00000000,123344.98000000
05/10/2025 04:00,125172.81000000,123776.23000000,125708.42000000,123734.00000000
05/10/2025 05:00,125127.99000000,125172.81000000,125437.91000000,124876.72000000
05/10/2025 06:00,125000.01000000,125127.99000000,125225.54000000,124805.34000000
05/10/2025 07:00,124713.63000000,125000.01000000,125164.26000000,124622.60000000
05/10/2025 08:00,124595.99000000,124713.63000000,124838.37000000,124558.00000000
05/10/2025 09:00,123020.50000000,124596.00000000,124665.37000000,122789.35000000
05/10/2025 10:00,123028.01000000,123020.51000000,123130.00000000,122520.24000000
05/10/2025 11:00,123464.64000000,123028.01000000,123538.46000000,122850.00000000
05/10/2025 12:00,123085.88000000,123464.64000000,123464.65000000,122927.17000000
05/10/2025 13:00,123161.39000000,123085.89000000,123358.83000000,123070.46000000
05/10/2025 14:00,123034.67000000,123161.40000000,123339.42000000,122770.32000000
05/10/2025 15:00,122803.17000000,123034.67000000,123034.67000000,122675.00000000
05/10/2025 16:00,123265.54000000,122803.17000000,123348.45000000,122301.63000000
05/10/2025 17:00,123057.05000000,123265.55000000,123464.00000000,122890.38000000
05/10/2025 18:00,122999.44000000,123057.05000000,123220.30000000,122856.05000000
05/10/2025 19:00,122591.79000000,122999.44000000,123026.00000000,122500.00000000
05/10/2025 20:00,122705.32000000,122591.80000000,123055.05000000,122473.62000000
05/10/2025 21:00,122729.99000000,122705.31000000,122801.44000000,122489.85000000
05/10/2025 22:00,123237.40000000,122730.00000000,123278.76000000,122730.00000000
05/10/2025 23:00,123482.31000000,123237.40000000,123548.83000000,123219.62000000
06/10/2025 00:00,123347.29000000,123482.32000000,124358.46000000,123084.00000000
06/10/2025 01:00,124035.32000000,123347.29000000,124239.70000000,123192.01000000
06/10/2025 02:00,124110.61000000,124035.33000000,124244.93000000,123476.04000000
06/10/2025 03:00,123839.09000000,124110.61000000,124126.31000000,123742.64000000
06/10/2025 04:00,123580.26000000,123839.09000000,123988.00000000,123554.27000000
06/10/2025 05:00,123586.00000000,123580.27000000,123750.00000000,123294.93000000
06/10/2025 06:00,123947.90000000,123586.01000000,124165.56000000,123586.00000000
06/10/2025 07:00,123390.47000000,123947.91000000,124035.89000000,123280.49000000
06/10/2025 08:00,123846.55000000,123390.47000000,123880.00000000,123390.46000000
06/10/2025 09:00,123955.30000000,123846.56000000,124056.73000000,123779.31000000
06/10/2025 10:00,123978.00000000,123955.29000000,124142.85000000,123899.42000000
06/10/2025 11:00,124215.00000000,123978.00000000,124531.66000000,123735.73000000
06/10/2025 12:00,124556.64000000,124215.00000000,124691.81000000,124178.00000000
06/10/2025 13:00,125031.33000000,124556.65000000,125079.85000000,124385.74000000
06/10/2025 14:00,124530.00000000,125031.34000000,125330.00000000,124339.38000000
06/10/2025 15:00,125000.00000000,124529.99000000,125408.29000000,124513.35000000
06/10/2025 16:00,125455.24000000,125000.00000000,125499.63000000,124800.00000000
06/10/2025 17:00,125284.00000000,125455.25000000,125819.20000000,125126.67000000
06/10/2025 18:00,126011.18000000,125284.01000000,126199.63000000,125044.46000000
06/10/2025 19:00,125410.81000000,126011.18000000,126134.71000000,125252.74000000
06/10/2025 20:00,125211.02000000,125410.80000000,125534.00000000,125032.01000000
06/10/2025 21:00,125097.85000000,125211.03000000,125268.50000000,124511.15000000
06/10/2025 22:00,125039.13000000,125097.86000000,125298.43000000,124784.41000000
06/10/2025 23:00,124658.54000000,125039.13000000,125100.00000000,124628.00000000
07/10/2025 00:00,124900.93000000,124658.54000000,124925.14000000,124600.00000000
07/10/2025 01:00,124699.99000000,124900.93000000,125082.27000000,124442.87000000
07/10/2025 02:00,124259.90000000,124699.99000000,124700.00000000,124159.22000000
07/10/2025 03:00,124329.74000000,124259.91000000,124568.44000000,124101.26000000
07/10/2025 04:00,124500.00000000,124329.74000000,124654.47000000,124109.10000000
07/10/2025 05:00,124414.17000000,124499.99000000,124640.76000000,124240.37000000
07/10/2025 06:00,123890.84000000,124414.17000000,124460.00000000,123800.00000000
07/10/2025 07:00,123667.99000000,123890.84000000,124038.00000000,123567.60000000
07/10/2025 08:00,123861.75000000,123668.00000000,123999.98000000,123322.90000000
07/10/2025 09:00,124117.48000000,123861.75000000,124246.64000000,123861.74000000
07/10/2025 10:00,124282.19000000,124117.48000000,124413.75000000,124020.00000000
07/10/2025 11:00,124453.38000000,124282.18000000,124509.60000000,124179.99000000
07/10/2025 12:00,124917.99000000,124453.37000000,125126.00000000,124340.00000000
07/10/2025 13:00,123891.68000000,124918.00000000,125046.16000000,123288.00000000
07/10/2025 14:00,122725.36000000,123891.68000000,124000.00000000,122568.00000000
07/10/2025 15:00,121846.01000000,122725.36000000,122865.36000000,121172.89000000
07/10/2025 16:00,121684.17000000,121846.01000000,122084.14000000,120800.02000000
07/10/2025 17:00,121130.02000000,121684.17000000,121822.58000000,121100.00000000
07/10/2025 18:00,120895.37000000,121130.02000000,121306.13000000,120574.94000000
07/10/2025 19:00,121637.17000000,120895.37000000,122027.30000000,120860.46000000
07/10/2025 20:00,121943.61000000,121637.18000000,122196.48000000,121637.18000000
07/10/2025 21:00,122016.00000000,121943.61000000,122292.62000000,121765.90000000
07/10/2025 22:00,122011.17000000,122016.00000000,122173.50000000,121797.60000000
07/10/2025 23:00,121332.95000000,122011.17000000,122022.88000000,121258.08000000
08/10/2025 00:00,121914.09000000,121332.96000000,122089.68000000,121276.00000000
08/10/2025 01:00,121950.01000000,121914.09000000,122056.00000000,121605.75000000
08/10/2025 02:00,122048.28000000,121950.00000000,122229.66000000,121825.74000000
08/10/2025 03:00,121374.75000000,122048.28000000,122048.28000000,121200.00000000
08/10/2025 04:00,121900.00000000,121374.76000000,121910.24000000,121066.14000000
08/10/2025 05:00,121374.01000000,121900.01000000,121900.01000000,121173.86000000
08/10/2025 06:00,121784.29000000,121374.02000000,121841.54000000,121068.96000000
08/10/2025 07:00,121597.06000000,121784.30000000,121872.37000000,121311.91000000
08/10/2025 08:00,122381.85000000,121597.05000000,122850.00000000,121524.01000000
08/10/2025 09:00,122516.98000000,122381.84000000,122644.00000000,122381.84000000
08/10/2025 10:00,122934.60000000,122516.99000000,123100.00000000,122498.05000000
08/10/2025 11:00,122884.14000000,122934.61000000,123200.00000000,122743.36000000
08/10/2025 12:00,122631.52000000,122884.14000000,123090.75000000,122542.27000000
08/10/2025 13:00,122599.04000000,122631.52000000,122774.96000000,121649.68000000
08/10/2025 14:00,122320.00000000,122599.04000000,123350.00000000,122112.16000000
08/10/2025 15:00,122189.72000000,122319.99000000,122622.55000000,121954.34000000
08/10/2025 16:00,123051.03000000,122189.72000000,123129.23000000,122110.08000000
08/10/2025 17:00,124033.19000000,123051.02000000,124164.36000000,122958.05000000
08/10/2025 18:00,123460.22000000,124033.19000000,124197.25000000,123415.58000000
08/10/2025 19:00,123450.00000000,123460.21000000,123759.94000000,123160.82000000
08/10/2025 20:00,122856.69000000,123450.01000000,123737.00000000,122814.00000000
08/10/2025 21:00,123277.33000000,122856.70000000,123332.01000000,122794.40000000
08/10/2025 22:00,123200.82000000,123277.34000000,123416.73000000,123200.81000000
08/10/2025 23:00,123306.00000000,123200.82000000,123537.11000000,123056.31000000
09/10/2025 00:00,122839.15000000,123306.01000000,123348.32000000,122839.15000000
09/10/2025 01:00,122548.23000000,122839.16000000,122857.32000000,122339.41000000
09/10/2025 02:00,121617.81000000,122548.23000000,122548.23000000,121475.98000000
09/10/2025 03:00,122038.01000000,121617.81000000,122120.28000000,121603.59000000
09/10/2025 04:00,122144.70000000,122038.01000000,122264.00000000,121904.81000000
09/10/2025 05:00,122100.92000000,122144.70000000,122196.99000000,121823.94000000
09/10/2025 06:00,121957.32000000,122100.92000000,122185.98000000,121883.43000000
09/10/2025 07:00,121906.10000000,121957.32000000,122067.61000000,121724.71000000
09/10/2025 08:00,121261.62000000,121906.09000000,121960.97000000,121145.49000000
09/10/2025 09:00,121813.04000000,121261.62000000,121855.44000000,121261.62000000
09/10/2025 10:00,122170.27000000,121813.04000000,122340.00000000,121650.22000000
09/10/2025 11:00,122737.57000000,122170.26000000,122833.02000000,122170.26000000
09/10/2025 12:00,123563.38000000,122737.56000000,123762.94000000,122709.10000000
09/10/2025 13:00,122415.74000000,123563.38000000,123658.38000000,122277.76000000
09/10/2025 14:00,121315.00000000,122415.74000000,122608.00000000,120736.96000000
09/10/2025 15:00,121147.14000000,121315.01000000,121734.27000000,120673.99000000
09/10/2025 16:00,119819.77000000,121147.15000000,121481.90000000,119707.29000000
09/10/2025 17:00,120974.00000000,119819.76000000,121046.15000000,119651.47000000
09/10/2025 18:00,120649.32000000,120971.22000000,121100.00000000,120396.00000000
09/10/2025 19:00,120951.72000000,120649.33000000,121108.12000000,120649.32000000
09/10/2025 20:00,121109.09000000,120951.72000000,121199.97000000,120838.00000000
09/10/2025 21:00,121461.02000000,121109.08000000,121512.70000000,121065.77000000
09/10/2025 22:00,121686.19000000,121461.03000000,121768.01000000,121411.55000000
09/10/2025 23:00,121662.40000000,121686.19000000,121900.00000000,121341.22000000
10/10/2025 00:00,121745.27000000,121662.41000000,121863.74000000,121595.75000000
10/10/2025 01:00,121623.97000000,121745.26000000,121874.13000000,121489.06000000
10/10/2025 02:00,121059.73000000,121623.96000000,121651.33000000,120900.00000000
10/10/2025 03:00,121026.01000000,121059.73000000,121575.99000000,120909.15000000
10/10/2025 04:00,121234.51000000,121026.00000000,121388.58000000,121018.33000000
10/10/2025 05:00,121583.89000000,121234.52000000,121604.49000000,120986.08000000
10/10/2025 06:00,121378.18000000,121583.89000000,121754.34000000,121265.26000000
10/10/2025 07:00,120932.05000000,121378.19000000,121388.61000000,120855.41000000
10/10/2025 08:00,121631.54000000,120932.05000000,121660.43000000,120916.44000000
10/10/2025 09:00,121314.73000000,121631.54000000,121777.07000000,121276.56000000
10/10/2025 10:00,121496.33000000,121314.73000000,121543.59000000,121228.83000000
10/10/2025 11:00,121554.55000000,121496.34000000,121661.62000000,121424.50000000
10/10/2025 12:00,121597.21000000,121554.55000000,121682.42000000,121420.00000000
10/10/2025 13:00,121684.20000000,121597.22000000,122550.00000000,121384.60000000
10/10/2025 14:00,120493.17000000,121684.18000000,122069.76000000,120479.20000000
10/10/2025 15:00,119018.98000000,120493.16000000,120626.55000000,118500.00000000
10/10/2025 16:00,118205.61000000,119018.99000000,119456.28000000,118205.60000000
10/10/2025 17:00,117623.80000000,118205.61000000,118427.51000000,117579.79000000
10/10/2025 18:00,117237.70000000,117623.80000000,117851.50000000,117237.00000000
10/10/2025 19:00,116661.50000000,117237.70000000,117341.92000000,115952.47000000
10/10/2025 20:00,114266.82000000,116661.50000000,117214.64000000,113039.00000000
10/10/2025 21:00,113451.86000000,114266.82000000,115112.69000000,102000.00000000
10/10/2025 22:00,113700.00000000,113451.87000000,114109.03000000,110879.69000000
10/10/2025 23:00,112774.50000000,113700.00000000,114807.41000000,112652.76000000
11/10/2025 00:00,112514.58000000,112774.49000000,113178.66000000,111620.30000000
11/10/2025 01:00,111095.37000000,112514.57000000,112530.01000000,111019.43000000
11/10/2025 02:00,113196.48000000,111095.38000000,113297.92000000,111082.00000000
11/10/2025 03:00,112300.01000000,113196.48000000,113322.39000000,111800.00000000
11/10/2025 04:00,112945.79000000,112300.00000000,112991.16000000,111700.00000000
11/10/2025 05:00,112389.48000000,112945.79000000,112945.79000000,111992.85000000
11/10/2025 06:00,112045.99000000,112389.48000000,112753.91000000,112000.00000000
11/10/2025 07:00,110384.61000000,112046.00000000,112084.61000000,110090.29000000
11/10/2025 08:00,111328.38000000,110384.60000000,111535.29000000,110162.23000000
11/10/2025 09:00,111642.78000000,111328.38000000,111887.19000000,111274.41000000
11/10/2025 10:00,112114.64000000,111642.78000000,112271.34000000,111621.77000000
11/10/2025 11:00,112280.00000000,112114.63000000,112359.67000000,111700.00000000
11/10/2025 12:00,112380.14000000,112280.01000000,112466.66000000,112037.98000000
11/10/2025 13:00,112267.86000000,112380.13000000,112500.00000000,111890.33000000
11/10/2025 14:00,111991.97000000,112267.86000000,112342.11000000,111890.29000000
11/10/2025 15:00,111793.20000000,111991.97000000,112385.93000000,111793.20000000
11/10/2025 16:00,111846.18000000,111793.21000000,112089.92000000,111442.91000000
11/10/2025 17:00,112005.57000000,111846.18000000,112185.53000000,111715.99000000
11/10/2025 18:00,111955.27000000,112005.56000000,112025.40000000,111836.45000000
11/10/2025 19:00,111178.31000000,111955.27000000,112025.40000000,110865.82000000
11/10/2025 20:00,110244.98000000,111178.30000000,111368.29000000,109653.65000000
11/10/2025 21:00,110893.54000000,110244.98000000,111000.00000000,109561.59000000
11/10/2025 22:00,111043.27000000,110893.55000000,111291.61000000,110652.00000000
11/10/2025 23:00,110644.40000000,111043.26000000,111114.46000000,110644.00000000
12/10/2025 00:00,109641.54000000,110644.40000000,110685.63000000,109565.06000000
