date,close,open,high,low,volume,quote_volume,close_time,number_of_trades,taker_buy_volume,taker_buy_quote_volume
01/01/2025 00:00,93656.18000000,93576.00000000,93702.15000000,93489.03000000,175.85673000,16461794.00035600,01/01/2025 00:14,19788,63.20664000,5915901.62666110
01/01/2025 00:15,93761.90000000,93656.19000000,93898.05000000,93614.95000000,95.41749000,8948674.28711040,01/01/2025 00:29,20478,52.30851000,4905499.62377410
01/01/2025 00:30,93885.01000000,93761.90000000,93963.67000000,93761.89000000,94.36416000,8859841.13556760,01/01/2025 00:44,21825,61.58676000,5782319.27508920
01/01/2025 00:45,94401.14000000,93885.00000000,94509.42000000,93864.44000000,390.35172000,36798501.13642980,01/01/2025 00:59,31434,243.98128000,22993057.25440150
01/01/2025 01:00,94153.05000000,94401.13000000,94408.72000000,93880.00000000,284.57018000,26761444.83424790,01/01/2025 01:14,31418,148.47833000,13962750.05002080
01/01/2025 01:15,93825.86000000,94153.04000000,94153.05000000,93819.60000000,102.66232000,9640519.54268020,01/01/2025 01:29,15068,29.28462000,2750458.42828740
01/01/2025 01:30,93923.14000000,93825.86000000,93989.37000000,93825.86000000,78.97889000,7418445.44390710,01/01/2025 01:44,14018,41.58822000,3906291.55353320
01/01/2025 01:45,93607.74000000,93923.14000000,93945.25000000,93578.77000000,120.32317000,11276197.08576560,01/01/2025 01:59,19439,38.06906000,3568438.29402180
01/01/2025 02:00,93800.00000000,93607.74000000,93805.04000000,93594.56000000,104.71689000,9815653.60639260,01/01/2025 02:14,20595,74.62151000,6994807.61468770
01/01/2025 02:15,93742.52000000,93800.00000000,93805.16000000,93689.48000000,48.21903000,4519803.19862800,01/01/2025 02:29,10475,28.19412000,2642733.56865180
01/01/2025 02:30,93921.86000000,93742.51000000,93921.86000000,93742.51000000,39.83390000,3737782.39819000,01/01/2025 02:44,10519,26.84878000,2519287.45173710
01/01/2025 02:45,94098.91000000,93921.86000000,94105.12000000,93912.00000000,84.01063000,7900851.43259880,01/01/2025 02:59,13489,55.68763000,5236941.79717140
01/01/2025 03:00,93976.01000000,94098.90000000,94098.91000000,93959.89000000,65.06529000,6116167.16083680,01/01/2025 03:14,10559,33.53536000,3152313.54195490
01/01/2025 03:15,93830.89000000,93976.01000000,93976.01000000,93766.23000000,47.42318000,4450426.13448030,01/01/2025 03:29,10890,18.57933000,1743495.23092190
01/01/2025 03:30,93857.04000000,93830.90000000,93891.15000000,93800.00000000,67.83649000,6366426.90380230,01/01/2025 03:44,6247,44.61038000,4186896.83500440
01/01/2025 03:45,93838.04000000,93857.03000000,93867.35000000,93728.22000000,40.66806000,3815020.80728610,01/01/2025 03:59,7305,23.19633000,2175959.57481880
01/01/2025 04:00,93711.19000000,93838.04000000,93838.04000000,93689.96000000,87.46863000,8199872.76689660,01/01/2025 04:14,9604,58.56068000,5489683.49742720
01/01/2025 04:15,93738.09000000,93711.18000000,93771.99000000,93679.07000000,53.53604000,5016892.98452570,01/01/2025 04:29,9087,27.81982000,2606913.36907520
01/01/2025 04:30,93645.13000000,93738.09000000,93738.10000000,93616.82000000,45.89524000,4298717.89156280,01/01/2025 04:44,7425,20.79430000,1947577.23416840
01/01/2025 04:45,93553.91000000,93645.12000000,93670.00000000,93500.00000000,92.56918000,8663572.48216440,01/01/2025 04:59,12481,25.81067000,2416450.66411880
01/01/2025 05:00,93638.50000000,93553.91000000,93680.00000000,93547.40000000,44.42431000,4158687.13192480,01/01/2025 05:14,7627,20.10376000,1881849.25446710
01/01/2025 05:15,93891.74000000,93638.50000000,93933.33000000,93614.50000000,96.81147000,9075794.95174490,01/01/2025 05:29,11754,72.43038000,6790210.23128940
01/01/2025 05:30,93857.65000000,93891.74000000,93937.19000000,93799.25000000,44.47420000,4174433.80045080,01/01/2025 05:44,10091,18.83718000,1768068.51802780
01/01/2025 05:45,93792.02000000,93857.66000000,93862.11000000,93792.01000000,23.46942000,2201874.96819740,01/01/2025 05:59,4367,11.84686000,1111447.02440530
01/01/2025 06:00,93603.22000000,93792.02000000,93792.02000000,93603.21000000,48.12812000,4509958.85706110,01/01/2025 06:14,7892,14.42050000,1351256.80261580
01/01/2025 06:15,93654.50000000,93603.21000000,93701.39000000,93603.21000000,46.53256000,4358059.36334750,01/01/2025 06:29,6687,25.91134000,2426808.57494390
01/01/2025 06:30,93720.00000000,93654.50000000,93720.01000000,93568.38000000,134.37648000,12583390.16195330,01/01/2025 06:44,10043,96.65303000,9050951.09858810
01/01/2025 06:45,93757.58000000,93720.01000000,93757.58000000,93672.34000000,43.24130000,4052167.48492200,01/01/2025 06:59,5444,28.92076000,2710288.91650870
01/01/2025 07:00,93685.25000000,93757.57000000,93757.58000000,93664.08000000,29.27357000,2742759.17148610,01/01/2025 07:14,5654,12.38478000,1160309.09689890
01/01/2025 07:15,93786.03000000,93685.25000000,93786.04000000,93677.50000000,43.36678000,4064816.47537920,01/01/2025 07:29,6015,26.01846000,2438737.00953430
01/01/2025 07:30,93741.15000000,93786.03000000,93800.00000000,93727.27000000,37.98335000,3561671.14635060,01/01/2025 07:44,6342,15.74865000,1476688.54615760
01/01/2025 07:45,93684.10000000,93741.15000000,93767.76000000,93664.09000000,87.31088000,8182402.07189460,01/01/2025 07:59,4880,16.23756000,1521962.75993940
01/01/2025 08:00,93746.39000000,93684.11000000,93756.02000000,93677.44000000,72.04570000,6751815.90311060,01/01/2025 08:14,4795,40.47386000,3793054.98279580
01/01/2025 08:15,93416.41000000,93746.39000000,93746.40000000,93304.00000000,245.33070000,22944399.59302370,01/01/2025 08:29,17421,47.91925000,4479600.25963750
01/01/2025 08:30,93476.46000000,93416.41000000,93527.21000000,93400.00000000,79.27209000,7410358.59199880,01/01/2025 08:44,13211,31.33423000,2929211.66932930
01/01/2025 08:45,93428.46000000,93476.46000000,93547.83000000,93320.00000000,85.06324000,7948455.89421150,01/01/2025 08:59,16037,42.41101000,3962933.05687270
01/01/2025 09:00,93327.15000000,93428.47000000,93486.29000000,93217.93000000,114.48117000,10689060.37391790,01/01/2025 09:14,15479,59.21634000,5529374.84585090
01/01/2025 09:15,93141.91000000,93327.15000000,93327.15000000,92888.00000000,317.30535000,29537183.72536080,01/01/2025 09:29,39420,101.85187000,9483886.71638840
01/01/2025 09:30,93106.31000000,93141.91000000,93302.52000000,93001.00000000,230.12665000,21438007.95889870,01/01/2025 09:44,20993,150.71472000,14044405.03395420
01/01/2025 09:45,93413.06000000,93106.30000000,93446.48000000,93048.64000000,136.58456000,12745570.86086360,01/01/2025 09:59,17587,92.76818000,8657898.24784540
01/01/2025 10:00,93384.27000000,93413.07000000,93534.95000000,93357.67000000,83.96199000,7845704.58660000,01/01/2025 10:14,15738,28.22860000,2638140.92958660
01/01/2025 10:15,93410.25000000,93384.26000000,93536.75000000,93384.26000000,54.91381000,5133077.92950990,01/01/2025 10:29,10023,29.13064000,2723031.58880830
01/01/2025 10:30,93397.96000000,93410.25000000,93509.74000000,93284.00000000,65.35825000,6104772.90437360,01/01/2025 10:44,14429,32.15336000,3003396.28840510
01/01/2025 10:45,93326.23000000,93397.96000000,93416.64000000,93292.50000000,61.31787000,5723479.24533140,01/01/2025 10:59,9123,29.35029000,2739418.86449100
01/01/2025 11:00,93331.58000000,93326.24000000,93376.63000000,93200.00000000,76.38624000,7127047.01422630,01/01/2025 11:14,15239,35.55305000,3317105.25165700
01/01/2025 11:15,93485.88000000,93331.58000000,93485.88000000,93331.57000000,83.55395000,7805000.62083960,01/01/2025 11:29,13591,56.85607000,5311027.48982670
01/01/2025 11:30,93593.24000000,93485.88000000,93605.82000000,93402.00000000,72.79136000,6806592.59418220,01/01/2025 11:44,12821,43.77333000,4093743.64116880
01/01/2025 11:45,93444.64000000,93593.24000000,93705.08000000,93443.99000000,88.99070000,8325724.90633450,01/01/2025 11:59,16491,50.73261000,4746965.80496260
01/01/2025 12:00,93451.38000000,93444.65000000,93511.37000000,93407.07000000,66.75439000,6238587.71855470,01/01/2025 12:14,9283,33.66364000,3145923.35229070
01/01/2025 12:15,93888.31000000,93451.37000000,93972.00000000,93451.37000000,267.96280000,25116752.88233960,01/01/2025 12:29,26453,213.35115000,19997155.22486520
01/01/2025 12:30,93782.50000000,93888.30000000,93909.10000000,93768.00000000,112.23963000,10533227.40903250,01/01/2025 12:44,13164,70.57933000,6623653.25243200
01/01/2025 12:45,93820.76000000,93782.51000000,93843.99000000,93700.73000000,52.39931000,4912879.57176900,01/01/2025 12:59,10028,24.77088000,2322509.90483010
01/01/2025 13:00,93658.13000000,93820.75000000,93900.00000000,93647.84000000,83.33649000,7815798.91513510,01/01/2025 13:14,18916,39.96545000,3748655.21420140
01/01/2025 13:15,93729.30000000,93658.13000000,93792.69000000,93600.28000000,79.06472000,7406955.81859900,01/01/2025 13:29,16025,38.40835000,3598389.73655900
01/01/2025 13:30,93776.51000000,93729.30000000,93888.98000000,93724.00000000,60.25170000,5652028.09997270,01/01/2025 13:44,14243,29.08274000,2727954.61389590
01/01/2025 13:45,94031.76000000,93776.51000000,94058.79000000,93760.00000000,117.71096000,11056576.86793090,01/01/2025 13:59,15295,89.98785000,8453035.95911050
01/01/2025 14:00,94245.19000000,94031.77000000,94450.85000000,94028.54000000,249.57315000,23526112.77804810,01/01/2025 14:14,39126,167.33388000,15771484.90199320
01/01/2025 14:15,93919.99000000,94245.18000000,94295.85000000,93883.66000000,156.61247000,14742624.08041290,01/01/2025 14:29,26177,71.88279000,6766575.25152120
01/01/2025 14:30,93976.51000000,93919.99000000,94140.00000000,93671.48000000,202.98460000,19066643.37750540,01/01/2025 14:44,34880,99.21911000,9320456.64766970
01/01/2025 14:45,94175.89000000,93976.52000000,94225.58000000,93914.46000000,142.73675000,13437505.66385510,01/01/2025 14:59,24099,74.49586000,7013170.13195110
01/01/2025 15:00,93982.33000000,94175.89000000,94265.75000000,93900.00000000,100.33066000,9440925.20019900,01/01/2025 15:14,17400,36.30797000,3417104.71782350
01/01/2025 15:15,94160.50000000,93982.33000000,94239.93000000,93914.83000000,121.16757000,11405448.32381180,01/01/2025 15:29,17836,54.54383000,5133942.76112200
01/01/2025 15:30,94247.18000000,94160.50000000,94247.78000000,94089.16000000,79.38959000,7475697.71486240,01/01/2025 15:44,13732,48.33091000,4550996.29147870
01/01/2025 15:45,94432.94000000,94247.19000000,94500.00000000,94242.98000000,185.19613000,17474469.43736510,01/01/2025 15:59,28522,95.57549000,9018145.45554010
01/01/2025 16:00,94274.63000000,94432.94000000,94492.00000000,94250.00000000,199.02193000,18786175.36737950,01/01/2025 16:14,24606,107.86619000,10181268.91569420
01/01/2025 16:15,94149.98000000,94274.62000000,94274.62000000,94096.01000000,125.94840000,11861356.49899780,01/01/2025 16:29,24627,63.01282000,5934122.44003730
01/01/2025 16:30,94017.38000000,94149.99000000,94188.77000000,94017.37000000,109.63532000,10316034.58942990,01/01/2025 16:44,20386,53.49059000,5033486.17691590
01/01/2025 16:45,94090.49000000,94017.37000000,94090.50000000,93922.00000000,145.66819000,13693085.06896890,01/01/2025 16:59,17903,62.83790000,5906298.76879100
01/01/2025 17:00,93863.12000000,94090.50000000,94131.66000000,93859.88000000,90.49792000,8504251.51316270,01/01/2025 17:14,21570,41.07226000,3859410.44697600
01/01/2025 17:15,93973.11000000,93863.12000000,93999.56000000,93760.93000000,93.30655000,8758842.61863560,01/01/2025 17:29,15885,50.73570000,4763249.33013340
01/01/2025 17:30,94027.41000000,93973.12000000,94088.84000000,93973.11000000,50.90413000,4786648.68301150,01/01/2025 17:44,10371,27.15682000,2553502.84668010
01/01/2025 17:45,94143.85000000,94027.40000000,94189.16000000,93897.75000000,69.15935000,6503312.38635130,01/01/2025 17:59,13593,32.04036000,3013434.51629830
01/01/2025 18:00,93999.51000000,94143.84000000,94155.78000000,93936.44000000,48.85342000,4594031.63130320,01/01/2025 18:14,12580,24.34100000,2288932.99044600
01/01/2025 18:15,94208.43000000,93999.52000000,94240.44000000,93999.51000000,49.20466000,4631520.13313950,01/01/2025 18:29,10165,28.10824000,2645900.56414930
01/01/2025 18:30,94278.71000000,94208.43000000,94305.73000000,94191.73000000,84.91808000,8004456.67865770,01/01/2025 18:44,15363,38.50811000,3629810.84692430
01/01/2025 18:45,94340.06000000,94278.72000000,94380.44000000,94234.24000000,108.81215000,10261839.13976910,01/01/2025 18:59,15929,70.78538000,6675890.26795650
01/01/2025 19:00,94353.01000000,94340.06000000,94398.74000000,94275.39000000,68.45880000,6457937.21818580,01/01/2025 19:14,16637,28.55939000,2694044.77169810
01/01/2025 19:15,94261.99000000,94353.02000000,94353.02000000,94168.01000000,79.23436000,7466926.75362800,01/01/2025 19:29,13594,31.06024000,2926769.42765540
01/01/2025 19:30,94447.76000000,94261.99000000,94450.81000000,94148.34000000,95.96321000,9049696.00422040,01/01/2025 19:44,16231,51.37541000,4845957.14486270
01/01/2025 19:45,94627.07000000,94447.77000000,94823.75000000,94394.31000000,301.46735000,28528327.21150100,01/01/2025 19:59,38540,158.56595000,15006291.07778430
01/01/2025 20:00,94696.79000000,94627.08000000,94793.77000000,94627.07000000,102.32169000,9691242.08700920,01/01/2025 20:14,12834,37.87359000,3587123.43116980
01/01/2025 20:15,94711.84000000,94696.79000000,94836.00000000,94579.83000000,119.07787000,11277494.04093510,01/01/2025 20:29,14711,50.79742000,4811438.59957500
01/01/2025 20:30,94724.02000000,94711.84000000,94797.17000000,94644.15000000,87.92661000,8328858.95541460,01/01/2025 20:44,17340,41.62249000,3942455.06204630
01/01/2025 20:45,94786.23000000,94724.02000000,94852.70000000,94716.43000000,115.09851000,10912511.40371770,01/01/2025 20:59,14356,61.65095000,5845245.35888360
01/01/2025 21:00,94772.73000000,94786.23000000,94917.87000000,94687.87000000,188.99610000,17919146.58278900,01/01/2025 21:14,18366,121.43786000,11514927.56991220
01/01/2025 21:15,94955.98000000,94772.72000000,95151.15000000,94766.49000000,202.23035000,19208013.17755830,01/01/2025 21:29,26408,132.98695000,12631164.12904700
01/01/2025 21:30,94788.80000000,94955.99000000,95000.00000000,94734.57000000,109.74195000,10407806.99921760,01/01/2025 21:44,20563,41.26662000,3913475.46201630
01/01/2025 21:45,94978.48000000,94789.18000000,94984.85000000,94789.18000000,135.84316000,12890271.84087930,01/01/2025 21:59,19928,67.34742000,6390510.48509470
01/01/2025 22:00,94836.01000000,94978.48000000,94997.32000000,94685.81000000,128.48004000,12181704.77678190,01/01/2025 22:14,16051,53.81486000,5102054.70849060
01/01/2025 22:15,94735.50000000,94836.01000000,94859.42000000,94720.43000000,87.78981000,8321741.58627730,01/01/2025 22:29,10518,34.19969000,3241592.92812850
01/01/2025 22:30,94955.21000000,94735.49000000,94970.34000000,94735.49000000,103.91307000,9854272.19545700,01/01/2025 22:44,10899,49.22755000,4668049.00759940
01/01/2025 22:45,94802.98000000,94955.20000000,94955.21000000,94767.77000000,89.59110000,8498634.55005280,01/01/2025 22:59,12026,49.29239000,4675638.45128570
01/01/2025 23:00,94853.31000000,94802.99000000,94952.29000000,94666.30000000,128.00262000,12135955.69781530,01/01/2025 23:14,23094,55.50466000,5263092.42437880
01/01/2025 23:15,94637.69000000,94853.31000000,94853.31000000,94600.00000000,115.51909000,10938587.95885680,01/01/2025 23:29,15829,47.79463000,4525439.44234520
01/01/2025 23:30,94732.01000000,94637.69000000,94757.29000000,94542.00000000,89.06956000,8429918.89823380,01/01/2025 23:44,15258,47.40051000,4486015.85247790
01/01/2025 23:45,94591.79000000,94732.01000000,94756.61000000,94591.21000000,104.31657000,9872484.51034300,01/01/2025 23:59,13878,49.76030000,4708739.78736930
02/01/2025 00:00,94530.31000000,94591.78000000,94627.53000000,94462.88000000,146.52120000,13850521.97275790,02/01/2025 00:14,21353,51.71983000,4889160.83755870
02/01/2025 00:15,94928.71000000,94530.30000000,95200.00000000,94392.00000000,353.05579000,33477632.52768820,02/01/2025 00:29,53271,188.89834000,17913675.25383170
02/01/2025 00:30,95105.00000000,94928.71000000,95166.67000000,94724.00000000,383.98427000,36489892.47759610,02/01/2025 00:44,59684,168.28239000,15988347.42638060
02/01/2025 00:45,95128.59000000,95105.00000000,95381.70000000,94984.66000000,298.20447000,28405134.13256480,02/01/2025 00:59,44534,171.12579000,16299279.56976260
02/01/2025 01:00,95337.00000000,95128.59000000,95516.00000000,95116.01000000,555.50647000,52954813.88654070,02/01/2025 01:14,45430,346.25785000,33008416.04345030
02/01/2025 01:15,95081.09000000,95337.00000000,95418.41000000,95020.00000000,193.60836000,18436084.11646160,02/01/2025 01:29,31562,99.82016000,9509365.13316590
02/01/2025 01:30,94996.50000000,95081.08000000,95081.09000000,94699.69000000,324.87776000,30817051.23301290,02/01/2025 01:44,31087,169.81195000,16107053.59841660
02/01/2025 01:45,94862.72000000,94996.50000000,95001.36000000,94854.05000000,69.37358000,6584571.37004530,02/01/2025 01:59,15373,36.61515000,3475204.17701500
02/01/2025 02:00,95020.53000000,94862.73000000,95124.10000000,94803.03000000,91.23554000,8664105.66996790,02/01/2025 02:14,20509,53.20195000,5053096.51565650
02/01/2025 02:15,95026.52000000,95020.53000000,95136.37000000,94840.00000000,146.22033000,13895633.99642530,02/01/2025 02:29,18680,46.57234000,4424428.77931740
02/01/2025 02:30,95027.01000000,95026.51000000,95124.00000000,94829.00000000,113.08153000,10743374.09132890,02/01/2025 02:44,18907,59.03318000,5607769.70851490
02/01/2025 02:45,95234.36000000,95027.00000000,95234.37000000,95027.00000000,105.11260000,9999044.27213100,02/01/2025 02:59,13700,62.72732000,5967081.42968010
02/01/2025 03:00,95005.10000000,95234.37000000,95299.24000000,94960.36000000,107.66381000,10241048.25139580,02/01/2025 03:14,16968,45.72324000,4348918.48531910
02/01/2025 03:15,95075.77000000,95005.10000000,95151.00000000,95005.09000000,71.16788000,6766467.17253360,02/01/2025 03:29,11296,45.93568000,4367362.98098110
02/01/2025 03:30,94922.26000000,95075.77000000,95093.83000000,94922.26000000,51.55674000,4897965.70865390,02/01/2025 03:44,9418,24.26953000,2305591.91008880
02/01/2025 03:45,95010.33000000,94922.26000000,95017.46000000,94913.75000000,59.89743000,5688387.61035060,02/01/2025 03:59,9879,25.91528000,2461049.19284650
02/01/2025 04:00,95157.15000000,95010.34000000,95273.45000000,94984.84000000,169.16337000,16093475.10754990,02/01/2025 04:14,19836,77.11719000,7336193.75758420
02/01/2025 04:15,95173.88000000,95157.15000000,95206.78000000,95045.83000000,65.08385000,6191713.69669690,02/01/2025 04:29,9340,30.87597000,2937609.29844870
02/01/2025 04:30,95812.79000000,95173.87000000,95970.00000000,95173.87000000,473.70299000,45318041.57492610,02/01/2025 04:44,48681,306.38234000,29302178.36823450
02/01/2025 04:45,95708.07000000,95812.79000000,96000.00000000,95670.69000000,217.66898000,20869084.03187390,02/01/2025 04:59,32742,114.27245000,10957650.13033360
02/01/2025 05:00,95470.01000000,95708.07000000,95729.01000000,95446.90000000,164.74489000,15736829.27374540,02/01/2025 05:14,27340,69.56453000,6644400.65353960
02/01/2025 05:15,95760.99000000,95470.01000000,95800.00000000,95395.21000000,349.41456000,33417141.04707900,02/01/2025 05:29,23942,235.49648000,22517378.41592160
02/01/2025 05:30,95772.72000000,95760.98000000,95772.73000000,95686.04000000,65.52381000,6272813.42392800,02/01/2025 05:44,10748,28.69824000,2747207.79107050
02/01/2025 05:45,95596.48000000,95772.73000000,95775.37000000,95508.11000000,122.43395000,11704741.84707670,02/01/2025 05:59,17193,33.66482000,3219099.44158000
02/01/2025 06:00,95531.25000000,95596.48000000,95697.01000000,95477.00000000,89.82692000,8585663.69179080,02/01/2025 06:14,17554,54.32951000,5192855.46845970
02/01/2025 06:15,95460.00000000,95531.25000000,95531.26000000,95380.04000000,101.70014000,9706966.07090430,02/01/2025 06:29,15168,52.63943000,5024109.91881030
02/01/2025 06:30,95530.30000000,95460.00000000,95593.92000000,95384.57000000,251.27885000,23983594.06269130,02/01/2025 06:44,15605,160.54754000,15322868.34045190
02/01/2025 06:45,95574.99000000,95530.31000000,95594.15000000,95469.07000000,74.66181000,7132225.35367890,02/01/2025 06:59,10919,31.45491000,3004491.10125520
02/01/2025 07:00,95699.98000000,95575.00000000,95749.58000000,95505.35000000,80.74038000,7721131.70147500,02/01/2025 07:14,16567,51.25503000,4901651.33454040
02/01/2025 07:15,95773.30000000,95699.98000000,95836.00000000,95657.91000000,129.52202000,12404190.81091760,02/01/2025 07:29,11431,69.96667000,6700682.57439600
02/01/2025 07:30,95840.00000000,95773.30000000,95880.00000000,95736.48000000,84.15619000,8064959.15452000,02/01/2025 07:44,10357,42.02035000,4026752.02482570
02/01/2025 07:45,95822.00000000,95839.99000000,95850.49000000,95692.46000000,158.20914000,15154432.90723040,02/01/2025 07:59,15109,86.18773000,8255610.90927470
02/01/2025 08:00,95963.58000000,95822.01000000,96050.03000000,95822.01000000,222.49715000,21343535.92718630,02/01/2025 08:14,20247,145.28026000,13937576.53977970
02/01/2025 08:15,95721.42000000,95963.58000000,95982.87000000,95650.78000000,193.20301000,18512280.13816640,02/01/2025 08:29,21668,98.57897000,9447286.69077070
02/01/2025 08:30,95944.31000000,95721.43000000,95944.32000000,95640.05000000,105.48553000,10108032.71435900,02/01/2025 08:44,17275,53.59266000,5134647.03585720
02/01/2025 08:45,96150.00000000,95944.31000000,96211.54000000,95924.24000000,323.57594000,31100149.74132530,02/01/2025 08:59,25618,151.28455000,14538088.32682220
02/01/2025 09:00,96199.96000000,96150.00000000,96241.60000000,96036.86000000,228.31899000,21951097.40920130,02/01/2025 09:14,21495,76.91735000,7395736.15893170
02/01/2025 09:15,96393.50000000,96199.95000000,96435.67000000,96199.95000000,238.16134000,22946831.91869130,02/01/2025 09:29,28443,138.01638000,13296667.91959160
02/01/2025 09:30,96350.00000000,96393.51000000,96490.47000000,96342.00000000,115.52566000,11138800.57568290,02/01/2025 09:44,20700,49.94459000,4815521.78026940
02/01/2025 09:45,96755.51000000,96350.00000000,96799.86000000,96287.87000000,394.01929000,38040496.41680530,02/01/2025 09:59,37520,203.94098000,19691641.98503920
02/01/2025 10:00,96606.14000000,96755.51000000,96808.37000000,96563.77000000,299.90431000,28995137.67542240,02/01/2025 10:14,30737,141.16232000,13647809.18232040
02/01/2025 10:15,96697.95000000,96606.14000000,96778.85000000,96603.43000000,241.47105000,23347963.43081310,02/01/2025 10:29,17236,123.46925000,11938406.30618310
02/01/2025 10:30,96610.39000000,96697.95000000,96764.02000000,96590.36000000,137.51479000,13292946.96238100,02/01/2025 10:44,18535,60.56940000,5855247.95160790
02/01/2025 10:45,96708.00000000,96610.39000000,96722.23000000,96538.77000000,147.85671000,14288388.43033430,02/01/2025 10:59,18184,68.73193000,6642607.42715450
02/01/2025 11:00,96759.98000000,96708.00000000,96876.38000000,96646.60000000,156.53796000,15147026.96924820,02/01/2025 11:14,18090,77.98917000,7547147.08690290
02/01/2025 11:15,96556.16000000,96759.99000000,96760.00000000,96469.46000000,207.77420000,20070295.23056910,02/01/2025 11:29,19485,92.74939000,8958660.00124730
02/01/2025 11:30,96691.90000000,96556.16000000,96727.27000000,96550.69000000,99.39281000,9605383.31109930,02/01/2025 11:44,14387,40.14398000,3879097.34351120
02/01/2025 11:45,96732.99000000,96691.91000000,96789.47000000,96608.35000000,69.95877000,6765207.71614440,02/01/2025 11:59,12407,32.30200000,3123724.54911810
02/01/2025 12:00,96806.26000000,96733.00000000,96863.92000000,96682.69000000,170.56502000,16504799.97503020,02/01/2025 12:14,16234,101.60455000,9831289.02596410
02/01/2025 12:15,96754.72000000,96806.27000000,96895.00000000,96609.42000000,189.46097000,18328816.20867530,02/01/2025 12:29,23309,62.13949000,6012292.87691330
02/01/2025 12:30,96672.01000000,96754.72000000,96817.25000000,96611.00000000,127.32909000,12312842.03954030,02/01/2025 12:44,18102,50.15314000,4850643.76937330
02/01/2025 12:45,96850.01000000,96672.00000000,96865.05000000,96672.00000000,189.95002000,18390430.03266850,02/01/2025 12:59,17995,85.67550000,8293859.34111130
02/01/2025 13:00,96764.52000000,96850.01000000,96988.05000000,96744.74000000,214.37184000,20761868.47811230,02/01/2025 13:14,22826,128.28862000,12425868.23115230
02/01/2025 13:15,96763.60000000,96764.52000000,96871.28000000,96630.00000000,299.77165000,28993687.34181750,02/01/2025 13:29,20395,127.01551000,12283380.84615720
02/01/2025 13:30,96668.00000000,96763.61000000,96794.97000000,96597.15000000,182.62813000,17659042.66904680,02/01/2025 13:44,27962,66.71332000,6449992.98910160
02/01/2025 13:45,96458.17000000,96668.00000000,96673.17000000,96436.00000000,206.50285000,19933510.74951560,02/01/2025 13:59,24591,65.84317000,6355207.63061680
02/01/2025 14:00,96368.06000000,96458.17000000,96458.83000000,95924.60000000,555.05322000,53414076.85151490,02/01/2025 14:14,71822,262.58083000,25269508.04530530
02/01/2025 14:15,96474.83000000,96368.06000000,96491.15000000,96144.01000000,200.49301000,19314172.87965820,02/01/2025 14:29,31441,107.87220000,10394292.08057830
02/01/2025 14:30,96812.44000000,96474.83000000,97440.91000000,96267.45000000,1284.79437000,124331658.07627810,02/01/2025 14:44,149385,674.12333000,65246488.19931220
02/01/2025 14:45,97256.49000000,96812.99000000,97360.88000000,96809.97000000,966.76396000,93910733.31885810,02/01/2025 14:59,99819,500.35670000,48607520.40825870
02/01/2025 15:00,97034.78000000,97256.48000000,97323.16000000,96960.00000000,544.44336000,52874222.11054390,02/01/2025 15:14,84503,225.37374000,21889286.58942260
02/01/2025 15:15,96666.85000000,97034.07000000,97104.00000000,96313.00000000,516.76326000,49943000.37305600,02/01/2025 15:29,97452,240.19975000,23206227.69745500
02/01/2025 15:30,96346.24000000,96666.85000000,96744.82000000,96164.78000000,573.48616000,55275528.09960930,02/01/2025 15:44,91047,252.71666000,24354096.50071960
02/01/2025 15:45,96455.01000000,96346.23000000,96639.66000000,96207.07000000,372.35422000,35918592.94531780,02/01/2025 15:59,61378,185.75169000,17922804.46253830
02/01/2025 16:00,96652.57000000,96455.01000000,96721.23000000,96040.04000000,411.77326000,39676085.06322770,02/01/2025 16:14,66206,261.48681000,25200669.08251730
02/01/2025 16:15,97387.15000000,96652.56000000,97387.15000000,96652.56000000,506.26118000,49150117.68115380,02/01/2025 16:29,90134,247.92125000,24069706.32611760
02/01/2025 16:30,97438.33000000,97387.14000000,97600.00000000,97246.88000000,475.40235000,46319824.15771360,02/01/2025 16:44,88673,248.48370000,24210220.15835880
02/01/2025 16:45,97229.74000000,97438.34000000,97650.00000000,97152.89000000,331.59311000,32292798.42088130,02/01/2025 16:59,73159,153.34575000,14937276.71094110
02/01/2025 17:00,97546.33000000,97229.75000000,97591.84000000,97101.19000000,196.87151000,19165755.49681970,02/01/2025 17:14,68941,109.28053000,10641410.94074630
02/01/2025 17:15,97084.41000000,97546.33000000,97554.34000000,97033.95000000,287.60636000,27983549.52187100,02/01/2025 17:29,59540,88.57520000,8623463.06221660
02/01/2025 17:30,96660.00000000,97084.41000000,97099.46000000,96333.95000000,520.03326000,50257719.59866880,02/01/2025 17:44,108294,233.00909000,22508004.85973750
02/01/2025 17:45,96757.57000000,96659.51000000,96757.58000000,96325.44000000,268.24662000,25898037.61872670,02/01/2025 17:59,100197,133.38906000,12877895.12419420
02/01/2025 18:00,96848.49000000,96757.57000000,97049.69000000,96400.00000000,279.72850000,27070846.54113650,02/01/2025 18:14,102972,159.68712000,15453586.18073740
02/01/2025 18:15,96903.00000000,96848.49000000,97113.44000000,96740.00000000,199.42168000,19318573.19849430,02/01/2025 18:29,74143,104.97077000,10169329.93194130
02/01/2025 18:30,97090.54000000,96902.99000000,97102.56000000,96634.61000000,167.30004000,16201049.58461150,02/01/2025 18:44,57074,86.06628000,8337045.08083190
02/01/2025 18:45,97319.74000000,97090.54000000,97350.00000000,97024.19000000,193.45438000,18797907.34879330,02/01/2025 18:59,63997,114.30120000,11107255.46688310
02/01/2025 19:00,97482.91000000,97319.74000000,97586.34000000,97212.81000000,242.43572000,23628573.54233820,02/01/2025 19:14,61880,124.45327000,12130661.76225900
02/01/2025 19:15,97600.00000000,97482.90000000,97777.00000000,97479.59000000,163.41742000,15954325.49685280,02/01/2025 19:29,43627,87.11250000,8504684.50050600
02/01/2025 19:30,97415.65000000,97600.00000000,97600.00000000,97200.00000000,171.76112000,16723387.30243210,02/01/2025 19:44,55757,64.85967000,6313253.02613340
02/01/2025 19:45,97317.74000000,97415.64000000,97591.69000000,97286.45000000,136.79539000,13328827.24837350,02/01/2025 19:59,47416,57.52910000,5605030.57002400
02/01/2025 20:00,97769.23000000,97317.74000000,97769.23000000,97317.74000000,152.49734000,14883200.73223680,02/01/2025 20:14,49507,81.73897000,7977124.25262920
02/01/2025 20:15,97600.00000000,97769.22000000,97839.50000000,97600.00000000,189.21706000,18496729.39131800,02/01/2025 20:29,49708,89.68924000,8767585.06689800
02/01/2025 20:30,97462.00000000,97600.01000000,97728.93000000,97335.43000000,162.13944000,15808809.01130170,02/01/2025 20:44,62934,65.63458000,6399249.40735010
02/01/2025 20:45,97306.46000000,97462.00000000,97705.88000000,97300.00000000,214.99296000,20956131.61964240,02/01/2025 20:59,56739,112.52415000,10968759.70995570
02/01/2025 21:00,97219.73000000,97306.46000000,97355.77000000,97163.47000000,126.53759000,12305641.34626100,02/01/2025 21:14,22613,50.01683000,4864131.93238790
02/01/2025 21:15,97124.48000000,97219.73000000,97251.27000000,97060.52000000,89.94205000,8738791.23158780,02/01/2025 21:29,19734,31.40104000,3050972.01422740
02/01/2025 21:30,97200.00000000,97124.48000000,97265.28000000,97040.16000000,77.99605000,7577986.82530780,02/01/2025 21:44,20388,37.77528000,3670335.70292300
02/01/2025 21:45,97212.68000000,97199.99000000,97260.85000000,97135.50000000,99.67158000,9688046.68604580,02/01/2025 21:59,18385,61.26566000,5954719.73015220
02/01/2025 22:00,97000.48000000,97212.69000000,97212.69000000,97000.48000000,68.56117000,6657440.72056030,02/01/2025 22:14,18888,25.83083000,2508221.27475690
02/01/2025 22:15,96882.80000000,97000.48000000,97000.48000000,96666.66000000,204.27906000,19784940.15102890,02/01/2025 22:29,39781,91.35486000,8845437.24036890
02/01/2025 22:30,96916.95000000,96882.80000000,97042.26000000,96841.69000000,81.55718000,7905317.01448870,02/01/2025 22:44,22510,43.58950000,4224747.52455120
02/01/2025 22:45,96911.04000000,96916.94000000,97017.29000000,96861.40000000,64.38351000,6242237.10363700,02/01/2025 22:59,15201,29.61586000,2871197.84919720
02/01/2025 23:00,96848.49000000,96911.04000000,97022.76000000,96758.17000000,194.66734000,18855824.14457050,02/01/2025 23:14,37331,66.32403000,6425733.89222990
02/01/2025 23:15,96973.53000000,96848.49000000,96980.00000000,96820.42000000,83.55375000,8096853.27421240,02/01/2025 23:29,17538,50.87930000,4930717.42036180
02/01/2025 23:30,96997.53000000,96973.52000000,97077.78000000,96889.21000000,74.13940000,7189906.31029420,02/01/2025 23:44,20587,37.90903000,3676326.68750380
02/01/2025 23:45,96984.79000000,96997.52000000,96997.53000000,96847.16000000,89.42385000,8667330.33448030,02/01/2025 23:59,10754,34.48485000,3342792.29423360
03/01/2025 00:00,96945.21000000,96984.79000000,97080.96000000,96945.21000000,85.98270000,8340707.96573970,03/01/2025 00:14,22617,48.01310000,4657668.40758140
03/01/2025 00:15,97025.92000000,96945.22000000,97039.97000000,96796.56000000,102.43028000,9926601.92377350,03/01/2025 00:29,24464,55.45125000,5373771.18884470
03/01/2025 00:30,96913.84000000,97025.92000000,97068.14000000,96890.99000000,64.78242000,6282195.95973590,03/01/2025 00:44,17981,26.58726000,2578240.44899780
03/01/2025 00:45,96825.82000000,96913.83000000,96994.62000000,96799.96000000,61.81433000,5988022.78544610,03/01/2025 00:59,15797,15.90992000,1541274.79650200
03/01/2025 01:00,96730.00000000,96825.83000000,96900.00000000,96705.62000000,115.44915000,11175395.72640800,03/01/2025 01:14,30942,52.49667000,5081574.30792470
03/01/2025 01:15,96907.12000000,96730.00000000,96907.13000000,96650.00000000,72.84751000,7049192.95792220,03/01/2025 01:29,27474,39.80302000,3851935.91571780
03/01/2025 01:30,96746.46000000,96907.13000000,96907.13000000,96682.69000000,59.15310000,5723360.16188280,03/01/2025 01:44,18218,25.14738000,2432886.50830620
03/01/2025 01:45,96985.47000000,96746.47000000,97000.00000000,96702.38000000,94.90938000,9195912.65075550,03/01/2025 01:59,21605,43.85220000,4248510.72901440
03/01/2025 02:00,97100.00000000,96985.47000000,97100.00000000,96856.98000000,74.36675000,7212050.92729680,03/01/2025 02:14,21891,43.56537000,4225480.16648410
03/01/2025 02:15,97259.00000000,97100.00000000,97342.44000000,97072.00000000,147.05729000,14299180.14369700,03/01/2025 02:29,32664,82.07872000,7981113.41506420
03/01/2025 02:30,97083.90000000,97258.99000000,97262.19000000,97068.00000000,91.92327000,8931477.99010480,03/01/2025 02:44,21488,27.50020000,2671658.51044460
03/01/2025 02:45,96966.85000000,97083.90000000,97141.89000000,96952.66000000,75.29277000,7307584.15587160,03/01/2025 02:59,19347,35.32428000,3428892.54045720
03/01/2025 03:00,96980.01000000,96966.85000000,97084.25000000,96966.84000000,78.99930000,7665173.46450340,03/01/2025 03:14,11292,39.31350000,3814838.49156090
03/01/2025 03:15,96941.88000000,96980.00000000,96995.51000000,96833.99000000,79.04558000,7661281.45165750,03/01/2025 03:29,14263,39.15797000,3795025.03658730
03/01/2025 03:30,96936.04000000,96941.87000000,97009.50000000,96876.80000000,48.40282000,4692185.86988520,03/01/2025 03:44,12366,31.44442000,3048238.85609590
03/01/2025 03:45,97062.30000000,96936.04000000,97090.91000000,96918.00000000,49.30150000,4783417.83326960,03/01/2025 03:59,11777,28.87003000,2800991.39416910
03/01/2025 04:00,96962.40000000,97062.30000000,97066.18000000,96905.96000000,72.80656000,7061181.33312340,03/01/2025 04:14,17004,33.61539000,3260269.93051230
03/01/2025 04:15,96920.26000000,96962.40000000,97016.00000000,96878.52000000,49.68335000,4816926.14228750,03/01/2025 04:29,9693,22.24751000,2156986.01068430
03/01/2025 04:30,96895.99000000,96920.27000000,96962.56000000,96809.52000000,72.05888000,6980414.70775540,03/01/2025 04:44,12529,30.96241000,2999255.35297760
03/01/2025 04:45,96813.41000000,96895.98000000,96895.99000000,96766.51000000,70.97334000,6871489.52674900,03/01/2025 04:59,12087,35.01091000,3389567.29082520
03/01/2025 05:00,96769.15000000,96813.49000000,96860.48000000,96610.29000000,86.17533000,8334733.82345430,03/01/2025 05:14,19252,33.53794000,3244158.50634410
03/01/2025 05:15,96678.76000000,96769.15000000,96820.00000000,96590.28000000,102.83673000,9943177.83227790,03/01/2025 05:29,17579,44.98513000,4349368.97097150
03/01/2025 05:30,96750.36000000,96678.76000000,96778.85000000,96639.70000000,64.43544000,6231181.96986800,03/01/2025 05:44,11044,38.85738000,3757561.93835330
03/01/2025 05:45,96765.34000000,96750.36000000,96813.77000000,96712.91000000,63.01581000,6098514.84734030,03/01/2025 05:59,9667,33.48221000,3240327.81084640
03/01/2025 06:00,96865.19000000,96765.35000000,96918.56000000,96712.97000000,73.05682000,7072580.62618450,03/01/2025 06:14,14004,41.12598000,3981433.97262470
03/01/2025 06:15,96668.00000000,96865.20000000,96902.35000000,96619.98000000,124.20075000,12012575.29274500,03/01/2025 06:29,13471,66.70065000,6450878.22854590
03/01/2025 06:30,96672.00000000,96667.55000000,96739.67000000,96644.00000000,101.14852000,9779812.07949040,03/01/2025 06:44,12802,61.06142000,5903594.51678460
03/01/2025 06:45,96539.49000000,96672.01000000,96681.91000000,96512.00000000,83.99654000,8113236.55795650,03/01/2025 06:59,12542,30.49079000,2944618.91081650
03/01/2025 07:00,96542.05000000,96539.49000000,96588.00000000,96450.00000000,129.52288000,12503895.52524530,03/01/2025 07:14,20138,72.00941000,6952440.48944170
03/01/2025 07:15,96452.07000000,96542.04000000,96645.83000000,96411.54000000,90.41634000,8726039.21546130,03/01/2025 07:29,18057,38.00077000,3667564.07816210
03/01/2025 07:30,96384.84000000,96452.06000000,96472.94000000,96280.65000000,205.60868000,19816416.38086670,03/01/2025 07:44,22981,79.28524000,7640369.76954590
03/01/2025 07:45,96304.00000000,96384.83000000,96416.08000000,96304.00000000,121.32139000,11689472.49524730,03/01/2025 07:59,14556,42.35330000,4081098.33252620
03/01/2025 08:00,96463.93000000,96304.00000000,96466.65000000,96304.00000000,134.57358000,12972811.94586890,03/01/2025 08:14,14318,78.79627000,7595774.85369000
03/01/2025 08:15,96341.01000000,96463.92000000,96529.84000000,96341.01000000,94.55675000,9121616.01328640,03/01/2025 08:29,11475,52.78573000,5093021.30604720
03/01/2025 08:30,96266.41000000,96341.01000000,96341.02000000,96110.22000000,202.34428000,19464602.56211410,03/01/2025 08:44,17986,91.98924000,8848222.85212900
03/01/2025 08:45,96129.97000000,96266.41000000,96300.00000000,96100.01000000,111.91660000,10765834.30363910,03/01/2025 08:59,12741,43.36457000,4171632.62875090
03/01/2025 09:00,96337.69000000,96129.97000000,96337.69000000,96107.84000000,108.40057000,10427360.49566330,03/01/2025 09:14,17678,66.34876000,6382622.36896910
03/01/2025 09:15,96491.86000000,96337.69000000,96570.62000000,96322.80000000,228.07368000,22003226.13821840,03/01/2025 09:29,21659,158.89430000,15328922.68600630
03/01/2025 09:30,96637.81000000,96491.87000000,96700.11000000,96450.00000000,92.36874000,8922924.41492030,03/01/2025 09:44,16535,65.70943000,6347256.24326470
03/01/2025 09:45,96554.32000000,96637.80000000,96702.48000000,96554.31000000,99.15186000,9580737.91439350,03/01/2025 09:59,15032,33.74455000,3260642.37395660
03/01/2025 10:00,96426.51000000,96554.32000000,96561.36000000,96402.82000000,132.19573000,12752245.04448640,03/01/2025 10:14,16108,54.72078000,5279039.20693210
03/01/2025 10:15,96537.00000000,96426.52000000,96558.00000000,96426.52000000,66.59053000,6425848.86333670,03/01/2025 10:29,12078,32.92148000,3176670.96575280
03/01/2025 10:30,96482.71000000,96537.00000000,96640.01000000,96467.43000000,78.80845000,7609941.43985490,03/01/2025 10:44,12404,35.27953000,3406283.53718570
03/01/2025 10:45,96488.53000000,96482.72000000,96538.46000000,96454.36000000,77.78198000,7505375.76718480,03/01/2025 10:59,11231,33.80672000,3262110.53907460
03/01/2025 11:00,96510.04000000,96488.53000000,96543.38000000,96482.51000000,48.34225000,4665727.93572950,03/01/2025 11:14,11315,23.99388000,2315686.09406180
03/01/2025 11:15,96750.00000000,96510.03000000,96816.11000000,96510.03000000,175.53296000,16976236.54808730,03/01/2025 11:29,19045,108.90056000,10531134.70884260
03/01/2025 11:30,96677.34000000,96750.00000000,96805.67000000,96661.68000000,88.53959000,8564522.23179460,03/01/2025 11:44,18589,40.98177000,3964598.62571490
03/01/2025 11:45,96757.58000000,96677.35000000,96830.00000000,96677.34000000,136.00028000,13160051.36795370,03/01/2025 11:59,18465,85.26732000,8251659.90067860
03/01/2025 12:00,96859.67000000,96757.57000000,96881.02000000,96720.00000000,123.20485000,11929521.17654320,03/01/2025 12:14,15768,57.72753000,5589266.68004810
03/01/2025 12:15,96893.04000000,96859.67000000,96901.06000000,96717.36000000,104.07146000,10074435.22256950,03/01/2025 12:29,23607,49.77011000,4818013.27989460
03/01/2025 12:30,96713.39000000,96893.03000000,96921.36000000,96706.48000000,77.90376000,7542240.36931140,03/01/2025 12:44,14537,31.94366000,3092531.05028280
03/01/2025 12:45,96666.66000000,96713.39000000,96753.54000000,96666.66000000,82.40233000,7968381.97493950,03/01/2025 12:59,12593,39.65182000,3834412.63342880
03/01/2025 13:00,96632.13000000,96666.66000000,96839.71000000,96540.00000000,165.99920000,16052920.46399570,03/01/2025 13:14,31200,79.45794000,7684007.78788350
03/01/2025 13:15,96538.96000000,96632.14000000,96715.98000000,96482.52000000,171.05428000,16520678.55338830,03/01/2025 13:29,38574,86.21528000,8327320.47079520
03/01/2025 13:30,96621.69000000,96538.95000000,96716.92000000,96512.00000000,153.53854000,14829532.69532950,03/01/2025 13:44,34382,76.28817000,7367373.24174150
03/01/2025 13:45,96504.79000000,96621.70000000,96650.00000000,96472.43000000,140.21171000,13538116.35193530,03/01/2025 13:59,19140,32.69950000,3157947.07725630
03/01/2025 14:00,96784.00000000,96504.80000000,96914.12000000,96504.79000000,173.57434000,16796993.13763850,03/01/2025 14:14,33517,101.35492000,9808202.87366740
03/01/2025 14:15,97084.60000000,96784.00000000,97131.00000000,96697.36000000,196.81405000,19081919.46513180,03/01/2025 14:29,40323,118.76946000,11518096.49479820
03/01/2025 14:30,97251.98000000,97084.60000000,97342.44000000,96624.50000000,606.08614000,58812509.67805050,03/01/2025 14:44,110612,308.35461000,29929155.33486390
03/01/2025 14:45,97016.01000000,97251.99000000,97285.78000000,96737.14000000,414.11621000,40152186.99962600,03/01/2025 14:59,110710,195.49327000,18952147.73612130
03/01/2025 15:00,97156.95000000,97016.00000000,97450.00000000,96880.59000000,465.97795000,45253808.67051210,03/01/2025 15:14,108394,222.10943000,21570984.30220870
03/01/2025 15:15,97263.78000000,97156.95000000,97317.64000000,96759.12000000,367.50582000,35670578.06199740,03/01/2025 15:29,86588,156.92136000,15231227.34594600
03/01/2025 15:30,97432.81000000,97263.79000000,97557.09000000,97138.14000000,369.21264000,35964100.65801380,03/01/2025 15:44,83646,177.57220000,17294732.61308120
03/01/2025 15:45,97521.35000000,97432.80000000,97660.00000000,97289.67000000,384.90518000,37516409.38404280,03/01/2025 15:59,79745,204.13801000,19896732.68689040
03/01/2025 16:00,97633.12000000,97521.36000000,97726.52000000,97406.54000000,370.91718000,36200199.91921190,03/01/2025 16:14,77624,205.05194000,20011862.30114460
03/01/2025 16:15,98066.00000000,97633.12000000,98444.42000000,97603.18000000,826.59909000,81107320.00303360,03/01/2025 16:29,107775,515.72439000,50591215.41443010
03/01/2025 16:30,98147.35000000,98066.00000000,98368.85000000,98062.61000000,382.88569000,37609319.98459300,03/01/2025 16:44,70315,197.89111000,19438789.99663210
03/01/2025 16:45,97868.20000000,98147.34000000,98151.52000000,97720.31000000,319.51302000,31283127.33199030,03/01/2025 16:59,66397,142.94106000,13993891.66977640
03/01/2025 17:00,97919.28000000,97868.21000000,98083.99000000,97837.63000000,267.26302000,26184259.43432950,03/01/2025 17:14,61827,115.59302000,11323997.19640350
03/01/2025 17:15,98164.02000000,97919.28000000,98263.13000000,97909.09000000,200.37485000,19659926.41545160,03/01/2025 17:29,45540,93.61400000,9184244.90071260
03/01/2025 17:30,98214.08000000,98164.02000000,98299.76000000,98120.37000000,142.03775000,13949689.50630980,03/01/2025 17:44,44384,66.39675000,6520576.61243860
03/01/2025 17:45,98026.00000000,98214.09000000,98214.09000000,97944.44000000,190.03582000,18642558.90117670,03/01/2025 17:59,44166,95.96154000,9414610.25409470
03/01/2025 18:00,98323.86000000,98025.99000000,98330.42000000,98000.00000000,167.82282000,16476495.88317780,03/01/2025 18:14,41790,95.45794000,9371860.14971780
03/01/2025 18:15,98481.73000000,98323.86000000,98481.74000000,98272.49000000,177.68702000,17479171.45931560,03/01/2025 18:29,31697,72.75474000,7156734.51398850
03/01/2025 18:30,98432.00000000,98481.73000000,98580.92000000,98290.75000000,234.98289000,23131103.85685790,03/01/2025 18:44,45891,139.88516000,13770716.82192440
03/01/2025 18:45,98527.98000000,98432.00000000,98697.86000000,98370.00000000,233.15051000,22971586.55974100,03/01/2025 18:59,46188,108.76323000,10717239.32210390
03/01/2025 19:00,98900.00000000,98527.97000000,98900.00000000,98491.53000000,499.27010000,49289317.86997780,03/01/2025 19:14,59427,232.00664000,22907647.43320730
03/01/2025 19:15,98697.85000000,98899.99000000,98976.91000000,98647.47000000,264.08945000,26102775.91639450,03/01/2025 19:29,49098,120.28523000,11889515.03599710
03/01/2025 19:30,98698.23000000,98697.85000000,98838.18000000,98660.84000000,164.38614000,16231618.64609660,03/01/2025 19:44,38431,77.00481000,7603014.75381890
03/01/2025 19:45,98592.01000000,98697.39000000,98697.39000000,98554.30000000,142.68142000,14071067.03193950,03/01/2025 19:59,33379,57.06918000,5628212.43079750
03/01/2025 20:00,98479.56000000,98592.02000000,98602.29000000,98300.00000000,265.14694000,26103159.99402440,03/01/2025 20:14,42723,93.33456000,9188527.78828030
03/01/2025 20:15,98618.09000000,98479.56000000,98748.00000000,98479.56000000,161.19361000,15896260.37809370,03/01/2025 20:29,25226,82.89849000,8173754.34360350
03/01/2025 20:30,98453.89000000,98618.08000000,98629.05000000,98404.13000000,204.29749000,20128587.18673600,03/01/2025 20:44,30775,90.69333000,8934536.32949780
03/01/2025 20:45,98311.52000000,98453.89000000,98503.47000000,98311.51000000,215.53167000,21213070.94221270,03/01/2025 20:59,31006,86.09028000,8473239.12794250
03/01/2025 21:00,98206.18000000,98311.51000000,98369.56000000,98196.96000000,238.05781000,23396065.90399290,03/01/2025 21:14,26449,97.43348000,9577152.55797470
03/01/2025 21:15,98274.48000000,98206.18000000,98274.48000000,98197.28000000,102.97248000,10115672.85806900,03/01/2025 21:29,16754,41.05632000,4033218.50933880
03/01/2025 21:30,98325.58000000,98274.47000000,98419.14000000,98246.95000000,96.34507000,9474916.27385620,03/01/2025 21:44,20932,63.56806000,6251733.25629600
03/01/2025 21:45,98272.70000000,98325.58000000,98358.70000000,98209.95000000,70.00501000,6879807.43027120,03/01/2025 21:59,17074,31.16935000,3062909.32170800
03/01/2025 22:00,98372.33000000,98272.70000000,98468.39000000,98272.70000000,93.52344000,9199784.01435830,03/01/2025 22:14,19382,42.26540000,4157703.39591440
03/01/2025 22:15,98460.37000000,98372.33000000,98512.94000000,98324.00000000,80.76815000,7950434.49935190,03/01/2025 22:29,15399,37.13463000,3655245.01856870
03/01/2025 22:30,98408.56000000,98460.38000000,98485.83000000,98398.44000000,65.30484000,6427506.03812120,03/01/2025 22:44,11858,20.89296000,2056454.18517250
03/01/2025 22:45,98296.37000000,98408.55000000,98408.56000000,98250.00000000,77.95201000,7662747.09975990,03/01/2025 22:59,14565,30.14339000,2962997.29122790
03/01/2025 23:00,98277.76000000,98296.37000000,98382.19000000,98272.72000000,99.08032000,9742334.75562130,03/01/2025 23:14,21547,46.50119000,4572445.65780580
03/01/2025 23:15,98101.01000000,98277.76000000,98294.32000000,98101.00000000,72.08646000,7078825.51049970,03/01/2025 23:29,17249,21.40009000,2101389.32363660
03/01/2025 23:30,98174.18000000,98101.01000000,98184.60000000,98067.99000000,85.56841000,8397377.20615970,03/01/2025 23:44,13267,40.23035000,3947712.10232220
03/01/2025 23:45,98174.18000000,98174.19000000,98183.96000000,98114.89000000,57.52708000,5645893.60650690,03/01/2025 23:59,11442,23.18146000,2275074.55640170
04/01/2025 00:00,98111.11000000,98174.17000000,98288.00000000,98016.69000000,184.50531000,18112101.97800650,04/01/2025 00:14,21098,68.37461000,6713398.38121430
04/01/2025 00:15,98094.02000000,98111.12000000,98155.99000000,98094.01000000,72.42027000,7106217.04653010,04/01/2025 00:29,8594,22.67761000,2225370.82575890
04/01/2025 00:30,97986.21000000,98094.02000000,98094.02000000,97887.20000000,122.23577000,11977152.69304030,04/01/2025 00:44,18441,45.33918000,4442061.85143410
04/01/2025 00:45,97950.01000000,97986.20000000,98055.56000000,97902.01000000,85.98186000,8423021.62167320,04/01/2025 00:59,17397,34.49630000,3379690.58875440
04/01/2025 01:00,97888.78000000,97950.01000000,98005.69000000,97828.43000000,104.25742000,10208796.13337770,04/01/2025 01:14,18153,47.70389000,4671467.33367070
04/01/2025 01:15,97960.15000000,97888.78000000,97961.80000000,97800.00000000,71.12691000,6962386.16538220,04/01/2025 01:29,17168,39.13928000,3831596.50894050
04/01/2025 01:30,98060.11000000,97960.15000000,98095.06000000,97909.09000000,65.45458000,6414408.65213970,04/01/2025 01:44,17330,40.56235000,3974911.20454980
04/01/2025 01:45,98040.00000000,98060.11000000,98090.33000000,98021.05000000,51.25968000,5025900.66041160,04/01/2025 01:59,12274,31.76751000,3114687.66647620
04/01/2025 02:00,97922.75000000,98040.00000000,98042.02000000,97848.48000000,129.99687000,12732359.95284720,04/01/2025 02:14,16303,68.79953000,6738825.05095720
04/01/2025 02:15,97900.67000000,97922.75000000,97944.02000000,97874.46000000,43.84695000,4293312.58784210,04/01/2025 02:29,9623,23.71733000,2322261.56913420
04/01/2025 02:30,98141.10000000,97900.67000000,98184.00000000,97874.64000000,101.14015000,9918222.62106860,04/01/2025 02:44,20814,67.69877000,6638619.92364440
04/01/2025 02:45,98304.51000000,98141.11000000,98314.15000000,98141.11000000,93.91761000,9227612.69855960,04/01/2025 02:59,20840,61.74631000,6066609.44575680
04/01/2025 03:00,98168.66000000,98304.51000000,98304.51000000,98111.20000000,89.88892000,8827721.35024090,04/01/2025 03:14,13405,30.18054000,2963699.31361870
04/01/2025 03:15,98086.80000000,98168.67000000,98168.67000000,98052.97000000,49.26023000,4832040.29931070,04/01/2025 03:29,8083,22.68672000,2225340.91895210
04/01/2025 03:30,98246.96000000,98086.80000000,98246.97000000,98078.48000000,56.71133000,5566477.45707750,04/01/2025 03:44,9315,36.86307000,3618239.61422710
04/01/2025 03:45,98200.00000000,98246.96000000,98269.39000000,98196.00000000,78.82802000,7742591.32485360,04/01/2025 03:59,11199,42.91310000,4214801.50775610
04/01/2025 04:00,97933.46000000,98200.01000000,98200.01000000,97918.27000000,105.66465000,10354459.27195760,04/01/2025 04:14,20155,37.30362000,3655001.06437800
04/01/2025 04:15,97948.87000000,97933.46000000,97972.00000000,97900.00000000,50.74721000,4970223.66708820,04/01/2025 04:29,11038,23.81792000,2332752.59951200
04/01/2025 04:30,97999.99000000,97948.87000000,98012.91000000,97862.87000000,80.72094000,7905759.83085700,04/01/2025 04:44,11997,40.20103000,3937496.13425880
04/01/2025 04:45,98001.00000000,98000.00000000,98001.01000000,97932.01000000,67.36677000,6599913.04256450,04/01/2025 04:59,9252,46.86357000,4591084.93298190
04/01/2025 05:00,98034.37000000,98001.00000000,98055.56000000,97988.76000000,45.84467000,4493661.41886160,04/01/2025 05:14,10531,27.40032000,2685766.72550370
04/01/2025 05:15,98143.44000000,98034.38000000,98164.75000000,98034.38000000,63.02410000,6183745.96738220,04/01/2025 05:29,12024,48.45655000,4754268.87675170
04/01/2025 05:30,98186.51000000,98143.45000000,98196.51000000,98129.00000000,55.56697000,5454274.18982630,04/01/2025 05:44,7371,30.91619000,3034597.69494980
04/01/2025 05:45,98126.21000000,98186.51000000,98186.51000000,98063.34000000,85.54213000,8394122.87641250,04/01/2025 05:59,10002,33.79475000,3316050.11339990
04/01/2025 06:00,98063.32000000,98126.21000000,98140.98000000,98061.79000000,63.05609000,6186127.00022400,04/01/2025 06:14,13441,28.53547000,2799449.38925150
04/01/2025 06:15,98073.02000000,98063.32000000,98090.91000000,98047.79000000,45.21603000,4434129.51558770,04/01/2025 06:29,7152,21.08781000,2067881.51001030
04/01/2025 06:30,98055.49000000,98073.03000000,98093.56000000,98039.91000000,51.74203000,5074132.15106500,04/01/2025 06:44,7720,20.91176000,2050776.88113990
04/01/2025 06:45,98127.54000000,98055.48000000,98209.70000000,98041.67000000,51.90923000,5093339.70118300,04/01/2025 06:59,12397,32.59829000,3198578.34337390
04/01/2025 07:00,98228.83000000,98127.53000000,98233.44000000,98095.17000000,68.26233000,6699613.74254050,04/01/2025 07:14,15703,45.01777000,4418404.20080250
04/01/2025 07:15,98193.71000000,98228.84000000,98350.04000000,98156.00000000,220.45355000,21665713.88765870,04/01/2025 07:29,14760,114.19908000,11222701.79018400
04/01/2025 07:30,98291.03000000,98193.71000000,98291.04000000,98169.92000000,105.53400000,10364484.04446690,04/01/2025 07:44,8797,62.93077000,6181012.98866880
04/01/2025 07:45,98271.88000000,98291.03000000,98323.28000000,98223.51000000,60.21153000,5916783.92856060,04/01/2025 07:59,11001,37.38756000,3673882.38486260
04/01/2025 08:00,98248.99000000,98271.87000000,98306.22000000,98213.84000000,61.35765000,6028855.82299930,04/01/2025 08:14,9678,40.26492000,3956273.68442970
04/01/2025 08:15,98185.85000000,98248.99000000,98250.00000000,98112.55000000,76.26064000,7487105.78450600,04/01/2025 08:29,12987,38.91554000,3820389.97080080
04/01/2025 08:30,98136.76000000,98185.85000000,98270.07000000,98136.76000000,55.24498000,5425259.74502970,04/01/2025 08:44,11797,34.20801000,3359557.81245140
04/01/2025 08:45,97906.07000000,98136.76000000,98136.77000000,97905.26000000,110.81251000,10861750.50003940,04/01/2025 08:59,12305,30.82234000,3020928.18884080
04/01/2025 09:00,97850.00000000,97906.08000000,97980.00000000,97833.34000000,98.91645000,9684309.04721360,04/01/2025 09:14,14303,43.15844000,4225456.43180640
04/01/2025 09:15,97873.39000000,97850.00000000,97950.00000000,97713.11000000,162.69727000,15917293.26022390,04/01/2025 09:29,28814,74.70246000,7309477.99112880
04/01/2025 09:30,97804.33000000,97873.39000000,97899.07000000,97777.72000000,111.14041000,10874867.12365870,04/01/2025 09:44,15505,49.15420000,4809402.13899700
04/01/2025 09:45,97690.37000000,97804.33000000,97804.34000000,97532.58000000,299.03737000,29206543.21345770,04/01/2025 09:59,24378,149.40808000,14589382.56210560
04/01/2025 10:00,97708.93000000,97690.37000000,97751.88000000,97633.28000000,95.95672000,9372097.34388270,04/01/2025 10:14,16896,51.52929000,5032841.78969760
04/01/2025 10:15,97736.17000000,97708.93000000,97762.33000000,97600.00000000,98.38497000,9610311.38066710,04/01/2025 10:29,19367,55.27225000,5399250.64611290
04/01/2025 10:30,97824.65000000,97736.17000000,97848.49000000,97736.16000000,78.11258000,7639549.48077680,04/01/2025 10:44,17262,36.90566000,3609445.35548900
04/01/2025 10:45,97789.32000000,97824.66000000,97859.60000000,97789.31000000,58.23133000,5696492.90708270,04/01/2025 10:59,10191,25.12260000,2457650.33003690
04/01/2025 11:00,97771.74000000,97789.32000000,97789.32000000,97711.54000000,64.13870000,6269627.80968930,04/01/2025 11:14,11492,27.86191000,2723573.99848440
04/01/2025 11:15,97758.89000000,97771.74000000,97781.02000000,97723.98000000,75.09778000,7341275.06369800,04/01/2025 11:29,8252,33.26539000,3251889.10436730
04/01/2025 11:30,97839.75000000,97758.89000000,97849.10000000,97758.88000000,54.46528000,5326266.95505860,04/01/2025 11:44,6119,43.27305000,4231633.17202760
04/01/2025 11:45,97889.39000000,97839.76000000,97923.07000000,97832.00000000,85.40942000,8359747.04181400,04/01/2025 11:59,16911,53.94939000,5280450.02868790
04/01/2025 12:00,97840.00000000,97889.40000000,97927.57000000,97804.00000000,72.55802000,7100967.46310930,04/01/2025 12:14,12166,28.48192000,2787333.16239200
04/01/2025 12:15,97921.89000000,97840.00000000,98016.97000000,97800.00000000,113.96983000,11159484.32787550,04/01/2025 12:29,25664,56.68616000,5550177.41478860
04/01/2025 12:30,97867.43000000,97921.90000000,97993.49000000,97867.43000000,89.34402000,8748397.48200770,04/01/2025 12:44,17208,44.61732000,4368947.96124730
04/01/2025 12:45,97888.12000000,97867.43000000,97897.98000000,97801.49000000,60.92505000,5961607.50403220,04/01/2025 12:59,12233,29.11826000,2849295.86745800
04/01/2025 13:00,97896.00000000,97888.12000000,97967.35000000,97860.00000000,81.58543000,7988397.17183240,04/01/2025 13:14,16378,42.91938000,4202245.33225720
04/01/2025 13:15,97849.51000000,97896.01000000,97928.48000000,97770.74000000,104.15238000,10190466.26962120,04/01/2025 13:29,17369,44.19514000,4324291.45271630
04/01/2025 13:30,97876.31000000,97849.51000000,97876.32000000,97750.00000000,136.11297000,13311825.82738900,04/01/2025 13:44,18976,69.14763000,6761850.10097870
04/01/2025 13:45,97973.05000000,97876.32000000,98068.46000000,97876.32000000,141.34976000,13850946.60853990,04/01/2025 13:59,23005,89.67260000,8786865.35065060
04/01/2025 14:00,97867.13000000,97973.05000000,97980.00000000,97858.14000000,71.97678000,7048234.32580900,04/01/2025 14:14,18580,29.77017000,2915062.42287170
04/01/2025 14:15,98000.00000000,97867.13000000,98013.32000000,97828.38000000,100.86812000,9877206.72469210,04/01/2025 14:29,22789,52.52873000,5143348.77985940
04/01/2025 14:30,98059.98000000,98000.01000000,98080.15000000,97940.64000000,98.36556000,9642068.52543900,04/01/2025 14:44,17347,52.78764000,5174092.38319370
04/01/2025 14:45,98035.04000000,98059.99000000,98059.99000000,97999.89000000,58.23114000,5708488.76839140,04/01/2025 14:59,11638,19.16519000,1878643.03286620
04/01/2025 15:00,97997.81000000,98035.05000000,98044.72000000,97925.60000000,88.10382000,8633303.19331530,04/01/2025 15:14,19672,22.73693000,2227874.76860240
04/01/2025 15:15,97832.06000000,97997.81000000,98152.02000000,97625.60000000,174.30565000,17062506.51653420,04/01/2025 15:29,39384,94.98196000,9298154.91616830
04/01/2025 15:30,97637.63000000,97832.07000000,97832.07000000,97568.34000000,283.40708000,27672306.47684960,04/01/2025 15:44,63323,91.68562000,8952290.40174610
04/01/2025 15:45,97657.94000000,97637.63000000,97737.50000000,97514.79000000,191.96770000,18748576.35799850,04/01/2025 15:59,41437,90.03395000,8794331.27484860
04/01/2025 16:00,97780.29000000,97657.95000000,97800.00000000,97623.99000000,129.81106000,12685602.20644480,04/01/2025 16:14,27965,87.49869000,8550731.36366730
04/01/2025 16:15,97703.12000000,97780.29000000,97874.68000000,97703.11000000,75.52066000,7384561.08315810,04/01/2025 16:29,24745,29.31887000,2866729.28376190
04/01/2025 16:30,97636.42000000,97703.11000000,97703.11000000,97549.99000000,311.86651000,30438292.51789810,04/01/2025 16:44,30762,93.87065000,9163419.28114620
04/01/2025 16:45,97704.60000000,97636.41000000,97729.14000000,97622.66000000,57.92078000,5657850.69347420,04/01/2025 16:59,13788,21.22720000,2073583.36281770
04/01/2025 17:00,97774.69000000,97704.60000000,97801.27000000,97687.77000000,56.63737000,5536633.35240630,04/01/2025 17:14,17457,27.46887000,2685103.67395510
04/01/2025 17:15,97780.29000000,97774.69000000,97826.81000000,97774.69000000,48.93823000,4786445.65122990,04/01/2025 17:29,9562,15.05209000,1472144.86193590
04/01/2025 17:30,97877.01000000,97780.28000000,97909.10000000,97752.02000000,67.34654000,6589938.53724210,04/01/2025 17:44,13271,41.17103000,4028524.35028640
04/01/2025 17:45,98016.26000000,97877.00000000,98049.99000000,97865.89000000,78.52491000,7692674.39442330,04/01/2025 17:59,15127,49.75747000,4874739.88740800
04/01/2025 18:00,98065.12000000,98016.26000000,98084.16000000,97962.67000000,67.06059000,6572528.25930410,04/01/2025 18:14,14660,34.81630000,3412239.54316250
04/01/2025 18:15,98057.28000000,98065.13000000,98139.13000000,98042.19000000,75.16593000,7372899.78558770,04/01/2025 18:29,14958,39.91573000,3915294.74748620
04/01/2025 18:30,98046.40000000,98057.27000000,98098.39000000,97976.74000000,38.99403000,3823453.57354240,04/01/2025 18:44,12055,16.60420000,1628010.25481390
04/01/2025 18:45,97961.56000000,98046.40000000,98064.01000000,97909.85000000,55.99742000,5485935.37787130,04/01/2025 18:59,9716,21.79399000,2135409.06395800
04/01/2025 19:00,98123.44000000,97961.56000000,98123.44000000,97931.23000000,67.66742000,6633160.58569590,04/01/2025 19:14,15014,45.39415000,4450211.93940150
04/01/2025 19:15,98167.17000000,98123.43000000,98350.00000000,98123.43000000,147.40616000,14481569.65377040,04/01/2025 19:29,27935,87.10233000,8557420.17178740
04/01/2025 19:30,98140.97000000,98167.17000000,98264.24000000,98119.58000000,51.46608000,5053768.35132820,04/01/2025 19:44,13440,16.90538000,1660029.36484880
04/01/2025 19:45,98166.26000000,98140.98000000,98200.00000000,98093.66000000,63.94202000,6275346.78532080,04/01/2025 19:59,9662,15.57034000,1528239.08326630
04/01/2025 20:00,98292.50000000,98166.26000000,98490.00000000,98166.25000000,130.83903000,12867818.97266630,04/01/2025 20:14,23209,80.54067000,7920419.20106520
04/01/2025 20:15,98456.37000000,98292.50000000,98466.21000000,98251.99000000,52.40282000,5154649.09407060,04/01/2025 20:29,12551,25.43423000,2501987.19572740
04/01/2025 20:30,98543.99000000,98456.37000000,98671.02000000,98400.00000000,169.97678000,16745852.12578410,04/01/2025 20:44,27280,92.48676000,9112461.45944920
04/01/2025 20:45,98599.02000000,98543.98000000,98626.97000000,98521.98000000,88.47610000,8721522.90226940,04/01/2025 20:59,15444,40.51719000,3994013.47837280
04/01/2025 21:00,98548.49000000,98599.02000000,98778.43000000,98539.98000000,146.91134000,14494221.14881470,04/01/2025 21:14,29629,77.51263000,7649038.81884420
04/01/2025 21:15,98532.81000000,98548.50000000,98663.46000000,98502.77000000,213.80465000,21073929.35373000,04/01/2025 21:29,25050,121.47518000,11973691.85689860
04/01/2025 21:30,98384.52000000,98532.81000000,98532.82000000,98363.63000000,118.32024000,11649857.40016880,04/01/2025 21:44,19409,62.60274000,6163847.04119630
04/01/2025 21:45,98362.43000000,98384.53000000,98407.92000000,98344.00000000,57.33967000,5640438.99141970,04/01/2025 21:59,11169,24.92249000,2451543.64499150
04/01/2025 22:00,98340.54000000,98362.43000000,98406.27000000,98334.30000000,51.36964000,5052500.32176770,04/01/2025 22:14,11256,16.13221000,1586690.19361470
04/01/2025 22:15,98268.00000000,98340.54000000,98340.55000000,98266.33000000,92.00653000,9045069.54236050,04/01/2025 22:29,6533,11.19970000,1100741.93753470
04/01/2025 22:30,98408.11000000,98268.01000000,98448.47000000,98265.91000000,93.54610000,9201158.69755590,04/01/2025 22:44,13359,29.96972000,2947668.49313780
04/01/2025 22:45,98417.25000000,98408.10000000,98484.85000000,98359.53000000,52.78520000,5196141.25265270,04/01/2025 22:59,9375,20.48665000,2016557.10956610
04/01/2025 23:00,98174.99000000,98417.25000000,98419.14000000,98143.20000000,108.61497000,10675831.60750190,04/01/2025 23:14,20723,35.36357000,3475985.20746240
04/01/2025 23:15,98240.00000000,98175.00000000,98272.56000000,98174.99000000,36.10249000,3546725.55577680,04/01/2025 23:29,10753,18.49047000,1816467.42822480
04/01/2025 23:30,98225.62000000,98240.00000000,98280.00000000,98208.00000000,56.80214000,5580578.44332110,04/01/2025 23:44,8376,42.97785000,4222476.29039240
04/01/2025 23:45,98220.50000000,98225.61000000,98311.24000000,98212.26000000,52.31162000,5139851.91497090,04/01/2025 23:59,8945,24.79217000,2435599.37738870
05/01/2025 00:00,98286.77000000,98220.51000000,98328.09000000,98154.18000000,82.75449000,8128643.35679530,05/01/2025 00:14,16753,38.24941000,3757425.09532530
05/01/2025 00:15,98272.31000000,98286.77000000,98391.59000000,98199.51000000,82.50800000,8110183.69585700,05/01/2025 00:29,18273,36.62135000,3600150.54244300
05/01/2025 00:30,98254.75000000,98272.31000000,98343.90000000,98238.24000000,53.97606000,5305170.23691530,05/01/2025 00:44,13458,17.95256000,1764406.26575560
05/01/2025 00:45,98213.43000000,98254.75000000,98279.84000000,98200.36000000,35.19497000,3457270.63673830,05/01/2025 00:59,10031,10.99421000,1079946.06838960
05/01/2025 01:00,98282.07000000,98213.44000000,98298.56000000,98151.51000000,53.75463000,5279475.70005070,05/01/2025 01:14,10392,30.12843000,2959073.20149740
05/01/2025 01:15,98213.61000000,98282.07000000,98322.35000000,98213.61000000,45.43956000,4465308.84142080,05/01/2025 01:29,7215,22.90462000,2250815.55051390
05/01/2025 01:30,98150.53000000,98213.61000000,98213.62000000,98062.36000000,89.61682000,8794413.15366570,05/01/2025 01:44,17204,36.69884000,3601440.45859570
05/01/2025 01:45,98123.53000000,98150.53000000,98150.54000000,98050.00000000,48.55146000,4762501.66979530,05/01/2025 01:59,9932,21.65032000,2123558.69845390
05/01/2025 02:00,98189.05000000,98123.53000000,98198.05000000,98123.52000000,41.70561000,4093975.33197320,05/01/2025 02:14,8479,22.04604000,2164103.85120160
05/01/2025 02:15,98181.82000000,98189.06000000,98212.13000000,98154.32000000,61.21923000,6010641.37399540,05/01/2025 02:29,9610,23.57237000,2314365.69400050
05/01/2025 02:30,98154.34000000,98181.81000000,98181.82000000,98105.41000000,43.79473000,4297740.13441820,05/01/2025 02:44,11198,18.94988000,1859483.57080660
05/01/2025 02:45,98227.48000000,98154.33000000,98227.49000000,98154.33000000,40.81722000,4007305.88439720,05/01/2025 02:59,5734,16.13454000,1584051.27951950
05/01/2025 03:00,98177.54000000,98227.49000000,98227.49000000,98155.33000000,25.78065000,2531501.84174140,05/01/2025 03:14,7273,12.07743000,1185889.89152000
05/01/2025 03:15,98152.01000000,98177.55000000,98184.92000000,98115.30000000,36.60152000,3592541.97415040,05/01/2025 03:29,8679,16.49731000,1619285.39878760
05/01/2025 03:30,98100.00000000,98152.01000000,98178.04000000,98100.00000000,43.27760000,4247302.57838240,05/01/2025 03:44,11036,18.63669000,1829051.20756870
05/01/2025 03:45,98187.96000000,98100.00000000,98187.97000000,98069.00000000,45.57798000,4472696.65977650,05/01/2025 03:59,7682,21.99847000,2158791.19697670
05/01/2025 04:00,98266.86000000,98187.97000000,98380.00000000,98187.96000000,100.91813000,9921103.10033590,05/01/2025 04:14,13505,57.51353000,5654280.87765420
05/01/2025 04:15,98487.16000000,98266.85000000,98522.76000000,98252.00000000,77.39842000,7615791.36275700,05/01/2025 04:29,17023,54.89178000,5401269.19075070
05/01/2025 04:30,98391.67000000,98487.17000000,98487.17000000,98391.67000000,41.20054000,4055930.93083330,05/01/2025 04:44,12012,13.70371000,1349024.83545080
05/01/2025 04:45,98357.46000000,98391.68000000,98391.68000000,98348.15000000,19.13968000,1882794.41105520,05/01/2025 04:59,5597,8.32546000,818993.57614020
05/01/2025 05:00,98318.63000000,98357.46000000,98381.05000000,98303.19000000,38.18261000,3755162.35647460,05/01/2025 05:14,5953,14.08458000,1385173.36153560
05/01/2025 05:15,98425.96000000,98318.63000000,98425.97000000,98264.78000000,59.61775000,5862947.00634020,05/01/2025 05:29,7528,29.38792000,2890604.67354140
05/01/2025 05:30,98374.55000000,98425.96000000,98500.00000000,98338.03000000,66.72223000,6565397.29522740,05/01/2025 05:44,10085,23.33353000,2296119.00291300
05/01/2025 05:45,98358.98000000,98374.56000000,98393.94000000,98305.03000000,48.12739000,4733446.32062870,05/01/2025 05:59,10304,32.13975000,3161013.69317190
05/01/2025 06:00,98311.99000000,98358.98000000,98358.98000000,98304.82000000,25.39357000,2496775.46646980,05/01/2025 06:14,5172,11.14874000,1096184.56631430
05/01/2025 06:15,98370.35000000,98311.99000000,98393.94000000,98311.98000000,37.03855000,3642879.16491840,05/01/2025 06:29,7616,20.56027000,2022070.72392830
05/01/2025 06:30,98388.58000000,98370.34000000,98400.00000000,98339.57000000,27.53969000,2709285.90116520,05/01/2025 06:44,6174,17.65114000,1736475.64393700
05/01/2025 06:45,98451.47000000,98388.58000000,98500.00000000,98367.38000000,59.63949000,5871055.62235160,05/01/2025 06:59,8624,28.63284000,2818346.98776730
05/01/2025 07:00,98376.01000000,98451.48000000,98464.84000000,98376.00000000,45.87678000,4515613.05110610,05/01/2025 07:14,8020,21.70774000,2136700.36187580
05/01/2025 07:15,98339.97000000,98376.01000000,98400.00000000,98339.97000000,25.97900000,2555858.04830160,05/01/2025 07:29,5072,11.81720000,1162631.80819400
05/01/2025 07:30,98345.75000000,98339.98000000,98355.83000000,98328.88000000,22.40522000,2203360.92152450,05/01/2025 07:44,4292,8.69493000,855053.50954770
05/01/2025 07:45,98268.77000000,98345.74000000,98345.75000000,98268.77000000,24.05069000,2364343.76117560,05/01/2025 07:59,5485,10.60707000,1042794.77471840
05/01/2025 08:00,97951.01000000,98268.77000000,98268.78000000,97908.02000000,213.82709000,20962086.99256430,05/01/2025 08:14,35636,75.83811000,7433646.75002980
05/01/2025 08:15,97897.10000000,97951.02000000,97951.02000000,97777.77000000,178.60396000,17477417.68362160,05/01/2025 08:29,28010,64.38013000,6299919.52728130
05/01/2025 08:30,97885.30000000,97897.11000000,97941.97000000,97838.66000000,71.94966000,7043199.27806760,05/01/2025 08:44,17899,36.97470000,3619814.75341810
05/01/2025 08:45,97861.04000000,97885.31000000,97911.36000000,97822.00000000,47.35859000,4634293.82007880,05/01/2025 08:59,12351,28.84435000,2822545.79902530
05/01/2025 09:00,97904.20000000,97861.04000000,97943.02000000,97814.72000000,50.77941000,4969703.83591420,05/01/2025 09:14,12539,30.40187000,2975301.81706980
05/01/2025 09:15,97819.33000000,97904.21000000,97940.00000000,97819.32000000,45.96466000,4499336.36795030,05/01/2025 09:29,12040,20.14940000,1972264.09055160
05/01/2025 09:30,97899.99000000,97819.32000000,97900.00000000,97800.00000000,66.99016000,6554391.87621170,05/01/2025 09:44,10134,45.54805000,4456665.47789740
05/01/2025 09:45,97652.20000000,97900.00000000,97910.74000000,97637.93000000,177.40123000,17341268.47452550,05/01/2025 09:59,19739,56.51391000,5524755.95261260
05/01/2025 10:00,97724.81000000,97652.21000000,97776.68000000,97600.00000000,178.74936000,17459621.02605110,05/01/2025 10:14,21235,88.30786000,8626892.13017840
05/01/2025 10:15,97600.02000000,97724.81000000,97756.48000000,97600.01000000,57.10927000,5579592.71935010,05/01/2025 10:29,14377,21.77144000,2127091.40296860
05/01/2025 10:30,97695.00000000,97600.02000000,97715.25000000,97600.01000000,57.90312000,5655200.06893320,05/01/2025 10:44,10466,33.29825000,3252014.31729070
05/01/2025 10:45,97737.48000000,97695.00000000,97748.84000000,97695.00000000,38.02887000,3716077.06431650,05/01/2025 10:59,7127,22.63897000,2212178.46851920
05/01/2025 11:00,97706.19000000,97737.48000000,97767.65000000,97685.53000000,36.39173000,3556128.53929190,05/01/2025 11:14,11165,20.99091000,2051133.23598660
05/01/2025 11:15,97727.27000000,97706.20000000,97822.16000000,97706.19000000,54.58655000,5337558.79246220,05/01/2025 11:29,12888,39.70928000,3882854.06880290
05/01/2025 11:30,97668.62000000,97727.27000000,97735.96000000,97625.94000000,45.34110000,4428170.89578180,05/01/2025 11:44,13301,20.71139000,2022744.61226220
05/01/2025 11:45,97641.63000000,97668.62000000,97668.62000000,97615.13000000,50.39833000,4920850.16286800,05/01/2025 11:59,8199,16.22742000,1584341.33042610
05/01/2025 12:00,97737.64000000,97641.62000000,97737.90000000,97569.04000000,65.81102000,6425703.96514040,05/01/2025 12:14,16837,32.11956000,3136439.46666180
05/01/2025 12:15,97717.27000000,97737.63000000,97922.89000000,97680.00000000,97.92750000,9576210.35664940,05/01/2025 12:29,25299,54.91343000,5369644.91869400
05/01/2025 12:30,97769.66000000,97717.26000000,97796.00000000,97673.67000000,74.86727000,7316774.94499760,05/01/2025 12:44,17962,42.04884000,4109125.15335820
05/01/2025 12:45,97770.01000000,97769.67000000,97956.66000000,97746.12000000,77.86947000,7619714.44116060,05/01/2025 12:59,20120,43.85503000,4291657.87246430
05/01/2025 13:00,97861.46000000,97770.01000000,97905.51000000,97737.20000000,63.00663000,6163717.82171720,05/01/2025 13:14,16179,31.21512000,3053954.79869690
05/01/2025 13:15,97965.30000000,97861.47000000,97965.31000000,97846.36000000,56.24185000,5506410.96546290,05/01/2025 13:29,13526,36.83799000,3606651.09865890
05/01/2025 13:30,97877.86000000,97965.30000000,98018.96000000,97876.00000000,77.57424000,7597332.44494440,05/01/2025 13:44,13901,37.21345000,3644781.27401260
05/01/2025 13:45,97689.96000000,97877.86000000,97877.86000000,97680.18000000,85.12047000,8320822.67559030,05/01/2025 13:59,15780,31.26454000,3055747.15345380
05/01/2025 14:00,97645.00000000,97689.96000000,97779.96000000,97600.00000000,93.55147000,9138723.81805670,05/01/2025 14:14,18954,46.75795000,4567350.27385280
05/01/2025 14:15,97484.97000000,97645.00000000,97645.01000000,97276.79000000,446.46883000,43492252.19939500,05/01/2025 14:29,70883,162.52371000,15830240.24291750
05/01/2025 14:30,97675.19000000,97484.97000000,97678.56000000,97372.99000000,119.45905000,11649650.63495480,05/01/2025 14:44,33627,65.71904000,6409640.56169390
05/01/2025 14:45,97855.06000000,97675.19000000,97967.08000000,97675.19000000,117.17939000,11465261.32484110,05/01/2025 14:59,34714,70.27932000,6876246.20059630
05/01/2025 15:00,97820.63000000,97855.06000000,98024.48000000,97820.63000000,133.31939000,13052498.62250070,05/01/2025 15:14,29774,61.75629000,6046456.37127330
05/01/2025 15:15,97908.10000000,97820.64000000,97909.10000000,97702.30000000,74.02080000,7238005.73018000,05/01/2025 15:29,25997,35.57896000,3479316.76427400
05/01/2025 15:30,98090.37000000,97908.10000000,98281.89000000,97908.10000000,225.41483000,22122393.11347630,05/01/2025 15:44,53866,140.09591000,13748030.60772320
05/01/2025 15:45,98028.98000000,98090.37000000,98167.51000000,98000.00000000,59.47572000,5832827.40442090,05/01/2025 15:59,18574,33.97053000,3331429.19815420
05/01/2025 16:00,98195.62000000,98028.98000000,98332.54000000,97988.88000000,242.08021000,23776935.58116160,05/01/2025 16:14,36492,80.30856000,7885954.28368560
05/01/2025 16:15,98082.34000000,98195.61000000,98235.79000000,98045.23000000,73.20782000,7182781.05178380,05/01/2025 16:29,26932,30.59770000,3002270.01340440
05/01/2025 16:30,97996.12000000,98082.34000000,98087.18000000,97937.82000000,77.44616000,7590341.40052390,05/01/2025 16:44,25084,32.74925000,3209337.96154530
05/01/2025 16:45,98035.17000000,97996.12000000,98113.29000000,97973.86000000,61.82962000,6062814.79033500,05/01/2025 16:59,17454,37.26686000,3654158.29285870
05/01/2025 17:00,98014.32000000,98035.17000000,98078.94000000,97989.50000000,63.29081000,6205122.15390710,05/01/2025 17:14,13222,24.36341000,2388607.53268290
05/01/2025 17:15,97967.99000000,98014.31000000,98014.32000000,97880.39000000,98.23066000,9621253.71609750,05/01/2025 17:29,16876,29.91024000,2929480.83771940
05/01/2025 17:30,97849.49000000,97968.00000000,98023.84000000,97808.49000000,100.14991000,9806073.23372140,05/01/2025 17:44,23451,30.22254000,2959245.65557120
05/01/2025 17:45,97731.08000000,97849.49000000,97849.49000000,97673.57000000,96.98459000,9478341.86885410,05/01/2025 17:59,23478,37.31134000,3645525.86967160
05/01/2025 18:00,97700.81000000,97731.09000000,97777.46000000,97577.46000000,134.58792000,13145238.96685530,05/01/2025 18:14,34701,66.56702000,6501305.37891900
05/01/2025 18:15,97706.91000000,97700.81000000,97752.18000000,97607.27000000,82.80175000,8089532.45238970,05/01/2025 18:29,19513,29.46906000,2879232.04969630
05/01/2025 18:30,97837.66000000,97706.91000000,97860.00000000,97695.58000000,48.54934000,4747306.97624920,05/01/2025 18:44,14902,31.26848000,3057051.94086350
05/01/2025 18:45,97918.91000000,97837.66000000,97927.98000000,97837.65000000,35.35132000,3460302.27525350,05/01/2025 18:59,12565,19.81210000,1939204.53071810
05/01/2025 19:00,98037.38000000,97918.91000000,98039.73000000,97854.99000000,57.33928000,5617525.89867420,05/01/2025 19:14,13662,33.71160000,3303104.49638940
05/01/2025 19:15,98056.22000000,98037.37000000,98109.00000000,97960.14000000,114.62066000,11236860.61476230,05/01/2025 19:29,22676,75.83631000,7434302.66484800
05/01/2025 19:30,98017.03000000,98056.22000000,98071.57000000,97975.24000000,87.02843000,8529765.18887640,05/01/2025 19:44,17349,41.42059000,4059297.01474760
05/01/2025 19:45,98079.63000000,98017.03000000,98079.64000000,97984.00000000,47.86847000,4691933.23218560,05/01/2025 19:59,10185,30.17187000,2957337.62624170
05/01/2025 20:00,98128.61000000,98079.64000000,98138.83000000,98024.00000000,50.35334000,4939274.41150320,05/01/2025 20:14,13106,24.98370000,2450706.88217540
05/01/2025 20:15,98482.49000000,98128.60000000,98678.00000000,98128.60000000,420.18342000,41389651.65578480,05/01/2025 20:29,69606,247.02784000,24327364.77295530
05/01/2025 20:30,98344.06000000,98482.49000000,98497.32000000,98331.67000000,85.54402000,8416623.87328400,05/01/2025 20:44,27128,36.50143000,3590947.89649470
05/01/2025 20:45,98275.71000000,98344.07000000,98354.74000000,98161.38000000,124.38089000,12221108.33432590,05/01/2025 20:59,26168,55.74493000,5476221.74408770
05/01/2025 21:00,98396.93000000,98275.71000000,98404.00000000,98216.58000000,129.05286000,12690684.85940280,05/01/2025 21:14,24004,67.66327000,6653749.11993960
05/01/2025 21:15,98303.61000000,98396.93000000,98419.94000000,98303.61000000,84.70235000,8331106.09142420,05/01/2025 21:29,19667,33.17469000,3262867.00735300
05/01/2025 21:30,98429.65000000,98303.62000000,98487.10000000,98283.29000000,54.56426000,5369214.29267550,05/01/2025 21:44,14394,29.61442000,2914447.67132570
05/01/2025 21:45,98496.52000000,98429.66000000,98522.46000000,98429.65000000,59.46421000,5855534.15594710,05/01/2025 21:59,9101,22.44089000,2209601.48331170
05/01/2025 22:00,98377.52000000,98496.52000000,98512.29000000,98344.00000000,60.36195000,5940601.24728050,05/01/2025 22:14,16716,30.35274000,2986927.93156950
05/01/2025 22:15,98550.18000000,98377.53000000,98556.30000000,98377.52000000,54.40213000,5357742.80758780,05/01/2025 22:29,8598,35.37827000,3484135.16231050
05/01/2025 22:30,98660.01000000,98550.17000000,98745.45000000,98537.35000000,191.33023000,18877214.35613560,05/01/2025 22:44,17230,93.52837000,9227215.01002970
05/01/2025 22:45,98695.21000000,98660.01000000,98738.60000000,98516.27000000,101.75844000,10034952.39687160,05/01/2025 22:59,18524,49.49140000,4880776.38109660
05/01/2025 23:00,98555.84000000,98695.21000000,98836.85000000,98523.83000000,247.62938000,24443879.13654280,05/01/2025 23:14,49461,138.78630000,13702091.79571220
05/01/2025 23:15,98475.09000000,98555.84000000,98592.00000000,98366.12000000,96.70450000,9523936.45170660,05/01/2025 23:29,25320,38.94750000,3835305.19053370
05/01/2025 23:30,98424.24000000,98475.09000000,98504.00000000,98410.59000000,57.10982000,5622553.75756680,05/01/2025 23:44,18493,31.15186000,3066857.65783580
05/01/2025 23:45,98363.61000000,98424.24000000,98479.85000000,98322.72000000,68.23719000,6713892.87274730,05/01/2025 23:59,21231,34.36694000,3381257.36270730
06/01/2025 00:00,98455.89000000,98363.61000000,98626.77000000,98363.61000000,159.94725000,15757307.02497990,06/01/2025 00:14,37955,83.69236000,8244504.24170150
06/01/2025 00:15,98477.68000000,98455.89000000,98773.48000000,98300.00000000,126.26352000,12439302.84545780,06/01/2025 00:29,36899,68.63565000,6762395.84123650
06/01/2025 00:30,98428.55000000,98477.68000000,98561.96000000,98315.26000000,112.44535000,11067965.67733200,06/01/2025 00:44,38915,55.98672000,5509789.81544500
06/01/2025 00:45,98217.23000000,98428.54000000,98454.42000000,98190.75000000,95.57453000,9393935.83856060,06/01/2025 00:59,29209,35.51765000,3490822.51525780
06/01/2025 01:00,98049.61000000,98217.23000000,98345.68000000,98033.80000000,144.13274000,14147866.08904390,06/01/2025 01:14,42801,49.27756000,4837199.83574600
06/01/2025 01:15,98121.23000000,98049.16000000,98139.49000000,97920.00000000,117.72072000,11539710.19636230,06/01/2025 01:29,41630,53.80305000,5274397.13437290
06/01/2025 01:30,98275.00000000,98121.24000000,98275.00000000,98116.00000000,55.09669000,5410314.84768190,06/01/2025 01:44,19186,36.29934000,3564349.34459210
06/01/2025 01:45,98759.43000000,98275.00000000,98816.28000000,98188.63000000,250.42849000,24685534.57362950,06/01/2025 01:59,51786,139.91031000,13791960.71657170
06/01/2025 02:00,99028.96000000,98759.42000000,99333.00000000,98691.28000000,933.46792000,92506188.35056610,06/01/2025 02:14,112054,606.81003000,60134750.05451030
06/01/2025 02:15,98757.01000000,99028.95000000,99028.95000000,98649.97000000,266.23383000,26305761.10055560,06/01/2025 02:29,81226,120.34533000,11890090.41450460
06/01/2025 02:30,98862.00000000,98757.01000000,99118.24000000,98670.27000000,284.05769000,28100279.13364960,06/01/2025 02:44,59780,156.85972000,15517607.46234410
06/01/2025 02:45,98815.39000000,98862.01000000,98987.99000000,98800.94000000,129.66042000,12823191.18597750,06/01/2025 02:59,36946,57.91021000,5727534.72231640
06/01/2025 03:00,98961.91000000,98815.39000000,99027.24000000,98759.55000000,108.77289000,10757230.20109580,06/01/2025 03:14,33181,64.97792000,6425820.71525990
06/01/2025 03:15,99099.09000000,98961.92000000,99124.24000000,98900.00000000,218.47550000,21636857.09365510,06/01/2025 03:29,26951,113.27796000,11220408.55253320
06/01/2025 03:30,99119.80000000,99099.09000000,99235.99000000,99074.49000000,127.84330000,12676623.26562120,06/01/2025 03:44,28407,56.03654000,5556572.25117940
06/01/2025 03:45,99037.57000000,99119.80000000,99127.83000000,99000.00000000,67.10246000,6647382.14506940,06/01/2025 03:59,17831,26.52018000,2626994.34338870
06/01/2025 04:00,99282.13000000,99037.57000000,99289.00000000,99037.57000000,139.98484000,13889174.33636130,06/01/2025 04:14,34425,76.68285000,7608067.07290550
06/01/2025 04:15,99250.00000000,99282.14000000,99444.00000000,99242.42000000,174.83450000,17367205.69221560,06/01/2025 04:29,39395,88.33944000,8776341.99144490
06/01/2025 04:30,99204.68000000,99250.00000000,99287.52000000,99184.98000000,136.42256000,13536917.64807280,06/01/2025 04:44,17239,78.89966000,7828816.10492930
06/01/2025 04:45,99466.09000000,99204.68000000,99500.88000000,99204.68000000,194.26470000,19315878.63711310,06/01/2025 04:59,22664,125.40389000,12468901.37977390
06/01/2025 05:00,99413.40000000,99466.09000000,99609.99000000,99400.00000000,157.48651000,15672528.77271910,06/01/2025 05:14,27397,96.89577000,9643365.42681440
06/01/2025 05:15,99660.12000000,99413.40000000,99666.00000000,99413.39000000,174.54315000,17380501.14317590,06/01/2025 05:29,29483,84.52629000,8416244.67426610
06/01/2025 05:30,99729.70000000,99660.13000000,99826.36000000,99617.16000000,312.67005000,31182858.10628990,06/01/2025 05:44,33078,207.52385000,20695917.18422850
06/01/2025 05:45,99600.00000000,99729.70000000,99892.00000000,99502.00000000,294.68045000,29397255.18605890,06/01/2025 05:59,31250,141.96549000,14166844.48084820
06/01/2025 06:00,99521.44000000,99600.00000000,99700.00000000,99474.32000000,145.79028000,14522234.32065510,06/01/2025 06:14,29046,49.66824000,4947068.50937240
06/01/2025 06:15,99484.83000000,99521.44000000,99636.37000000,99382.31000000,258.82143000,25759511.30652290,06/01/2025 06:29,28046,127.52921000,12695725.69808730
06/01/2025 06:30,99699.30000000,99484.84000000,99763.99000000,99440.64000000,157.47684000,15692236.44119760,06/01/2025 06:44,25580,98.43015000,9810041.30342480
06/01/2025 06:45,99512.21000000,99699.30000000,99721.66000000,99475.49000000,241.76078000,24070352.56682600,06/01/2025 06:59,17066,115.16419000,11467053.93866140
06/01/2025 07:00,99380.77000000,99512.21000000,99529.87000000,99292.15000000,210.22797000,20901122.62342300,06/01/2025 07:14,33186,76.04309000,7560079.27772380
06/01/2025 07:15,99322.68000000,99380.76000000,99382.50000000,99161.14000000,157.63791000,15650524.95211920,06/01/2025 07:29,29518,78.00388000,7744254.64503820
06/01/2025 07:30,99303.04000000,99322.67000000,99400.00000000,99240.24000000,67.80437000,6733959.45962040,06/01/2025 07:44,20584,40.35132000,4007538.33067440
06/01/2025 07:45,99318.70000000,99303.04000000,99423.68000000,99283.35000000,120.22693000,11946670.06268000,06/01/2025 07:59,15392,35.80820000,3557904.69379800
06/01/2025 08:00,99563.76000000,99318.70000000,99625.69000000,99318.70000000,140.24887000,13954046.64740930,06/01/2025 08:14,24761,65.25029000,6491237.72786690
06/01/2025 08:15,99395.09000000,99563.76000000,99563.77000000,99330.00000000,96.27195000,9572964.88826480,06/01/2025 08:29,23015,27.88399000,2771928.42409580
06/01/2025 08:30,99046.63000000,99395.08000000,99426.38000000,99000.00000000,266.95383000,26473870.53078800,06/01/2025 08:44,35374,54.94538000,5448797.56975440
06/01/2025 08:45,99043.49000000,99046.64000000,99233.79000000,99015.91000000,170.85766000,16932467.28838650,06/01/2025 08:59,24714,66.36361000,6578427.22059590
06/01/2025 09:00,99179.99000000,99043.49000000,99250.00000000,99020.00000000,144.48155000,14326484.67366870,06/01/2025 09:14,23322,62.09185000,6157130.79140010
06/01/2025 09:15,99114.26000000,99179.98000000,99179.99000000,99062.08000000,96.23944000,9539298.91468290,06/01/2025 09:29,15482,36.81785000,3649379.43616150
06/01/2025 09:30,99054.87000000,99114.26000000,99145.63000000,99035.58000000,108.82643000,10782955.22158840,06/01/2025 09:44,17764,55.43005000,5492362.38264380
06/01/2025 09:45,98999.99000000,99054.86000000,99107.31000000,98942.46000000,97.84369000,9688664.02394970,06/01/2025 09:59,17142,31.00625000,3070049.02004310
06/01/2025 10:00,98882.01000000,99000.00000000,99057.95000000,98802.01000000,179.75159000,17781244.98393170,06/01/2025 10:14,29004,59.21052000,5855804.36896150
06/01/2025 10:15,99010.43000000,98882.01000000,99026.45000000,98848.44000000,128.69394000,12731487.08746960,06/01/2025 10:29,17746,82.13740000,8126206.40873100
06/01/2025 10:30,98766.79000000,99010.42000000,99010.43000000,98766.79000000,86.18986000,8521596.02034400,06/01/2025 10:44,16079,32.39907000,3203317.73794300
06/01/2025 10:45,98767.96000000,98766.79000000,98851.39000000,98709.28000000,131.23188000,12963471.82069320,06/01/2025 10:59,18453,69.61785000,6877357.84565360
06/01/2025 11:00,99013.62000000,98767.96000000,99036.93000000,98712.00000000,102.66124000,10152180.56242930,06/01/2025 11:14,28440,61.14201000,6047016.80131150
06/01/2025 11:15,99248.69000000,99013.62000000,99312.00000000,98972.51000000,326.53046000,32357617.44673590,06/01/2025 11:29,28742,151.47749000,15011226.41261350
06/01/2025 11:30,99240.75000000,99248.69000000,99410.23000000,99165.43000000,142.42108000,14138397.32265660,06/01/2025 11:44,31542,64.35037000,6387693.52178330
06/01/2025 11:45,99259.99000000,99240.75000000,99324.84000000,99174.52000000,96.25497000,9552295.77164310,06/01/2025 11:59,25205,47.11601000,4675517.69187850
06/01/2025 12:00,99485.57000000,99259.99000000,99520.00000000,99259.99000000,142.75479000,14191595.20803490,06/01/2025 12:14,31705,87.36043000,8685280.72273660
06/01/2025 12:15,99572.49000000,99485.57000000,99713.13000000,99416.00000000,201.87149000,20095592.17274060,06/01/2025 12:29,40298,95.81738000,9538948.26958150
06/01/2025 12:30,99539.01000000,99572.49000000,99572.50000000,99454.54000000,112.98174000,11241918.62898490,06/01/2025 12:44,25426,47.68219000,4744297.88858430
06/01/2025 12:45,99157.12000000,99539.01000000,99545.46000000,99142.43000000,166.53607000,16536054.64688290,06/01/2025 12:59,40983,53.31263000,5292719.53202710
06/01/2025 13:00,99044.49000000,99157.12000000,99236.10000000,99000.36000000,145.01097000,14372717.81137310,06/01/2025 13:14,46645,59.56190000,5903375.38557610
06/01/2025 13:15,99320.03000000,99044.49000000,99363.60000000,98909.82000000,231.82877000,22975553.47321200,06/01/2025 13:29,47536,111.86522000,11086448.82862470
06/01/2025 13:30,99282.82000000,99320.03000000,99389.54000000,99137.47000000,112.15346000,11132707.50725880,06/01/2025 13:44,36751,50.32571000,4995159.90618390
06/01/2025 13:45,99492.51000000,99282.82000000,99575.85000000,99202.32000000,142.23153000,14134973.41117440,06/01/2025 13:59,36801,79.60318000,7911565.45727200
06/01/2025 14:00,99277.36000000,99492.50000000,99600.00000000,99221.16000000,200.25078000,19903280.21334780,06/01/2025 14:14,60708,88.01607000,8749012.59608420
06/01/2025 14:15,99055.01000000,99277.36000000,99318.52000000,98711.94000000,448.97078000,44398133.43728330,06/01/2025 14:29,99752,189.98597000,18785942.04686790
06/01/2025 14:30,99527.81000000,99055.00000000,99677.00000000,98870.55000000,673.54972000,66812971.51994610,06/01/2025 14:44,147189,310.38629000,30792565.31381600
06/01/2025 14:45,100737.03000000,99527.81000000,101295.23000000,99527.81000000,2165.11409000,217776891.06520500,06/01/2025 14:59,207374,1259.70787000,126618590.98638580
06/01/2025 15:00,101253.83000000,100737.03000000,101281.90000000,100481.99000000,1143.35989000,115456340.69349690,06/01/2025 15:14,145690,634.36646000,64071902.81203490
06/01/2025 15:15,101678.10000000,101253.84000000,101700.62000000,100991.41000000,878.86769000,89127576.74918080,06/01/2025 15:29,102411,465.30865000,47195147.30496520
06/01/2025 15:30,101969.51000000,101678.11000000,101977.08000000,101636.36000000,809.61512000,82421453.68284580,06/01/2025 15:44,94537,396.22174000,40339566.53273730
06/01/2025 15:45,102147.95000000,101969.51000000,102468.92000000,101857.36000000,833.12669000,85108205.19297230,06/01/2025 15:59,96026,461.68695000,47167836.24285190
06/01/2025 16:00,102198.37000000,102147.95000000,102465.60000000,101973.11000000,748.98551000,76549786.79025290,06/01/2025 16:14,71671,352.92048000,36076133.23292620
06/01/2025 16:15,102440.02000000,102198.38000000,102480.00000000,102111.05000000,382.78370000,39171620.97299300,06/01/2025 16:29,52350,196.89698000,20148123.08463660
06/01/2025 16:30,101883.16000000,102440.01000000,102469.35000000,101867.04000000,440.50384000,45006963.78854740,06/01/2025 16:44,54520,178.95958000,18283920.02846250
06/01/2025 16:45,102158.67000000,101883.16000000,102300.00000000,101719.59000000,573.31711000,58474334.11955140,06/01/2025 16:59,62758,260.83951000,26607989.52428420
06/01/2025 17:00,101900.01000000,102158.67000000,102158.68000000,101859.18000000,409.94484000,41809021.00670810,06/01/2025 17:14,49916,211.70438000,21589244.57740370
06/01/2025 17:15,101830.53000000,101900.01000000,102040.79000000,101717.44000000,302.68893000,30843832.78246280,06/01/2025 17:29,46313,145.52339000,14829256.83266290
06/01/2025 17:30,101414.70000000,101830.54000000,101983.19000000,101250.00000000,545.93273000,55447629.98939710,06/01/2025 17:44,62344,195.32252000,19832452.82598570
06/01/2025 17:45,101831.95000000,101414.70000000,101851.81000000,101315.80000000,258.48563000,26263922.37008030,06/01/2025 17:59,50635,143.31136000,14560537.42519300
06/01/2025 18:00,101945.76000000,101831.95000000,101945.77000000,101578.12000000,212.30599000,21609519.76684930,06/01/2025 18:14,53697,78.82177000,8023293.90138190
06/01/2025 18:15,101933.84000000,101945.76000000,102029.02000000,101862.27000000,266.49389000,27166226.21809520,06/01/2025 18:29,29305,156.89078000,15992796.85693660
06/01/2025 18:30,101954.15000000,101933.84000000,102053.61000000,101849.62000000,151.26093000,15424476.10824010,06/01/2025 18:44,29298,65.06560000,6634715.12259520
06/01/2025 18:45,101738.80000000,101954.15000000,101998.56000000,101671.39000000,204.24479000,20800694.78818380,06/01/2025 18:59,39857,82.38398000,8389764.01248550
06/01/2025 19:00,101921.58000000,101738.81000000,101939.40000000,101639.60000000,175.75561000,17887475.44046380,06/01/2025 19:14,38845,78.08112000,7946047.37738910
06/01/2025 19:15,101892.96000000,101921.57000000,102032.00000000,101843.76000000,169.92040000,17323870.02479720,06/01/2025 19:29,27172,85.16059000,8681951.55192950
06/01/2025 19:30,102009.78000000,101892.96000000,102009.79000000,101754.01000000,147.65061000,15041342.19701610,06/01/2025 19:44,23269,66.58820000,6784752.00731710
06/01/2025 19:45,101817.22000000,102009.79000000,102030.30000000,101737.50000000,137.85352000,14044178.56957890,06/01/2025 19:59,20877,59.92886000,6105226.19754100
06/01/2025 20:00,102181.82000000,101817.22000000,102181.82000000,101804.00000000,301.95736000,30797141.94448330,06/01/2025 20:14,31299,178.80273000,18233774.63221390
06/01/2025 20:15,102114.94000000,102181.82000000,102318.50000000,102052.53000000,242.56247000,24788930.44822060,06/01/2025 20:29,28137,113.51535000,11600484.97671680
06/01/2025 20:30,102018.52000000,102114.94000000,102235.00000000,101961.67000000,318.52822000,32508305.88500480,06/01/2025 20:44,34221,143.10762000,14603753.04920170
06/01/2025 20:45,102127.38000000,102018.53000000,102300.00000000,101800.00000000,595.49578000,60776963.93110890,06/01/2025 20:59,55585,272.53536000,27815333.98816260
06/01/2025 21:00,102039.68000000,102126.90000000,102329.98000000,101999.41000000,350.91216000,35852646.21034400,06/01/2025 21:14,31302,116.78610000,11938501.37242190
06/01/2025 21:15,102060.60000000,102039.69000000,102183.59000000,101950.00000000,311.65936000,31816414.76700880,06/01/2025 21:29,26168,182.06577000,18585461.21042040
06/01/2025 21:30,101769.08000000,102060.61000000,102070.32000000,101737.50000000,180.71597000,18414489.33832060,06/01/2025 21:44,20740,60.98647000,6210569.45722890
06/01/2025 21:45,101611.92000000,101769.09000000,101864.00000000,101600.05000000,166.91041000,16983427.42529970,06/01/2025 21:59,18451,85.87820000,8739502.09468480
06/01/2025 22:00,101711.59000000,101611.92000000,101752.00000000,101600.06000000,115.23842000,11715686.16491920,06/01/2025 22:14,16350,50.77476000,5161909.51077080
06/01/2025 22:15,101928.58000000,101711.60000000,101970.00000000,101711.59000000,104.22534000,10616598.59723880,06/01/2025 22:29,16469,52.70847000,5368783.55907600
06/01/2025 22:30,101975.52000000,101928.58000000,102084.13000000,101928.58000000,71.33771000,7276056.44215150,06/01/2025 22:44,14026,36.28834000,3700904.83446090
06/01/2025 22:45,102011.98000000,101975.51000000,102077.52000000,101975.51000000,74.35609000,7585888.55948880,06/01/2025 22:59,8425,33.17165000,3383986.58501970
06/01/2025 23:00,102000.00000000,102011.98000000,102176.87000000,101896.87000000,150.32754000,15337364.92602320,06/01/2025 23:14,35223,72.67474000,7413637.49000420
06/01/2025 23:15,102082.76000000,102000.00000000,102142.44000000,101998.15000000,130.52189000,13323956.52724970,06/01/2025 23:29,14545,87.68482000,8950911.67842860
06/01/2025 23:30,102179.25000000,102082.76000000,102199.99000000,101980.02000000,77.53003000,7914699.18780300,06/01/2025 23:44,15997,37.16303000,3794547.98613380
06/01/2025 23:45,102235.60000000,102179.26000000,102239.58000000,102157.35000000,77.48838000,7918834.04639080,06/01/2025 23:59,9214,51.50815000,5263816.62146250
07/01/2025 00:00,102031.96000000,102235.60000000,102255.00000000,101972.50000000,171.70480000,17533599.17868190,07/01/2025 00:14,21014,102.81221000,10500338.03777310
07/01/2025 00:15,102380.85000000,102031.96000000,102423.57000000,101950.00000000,182.66259000,18662623.54425780,07/01/2025 00:29,25297,114.71652000,11721933.91680160
07/01/2025 00:30,102056.50000000,102380.85000000,102724.38000000,102012.97000000,465.21810000,47659564.61593200,07/01/2025 00:44,60287,291.03595000,29823208.46089020
07/01/2025 00:45,102042.46000000,102056.50000000,102212.13000000,101969.80000000,160.78529000,16412745.12637490,07/01/2025 00:59,28428,81.71275000,8341571.38211630
07/01/2025 01:00,101818.18000000,102042.47000000,102071.90000000,101790.62000000,191.46517000,19512122.32670100,07/01/2025 01:14,30966,72.12735000,7350625.59652640
07/01/2025 01:15,101685.27000000,101818.18000000,101909.02000000,101684.95000000,110.87621000,11291127.53782800,07/01/2025 01:29,18962,59.33021000,6042045.22244380
07/01/2025 01:30,101973.79000000,101685.27000000,101984.01000000,101685.26000000,175.67852000,17888084.93032470,07/01/2025 01:44,21039,93.97146000,9569912.51304220
07/01/2025 01:45,101915.66000000,101973.80000000,102026.60000000,101841.83000000,80.28599000,8184683.68985660,07/01/2025 01:59,13854,33.67666000,3433158.21972070
07/01/2025 02:00,101960.06000000,101915.66000000,102018.98000000,101896.87000000,83.60131000,8523464.40643630,07/01/2025 02:14,17199,50.65612000,5164276.22267550
07/01/2025 02:15,101848.49000000,101960.05000000,102013.74000000,101848.49000000,95.39312000,9725834.47300080,07/01/2025 02:29,15886,40.14676000,4093033.48232290
07/01/2025 02:30,101815.73000000,101848.50000000,101876.27000000,101793.54000000,79.65758000,8111375.44116240,07/01/2025 02:44,13940,29.29910000,2983251.32230380
07/01/2025 02:45,101677.66000000,101815.73000000,101841.28000000,101651.67000000,133.75721000,13607277.79618860,07/01/2025 02:59,16870,65.02180000,6614245.69992820
07/01/2025 03:00,101666.73000000,101677.66000000,101818.19000000,101657.82000000,142.55798000,14505161.43675410,07/01/2025 03:14,21060,64.49953000,6561953.81515750
07/01/2025 03:15,101655.51000000,101666.73000000,101714.37000000,101637.00000000,80.90431000,8225232.80602230,07/01/2025 03:29,12154,38.27331000,3890952.66335470
07/01/2025 03:30,101625.01000000,101655.51000000,101798.42000000,101625.00000000,86.95275000,8844289.86562770,07/01/2025 03:44,13003,30.75106000,3127485.81827210
07/01/2025 03:45,101708.08000000,101625.01000000,101729.53000000,101512.91000000,115.91445000,11776286.69034510,07/01/2025 03:59,15126,60.17363000,6113367.29994620
07/01/2025 04:00,101854.86000000,101708.09000000,101854.86000000,101708.08000000,64.85459000,6600992.21227480,07/01/2025 04:14,14171,36.40682000,3705538.55469440
07/01/2025 04:15,101878.78000000,101854.85000000,101878.79000000,101794.15000000,76.13149000,7751561.94693210,07/01/2025 04:29,8648,28.54603000,2906599.13586600
07/01/2025 04:30,101780.40000000,101878.79000000,101925.77000000,101780.35000000,74.04046000,7542162.23239440,07/01/2025 04:44,13824,26.34185000,2683350.69194660
07/01/2025 04:45,101667.02000000,101780.41000000,101812.00000000,101667.01000000,74.07302000,7537449.05802360,07/01/2025 04:59,10309,21.87120000,2225822.94216470
07/01/2025 05:00,101704.53000000,101667.02000000,101775.71000000,101582.79000000,88.69474000,9021604.59402580,07/01/2025 05:14,12359,35.63019000,3624263.79571210
07/01/2025 05:15,101718.53000000,101704.53000000,101786.07000000,101606.11000000,87.97744000,8947269.38368470,07/01/2025 05:29,11901,44.38484000,4513701.57080570
07/01/2025 05:30,101642.35000000,101718.53000000,101740.00000000,101629.06000000,96.91802000,9855701.74968720,07/01/2025 05:44,11780,29.56516000,3006429.20242330
07/01/2025 05:45,101743.47000000,101642.35000000,101749.15000000,101634.75000000,67.99809000,6916721.91546290,07/01/2025 05:59,7556,36.66852000,3729902.05265880
07/01/2025 06:00,101738.95000000,101743.47000000,101743.47000000,101648.56000000,94.76533000,9636198.99430730,07/01/2025 06:14,11407,35.30969000,3590092.13567680
07/01/2025 06:15,101832.89000000,101738.96000000,101894.47000000,101738.96000000,74.06889000,7544477.25631670,07/01/2025 06:29,12637,33.56054000,3417923.48753810
07/01/2025 06:30,101840.78000000,101832.90000000,101858.20000000,101780.20000000,82.56560000,8407792.42743590,07/01/2025 06:44,10485,33.17460000,3378221.64124940
07/01/2025 06:45,101820.53000000,101840.78000000,101840.79000000,101783.43000000,84.60240000,8613108.46084970,07/01/2025 06:59,8035,48.32442000,4919570.76080510
07/01/2025 07:00,101868.00000000,101820.53000000,102015.01000000,101803.44000000,124.58026000,12698673.05042690,07/01/2025 07:14,15882,66.95717000,6825032.48339580
07/01/2025 07:15,101773.95000000,101868.01000000,101868.01000000,101771.65000000,60.52842000,6162189.31429930,07/01/2025 07:29,8203,25.46789000,2592836.61637170
07/01/2025 07:30,101748.71000000,101773.94000000,101801.60000000,101660.80000000,176.06892000,17913794.33759670,07/01/2025 07:44,14031,56.63363000,5762164.32205140
07/01/2025 07:45,101664.81000000,101748.72000000,101748.72000000,101640.47000000,164.90032000,16769679.95605590,07/01/2025 07:59,11516,39.82352000,4049602.29623350
07/01/2025 08:00,101636.37000000,101664.81000000,101738.26000000,101626.00000000,134.10219000,13635954.96347310,07/01/2025 08:14,12946,65.07165000,6616656.70992570
07/01/2025 08:15,101789.60000000,101636.37000000,101812.29000000,101618.04000000,114.42748000,11640850.91798170,07/01/2025 08:29,17046,63.87476000,6498113.58157770
07/01/2025 08:30,101875.25000000,101789.61000000,101895.73000000,101783.13000000,91.99719000,9367951.03225540,07/01/2025 08:44,14153,50.77209000,5169930.99310940
07/01/2025 08:45,101905.08000000,101875.26000000,101995.64000000,101840.42000000,115.09488000,11731696.96853890,07/01/2025 08:59,15350,55.93551000,5701261.59265220
07/01/2025 09:00,101850.00000000,101905.08000000,101914.11000000,101812.86000000,53.64530000,5464929.31335340,07/01/2025 09:14,11855,25.72022000,2620123.72091570
07/01/2025 09:15,101765.07000000,101850.01000000,101850.01000000,101736.29000000,113.99822000,11603847.59120820,07/01/2025 09:29,16787,48.94847000,4982599.59002750
07/01/2025 09:30,101661.16000000,101765.06000000,101765.07000000,101649.94000000,197.80763000,20116877.75252880,07/01/2025 09:44,17529,51.47053000,5234151.51534590
07/01/2025 09:45,101723.19000000,101661.16000000,101769.93000000,101632.06000000,124.95158000,12706164.66354970,07/01/2025 09:59,20092,73.02404000,7425772.11136780
07/01/2025 10:00,101436.02000000,101723.18000000,101723.19000000,101418.75000000,332.77975000,33793560.76342040,07/01/2025 10:14,31696,63.82085000,6481114.51708020
07/01/2025 10:15,101529.89000000,101436.01000000,101553.55000000,101379.45000000,169.76691000,17226521.98073570,07/01/2025 10:29,19477,84.84165000,8609171.36510420
07/01/2025 10:30,101496.72000000,101529.88000000,101573.94000000,101445.46000000,121.13565000,12296237.05464030,07/01/2025 10:44,13386,59.58055000,6048472.15331670
07/01/2025 10:45,101406.78000000,101496.71000000,101496.71000000,101391.17000000,92.68666000,9401631.27471540,07/01/2025 10:59,16684,46.19739000,4685910.81756490
07/01/2025 11:00,101383.95000000,101406.78000000,101452.99000000,101300.00000000,168.73149000,17102836.11978890,07/01/2025 11:14,23556,64.16315000,6503799.71631200
07/01/2025 11:15,101364.55000000,101383.94000000,101453.00000000,101300.00000000,144.67262000,14665427.64587530,07/01/2025 11:29,15157,71.91064000,7289576.27196920
07/01/2025 11:30,100666.66000000,101364.54000000,101364.55000000,100619.16000000,761.43319000,76830960.76966790,07/01/2025 11:44,85208,217.40875000,21929409.64651580
07/01/2025 11:45,100830.86000000,100666.67000000,100917.92000000,100472.45000000,497.64458000,50114533.12144320,07/01/2025 11:59,71350,247.11184000,24891392.06438420
07/01/2025 12:00,100718.09000000,100830.86000000,100956.99000000,100718.09000000,270.07902000,27234883.33780540,07/01/2025 12:14,46238,91.81210000,9259133.88463180
07/01/2025 12:15,100635.12000000,100718.09000000,100820.17000000,100628.43000000,169.81078000,17104690.29628760,07/01/2025 12:29,28530,91.53629000,9220098.79090450
07/01/2025 12:30,100854.50000000,100635.12000000,100891.00000000,100633.61000000,161.83886000,16313801.43399610,07/01/2025 12:44,30900,60.92600000,6140904.79736110
07/01/2025 12:45,100750.89000000,100854.49000000,100919.23000000,100730.00000000,123.36599000,12440193.87863320,07/01/2025 12:59,22414,52.32314000,5275714.35967020
07/01/2025 13:00,100752.46000000,100750.88000000,100847.01000000,100700.00000000,135.60721000,13664907.02913080,07/01/2025 13:14,25760,68.56263000,6908882.90405760
07/01/2025 13:15,100939.29000000,100752.86000000,100944.26000000,100672.53000000,224.88639000,22675206.59712230,07/01/2025 13:29,24940,136.18501000,13732878.56600100
07/01/2025 13:30,100713.91000000,100939.28000000,100960.06000000,100615.63000000,245.86884000,24768410.82805700,07/01/2025 13:44,30709,142.76996000,14382196.51376580
07/01/2025 13:45,100636.80000000,100713.92000000,100795.44000000,100622.77000000,137.68385000,13865438.98780030,07/01/2025 13:59,21361,61.38283000,6181479.91362750
07/01/2025 14:00,100576.01000000,100636.80000000,100816.47000000,100576.00000000,150.31068000,15135124.84860460,07/01/2025 14:14,24938,65.86341000,6631375.86919570
07/01/2025 14:15,100759.69000000,100576.01000000,100862.91000000,100508.19000000,184.06416000,18526377.53473290,07/01/2025 14:29,34772,64.65399000,6507481.15699470
07/01/2025 14:30,100716.61000000,100759.68000000,100849.99000000,100207.76000000,832.63474000,83687110.63645200,07/01/2025 14:44,135602,380.92832000,38294835.40993910
07/01/2025 14:45,99979.69000000,100716.61000000,100818.97000000,99732.00000000,1323.74761000,132672349.95715480,07/01/2025 14:59,131126,654.93021000,65671647.81815440
07/01/2025 15:00,98592.43000000,99979.69000000,100142.99000000,98400.48000000,3371.78420000,334014105.11888050,07/01/2025 15:14,255925,1326.16832000,131416704.24165170
07/01/2025 15:15,98457.16000000,98592.43000000,98827.84000000,98113.80000000,1793.93770000,176703718.40288990,07/01/2025 15:29,169302,896.98694000,88351691.51894580
07/01/2025 15:30,97568.37000000,98457.16000000,98546.55000000,97513.51000000,2071.65136000,202950595.03197820,07/01/2025 15:44,159108,914.94272000,89628746.09635270
07/01/2025 15:45,97952.26000000,97568.36000000,98300.64000000,97153.50000000,1454.75606000,142270112.40634730,07/01/2025 15:59,191417,741.82480000,72557378.76451180
07/01/2025 16:00,97831.69000000,97952.26000000,98132.00000000,97586.41000000,1035.15712000,101311029.09884370,07/01/2025 16:14,143616,415.98722000,40711188.67054550
07/01/2025 16:15,98013.38000000,97831.69000000,98096.93000000,97700.00000000,449.37593000,43980537.05013160,07/01/2025 16:29,94395,267.51873000,26183472.73338640
07/01/2025 16:30,98200.00000000,98013.37000000,98347.81000000,97800.00000000,519.38696000,50946750.29900930,07/01/2025 16:44,116423,259.47438000,25452511.49720820
07/01/2025 16:45,97733.58000000,98200.00000000,98212.13000000,97727.62000000,398.86329000,39054169.33741500,07/01/2025 16:59,88006,183.65780000,17985262.89540730
07/01/2025 17:00,97385.44000000,97733.58000000,97806.03000000,97326.53000000,478.56689000,46696786.97260750,07/01/2025 17:14,89725,158.02435000,15415820.64543170
07/01/2025 17:15,97320.81000000,97385.44000000,97563.39000000,97225.00000000,379.19199000,36918888.71011800,07/01/2025 17:29,92777,190.82257000,18579639.95705270
07/01/2025 17:30,97229.98000000,97320.80000000,97571.15000000,96800.01000000,747.18454000,72602285.28113870,07/01/2025 17:44,122676,319.87317000,31096686.62411770
07/01/2025 17:45,97277.31000000,97229.98000000,97380.00000000,96577.00000000,779.96132000,75639831.06861760,07/01/2025 17:59,133529,384.93446000,37338436.72000560
07/01/2025 18:00,97398.99000000,97277.32000000,97541.60000000,97205.16000000,375.92099000,36610902.60884060,07/01/2025 18:14,78282,192.00924000,18699628.05453270
07/01/2025 18:15,97061.84000000,97399.07000000,97407.04000000,97013.50000000,342.53677000,33300377.92632350,07/01/2025 18:29,68929,156.49637000,15213736.14332360
07/01/2025 18:30,96864.62000000,97061.84000000,97127.75000000,96708.68000000,477.45012000,46266600.53672810,07/01/2025 18:44,105861,206.38969000,19999157.62048880
07/01/2025 18:45,96750.86000000,96864.80000000,96939.40000000,96600.00000000,355.25081000,34374238.54530330,07/01/2025 18:59,101579,171.72421000,16615033.90615640
07/01/2025 19:00,97165.60000000,96750.86000000,97178.91000000,96708.77000000,283.93333000,27523009.91394310,07/01/2025 19:14,85675,157.02645000,15221600.03599200
07/01/2025 19:15,96862.16000000,97165.13000000,97200.01000000,96718.81000000,312.89428000,30324463.55372350,07/01/2025 19:29,50870,160.16284000,15524085.27728700
07/01/2025 19:30,96687.64000000,96862.16000000,96866.81000000,96323.67000000,532.04526000,51384821.26481870,07/01/2025 19:44,75141,241.11054000,23287652.52665020
07/01/2025 19:45,96451.98000000,96687.65000000,96816.78000000,96376.61000000,353.19745000,34095505.71875750,07/01/2025 19:59,66281,180.15604000,17389913.92427700
07/01/2025 20:00,96460.43000000,96451.99000000,96715.18000000,96247.06000000,466.74450000,45022556.82877790,07/01/2025 20:14,72730,217.95602000,21022901.28606060
07/01/2025 20:15,96272.74000000,96460.43000000,96550.67000000,96181.81000000,325.09530000,31310036.66308830,07/01/2025 20:29,58029,160.91300000,15497840.63618360
07/01/2025 20:30,96245.62000000,96272.74000000,96610.62000000,96191.53000000,457.89723000,44132682.44967030,07/01/2025 20:44,74657,232.17247000,22377036.92819550
07/01/2025 20:45,96533.35000000,96246.03000000,96870.52000000,96224.30000000,570.73330000,55110404.47599620,07/01/2025 20:59,88135,314.21835000,30338238.36014650
07/01/2025 21:00,96882.62000000,96533.34000000,96893.28000000,96509.21000000,365.22287000,35330106.01802470,07/01/2025 21:14,36300,180.58302000,17470772.49860830
07/01/2025 21:15,96920.01000000,96883.06000000,97028.08000000,96856.60000000,213.39229000,20686944.97985270,07/01/2025 21:29,27511,136.91538000,13272657.82104050
07/01/2025 21:30,96659.10000000,96920.01000000,97094.19000000,96400.00000000,284.39004000,27505947.11718350,07/01/2025 21:44,43157,137.53550000,13301046.11742930
07/01/2025 21:45,96501.22000000,96659.11000000,96764.68000000,96468.00000000,298.94488000,28882582.32813070,07/01/2025 21:59,40621,140.75810000,13598891.87235400
07/01/2025 22:00,96900.00000000,96501.23000000,96980.39000000,96412.00000000,258.43957000,24991134.87702320,07/01/2025 22:14,55912,138.45268000,13390233.68205650
07/01/2025 22:15,96921.00000000,96900.01000000,97000.00000000,96785.16000000,123.66625000,11984137.45962480,07/01/2025 22:29,23535,62.62421000,6067626.55033180
07/01/2025 22:30,97119.60000000,96921.00000000,97220.76000000,96842.03000000,193.27117000,18755624.53769370,07/01/2025 22:44,31582,93.92796000,9116453.04081910
07/01/2025 22:45,97164.00000000,97119.60000000,97172.96000000,96968.04000000,133.33272000,12943077.35151170,07/01/2025 22:59,19406,69.42874000,6739043.13536240
07/01/2025 23:00,96886.06000000,97163.99000000,97163.99000000,96833.56000000,230.33725000,22327847.52943420,07/01/2025 23:14,55062,105.37021000,10212772.89186820
07/01/2025 23:15,97066.89000000,96886.07000000,97169.65000000,96800.80000000,214.06822000,20763060.40758570,07/01/2025 23:29,26667,137.69044000,13356733.41183310
07/01/2025 23:30,96957.01000000,97066.90000000,97167.43000000,96957.00000000,191.03705000,18544006.16124450,07/01/2025 23:44,27209,81.15915000,7878290.41053030
07/01/2025 23:45,96954.61000000,96957.01000000,96981.00000000,96857.64000000,175.29954000,16991453.63175680,07/01/2025 23:59,23141,91.52199000,8870665.49504890
08/01/2025 00:00,97014.24000000,96954.60000000,97039.99000000,96707.77000000,201.68905000,19537393.83928010,08/01/2025 00:14,35534,77.13465000,7472670.63450610
08/01/2025 00:15,96928.42000000,97014.25000000,97127.97000000,96909.09000000,179.07134000,17373758.27153340,08/01/2025 00:29,28726,91.00751000,8829156.75720510
08/01/2025 00:30,97209.55000000,96928.42000000,97209.55000000,96770.95000000,176.55874000,17133250.96523660,08/01/2025 00:44,27714,117.89465000,11442790.96538560
08/01/2025 00:45,97268.49000000,97209.54000000,97268.65000000,97024.50000000,260.50337000,25309887.42872920,08/01/2025 00:59,24933,185.57225000,18029518.45216590
08/01/2025 01:00,96937.68000000,97268.49000000,97268.50000000,96937.67000000,149.24181000,14489140.80016160,08/01/2025 01:14,23742,59.72823000,5798518.36466440
08/01/2025 01:15,96978.44000000,96937.68000000,97119.18000000,96892.31000000,124.14879000,12045295.17796580,08/01/2025 01:29,23569,45.16754000,4381984.76970440
08/01/2025 01:30,96824.22000000,96978.44000000,97090.91000000,96764.94000000,192.52293000,18661009.85217960,08/01/2025 01:44,27447,61.52280000,5964257.14320580
08/01/2025 01:45,96907.15000000,96824.22000000,96919.82000000,96608.14000000,285.13351000,27580852.00026690,08/01/2025 01:59,31990,128.89989000,12471086.50866720
08/01/2025 02:00,96988.50000000,96907.16000000,97099.09000000,96778.57000000,231.01613000,22407012.95845720,08/01/2025 02:14,26462,138.39104000,13425742.52379190
08/01/2025 02:15,96979.60000000,96988.50000000,97181.82000000,96956.22000000,186.75780000,18126927.97788510,08/01/2025 02:29,20076,86.16210000,8364394.95901210
08/01/2025 02:30,97037.39000000,96979.59000000,97176.11000000,96979.59000000,170.80717000,16576368.18438610,08/01/2025 02:44,21945,85.82905000,8330488.67197470
08/01/2025 02:45,96878.14000000,97037.39000000,97037.40000000,96878.14000000,88.68326000,8597905.63824620,08/01/2025 02:59,16003,31.55065000,3058777.05197570
08/01/2025 03:00,96639.20000000,96878.14000000,96878.14000000,96443.88000000,458.45459000,44299542.15492540,08/01/2025 03:14,60324,152.96632000,14777155.56935440
08/01/2025 03:15,96612.25000000,96639.19000000,96837.56000000,96552.73000000,190.34839000,18403765.21869220,08/01/2025 03:29,31290,68.78597000,6650712.36124300
08/01/2025 03:30,96484.84000000,96612.26000000,96800.00000000,96312.86000000,215.52640000,20805346.27075460,08/01/2025 03:44,36101,85.36316000,8242138.52883050
08/01/2025 03:45,96525.20000000,96484.85000000,96561.17000000,96216.83000000,393.38939000,37909717.17728020,08/01/2025 03:59,46517,153.71641000,14810456.14642600
08/01/2025 04:00,96524.25000000,96525.20000000,96634.58000000,96402.01000000,270.04926000,26064022.54445560,08/01/2025 04:14,35481,121.07370000,11685220.63601050
08/01/2025 04:15,96500.01000000,96524.25000000,96535.25000000,96200.40000000,288.53365000,27795644.67088910,08/01/2025 04:29,34616,133.44311000,12854226.34718760
08/01/2025 04:30,96283.11000000,96500.01000000,96510.17000000,96200.40000000,173.31365000,16700487.47531380,08/01/2025 04:44,33473,72.80512000,7015307.88124620
08/01/2025 04:45,96274.81000000,96283.11000000,96382.07000000,96057.48000000,373.21615000,35912577.57653130,08/01/2025 04:59,51611,202.66658000,19502994.51363190
08/01/2025 05:00,96327.05000000,96274.80000000,96389.55000000,96102.94000000,188.11967000,18103585.77170280,08/01/2025 05:14,40856,73.26179000,7049856.18278590
08/01/2025 05:15,96620.89000000,96327.06000000,96631.85000000,96303.04000000,244.15954000,23553909.30757090,08/01/2025 05:29,33449,143.82191000,13874615.71186810
08/01/2025 05:30,96582.55000000,96620.90000000,96654.61000000,96545.45000000,115.17834000,11126198.20000150,08/01/2025 05:44,19977,62.62634000,6049873.02154510
08/01/2025 05:45,96492.01000000,96582.55000000,96636.37000000,96375.76000000,158.40311000,15292487.85891750,08/01/2025 05:59,25867,71.62591000,6915218.28921010
08/01/2025 06:00,96537.61000000,96492.01000000,96636.37000000,96485.77000000,130.29293000,12579449.69534080,08/01/2025 06:14,22581,64.53444000,6230982.76315330
08/01/2025 06:15,96204.91000000,96537.62000000,96557.12000000,96204.90000000,190.21261000,18321716.53242320,08/01/2025 06:29,31324,52.30739000,5038592.70469400
08/01/2025 06:30,95773.99000000,96204.91000000,96206.93000000,95590.00000000,867.25295000,83101991.13715010,08/01/2025 06:44,88407,343.83124000,32936455.03533510
08/01/2025 06:45,95284.31000000,95774.00000000,95835.57000000,95259.30000000,683.03040000,65204099.08691030,08/01/2025 06:59,58853,261.26580000,24939287.96501990
08/01/2025 07:00,95702.79000000,95284.31000000,95706.58000000,95250.76000000,431.69376000,41222147.62605690,08/01/2025 07:14,42099,249.15002000,23793120.22258510
08/01/2025 07:15,95481.50000000,95702.79000000,95702.80000000,95340.00000000,280.66220000,26798150.02224190,08/01/2025 07:29,34090,119.91171000,11449016.03823250
08/01/2025 07:30,95582.90000000,95481.50000000,95588.88000000,95374.37000000,276.02518000,26356378.32592090,08/01/2025 07:44,31602,114.06366000,10890110.00776230
08/01/2025 07:45,95657.09000000,95582.90000000,95815.52000000,95558.67000000,338.12873000,32357016.09633370,08/01/2025 07:59,35347,163.83493000,15680652.64582340
08/01/2025 08:00,95695.72000000,95657.09000000,95766.97000000,95528.56000000,248.10962000,23725241.41565700,08/01/2025 08:14,24706,101.93889000,9748206.43700730
08/01/2025 08:15,95838.06000000,95695.71000000,95976.77000000,95628.40000000,294.07640000,28178449.13829950,08/01/2025 08:29,34868,196.26904000,18806921.49499580
08/01/2025 08:30,96109.35000000,95838.07000000,96132.47000000,95803.47000000,217.53903000,20880528.51543410,08/01/2025 08:44,29160,107.20430000,10289567.24081500
08/01/2025 08:45,95945.99000000,96109.35000000,96119.12000000,95937.18000000,157.87387000,15163102.58939560,08/01/2025 08:59,21635,71.91091000,6906622.24339990
08/01/2025 09:00,95992.70000000,95946.00000000,96078.04000000,95907.80000000,114.49393000,10990881.05861540,08/01/2025 09:14,19291,53.70375000,5155129.74622000
08/01/2025 09:15,95912.72000000,95992.71000000,96098.10000000,95906.63000000,158.68939000,15232648.26821510,08/01/2025 09:29,19122,66.22977000,6357244.31665570
08/01/2025 09:30,95799.51000000,95912.72000000,95919.46000000,95700.00000000,170.33741000,16316891.76053120,08/01/2025 09:44,21499,58.67514000,5620081.89996500
08/01/2025 09:45,95432.82000000,95799.51000000,95809.90000000,95412.00000000,169.70331000,16229266.83781350,08/01/2025 09:59,24194,57.67437000,5517535.98398450
08/01/2025 10:00,95556.42000000,95432.83000000,95696.29000000,95432.43000000,149.57744000,14298837.48527870,08/01/2025 10:14,22640,80.39832000,7685175.93515670
08/01/2025 10:15,95862.26000000,95556.42000000,95879.94000000,95465.73000000,221.64329000,21202419.59788940,08/01/2025 10:29,22058,151.58235000,14498723.89728700
08/01/2025 10:30,95743.26000000,95862.27000000,95880.59000000,95690.00000000,164.57150000,15760717.30115120,08/01/2025 10:44,22627,101.88214000,9756413.03566420
08/01/2025 10:45,95961.02000000,95743.26000000,96000.00000000,95687.24000000,177.80918000,17040784.30676140,08/01/2025 10:59,25911,134.75010000,12915476.80851970
08/01/2025 11:00,95741.26000000,95961.03000000,96052.00000000,95711.25000000,171.12773000,16413359.40119770,08/01/2025 11:14,37127,83.19761000,7978545.17522790
08/01/2025 11:15,95555.30000000,95741.27000000,95813.58000000,95508.00000000,125.93414000,12049283.64585790,08/01/2025 11:29,24108,56.83196000,5438553.03742380
08/01/2025 11:30,94783.99000000,95555.31000000,95587.39000000,94543.86000000,1178.63202000,111918049.38280170,08/01/2025 11:44,158711,430.68296000,40880643.83624100
08/01/2025 11:45,95134.92000000,94784.00000000,95216.65000000,94754.56000000,359.94605000,34210271.12870640,08/01/2025 11:59,73676,227.61096000,21632687.48711620
08/01/2025 12:00,95191.58000000,95134.92000000,95376.56000000,94957.23000000,296.03521000,28179163.69506330,08/01/2025 12:14,81285,134.82882000,12834750.55056760
08/01/2025 12:15,95117.81000000,95191.58000000,95238.52000000,94944.00000000,245.74045000,23374963.19158730,08/01/2025 12:29,56507,118.59741000,11280917.72764520
08/01/2025 12:30,95170.31000000,95117.56000000,95347.38000000,94852.23000000,271.83899000,25851860.81084170,08/01/2025 12:44,56637,124.56956000,11847099.83333500
08/01/2025 12:45,94888.01000000,95170.31000000,95211.91000000,94876.47000000,234.74636000,22302231.16449990,08/01/2025 12:59,44494,102.64365000,9752886.18680690
08/01/2025 13:00,95325.46000000,94888.01000000,95538.46000000,94888.00000000,399.90624000,38108896.11897090,08/01/2025 13:14,75228,203.04171000,19347198.85849870
08/01/2025 13:15,95561.77000000,95325.46000000,95679.69000000,95258.48000000,354.65769000,33862692.29054080,08/01/2025 13:29,60148,205.95116000,19664360.76803140
08/01/2025 13:30,95346.72000000,95561.76000000,95659.98000000,95235.78000000,332.45706000,31705584.71491730,08/01/2025 13:44,52846,138.17879000,13178818.00022270
08/01/2025 13:45,95384.00000000,95346.72000000,95431.54000000,95147.43000000,190.76587000,18181246.86193040,08/01/2025 13:59,48435,91.08860000,8682079.42160750
08/01/2025 14:00,95290.25000000,95384.01000000,95685.18000000,95202.77000000,406.70319000,38829797.23307370,08/01/2025 14:14,51118,254.87981000,24345423.27296240
08/01/2025 14:15,95439.08000000,95290.24000000,95540.66000000,95250.01000000,229.85919000,21927793.18049730,08/01/2025 14:29,54779,127.26806000,12140117.12353330
08/01/2025 14:30,95356.59000000,95439.07000000,95865.71000000,95017.28000000,810.83131000,77356823.74377710,08/01/2025 14:44,165754,390.01043000,37207114.05878500
08/01/2025 14:45,95288.01000000,95356.59000000,95500.00000000,94888.88000000,684.13330000,65110839.24531220,08/01/2025 14:59,138684,344.09985000,32747244.22746810
08/01/2025 15:00,95154.56000000,95288.00000000,96079.32000000,95133.61000000,1042.16851000,99689601.62552500,08/01/2025 15:14,129758,541.58479000,51806137.04805540
08/01/2025 15:15,94797.37000000,95154.56000000,95421.18000000,94710.00000000,739.46487000,70267247.69696310,08/01/2025 15:29,155298,321.43388000,30550901.13636030
08/01/2025 15:30,94995.64000000,94797.38000000,95258.33000000,94624.43000000,519.81437000,49332361.52391090,08/01/2025 15:44,140317,259.13957000,24593989.89003710
08/01/2025 15:45,95493.77000000,94995.64000000,95523.02000000,94941.22000000,764.98902000,72900060.05633820,08/01/2025 15:59,86014,401.94309000,38303590.08438050
08/01/2025 16:00,95013.43000000,95493.77000000,95555.25000000,94860.01000000,446.18853000,42473546.95939440,08/01/2025 16:14,79026,214.24242000,20391454.71400470
08/01/2025 16:15,94886.24000000,95013.43000000,95263.20000000,94852.94000000,277.98104000,26424100.19238650,08/01/2025 16:29,67483,132.74694000,12618013.76117190
08/01/2025 16:30,94804.46000000,94886.23000000,95149.61000000,94713.91000000,442.02691000,41969183.52539540,08/01/2025 16:44,64063,279.77155000,26563440.09370930
08/01/2025 16:45,94787.87000000,94804.46000000,94876.99000000,94556.21000000,378.98940000,35890753.58764810,08/01/2025 16:59,75171,183.47814000,17376079.02956360
08/01/2025 17:00,93859.53000000,94787.87000000,94847.99000000,93828.08000000,1450.32374000,136643614.72045320,08/01/2025 17:14,137758,457.19412000,43086856.34229320
08/01/2025 17:15,93016.38000000,93859.54000000,94075.75000000,92899.02000000,1535.10381000,143419588.83145720,08/01/2025 17:29,157427,544.89053000,50952723.65503800
08/01/2025 17:30,93619.51000000,93016.38000000,93768.50000000,92500.90000000,1635.66944000,152308541.15005910,08/01/2025 17:44,170159,725.75315000,67623283.48635580
08/01/2025 17:45,94030.82000000,93619.79000000,94132.94000000,93428.00000000,674.90437000,63298706.48805780,08/01/2025 17:59,105229,375.49668000,35223534.49522430
08/01/2025 18:00,94387.37000000,94030.81000000,94601.27000000,93977.00000000,792.45118000,74768028.84457350,08/01/2025 18:14,113971,359.61124000,33930741.08881030
08/01/2025 18:15,94921.40000000,94387.38000000,95106.33000000,94350.01000000,451.33414000,42743458.43932000,08/01/2025 18:29,81700,268.07745000,25389303.47617670
08/01/2025 18:30,94389.36000000,94921.40000000,94933.04000000,94342.67000000,322.30757000,30495930.69143060,08/01/2025 18:44,72450,142.86672000,13518867.49864210
08/01/2025 18:45,94242.61000000,94389.36000000,94389.36000000,93753.99000000,524.83155000,49362430.52352660,08/01/2025 18:59,80819,264.02413000,24835353.40347450
08/01/2025 19:00,94293.60000000,94242.62000000,94790.71000000,94059.33000000,510.89812000,48247424.55830020,08/01/2025 19:14,96350,188.65489000,17811651.52472630
08/01/2025 19:15,94752.00000000,94293.59000000,94859.54000000,94291.27000000,296.10046000,28014984.82110650,08/01/2025 19:29,65980,167.52861000,15850775.84111480
08/01/2025 19:30,94174.26000000,94752.00000000,94752.00000000,94053.82000000,311.62027000,29390525.00489570,08/01/2025 19:44,72894,128.82156000,12147835.02205380
08/01/2025 19:45,94243.89000000,94174.25000000,94472.21000000,94100.00000000,212.65229000,20047745.46030390,08/01/2025 19:59,53601,127.97140000,12064240.26797550
08/01/2025 20:00,93800.00000000,94243.89000000,94404.00000000,93800.00000000,290.16707000,27289039.74589900,08/01/2025 20:14,56961,111.24404000,10466335.06626490
08/01/2025 20:15,94012.50000000,93800.00000000,94107.16000000,93755.48000000,317.78387000,29852652.18271900,08/01/2025 20:29,50253,180.65093000,16970296.30825670
08/01/2025 20:30,94201.03000000,94012.49000000,94238.74000000,93968.19000000,194.67380000,18320095.33968360,08/01/2025 20:44,41843,104.52183000,9836768.81635130
08/01/2025 20:45,93980.00000000,94201.04000000,94277.38000000,93868.92000000,247.80237000,23308690.64073780,08/01/2025 20:59,47738,125.19580000,11775408.93447340
08/01/2025 21:00,93813.47000000,93982.01000000,94149.99000000,93750.00000000,229.59249000,21564573.01098340,08/01/2025 21:14,44529,108.15312000,10158087.78437380
08/01/2025 21:15,94180.46000000,93813.46000000,94317.04000000,93600.00000000,256.18915000,24058385.48017930,08/01/2025 21:29,55272,110.18326000,10348546.53745770
08/01/2025 21:30,94498.83000000,94180.46000000,94596.00000000,94107.80000000,294.46637000,27786537.80540970,08/01/2025 21:44,49933,151.90487000,14336266.21903570
08/01/2025 21:45,94468.97000000,94498.84000000,94573.30000000,94339.52000000,173.35969000,16377410.21589820,08/01/2025 21:59,30947,86.46864000,8168562.34487270
08/01/2025 22:00,94759.29000000,94468.97000000,94939.40000000,94460.86000000,249.20992000,23610112.01462680,08/01/2025 22:14,40344,139.00204000,13168578.59903250
08/01/2025 22:15,94785.75000000,94759.30000000,94921.78000000,94586.09000000,120.40570000,11407420.88599330,08/01/2025 22:29,21718,48.08663000,4555108.17529750
08/01/2025 22:30,95259.58000000,94785.75000000,95261.81000000,94723.68000000,217.84747000,20698306.77087670,08/01/2025 22:44,31057,147.56627000,14016435.25402270
08/01/2025 22:45,95290.93000000,95259.57000000,95290.99000000,94902.22000000,156.18437000,14853918.81037860,08/01/2025 22:59,28852,84.23880000,8011630.27925510
08/01/2025 23:00,95012.00000000,95290.93000000,95310.94000000,94950.00000000,199.23596000,18943586.59272250,08/01/2025 23:14,32451,87.24618000,8294697.91336430
08/01/2025 23:15,95028.47000000,95012.00000000,95063.33000000,94950.64000000,108.71057000,10330280.86642360,08/01/2025 23:29,20137,49.07300000,4663359.76959040
08/01/2025 23:30,95117.23000000,95028.47000000,95121.38000000,94900.00000000,108.50648000,10310152.77082470,08/01/2025 23:44,21252,53.90498000,5121749.59669750
08/01/2025 23:45,95060.61000000,95117.23000000,95239.99000000,95003.69000000,160.86010000,15300423.35020170,08/01/2025 23:59,23199,95.56337000,9089807.26244690
09/01/2025 00:00,94949.18000000,95060.61000000,95060.61000000,94900.26000000,131.97746000,12537186.12112050,09/01/2025 00:14,29270,59.31448000,5634713.30485640
09/01/2025 00:15,94880.00000000,94949.17000000,95077.09000000,94809.07000000,110.06315000,10448360.30863920,09/01/2025 00:29,25810,53.65222000,5093251.72509970
09/01/2025 00:30,95000.00000000,94880.00000000,95000.00000000,94823.52000000,187.59375000,17806818.68398700,09/01/2025 00:44,38864,64.82387000,6153229.77415320
09/01/2025 00:45,95135.30000000,95000.00000000,95150.00000000,94979.98000000,122.52783000,11646981.41465410,09/01/2025 00:59,25891,64.93132000,6172308.47188070
09/01/2025 01:00,95133.37000000,95135.30000000,95227.50000000,94973.78000000,187.09202000,17802146.60211450,09/01/2025 01:14,28171,119.25052000,11347721.50350850
09/01/2025 01:15,95261.84000000,95133.37000000,95382.32000000,95133.37000000,157.10847000,14967742.57585930,09/01/2025 01:29,27931,77.56697000,7388916.10106070
09/01/2025 01:30,95111.01000000,95261.83000000,95261.84000000,95078.42000000,143.77607000,13686316.95215120,09/01/2025 01:44,25143,72.86669000,6935878.03611840
09/01/2025 01:45,94983.82000000,95111.01000000,95111.01000000,94966.66000000,108.78522000,10337738.37459360,09/01/2025 01:59,16515,37.89330000,3601120.78306720
09/01/2025 02:00,94079.21000000,94983.82000000,95030.31000000,93422.89000000,1746.98412000,164275267.32233420,09/01/2025 02:14,149040,722.71736000,67927177.74279760
09/01/2025 02:15,94484.36000000,94079.21000000,94679.69000000,94057.79000000,841.43426000,79408063.73729770,09/01/2025 02:29,94758,370.10657000,34925431.99281040
09/01/2025 02:30,94805.56000000,94484.36000000,94805.57000000,94263.15000000,429.24490000,40570813.23237810,09/01/2025 02:44,49566,207.91833000,19652847.70087870
09/01/2025 02:45,94776.99000000,94805.56000000,94878.52000000,94653.00000000,201.55347000,19093750.08917460,09/01/2025 02:59,31245,116.98555000,11082337.45762150
09/01/2025 03:00,94363.65000000,94777.00000000,94800.69000000,94256.44000000,399.75100000,37750758.04563820,09/01/2025 03:14,43128,197.65110000,18659268.08044100
09/01/2025 03:15,94356.50000000,94363.65000000,94528.00000000,94312.00000000,303.57503000,28663379.74834340,09/01/2025 03:29,30350,178.32043000,16836196.75749570
09/01/2025 03:30,94180.24000000,94356.50000000,94366.99000000,94168.02000000,182.19088000,17174840.40040000,09/01/2025 03:44,28067,73.33931000,6913558.83848420
09/01/2025 03:45,94027.90000000,94180.23000000,94249.99000000,94017.93000000,166.02745000,15626973.76213030,09/01/2025 03:59,25090,45.12947000,4248166.62082190
09/01/2025 04:00,93851.01000000,94027.91000000,94141.52000000,93851.00000000,142.83309000,13427097.19637080,09/01/2025 04:14,23438,45.29180000,4258742.44633010
09/01/2025 04:15,94170.93000000,93851.01000000,94198.36000000,93796.99000000,287.13847000,26989580.08501960,09/01/2025 04:29,36747,137.40335000,12913729.81960050
09/01/2025 04:30,94335.51000000,94170.93000000,94388.64000000,94129.99000000,150.43330000,14181058.71522180,09/01/2025 04:44,25945,80.86444000,7622567.30152230
09/01/2025 04:45,94424.24000000,94335.51000000,94487.74000000,94266.15000000,105.74319000,9978707.42026100,09/01/2025 04:59,15678,53.17011000,5018465.74467360
09/01/2025 05:00,94358.84000000,94424.24000000,94454.55000000,94280.65000000,126.62373000,11947652.97336920,09/01/2025 05:14,15068,50.80189000,4792964.85712940
09/01/2025 05:15,94492.01000000,94358.83000000,94537.98000000,94312.00000000,77.35453000,7303254.87337940,09/01/2025 05:29,13659,52.04260000,4913537.61230890
09/01/2025 05:30,94426.56000000,94492.01000000,94536.00000000,94405.50000000,68.81668000,6501055.64233620,09/01/2025 05:44,10861,30.96798000,2925473.80111020
09/01/2025 05:45,94472.58000000,94426.57000000,94566.64000000,94371.06000000,75.13870000,7097459.39236490,09/01/2025 05:59,13702,28.84552000,2725094.26905170
09/01/2025 06:00,94475.52000000,94472.59000000,94515.16000000,94277.16000000,137.27670000,12955333.90606860,09/01/2025 06:14,23476,49.44558000,4666381.70481320
09/01/2025 06:15,94393.13000000,94475.52000000,94618.63000000,94337.19000000,134.01987000,12662189.00725680,09/01/2025 06:29,23470,50.21663000,4746251.67945920
09/01/2025 06:30,94273.33000000,94393.14000000,94438.94000000,94218.86000000,116.27941000,10967049.10486950,09/01/2025 06:44,24344,34.79065000,3280964.29579540
09/01/2025 06:45,94095.03000000,94273.32000000,94359.91000000,94048.07000000,128.06623000,12059980.52863730,09/01/2025 06:59,18643,53.46160000,5035002.43291670
09/01/2025 07:00,94116.13000000,94095.04000000,94299.22000000,94054.75000000,104.64856000,9855265.87169290,09/01/2025 07:14,19307,56.94820000,5362979.52574410
09/01/2025 07:15,93741.26000000,94116.13000000,94154.38000000,93741.26000000,303.12252000,28469195.62621550,09/01/2025 07:29,35756,87.68997000,8234065.49549500
09/01/2025 07:30,93621.66000000,93741.26000000,93800.00000000,93299.34000000,461.61390000,43182733.43729180,09/01/2025 07:44,68302,202.73627000,18966266.81141900
09/01/2025 07:45,93221.59000000,93621.66000000,93705.19000000,93186.38000000,405.21126000,37844157.20734930,09/01/2025 07:59,51694,151.90930000,14187995.49563050
09/01/2025 08:00,92926.58000000,93221.59000000,93312.44000000,92839.30000000,758.46378000,70585305.88590860,09/01/2025 08:14,69138,285.06395000,26535621.35466600
09/01/2025 08:15,92990.00000000,92924.26000000,93177.22000000,92800.00000000,301.80845000,28065768.71535090,09/01/2025 08:29,48423,146.17890000,13594308.30915340
09/01/2025 08:30,93390.96000000,92990.01000000,93400.98000000,92750.00000000,523.31056000,48708282.13660560,09/01/2025 08:44,76738,247.79645000,23075267.30639850
09/01/2025 08:45,93030.87000000,93390.95000000,93390.95000000,92804.00000000,313.60607000,29162706.10840410,09/01/2025 08:59,55530,132.37270000,12308607.36197440
09/01/2025 09:00,93318.25000000,93030.88000000,93387.88000000,92970.96000000,289.63903000,27015724.40776490,09/01/2025 09:14,48234,152.79525000,14247924.26033530
09/01/2025 09:15,93490.70000000,93318.25000000,93597.30000000,93318.25000000,231.21595000,21617318.98360090,09/01/2025 09:29,46102,129.55681000,12113034.64996980
09/01/2025 09:30,93606.06000000,93490.69000000,93787.75000000,93432.50000000,375.31695000,35132489.87952050,09/01/2025 09:44,36868,239.16938000,22385976.17396340
09/01/2025 09:45,93516.62000000,93606.05000000,93640.00000000,93464.94000000,115.93132000,10844417.23753180,09/01/2025 09:59,25049,45.25468000,4233355.06315990
09/01/2025 10:00,93640.16000000,93516.63000000,93660.00000000,93500.00000000,145.60821000,13628751.35276140,09/01/2025 10:14,23357,61.90040000,5792943.11791010
09/01/2025 10:15,93300.76000000,93640.17000000,93640.17000000,93202.60000000,289.95596000,27064071.83479760,09/01/2025 10:29,35358,73.51525000,6862889.02506430
09/01/2025 10:30,93223.75000000,93300.76000000,93375.79000000,93016.55000000,333.27833000,31047656.73908450,09/01/2025 10:44,52275,127.94750000,11923767.53189220
09/01/2025 10:45,93462.43000000,93223.75000000,93470.00000000,93105.85000000,189.45611000,17686168.63835290,09/01/2025 10:59,44220,127.65570000,11919404.22716930
09/01/2025 11:00,93579.30000000,93462.43000000,93619.69000000,93312.52000000,188.30841000,17610719.01493370,09/01/2025 11:14,57166,104.12454000,9738150.72691700
09/01/2025 11:15,93720.01000000,93579.30000000,93877.46000000,93552.97000000,155.90826000,14611261.45502640,09/01/2025 11:29,51250,71.35321000,6686256.31699770
09/01/2025 11:30,93412.42000000,93720.01000000,93764.83000000,93224.00000000,240.05506000,22443524.61558170,09/01/2025 11:44,72575,84.65174000,7913897.48689890
09/01/2025 11:45,93465.23000000,93412.42000000,93591.16000000,93350.23000000,122.52417000,11453039.50460990,09/01/2025 11:59,63349,55.12945000,5153267.81284630
09/01/2025 12:00,93527.27000000,93465.23000000,93575.76000000,93284.45000000,148.82954000,13908812.38241330,09/01/2025 12:14,75981,65.36684000,6109294.69163620
09/01/2025 12:15,93620.00000000,93527.28000000,93696.97000000,93440.15000000,167.89463000,15717460.26736920,09/01/2025 12:29,49975,93.92868000,8793554.36006890
09/01/2025 12:30,93347.06000000,93620.01000000,93679.58000000,93304.44000000,195.46147000,18274116.61135690,09/01/2025 12:44,70314,79.74213000,7455608.89613290
09/01/2025 12:45,93421.94000000,93347.07000000,93443.39000000,93155.25000000,198.19604000,18498370.44941230,09/01/2025 12:59,42923,83.49654000,7794829.81988720
09/01/2025 13:00,93085.15000000,93421.94000000,93486.19000000,93085.15000000,214.71849000,20024667.38334030,09/01/2025 13:14,41544,75.05008000,6999338.05182620
09/01/2025 13:15,92872.01000000,93085.15000000,93238.87000000,92684.02000000,606.49880000,56350245.48764410,09/01/2025 13:29,72927,237.62914000,22078764.66644690
09/01/2025 13:30,92334.27000000,92872.02000000,92918.83000000,92100.00000000,1428.16743000,131955834.67503890,09/01/2025 13:44,123493,525.65866000,48551072.50201750
09/01/2025 13:45,91986.42000000,92334.27000000,92405.69000000,91900.12000000,1225.05088000,112843080.87274630,09/01/2025 13:59,123662,463.91124000,42746551.91494410
09/01/2025 14:00,92399.96000000,91986.41000000,92560.00000000,91800.00000000,987.98981000,90975800.73166120,09/01/2025 14:14,119890,460.84539000,42441187.34806270
09/01/2025 14:15,92440.96000000,92399.96000000,92741.15000000,92210.54000000,511.41726000,47305572.36157620,09/01/2025 14:29,83671,239.95017000,22197186.31552820
09/01/2025 14:30,92216.29000000,92440.95000000,92737.00000000,92099.47000000,395.88525000,36568208.99078080,09/01/2025 14:44,88516,176.00560000,16261187.39742670
09/01/2025 14:45,92863.80000000,92216.29000000,92900.00000000,92181.70000000,467.76736000,43292261.54935860,09/01/2025 14:59,88867,268.68235000,24869504.31062750
09/01/2025 15:00,92954.54000000,92863.81000000,92954.54000000,92671.67000000,440.04368000,40847155.04826160,09/01/2025 15:14,76634,197.35399000,18319195.80420180
09/01/2025 15:15,93540.53000000,92954.53000000,93556.59000000,92954.53000000,535.39142000,49956876.98730530,09/01/2025 15:29,85321,306.74617000,28621291.65538130
09/01/2025 15:30,93920.00000000,93540.52000000,93927.53000000,93452.00000000,763.76133000,71567864.61359600,09/01/2025 15:44,90531,476.83318000,44679350.83941480
09/01/2025 15:45,94244.02000000,93920.00000000,94588.23000000,93815.33000000,821.27724000,77413283.91113590,09/01/2025 15:59,107511,394.64221000,37196350.97050700
09/01/2025 16:00,94406.29000000,94244.02000000,94685.25000000,94170.42000000,515.46876000,48696624.09156910,09/01/2025 16:14,75818,207.55475000,19603482.66709010
09/01/2025 16:15,94027.11000000,94406.25000000,94406.25000000,93905.18000000,488.92009000,46028578.28512160,09/01/2025 16:29,65893,202.99181000,19108642.45826840
09/01/2025 16:30,94143.83000000,94027.10000000,94203.99000000,93846.15000000,340.02311000,31958475.99434840,09/01/2025 16:44,58225,157.70068000,14822514.80125720
09/01/2025 16:45,94250.95000000,94143.82000000,94399.99000000,94095.84000000,252.65573000,23813560.89819050,09/01/2025 16:59,61064,110.32588000,10397390.69140860
09/01/2025 17:00,94001.53000000,94250.96000000,94293.96000000,93968.84000000,206.40467000,19428217.70084690,09/01/2025 17:14,67361,77.26307000,7272885.94442140
09/01/2025 17:15,93802.25000000,94001.52000000,94076.50000000,93649.41000000,288.54765000,27072316.14880140,09/01/2025 17:29,83555,143.90439000,13502198.23099230
09/01/2025 17:30,93452.63000000,93802.25000000,93842.39000000,93409.01000000,291.53588000,27280096.43696340,09/01/2025 17:44,75250,112.44225000,10521542.38963450
09/01/2025 17:45,92693.11000000,93452.62000000,93452.63000000,92325.00000000,1141.49304000,105817248.88623390,09/01/2025 17:59,161894,470.71789000,43623507.22035730
09/01/2025 18:00,92749.15000000,92693.11000000,92939.32000000,92403.77000000,512.05925000,47472064.13195980,09/01/2025 18:14,124983,226.38140000,20987706.04393340
09/01/2025 18:15,92756.01000000,92749.15000000,92873.76000000,92404.72000000,370.21683000,34306512.28136550,09/01/2025 18:29,102840,171.81820000,15924088.14006600
09/01/2025 18:30,93014.93000000,92756.01000000,93239.51000000,92615.38000000,297.19819000,27629373.06603340,09/01/2025 18:44,99086,143.74024000,13364736.39609670
09/01/2025 18:45,93020.11000000,93014.93000000,93139.99000000,92818.65000000,260.94350000,24269815.62733050,09/01/2025 18:59,70772,134.60779000,12517953.02668410
09/01/2025 19:00,93289.73000000,93020.10000000,93291.96000000,92844.77000000,241.86451000,22501784.02495650,09/01/2025 19:14,59021,106.30413000,9892233.73232940
09/01/2025 19:15,92842.50000000,93289.72000000,93290.99000000,92752.38000000,161.70021000,15034824.17140360,09/01/2025 19:29,65374,71.08119000,6606783.89757790
09/01/2025 19:30,92668.16000000,92842.50000000,93035.40000000,92630.44000000,270.82403000,25143819.30242760,09/01/2025 19:44,80271,125.62648000,11665396.49261070
09/01/2025 19:45,91909.59000000,92668.17000000,92682.05000000,91900.01000000,984.80853000,90768162.09275090,09/01/2025 19:59,136817,371.33445000,34226204.83395050
09/01/2025 20:00,91762.39000000,91909.59000000,92371.32000000,91615.38000000,767.16654000,70534587.63885590,09/01/2025 20:14,139816,318.75939000,29312211.85441100
09/01/2025 20:15,91291.69000000,91762.40000000,92013.15000000,91203.67000000,1258.88356000,115116834.50187650,09/01/2025 20:29,166041,445.12861000,40710816.83093240
09/01/2025 20:30,91810.35000000,91291.69000000,91875.36000000,91220.50000000,494.53792000,45283320.82999190,09/01/2025 20:44,117057,259.85564000,23797573.19789400
09/01/2025 20:45,91903.22000000,91810.16000000,92200.00000000,91642.61000000,427.51169000,39289045.18853290,09/01/2025 20:59,118982,202.53203000,18614663.04857850
09/01/2025 21:00,92183.46000000,91903.21000000,92251.30000000,91781.09000000,389.59651000,35860507.59383730,09/01/2025 21:14,102724,178.49019000,16432558.47361290
09/01/2025 21:15,92277.94000000,92183.56000000,92497.66000000,92064.00000000,312.09068000,28812939.47448720,09/01/2025 21:29,78658,173.45263000,16014960.42520580
09/01/2025 21:30,92239.61000000,92277.93000000,92350.00000000,92038.33000000,218.59757000,20149381.33189120,09/01/2025 21:44,80780,103.84777000,9571917.66631820
09/01/2025 21:45,92108.84000000,92239.60000000,92300.42000000,91921.28000000,193.51578000,17814776.49711460,09/01/2025 21:59,71937,95.11994000,8756268.67356010
09/01/2025 22:00,91686.82000000,92108.84000000,92287.63000000,91624.00000000,338.17352000,31081633.00932690,09/01/2025 22:14,85810,110.87967000,10194030.76895420
09/01/2025 22:15,92185.92000000,91686.82000000,92185.92000000,91638.71000000,252.19122000,23165729.71257230,09/01/2025 22:29,54542,100.89073000,9268012.38221590
09/01/2025 22:30,92592.77000000,92186.66000000,92720.67000000,92186.66000000,394.51008000,36486112.53119980,09/01/2025 22:44,78711,190.11641000,17580560.86508220
09/01/2025 22:45,92456.32000000,92592.77000000,92627.59000000,92363.63000000,142.00692000,13132480.87911140,09/01/2025 22:59,55601,66.37249000,6137730.08625960
09/01/2025 23:00,92461.01000000,92456.32000000,92689.38000000,92347.04000000,257.43188000,23818884.34225580,09/01/2025 23:14,87142,105.77114000,9786596.87269910
09/01/2025 23:15,92227.36000000,92461.01000000,92500.00000000,92185.49000000,171.29167000,15820311.98370180,09/01/2025 23:29,56428,55.87836000,5161682.73076400
09/01/2025 23:30,92186.93000000,92227.36000000,92319.94000000,92034.55000000,212.13586000,19554225.64829410,09/01/2025 23:44,61510,114.46313000,10551211.78735850
09/01/2025 23:45,92552.49000000,92186.93000000,92562.47000000,92163.46000000,163.78900000,15131915.75069250,09/01/2025 23:59,46877,108.91224000,10062541.18871430
10/01/2025 00:00,92637.77000000,92552.49000000,92764.54000000,92524.08000000,305.13092000,28265135.06516790,10/01/2025 00:14,78445,141.05998000,13068249.02155660
10/01/2025 00:15,92567.00000000,92637.65000000,92766.64000000,92431.73000000,215.03256000,19913196.16194260,10/01/2025 00:29,60682,94.08805000,8713119.65553720
10/01/2025 00:30,92704.51000000,92567.01000000,92757.55000000,92457.65000000,137.27102000,12713961.46146080,10/01/2025 00:44,46845,75.70406000,7011885.87815110
10/01/2025 00:45,92775.84000000,92704.51000000,92850.00000000,92534.95000000,108.17212000,10029001.72332610,10/01/2025 00:59,47434,60.44150000,5603510.39590910
10/01/2025 01:00,92829.45000000,92775.85000000,92878.79000000,92590.33000000,195.64513000,18144299.94480070,10/01/2025 01:14,57668,94.30241000,8745905.82952620
10/01/2025 01:15,92789.78000000,92829.45000000,92916.66000000,92670.00000000,108.33914000,10052620.16372040,10/01/2025 01:29,53254,46.36273000,4301728.76646660
10/01/2025 01:30,93113.97000000,92789.78000000,93133.32000000,92763.55000000,174.83841000,16249898.09253800,10/01/2025 01:44,59937,100.10097000,9304922.23379310
10/01/2025 01:45,93102.52000000,93113.98000000,93159.16000000,92893.85000000,167.68206000,15596432.41091930,10/01/2025 01:59,57925,83.48533000,7764780.26546460
10/01/2025 02:00,93111.57000000,93102.52000000,93259.33000000,93088.58000000,185.92037000,17325808.02626420,10/01/2025 02:14,60993,119.47967000,11134778.52700310
10/01/2025 02:15,93515.41000000,93111.57000000,93548.76000000,93033.50000000,166.76844000,15559412.53692060,10/01/2025 02:29,54040,107.78944000,10059293.18176270
10/01/2025 02:30,93329.65000000,93515.41000000,93726.87000000,93252.60000000,406.64601000,38013735.49151050,10/01/2025 02:44,70812,171.78443000,16061484.71669980
10/01/2025 02:45,93364.36000000,93329.65000000,93541.35000000,93309.70000000,150.72314000,14081727.27573660,10/01/2025 02:59,43951,76.11417000,7110169.36117170
10/01/2025 03:00,93432.74000000,93364.36000000,93588.00000000,93328.46000000,159.11585000,14866343.54277380,10/01/2025 03:14,47603,70.08130000,6548057.07511560
10/01/2025 03:15,93554.99000000,93432.74000000,93566.82000000,93312.58000000,141.74792000,13248962.56991770,10/01/2025 03:29,34809,78.88815000,7375221.00637730
10/01/2025 03:30,93536.48000000,93555.00000000,93620.00000000,93429.68000000,134.93082000,12621858.36400950,10/01/2025 03:44,36628,66.04910000,6178635.85848340
10/01/2025 03:45,93696.13000000,93536.49000000,93727.83000000,93520.76000000,170.07675000,15930594.96165170,10/01/2025 03:59,37348,72.28174000,6769862.65514860
10/01/2025 04:00,93705.70000000,93696.13000000,93908.85000000,93598.97000000,212.14962000,19892653.39481560,10/01/2025 04:14,49264,123.20919000,11552335.03170720
10/01/2025 04:15,93567.69000000,93705.71000000,93809.16000000,93529.59000000,108.72731000,10181572.21562660,10/01/2025 04:29,37693,43.35538000,4060669.48664150
10/01/2025 04:30,93720.76000000,93567.70000000,93768.50000000,93500.00000000,105.78418000,9905581.77933560,10/01/2025 04:44,31044,43.77440000,4099348.51874760
10/01/2025 04:45,93837.69000000,93720.76000000,93845.83000000,93675.51000000,113.07838000,10602060.88388630,10/01/2025 04:59,32546,56.26979000,5276071.51650140
10/01/2025 05:00,93744.08000000,93837.69000000,93895.62000000,93744.07000000,108.84893000,10212758.42122150,10/01/2025 05:14,27553,44.30838000,4157406.87847730
10/01/2025 05:15,93808.00000000,93744.07000000,93808.00000000,93642.85000000,172.60117000,16177725.69952070,10/01/2025 05:29,34268,40.80787000,3824616.17084650
10/01/2025 05:30,94102.28000000,93808.00000000,94250.07000000,93808.00000000,373.99832000,35180761.80579810,10/01/2025 05:44,77613,245.51927000,23092328.56605660
10/01/2025 05:45,93956.83000000,94102.29000000,94145.16000000,93904.48000000,148.20391000,13930733.80112640,10/01/2025 05:59,44864,48.46313000,4555851.35210370
10/01/2025 06:00,93977.17000000,93956.83000000,94141.91000000,93880.65000000,137.05816000,12882875.12696760,10/01/2025 06:14,41357,62.21315000,5847825.91470640
10/01/2025 06:15,93946.06000000,93977.16000000,94111.62000000,93911.99000000,243.74752000,22916449.55245810,10/01/2025 06:29,39329,129.78773000,12202825.97211360
10/01/2025 06:30,94111.63000000,93946.06000000,94186.00000000,93733.83000000,329.36905000,30938845.24608310,10/01/2025 06:44,45369,193.42636000,18176434.51184500
10/01/2025 06:45,94252.83000000,94111.63000000,94319.00000000,94084.24000000,173.65071000,16358562.27019710,10/01/2025 06:59,37088,90.87981000,8560150.92578570
10/01/2025 07:00,94247.16000000,94252.83000000,94314.31000000,94070.00000000,146.55127000,13804411.26436340,10/01/2025 07:14,44971,64.93119000,6116476.50593510
10/01/2025 07:15,94356.71000000,94247.17000000,94366.49000000,94159.60000000,115.30859000,10873112.87826280,10/01/2025 07:29,37096,73.19714000,6902434.21343620
10/01/2025 07:30,94811.12000000,94356.72000000,94950.07000000,94272.00000000,631.21454000,59730581.81144860,10/01/2025 07:44,68570,423.73962000,40088302.83904530
10/01/2025 07:45,94492.63000000,94811.13000000,95000.00000000,94441.16000000,481.99212000,45655533.69036790,10/01/2025 07:59,81427,248.63346000,23556953.72401070
10/01/2025 08:00,94733.23000000,94492.62000000,94733.33000000,94388.50000000,242.62444000,22946695.85110490,10/01/2025 08:14,51442,137.12560000,12971028.65112140
10/01/2025 08:15,94692.73000000,94733.23000000,94766.12000000,94565.91000000,154.13277000,14594925.73251490,10/01/2025 08:29,36431,80.19717000,7594012.65247240
10/01/2025 08:30,94519.99000000,94692.73000000,94696.96000000,94488.38000000,204.80774000,19366741.29532580,10/01/2025 08:44,41745,85.11185000,8048306.76148460
10/01/2025 08:45,94680.01000000,94520.00000000,94735.96000000,94468.76000000,185.36149000,17545023.52925870,10/01/2025 08:59,33790,111.80301000,10582228.76629890
10/01/2025 09:00,94822.13000000,94680.00000000,94833.55000000,94582.03000000,168.33597000,15939662.30189820,10/01/2025 09:14,31046,88.33773000,8365149.04368850
10/01/2025 09:15,94941.24000000,94822.13000000,94958.64000000,94767.73000000,167.79978000,15918842.73391730,10/01/2025 09:29,31689,85.38883000,8100318.24116410
10/01/2025 09:30,94867.49000000,94941.24000000,94969.70000000,94854.59000000,182.84068000,17354079.59706400,10/01/2025 09:44,26344,88.64095000,8413066.65959790
10/01/2025 09:45,94793.08000000,94867.48000000,95000.55000000,94771.45000000,231.74664000,21992687.51410340,10/01/2025 09:59,27169,129.23334000,12267121.35855180
10/01/2025 10:00,94958.47000000,94793.07000000,94981.53000000,94789.82000000,111.20010000,10554981.63174880,10/01/2025 10:14,18515,71.71205000,6807567.99221720
10/01/2025 10:15,94788.99000000,94958.48000000,94975.33000000,94781.25000000,143.10351000,13577643.21896830,10/01/2025 10:29,21796,66.12503000,6274955.36643810
10/01/2025 10:30,94974.90000000,94788.99000000,94990.15000000,94757.57000000,153.53116000,14567127.30470040,10/01/2025 10:44,25573,84.64849000,8032477.63975100
10/01/2025 10:45,95215.73000000,94974.89000000,95293.40000000,94915.45000000,191.50206000,18211172.02080720,10/01/2025 10:59,34594,102.50066000,9748412.48468790
10/01/2025 11:00,94951.97000000,95215.73000000,95267.16000000,94935.62000000,191.82827000,18242767.03257780,10/01/2025 11:14,39346,82.94011000,7892197.52487560
10/01/2025 11:15,94804.45000000,94951.97000000,94998.25000000,94802.34000000,132.55277000,12579714.10131600,10/01/2025 11:29,29336,50.20962000,4765194.78303370
10/01/2025 11:30,94911.79000000,94803.89000000,94936.27000000,94600.49000000,285.42207000,27047871.63089390,10/01/2025 11:44,37697,116.55010000,11045959.86207080
10/01/2025 11:45,95073.95000000,94911.80000000,95083.46000000,94860.46000000,99.77788000,9474906.28928560,10/01/2025 11:59,19666,57.78583000,5487976.02724940
10/01/2025 12:00,94884.69000000,95073.95000000,95117.26000000,94850.22000000,179.63303000,17067544.07178810,10/01/2025 12:14,37744,81.72207000,7765356.46333770
10/01/2025 12:15,94776.87000000,94884.69000000,94934.00000000,94737.19000000,193.47011000,18350984.21809710,10/01/2025 12:29,33629,90.60247000,8595261.37517160
10/01/2025 12:30,94805.25000000,94776.87000000,94899.99000000,94702.49000000,94.65929000,8973558.54980810,10/01/2025 12:44,25372,26.53348000,2515244.35609330
10/01/2025 12:45,95023.44000000,94805.26000000,95063.67000000,94781.40000000,117.91946000,11197017.15565260,10/01/2025 12:59,20798,61.17019000,5809076.16963880
10/01/2025 13:00,94802.93000000,95023.44000000,95046.00000000,94790.20000000,135.02255000,12816641.73164140,10/01/2025 13:14,35146,60.12327000,5707821.91722570
10/01/2025 13:15,94818.18000000,94803.50000000,95007.79000000,94733.49000000,165.04608000,15663665.23422800,10/01/2025 13:29,33003,82.49074000,7830429.61382640
10/01/2025 13:30,93548.00000000,94818.18000000,94834.77000000,92715.85000000,3266.37298000,305425688.11912770,10/01/2025 13:44,264546,1591.04775000,148706211.53031850
10/01/2025 13:45,93557.23000000,93548.00000000,93916.75000000,93140.00000000,870.16570000,81404256.11230140,10/01/2025 13:59,155427,429.48707000,40179922.33141190
10/01/2025 14:00,94151.53000000,93557.23000000,94385.65000000,93379.93000000,746.34168000,70062417.30660360,10/01/2025 14:14,123420,410.28135000,38528095.52979610
10/01/2025 14:15,94409.60000000,94151.53000000,94680.76000000,94120.01000000,539.18279000,50903475.55129400,10/01/2025 14:29,107917,290.75927000,27448584.27945080
10/01/2025 14:30,94295.20000000,94409.59000000,94454.54000000,93570.00000000,1121.44304000,105405533.91954380,10/01/2025 14:44,172420,558.36606000,52482413.30154350
10/01/2025 14:45,94115.63000000,94295.21000000,94568.00000000,93681.15000000,630.61959000,59304775.15271400,10/01/2025 14:59,143227,296.55544000,27892383.54994070
10/01/2025 15:00,92356.61000000,94115.62000000,94115.62000000,92206.02000000,1547.91241000,143908409.21118050,10/01/2025 15:14,194163,638.54429000,59343913.04791810
10/01/2025 15:15,93269.55000000,92356.62000000,93390.74000000,92321.10000000,999.07417000,92815702.08598600,10/01/2025 15:29,163240,549.83619000,51069503.61602200
10/01/2025 15:30,94104.01000000,93269.55000000,94397.57000000,93035.04000000,720.40630000,67565554.24840310,10/01/2025 15:44,144177,388.16342000,36398675.92028710
10/01/2025 15:45,93730.92000000,94104.01000000,94524.00000000,93706.34000000,680.83983000,64106259.66383180,10/01/2025 15:59,126794,306.30240000,28847714.75686500
10/01/2025 16:00,93637.28000000,93730.93000000,93860.00000000,93388.01000000,654.67722000,61264242.88597190,10/01/2025 16:14,128226,347.30315000,32504887.32884490
10/01/2025 16:15,93424.25000000,93637.29000000,94014.21000000,93344.70000000,444.16079000,41596915.55002090,10/01/2025 16:29,101144,203.89090000,19101919.85856300
10/01/2025 16:30,93865.16000000,93424.25000000,93931.99000000,93177.40000000,534.41104000,49950242.49925580,10/01/2025 16:44,104713,230.01288000,21499872.68692330
10/01/2025 16:45,93645.05000000,93865.15000000,94062.94000000,93589.52000000,533.69305000,50091474.28399710,10/01/2025 16:59,95494,216.82462000,20355789.27588980
10/01/2025 17:00,93535.89000000,93645.06000000,93752.02000000,93318.07000000,457.21085000,42760885.63609310,10/01/2025 17:14,72287,172.65982000,16148482.14746340
10/01/2025 17:15,94363.64000000,93535.88000000,94363.64000000,93479.26000000,429.70574000,40396729.15029520,10/01/2025 17:29,72251,192.73075000,18117819.91902490
10/01/2025 17:30,94424.49000000,94363.63000000,94496.00000000,94045.45000000,416.18969000,39248768.75592540,10/01/2025 17:44,64420,153.87939000,14513843.66672700
10/01/2025 17:45,95793.05000000,94424.49000000,95836.00000000,94270.10000000,1312.57911000,125052266.89437570,10/01/2025 17:59,127318,810.80738000,77263950.45905450
10/01/2025 18:00,95424.49000000,95793.04000000,95793.04000000,95350.00000000,845.18833000,80783758.65792310,10/01/2025 18:14,95511,428.01516000,40912712.72582620
10/01/2025 18:15,94962.27000000,95424.26000000,95460.00000000,94832.00000000,418.82701000,39871770.93993320,10/01/2025 18:29,74359,147.42339000,14036753.61243950
10/01/2025 18:30,94710.59000000,94962.28000000,94991.16000000,94581.87000000,424.96563000,40280087.15004410,10/01/2025 18:44,61703,233.09851000,22094486.11762730
10/01/2025 18:45,94861.62000000,94710.60000000,95135.50000000,94701.00000000,300.48868000,28510727.49908840,10/01/2025 18:59,54576,157.13580000,14908747.63195150
10/01/2025 19:00,94744.76000000,94861.62000000,94923.84000000,94373.85000000,352.89063000,33394957.11961100,10/01/2025 19:14,66279,125.85672000,11908388.05864590
10/01/2025 19:15,94984.52000000,94744.28000000,95188.06000000,94693.73000000,288.53413000,27399667.13280670,10/01/2025 19:29,57902,140.07966000,13302485.39232690
10/01/2025 19:30,95108.00000000,94984.52000000,95259.54000000,94942.75000000,239.62248000,22784767.83317300,10/01/2025 19:44,47119,137.53684000,13076087.71765150
10/01/2025 19:45,95327.06000000,95108.00000000,95386.74000000,94976.14000000,307.44701000,29264296.86236080,10/01/2025 19:59,55994,167.34408000,15928854.72887000
10/01/2025 20:00,95171.29000000,95327.07000000,95442.15000000,95171.29000000,248.79936000,23711028.36207820,10/01/2025 20:14,51192,111.64371000,10640145.97661970
10/01/2025 20:15,94925.58000000,95171.29000000,95199.20000000,94790.97000000,241.53715000,22941461.18862160,10/01/2025 20:29,43217,102.61158000,9743944.64382830
10/01/2025 20:30,94711.23000000,94924.84000000,94985.63000000,94586.02000000,212.29496000,20115586.38304290,10/01/2025 20:44,42960,104.87887000,9936593.61611210
10/01/2025 20:45,94672.05000000,94711.23000000,94923.07000000,94616.01000000,348.11053000,32982575.87413700,10/01/2025 20:59,50585,165.13802000,15645507.60012660
10/01/2025 21:00,94812.85000000,94669.06000000,94812.86000000,94603.72000000,193.43249000,18315636.21229520,10/01/2025 21:14,28014,117.27367000,11102958.28340690
10/01/2025 21:15,94872.00000000,94812.86000000,94917.60000000,94734.37000000,82.78157000,7849594.85847890,10/01/2025 21:29,18007,41.76170000,3960054.44865730
10/01/2025 21:30,94722.86000000,94871.99000000,94923.05000000,94687.72000000,63.11859000,5983429.69975580,10/01/2025 21:44,15079,25.51621000,2419062.24563740
10/01/2025 21:45,94613.26000000,94722.86000000,94908.85000000,94613.25000000,104.42883000,9893280.03819940,10/01/2025 21:59,17530,48.40383000,4586051.45560600
10/01/2025 22:00,94615.10000000,94613.26000000,94682.54000000,94586.03000000,84.87661000,8031794.19948980,10/01/2025 22:14,13331,56.05932000,5304732.59959540
10/01/2025 22:15,94803.53000000,94615.10000000,94818.19000000,94588.01000000,73.37068000,6947801.27957320,10/01/2025 22:29,13561,47.70345000,4516625.20314940
10/01/2025 22:30,94854.62000000,94803.54000000,94955.54000000,94600.13000000,126.43164000,11982807.12579190,10/01/2025 22:44,25909,63.98452000,6063365.55494480
10/01/2025 22:45,94767.70000000,94854.62000000,94854.62000000,94667.24000000,58.04379000,5499464.24900790,10/01/2025 22:59,17249,31.68867000,3002138.55198530
10/01/2025 23:00,94790.02000000,94767.69000000,94815.31000000,94657.39000000,98.95638000,9373246.51609100,10/01/2025 23:14,19486,32.26044000,3055988.30400200
10/01/2025 23:15,94876.21000000,94790.01000000,94894.81000000,94700.00000000,58.50173000,5546435.86026740,10/01/2025 23:29,10548,34.93436000,3312647.70356740
10/01/2025 23:30,94804.52000000,94876.21000000,94890.12000000,94784.41000000,79.09475000,7500418.26347370,10/01/2025 23:44,10130,44.62949000,4231933.25956970
10/01/2025 23:45,94726.11000000,94804.52000000,94808.97000000,94695.86000000,63.49301000,6015692.57069810,10/01/2025 23:59,9722,33.52661000,3176496.75281230
11/01/2025 00:00,94661.91000000,94726.10000000,94746.37000000,94629.23000000,90.25479000,8544962.65124000,11/01/2025 00:14,22356,29.46226000,2789259.52055020
11/01/2025 00:15,94496.80000000,94661.91000000,94661.91000000,94360.65000000,141.63517000,13381557.82769180,11/01/2025 00:29,32886,39.76442000,3757004.23832850
11/01/2025 00:30,94382.14000000,94496.81000000,94616.00000000,94382.08000000,79.66968000,7528902.73088830,11/01/2025 00:44,26647,37.08044000,3504173.43041200
11/01/2025 00:45,94600.69000000,94382.14000000,94606.08000000,94379.19000000,48.60369000,4592827.95450480,11/01/2025 00:59,16103,27.16064000,2566628.65712690
11/01/2025 01:00,94630.70000000,94600.70000000,94696.97000000,94528.91000000,71.88124000,6802329.55185810,11/01/2025 01:14,22632,43.54342000,4120902.47158500
11/01/2025 01:15,94526.42000000,94630.69000000,94666.67000000,94516.26000000,64.17973000,6069228.34057180,11/01/2025 01:29,20923,27.05343000,2558264.22592780
11/01/2025 01:30,94330.38000000,94526.43000000,94575.76000000,94325.82000000,103.83170000,9804407.86250190,11/01/2025 01:44,22322,46.11266000,4354396.70653850
11/01/2025 01:45,94424.26000000,94330.38000000,94433.08000000,94214.38000000,95.89858000,9046392.04041090,11/01/2025 01:59,21348,48.99681000,4622755.82578790
11/01/2025 02:00,94320.19000000,94424.26000000,94495.90000000,94303.37000000,67.31336000,6357165.61588980,11/01/2025 02:14,15075,32.90193000,3107343.43854110
11/01/2025 02:15,94275.48000000,94320.19000000,94341.59000000,94212.00000000,106.71363000,10058896.66685700,11/01/2025 02:29,17457,39.76518000,3748268.51946560
11/01/2025 02:30,94312.48000000,94275.47000000,94381.32000000,94180.00000000,82.11399000,7742607.74761160,11/01/2025 02:44,21220,46.96035000,4428557.07276320
11/01/2025 02:45,94424.24000000,94312.49000000,94483.18000000,94278.58000000,48.26559000,4556145.79048030,11/01/2025 02:59,12476,33.43621000,3156412.83708400
11/01/2025 03:00,94239.02000000,94424.24000000,94429.84000000,94177.37000000,106.50688000,10043166.52543320,11/01/2025 03:14,18485,33.55069000,3163892.68229830
11/01/2025 03:15,94161.94000000,94239.02000000,94273.78000000,94106.49000000,50.28692000,4736387.79725490,11/01/2025 03:29,18172,24.71864000,2328157.90714960
11/01/2025 03:30,94234.47000000,94161.95000000,94242.43000000,94126.35000000,43.73173000,4119966.16009090,11/01/2025 03:44,14955,24.69043000,2326142.74355530
11/01/2025 03:45,94206.95000000,94234.46000000,94272.73000000,94165.89000000,74.94703000,7060598.93526390,11/01/2025 03:59,12763,53.23426000,5015005.63240520
11/01/2025 04:00,94163.55000000,94206.96000000,94316.09000000,94148.00000000,86.62673000,8162574.14358800,11/01/2025 04:14,18150,26.30932000,2478922.27674950
11/01/2025 04:15,94071.21000000,94163.54000000,94225.25000000,94071.21000000,46.55800000,4383914.42305920,11/01/2025 04:29,12834,22.27959000,2098172.86356860
11/01/2025 04:30,93974.01000000,94071.22000000,94097.40000000,93831.73000000,209.30889000,19659369.06882620,11/01/2025 04:44,28555,66.94895000,6287810.01082700
11/01/2025 04:45,94063.29000000,93974.02000000,94070.04000000,93903.16000000,66.91096000,6289616.08350820,11/01/2025 04:59,13467,41.50745000,3902052.12372580
11/01/2025 05:00,94200.00000000,94063.29000000,94212.10000000,94013.51000000,69.28321000,6521676.50827780,11/01/2025 05:14,13930,50.79947000,4782037.13155370
11/01/2025 05:15,94189.66000000,94199.99000000,94204.50000000,94102.00000000,45.12466000,4248382.06873280,11/01/2025 05:29,11303,27.05256000,2546855.46880410
11/01/2025 05:30,94316.54000000,94189.65000000,94363.62000000,94151.51000000,70.66047000,6661595.77069300,11/01/2025 05:44,18571,29.94279000,2822858.90257740
11/01/2025 05:45,94366.69000000,94316.55000000,94381.08000000,94242.43000000,50.07271000,4722899.40146630,11/01/2025 05:59,13013,30.00415000,2830175.95844970
11/01/2025 06:00,94383.79000000,94366.70000000,94441.87000000,94362.00000000,46.86634000,4424271.15466990,11/01/2025 06:14,14172,18.96887000,1790657.53290940
11/01/2025 06:15,94406.52000000,94383.79000000,94406.52000000,94322.40000000,33.76271000,3186110.70190260,11/01/2025 06:29,10139,14.80724000,1397430.41418920
11/01/2025 06:30,94377.78000000,94406.52000000,94419.50000000,94292.03000000,40.23329000,3795863.33843600,11/01/2025 06:44,12107,15.65211000,1476697.09418910
11/01/2025 06:45,94216.25000000,94377.77000000,94377.78000000,94216.25000000,29.73905000,2804372.14191970,11/01/2025 06:59,8952,8.26088000,779150.51530120
11/01/2025 07:00,94323.31000000,94216.26000000,94333.34000000,94205.67000000,48.90157000,4609934.33991730,11/01/2025 07:14,11852,18.53208000,1746963.98620300
11/01/2025 07:15,94187.88000000,94323.31000000,94331.90000000,94169.74000000,49.07047000,4625087.56579040,11/01/2025 07:29,12332,10.76802000,1014637.71396660
11/01/2025 07:30,94183.90000000,94187.87000000,94275.02000000,94154.60000000,46.46108000,4376691.09888050,11/01/2025 07:44,12177,20.26144000,1908413.85365210
11/01/2025 07:45,94246.36000000,94183.91000000,94246.36000000,94151.51000000,49.97952000,4708656.89737310,11/01/2025 07:59,9198,29.66641000,2795008.89568770
11/01/2025 08:00,94385.57000000,94246.36000000,94385.58000000,94202.00000000,50.96730000,4805538.70322130,11/01/2025 08:14,9748,25.86793000,2439132.97211600
11/01/2025 08:15,94357.86000000,94385.58000000,94408.34000000,94301.00000000,40.55411000,3826797.93989370,11/01/2025 08:29,10991,22.64860000,2137146.26532530
11/01/2025 08:30,94222.08000000,94357.86000000,94361.94000000,94202.11000000,42.90590000,4044843.31470160,11/01/2025 08:44,13483,13.90600000,1310956.49600440
11/01/2025 08:45,94074.79000000,94222.08000000,94222.09000000,94031.22000000,92.49767000,8704068.45387530,11/01/2025 08:59,9763,23.46688000,2208117.50972240
11/01/2025 09:00,94177.98000000,94074.80000000,94177.99000000,94044.82000000,60.97717000,5738705.22402140,11/01/2025 09:14,10835,37.63132000,3541326.63505330
11/01/2025 09:15,94231.56000000,94177.98000000,94231.57000000,94138.44000000,27.95099000,2632369.21737530,11/01/2025 09:29,7863,15.36684000,1447228.31553110
11/01/2025 09:30,94329.79000000,94231.57000000,94329.80000000,94217.68000000,71.31932000,6723767.13548760,11/01/2025 09:44,9579,45.01444000,4244506.33377210
11/01/2025 09:45,94329.45000000,94329.79000000,94329.80000000,94227.88000000,37.40566000,3526493.58544140,11/01/2025 09:59,10538,12.31182000,1160698.97567660
11/01/2025 10:00,94399.98000000,94329.46000000,94415.99000000,94329.45000000,73.58859000,6945330.69083200,11/01/2025 10:14,11501,33.97744000,3206691.66609730
11/01/2025 10:15,94362.35000000,94399.98000000,94415.99000000,94320.05000000,46.49178000,4387260.55524760,11/01/2025 10:29,10091,21.20988000,2001560.04934670
11/01/2025 10:30,94393.69000000,94362.35000000,94424.24000000,94300.01000000,41.30134000,3897547.97372170,11/01/2025 10:44,10213,20.82323000,1965097.05460560
11/01/2025 10:45,94488.86000000,94393.69000000,94528.27000000,94380.25000000,109.95555000,10389016.71311900,11/01/2025 10:59,16667,61.84141000,5843328.61808900
11/01/2025 11:00,94503.15000000,94488.87000000,94619.10000000,94455.04000000,110.30077000,10430242.99170530,11/01/2025 11:14,20091,57.68369000,5454264.63758070
11/01/2025 11:15,94597.02000000,94503.15000000,94660.97000000,94492.31000000,55.19450000,5221078.22026010,11/01/2025 11:29,17395,27.49293000,2600469.08976170
11/01/2025 11:30,94751.99000000,94597.03000000,94791.67000000,94580.51000000,86.47182000,8188789.93531340,11/01/2025 11:44,21857,50.61649000,4793060.66218420
11/01/2025 11:45,94625.65000000,94752.00000000,94752.01000000,94600.00000000,61.80892000,5850852.05098080,11/01/2025 11:59,17076,27.49803000,2603123.68406120
11/01/2025 12:00,94540.35000000,94625.66000000,94649.70000000,94528.01000000,57.53704000,5441644.01337010,11/01/2025 12:14,11261,17.81917000,1685230.38717570
11/01/2025 12:15,94601.26000000,94540.36000000,94655.20000000,94540.35000000,44.13630000,4175383.80170560,11/01/2025 12:29,15335,28.71972000,2716990.55357080
11/01/2025 12:30,94611.60000000,94601.26000000,94611.84000000,94548.00000000,49.38793000,4670952.73766280,11/01/2025 12:44,11186,20.31163000,1921081.87597040
11/01/2025 12:45,94550.01000000,94611.60000000,94631.06000000,94545.21000000,43.58884000,4122519.37387830,11/01/2025 12:59,8956,13.61899000,1288148.40013470
11/01/2025 13:00,94524.47000000,94550.00000000,94606.11000000,94428.83000000,65.19556000,6162548.87179880,11/01/2025 13:14,17666,23.96379000,2265197.42020240
11/01/2025 13:15,94451.02000000,94524.47000000,94524.48000000,94364.93000000,75.30710000,7111444.94288640,11/01/2025 13:29,14993,28.34901000,2676895.56441280
11/01/2025 13:30,94407.35000000,94451.02000000,94475.39000000,94342.63000000,56.72282000,5353267.57030840,11/01/2025 13:44,18676,30.31199000,2860580.14836600
11/01/2025 13:45,94400.01000000,94407.35000000,94448.16000000,94383.33000000,36.21838000,3419714.01367910,11/01/2025 13:59,11669,19.71964000,1861956.02204550
11/01/2025 14:00,94340.91000000,94400.01000000,94460.44000000,94330.00000000,53.03214000,5006390.02926810,11/01/2025 14:14,14762,31.03743000,2930072.92956830
11/01/2025 14:15,94389.25000000,94340.90000000,94397.28000000,94307.25000000,43.42319000,4096863.25155660,11/01/2025 14:29,13977,15.34351000,1447618.16723370
11/01/2025 14:30,94557.27000000,94389.26000000,94638.44000000,94389.25000000,86.95585000,8221435.06405440,11/01/2025 14:44,19667,54.44248000,5147588.99234880
11/01/2025 14:45,94620.00000000,94557.27000000,94636.92000000,94493.20000000,95.16957000,8999397.53507930,11/01/2025 14:59,15955,55.04154000,5204564.00071710
11/01/2025 15:00,94500.55000000,94620.00000000,94647.05000000,94500.55000000,45.85953000,4337783.38571910,11/01/2025 15:14,18727,22.60360000,2138103.24653440
11/01/2025 15:15,94451.90000000,94500.56000000,94517.52000000,94410.25000000,61.82521000,5839766.72509320,11/01/2025 15:29,20087,26.99863000,2550074.34738290
11/01/2025 15:30,94462.01000000,94451.89000000,94487.41000000,94393.93000000,45.38482000,4286387.66141990,11/01/2025 15:44,15441,24.53181000,2316892.56930350
11/01/2025 15:45,94410.26000000,94462.01000000,94466.33000000,94377.57000000,32.03533000,3024608.76530160,11/01/2025 15:59,11525,11.20598000,1057972.81050960
11/01/2025 16:00,94421.89000000,94410.26000000,94484.85000000,94312.56000000,73.27694000,6917318.27502570,11/01/2025 16:14,18045,31.97832000,3019445.38477580
11/01/2025 16:15,94432.54000000,94421.90000000,94499.12000000,94369.23000000,50.64131000,4780917.41532230,11/01/2025 16:29,12856,29.48743000,2783793.18805010
11/01/2025 16:30,94670.68000000,94432.54000000,94708.12000000,94432.53000000,82.84193000,7837492.97008620,11/01/2025 16:44,14292,62.67087000,5928837.06984910
11/01/2025 16:45,94448.14000000,94670.68000000,94685.54000000,94443.65000000,71.70946000,6778844.76631610,11/01/2025 16:59,18696,40.45269000,3823456.10304030
11/01/2025 17:00,94111.18000000,94448.14000000,94448.14000000,94065.26000000,189.36709000,17852855.47022570,11/01/2025 17:14,30380,71.02134000,6695605.04581410
11/01/2025 17:15,94112.85000000,94111.18000000,94194.32000000,93984.55000000,135.47095000,12747935.24248870,11/01/2025 17:29,24177,66.02071000,6213442.13186460
11/01/2025 17:30,94184.50000000,94112.85000000,94243.90000000,94048.96000000,62.46893000,5884327.94673500,11/01/2025 17:44,15953,28.56784000,2690911.25752880
11/01/2025 17:45,94151.52000000,94184.49000000,94184.50000000,94068.55000000,34.70368000,3266667.29049060,11/01/2025 17:59,12952,15.34517000,1444305.95011830
11/01/2025 18:00,94254.48000000,94151.51000000,94263.23000000,94121.00000000,50.12574000,4720797.57193800,11/01/2025 18:14,13173,27.62237000,2601565.01414070
11/01/2025 18:15,94289.09000000,94254.48000000,94306.62000000,94197.23000000,51.91464000,4893366.68326470,11/01/2025 18:29,11343,26.65361000,2512352.51657490
11/01/2025 18:30,94191.82000000,94289.08000000,94298.95000000,94159.99000000,34.84248000,3282854.75930240,11/01/2025 18:44,11421,14.18374000,1336304.29769990
11/01/2025 18:45,94275.79000000,94191.83000000,94296.80000000,94181.81000000,34.62300000,3262887.07991960,11/01/2025 18:59,7965,21.90577000,2064302.96689000
11/01/2025 19:00,94249.41000000,94275.79000000,94327.40000000,94198.25000000,33.67951000,3175058.13474560,11/01/2025 19:14,10240,17.08713000,1610994.68409040
11/01/2025 19:15,94246.60000000,94249.41000000,94303.60000000,94246.60000000,22.22708000,2095488.34722180,11/01/2025 19:29,7739,10.97811000,1034979.79227310
11/01/2025 19:30,94153.60000000,94246.60000000,94246.60000000,94084.64000000,39.12344000,3683190.09112750,11/01/2025 19:44,8234,16.46458000,1549945.12110890
11/01/2025 19:45,94249.26000000,94153.60000000,94257.22000000,94114.80000000,49.33310000,4645657.61131890,11/01/2025 19:59,9327,32.66567000,3076096.08828510
11/01/2025 20:00,94216.21000000,94249.27000000,94286.47000000,94200.89000000,39.20066000,3694233.73878950,11/01/2025 20:14,15099,15.68169000,1477830.18296060
11/01/2025 20:15,94483.04000000,94216.21000000,94483.04000000,94206.97000000,57.13202000,5391457.25064580,11/01/2025 20:29,15717,30.48308000,2876504.96074770
11/01/2025 20:30,94485.59000000,94483.04000000,94499.29000000,94381.92000000,53.84470000,5085760.78155620,11/01/2025 20:44,17513,25.04101000,2365122.14656010
11/01/2025 20:45,94586.11000000,94485.59000000,94668.31000000,94453.83000000,131.92253000,12478693.76073390,11/01/2025 20:59,20678,87.60643000,8286738.03936930
11/01/2025 21:00,94661.61000000,94586.12000000,94725.00000000,94575.75000000,212.43711000,20108119.80730720,11/01/2025 21:14,26160,127.16719000,12037853.98863090
11/01/2025 21:15,94808.93000000,94661.61000000,94877.99000000,94661.60000000,133.29248000,12638120.81962780,11/01/2025 21:29,24386,88.48809000,8389934.74877960
11/01/2025 21:30,94751.99000000,94808.93000000,94808.93000000,94658.18000000,91.22746000,8640310.46412540,11/01/2025 21:44,19769,32.57560000,3085182.61245500
11/01/2025 21:45,94940.76000000,94752.00000000,95050.94000000,94697.43000000,381.10058000,36180445.82451410,11/01/2025 21:59,30570,263.55358000,25019878.60013200
11/01/2025 22:00,94806.95000000,94940.75000000,95005.00000000,94771.15000000,259.40982000,24617588.85781040,11/01/2025 22:14,16276,57.34197000,5441166.03090050
11/01/2025 22:15,94724.06000000,94806.94000000,94810.67000000,94724.05000000,60.90167000,5770416.43025230,11/01/2025 22:29,10875,26.55492000,2516068.45820940
11/01/2025 22:30,94642.97000000,94724.06000000,94799.40000000,94625.10000000,139.27222000,13188142.75598170,11/01/2025 22:44,19646,50.98261000,4828353.20905080
11/01/2025 22:45,94593.80000000,94642.96000000,94693.51000000,94561.00000000,73.11218000,6918440.94336440,11/01/2025 22:59,14407,32.40035000,3065856.43286740
11/01/2025 23:00,94603.39000000,94593.80000000,94696.00000000,94570.54000000,69.88693000,6612213.55476270,11/01/2025 23:14,19672,43.24851000,4091774.03797150
11/01/2025 23:15,94677.45000000,94603.39000000,94705.00000000,94567.41000000,37.94029000,3590868.03443030,11/01/2025 23:29,10731,25.84174000,2445665.42184950
11/01/2025 23:30,94640.28000000,94677.45000000,94753.37000000,94640.28000000,48.66524000,4608974.63386630,11/01/2025 23:44,11564,23.93347000,2266681.73732600
11/01/2025 23:45,94599.99000000,94640.29000000,94647.30000000,94541.66000000,75.34476000,7127178.26614380,11/01/2025 23:59,12189,26.80217000,2535343.16326350
12/01/2025 00:00,94619.73000000,94599.99000000,94655.22000000,94546.62000000,71.30699000,6745919.26326690,12/01/2025 00:14,16442,34.71888000,3284521.45958530
12/01/2025 00:15,94516.58000000,94619.74000000,94623.69000000,94500.56000000,80.25600000,7588285.70003210,12/01/2025 00:29,16230,34.41966000,3254453.98852000
12/01/2025 00:30,94524.59000000,94516.57000000,94575.76000000,94471.11000000,104.87930000,9913315.80287180,12/01/2025 00:44,22225,26.25500000,2481668.92639260
12/01/2025 00:45,94452.07000000,94524.59000000,94544.36000000,94422.13000000,64.31355000,6076046.50755370,12/01/2025 00:59,16315,28.41190000,2684031.94808250
12/01/2025 01:00,94401.95000000,94452.08000000,94485.26000000,94384.78000000,63.18032000,5965827.39752000,12/01/2025 01:14,15193,23.99594000,2265923.42014210
12/01/2025 01:15,94350.17000000,94401.95000000,94432.90000000,94296.99000000,86.52198000,8163606.77251790,12/01/2025 01:29,20165,23.12259000,2181560.90385870
12/01/2025 01:30,94428.20000000,94350.18000000,94490.98000000,94350.17000000,67.93145000,6414270.90551420,12/01/2025 01:44,10235,41.89752000,3956021.58616160
12/01/2025 01:45,94580.00000000,94428.20000000,94589.46000000,94428.19000000,83.03920000,7847402.96051050,12/01/2025 01:59,11470,41.73804000,3944304.68679080
12/01/2025 02:00,94549.99000000,94580.00000000,94584.79000000,94491.80000000,36.26420000,3427975.26945480,12/01/2025 02:14,8414,18.84922000,1781667.41839710
12/01/2025 02:15,94545.45000000,94549.99000000,94550.00000000,94480.58000000,38.83826000,3670745.17218300,12/01/2025 02:29,6917,21.87323000,2067271.90107600
12/01/2025 02:30,94589.09000000,94545.45000000,94670.00000000,94510.49000000,52.10709000,4930166.51746090,12/01/2025 02:44,11415,33.79012000,3196843.62143900
12/01/2025 02:45,94625.25000000,94589.09000000,94639.93000000,94528.00000000,24.94241000,2358930.92503830,12/01/2025 02:59,7363,14.01904000,1325841.29119580
12/01/2025 03:00,94622.32000000,94625.25000000,94699.00000000,94600.00000000,62.70561000,5934889.38170630,12/01/2025 03:14,9437,37.52127000,3551353.56321140
12/01/2025 03:15,94453.67000000,94622.31000000,94622.32000000,94432.65000000,44.59488000,4214533.79230130,12/01/2025 03:29,7950,18.54226000,1752314.52688320
12/01/2025 03:30,94548.77000000,94453.67000000,94559.50000000,94418.56000000,49.57095000,4683514.02381830,12/01/2025 03:44,10470,30.11590000,2845419.12047590
12/01/2025 03:45,94622.40000000,94548.76000000,94622.40000000,94527.78000000,54.03320000,5109906.58816240,12/01/2025 03:59,8189,38.81909000,3671192.62518150
12/01/2025 04:00,94584.01000000,94622.40000000,94635.82000000,94584.00000000,32.69383000,3092918.30442830,12/01/2025 04:14,7189,14.33187000,1355737.31390290
12/01/2025 04:15,94632.42000000,94584.01000000,94650.00000000,94575.75000000,31.68276000,2997366.36680270,12/01/2025 04:29,5379,17.76514000,1680657.89796150
12/01/2025 04:30,94607.07000000,94632.43000000,94641.11000000,94567.19000000,36.27770000,3432446.93650770,12/01/2025 04:44,7525,15.62427000,1478278.40992370
12/01/2025 04:45,94587.99000000,94607.06000000,94613.52000000,94500.00000000,31.61837000,2989706.68827360,12/01/2025 04:59,6916,16.50700000,1560839.51421560
12/01/2025 05:00,94607.71000000,94587.99000000,94627.80000000,94580.84000000,22.21646000,2101652.98441340,12/01/2025 05:14,5481,12.38821000,1171896.97342780
12/01/2025 05:15,94592.54000000,94607.71000000,94619.10000000,94550.00000000,20.09492000,1900579.28544650,12/01/2025 05:29,5318,6.60530000,624731.38580740
12/01/2025 05:30,94523.53000000,94592.54000000,94600.42000000,94500.00000000,26.93035000,2546302.82030400,12/01/2025 05:44,7020,8.30293000,785085.70222570
12/01/2025 05:45,94571.43000000,94523.74000000,94571.43000000,94522.80000000,23.29704000,2202646.80734600,12/01/2025 05:59,5846,9.68881000,916078.31020860
12/01/2025 06:00,94549.80000000,94571.43000000,94616.00000000,94501.46000000,59.84821000,5658529.65745470,12/01/2025 06:14,9397,22.08463000,2088363.72907980
12/01/2025 06:15,94488.73000000,94549.80000000,94591.49000000,94472.00000000,30.25633000,2859998.23177740,12/01/2025 06:29,6200,10.11351000,956075.97540170
12/01/2025 06:30,94428.01000000,94488.74000000,94521.49000000,94428.00000000,29.18787000,2757727.65436470,12/01/2025 06:44,7881,7.66643000,724388.98330940
12/01/2025 06:45,94381.78000000,94428.01000000,94464.61000000,94357.14000000,44.21141000,4174165.73136760,12/01/2025 06:59,11668,22.78520000,2151342.58156480
12/01/2025 07:00,94311.99000000,94381.78000000,94441.42000000,94274.01000000,54.63866000,5155182.47433220,12/01/2025 07:14,13887,19.24181000,1815699.83598580
12/01/2025 07:15,94392.20000000,94312.00000000,94418.87000000,94311.99000000,43.77292000,4130624.75019420,12/01/2025 07:29,10863,21.29537000,2009193.41360320
12/01/2025 07:30,94313.89000000,94392.20000000,94439.94000000,94313.88000000,35.40084000,3341371.55516960,12/01/2025 07:44,9170,9.65857000,911763.70098350
12/01/2025 07:45,94323.85000000,94313.89000000,94387.22000000,94290.66000000,33.04909000,3117505.68477060,12/01/2025 07:59,7182,10.58875000,998894.48729050
12/01/2025 08:00,94362.17000000,94323.85000000,94393.57000000,94323.84000000,33.58897000,3169377.13954810,12/01/2025 08:14,7561,16.13548000,1522405.84932440
12/01/2025 08:15,94342.44000000,94362.16000000,94379.99000000,94329.35000000,22.00401000,2076010.50915740,12/01/2025 08:29,7331,9.51396000,897598.52798400
12/01/2025 08:30,94267.03000000,94342.43000000,94342.44000000,94173.31000000,102.50941000,9661104.40835230,12/01/2025 08:44,17598,40.46127000,3812923.21234590
12/01/2025 08:45,94170.01000000,94267.03000000,94267.03000000,94109.00000000,97.80825000,9209006.89917190,12/01/2025 08:59,16020,40.51165000,3813900.40478050
12/01/2025 09:00,94222.41000000,94170.01000000,94222.41000000,94132.51000000,79.91072000,7526296.07930630,12/01/2025 09:14,11238,38.74153000,3648927.83110130
12/01/2025 09:15,94000.01000000,94222.41000000,94222.41000000,94000.00000000,169.73963000,15967915.67276420,12/01/2025 09:29,14081,30.16748000,2838083.58983200
12/01/2025 09:30,93785.55000000,94000.01000000,94029.43000000,93760.40000000,169.16211000,15884641.80692680,12/01/2025 09:44,24640,58.89117000,5530413.98037600
12/01/2025 09:45,93906.22000000,93785.54000000,93906.22000000,93711.19000000,122.90959000,11529560.91523700,12/01/2025 09:59,23598,62.27225000,5841671.51403190
12/01/2025 10:00,93968.84000000,93906.21000000,93985.54000000,93842.07000000,148.29052000,13927628.25257760,12/01/2025 10:14,15710,73.48172000,6902415.37202570
12/01/2025 10:15,93935.63000000,93968.85000000,94056.04000000,93850.00000000,139.34342000,13093343.19835550,12/01/2025 10:29,16234,44.58960000,4188960.63724890
12/01/2025 10:30,93971.32000000,93935.63000000,93971.32000000,93836.51000000,59.22914000,5561927.52119470,12/01/2025 10:44,13813,28.30958000,2658505.57428320
12/01/2025 10:45,94015.16000000,93971.31000000,94040.14000000,93958.34000000,91.27741000,8580388.72161940,12/01/2025 10:59,8171,54.01606000,5077489.28945070
12/01/2025 11:00,94155.00000000,94015.17000000,94164.11000000,94015.16000000,87.07420000,8192011.80890620,12/01/2025 11:14,13572,55.93260000,5261659.96078390
12/01/2025 11:15,94285.96000000,94155.00000000,94325.03000000,94112.09000000,101.77281000,9589726.44799790,12/01/2025 11:29,17656,50.14443000,4724315.55777320
12/01/2025 11:30,94348.54000000,94285.95000000,94348.55000000,94259.57000000,64.71629000,6102016.04031150,12/01/2025 11:44,13454,27.33747000,2577633.51078200
12/01/2025 11:45,94255.10000000,94348.55000000,94348.64000000,94255.10000000,52.98440000,4996659.51933020,12/01/2025 11:59,8361,26.15463000,2466523.47056890
12/01/2025 12:00,94433.79000000,94255.10000000,94433.80000000,94173.48000000,143.82895000,13556527.85513250,12/01/2025 12:14,16294,66.43865000,6264841.88097850
12/01/2025 12:15,94442.03000000,94433.80000000,94600.00000000,94411.68000000,133.33870000,12599357.13416860,12/01/2025 12:29,22475,92.05851000,8698384.58761330
12/01/2025 12:30,94438.07000000,94442.03000000,94475.07000000,94352.21000000,56.46517000,5331047.10242010,12/01/2025 12:44,14343,25.43759000,2401844.50558460
12/01/2025 12:45,94328.20000000,94438.07000000,94464.74000000,94328.20000000,80.46420000,7594301.52602910,12/01/2025 12:59,14889,14.13628000,1334337.22473480
12/01/2025 13:00,94536.00000000,94328.21000000,94536.00000000,94303.03000000,137.87200000,13017954.44502540,12/01/2025 13:14,19298,113.47367000,10715424.60193770
12/01/2025 13:15,94648.28000000,94535.99000000,94721.29000000,94512.00000000,181.29236000,17150564.01410240,12/01/2025 13:29,31455,99.88248000,9448973.77588780
12/01/2025 13:30,94533.34000000,94648.29000000,94710.99000000,94533.33000000,113.04125000,10693079.62380560,12/01/2025 13:44,24338,40.48898000,3829851.82836790
12/01/2025 13:45,94663.78000000,94533.33000000,94730.04000000,94533.33000000,170.09979000,16104147.34397640,12/01/2025 13:59,23092,67.99796000,6437235.21216530
12/01/2025 14:00,94852.53000000,94663.77000000,94922.39000000,94663.77000000,126.20928000,11964993.65129520,12/01/2025 14:14,30007,76.55009000,7257779.93405620
12/01/2025 14:15,94824.54000000,94852.34000000,94980.21000000,94809.91000000,117.23873000,11126215.10302670,12/01/2025 14:29,33711,55.91586000,5307259.61084970
12/01/2025 14:30,94873.71000000,94824.53000000,94994.49000000,94824.53000000,136.12937000,12920708.35402090,12/01/2025 14:44,24702,79.17811000,7516016.65051450
12/01/2025 14:45,94811.00000000,94873.70000000,94921.57000000,94771.61000000,64.60516000,6126215.47274980,12/01/2025 14:59,17934,23.70436000,2247760.86899680
12/01/2025 15:00,94729.06000000,94811.00000000,94834.72000000,94675.54000000,53.02884000,5024889.94816010,12/01/2025 15:14,17764,20.60638000,1952734.49732040
12/01/2025 15:15,95267.20000000,94729.07000000,95450.10000000,94727.27000000,432.30854000,41158438.13029250,12/01/2025 15:29,66155,254.48595000,24221887.67177250
12/01/2025 15:30,95075.16000000,95267.19000000,95309.39000000,94974.91000000,120.12171000,11422598.19634300,12/01/2025 15:44,36162,51.54077000,4900760.42175570
12/01/2025 15:45,95071.90000000,95075.16000000,95122.69000000,95022.38000000,62.09337000,5902779.60056900,12/01/2025 15:59,19361,24.62092000,2340545.24795430
12/01/2025 16:00,94848.49000000,95071.91000000,95131.05000000,94848.48000000,92.83885000,8818016.51341320,12/01/2025 16:14,29205,39.05744000,3711152.62436480
12/01/2025 16:15,94882.00000000,94848.49000000,94932.82000000,94791.43000000,72.52295000,6880518.53657820,12/01/2025 16:29,21378,31.85585000,3022422.70655940
12/01/2025 16:30,94943.58000000,94882.01000000,95063.89000000,94882.01000000,68.45999000,6501406.29731650,12/01/2025 16:44,17275,44.59926000,4235405.90397080
12/01/2025 16:45,95046.76000000,94943.57000000,95046.76000000,94909.55000000,36.09671000,3428273.65635790,12/01/2025 16:59,11568,21.10302000,2004266.22769970
12/01/2025 17:00,95152.00000000,95046.76000000,95200.00000000,95021.80000000,68.25900000,6491329.98230760,12/01/2025 17:14,19587,38.93509000,3702609.67349490
12/01/2025 17:15,95089.55000000,95152.00000000,95206.07000000,95089.53000000,71.29188000,6784395.37544070,12/01/2025 17:29,12906,41.29050000,3929713.05244400
12/01/2025 17:30,95239.65000000,95089.55000000,95271.56000000,94984.36000000,135.38855000,12875778.77181420,12/01/2025 17:44,18339,92.82472000,8827703.63210350
12/01/2025 17:45,95139.45000000,95239.66000000,95255.38000000,95139.45000000,46.04639000,4383422.18276250,12/01/2025 17:59,12797,19.91419000,1895723.18494920
12/01/2025 18:00,95191.32000000,95139.46000000,95314.12000000,95116.00000000,72.55703000,6908480.46007130,12/01/2025 18:14,17793,41.53242000,3954911.44799740
12/01/2025 18:15,95102.80000000,95191.32000000,95224.28000000,95090.90000000,42.66937000,4059839.60456880,12/01/2025 18:29,12971,13.99118000,1331244.80027140
12/01/2025 18:30,94933.54000000,95102.80000000,95107.70000000,94928.04000000,59.24581000,5631476.80404870,12/01/2025 18:44,19657,17.86394000,1698154.50931720
12/01/2025 18:45,94992.64000000,94933.53000000,95037.75000000,94916.00000000,47.73053000,4533519.39146830,12/01/2025 18:59,15909,24.28913000,2306882.15940160
12/01/2025 19:00,94839.03000000,94992.65000000,95055.93000000,94807.52000000,176.82769000,16781923.00904280,12/01/2025 19:14,17780,28.60773000,2716503.38497740
12/01/2025 19:15,94708.48000000,94839.02000000,94872.08000000,94666.00000000,195.01682000,18481499.98160240,12/01/2025 19:29,19703,41.44875000,3927980.08855300
12/01/2025 19:30,94781.55000000,94708.48000000,94805.08000000,94708.48000000,49.50486000,4691215.20169970,12/01/2025 19:44,17425,25.42829000,2409670.03381460
12/01/2025 19:45,94650.26000000,94781.54000000,94804.63000000,94578.54000000,87.13746000,8249132.62976910,12/01/2025 19:59,19022,26.81345000,2538641.13247110
12/01/2025 20:00,94787.88000000,94650.26000000,94787.88000000,94639.22000000,55.77321000,5282790.84758190,12/01/2025 20:14,19031,30.00406000,2841618.54820180
12/01/2025 20:15,94772.31000000,94787.87000000,94800.00000000,94708.42000000,32.67204000,3096051.52803000,12/01/2025 20:29,16173,15.52724000,1471355.94021630
12/01/2025 20:30,94716.39000000,94772.32000000,94777.43000000,94683.24000000,42.27588000,4005040.61832220,12/01/2025 20:44,14730,15.67068000,1484502.12443570
12/01/2025 20:45,94687.69000000,94716.38000000,94716.39000000,94612.00000000,52.83413000,5001511.93972700,12/01/2025 20:59,17806,20.28107000,1919860.50340410
12/01/2025 21:00,94510.75000000,94687.69000000,94727.28000000,94510.75000000,43.60164000,4126060.38250870,12/01/2025 21:14,16358,15.49151000,1466179.50994200
12/01/2025 21:15,94609.10000000,94510.76000000,94647.30000000,94387.73000000,123.29002000,11649607.38070730,12/01/2025 21:29,31759,49.14458000,4643420.73216770
12/01/2025 21:30,94518.24000000,94609.09000000,94647.99000000,94471.16000000,70.41258000,6656567.73939410,12/01/2025 21:44,18130,30.62316000,2895135.95286680
12/01/2025 21:45,94352.70000000,94518.23000000,94518.23000000,94302.90000000,98.90647000,9333425.75755040,12/01/2025 21:59,21510,36.72918000,3465928.42871420
12/01/2025 22:00,94043.20000000,94352.70000000,94362.92000000,93914.57000000,245.33822000,23090017.71545250,12/01/2025 22:14,38188,92.51244000,8705376.30019920
12/01/2025 22:15,93916.09000000,94043.21000000,94057.60000000,93850.01000000,196.55311000,18461771.89283110,12/01/2025 22:29,29424,79.91508000,7506757.36215790
12/01/2025 22:30,94024.99000000,93916.09000000,94163.15000000,93800.00000000,271.87753000,25545722.49889610,12/01/2025 22:44,39643,120.88642000,11360606.04632020
12/01/2025 22:45,93962.91000000,94025.00000000,94090.91000000,93870.00000000,117.28325000,11021528.31531530,12/01/2025 22:59,21196,58.60899000,5507568.65973840
12/01/2025 23:00,94239.32000000,93962.91000000,94250.00000000,93946.96000000,395.04924000,37185690.87427990,12/01/2025 23:14,59652,265.33746000,24977974.65621880
12/01/2025 23:15,94287.16000000,94239.32000000,94291.57000000,94073.00000000,160.93062000,15158534.43884040,12/01/2025 23:29,23227,101.61555000,9572466.04824790
12/01/2025 23:30,94444.03000000,94287.16000000,94470.03000000,94287.16000000,104.81395000,9895324.79092470,12/01/2025 23:44,21566,54.19935000,5116513.48093290
12/01/2025 23:45,94545.06000000,94444.03000000,94563.82000000,94410.00000000,63.53999000,6003459.18503150,12/01/2025 23:59,20785,36.31368000,3431035.05682090
13/01/2025 00:00,94566.13000000,94545.07000000,94636.37000000,94463.32000000,89.89224000,8498273.38518650,13/01/2025 00:14,36245,43.42515000,4105107.60180640
13/01/2025 00:15,95261.67000000,94566.14000000,95592.11000000,94467.90000000,420.11299000,39989589.95792780,13/01/2025 00:29,64728,265.87034000,25305235.49050440
13/01/2025 00:30,95582.29000000,95261.67000000,95940.00000000,95226.12000000,563.78788000,53963707.54735020,13/01/2025 00:44,101065,301.01438000,28812752.96736370
13/01/2025 00:45,95325.43000000,95582.28000000,95782.42000000,95286.91000000,186.19149000,17784643.84967970,13/01/2025 00:59,68903,79.55365000,7598447.23363140
13/01/2025 01:00,95069.81000000,95325.43000000,95400.00000000,95060.36000000,200.45817000,19089716.11947000,13/01/2025 01:14,68834,92.57982000,8816118.17531740
13/01/2025 01:15,95176.41000000,95069.80000000,95268.59000000,94821.17000000,238.95263000,22708234.70537260,13/01/2025 01:29,61203,147.42874000,14010103.84354690
13/01/2025 01:30,94710.43000000,95176.41000000,95243.14000000,94681.15000000,162.72570000,15449959.79721690,13/01/2025 01:44,48195,70.29525000,6676073.89152090
13/01/2025 01:45,94218.01000000,94710.43000000,94816.32000000,94081.38000000,398.37382000,37573512.40560040,13/01/2025 01:59,70114,180.66538000,17035931.93721370
13/01/2025 02:00,94290.35000000,94218.01000000,94337.58000000,94094.04000000,189.74737000,17872036.26171300,13/01/2025 02:14,35040,94.07023000,8861270.42979790
13/01/2025 02:15,94326.54000000,94290.34000000,94500.00000000,94200.80000000,110.71312000,10442064.05658820,13/01/2025 02:29,34921,52.08999000,4913072.65650020
13/01/2025 02:30,94090.91000000,94326.53000000,94350.00000000,94078.07000000,125.21082000,11795513.60081010,13/01/2025 02:44,37447,34.45478000,3246109.94900580
13/01/2025 02:45,94217.43000000,94090.91000000,94224.35000000,93899.99000000,197.31464000,18551718.35902310,13/01/2025 02:59,46581,96.44670000,9068606.18874150
13/01/2025 03:00,94191.15000000,94217.43000000,94408.17000000,94090.91000000,118.90796000,11206724.54449410,13/01/2025 03:14,35875,62.67528000,5907632.99533500
13/01/2025 03:15,94300.02000000,94191.15000000,94324.76000000,94011.31000000,100.28007000,9444077.86938650,13/01/2025 03:29,35828,47.00061000,4427636.56152410
13/01/2025 03:30,94292.23000000,94300.02000000,94384.55000000,94238.97000000,64.97313000,6127821.75226750,13/01/2025 03:44,22425,30.04110000,2833418.22508820
13/01/2025 03:45,94269.23000000,94292.23000000,94292.23000000,93972.54000000,318.91560000,30016581.73283280,13/01/2025 03:59,43496,218.32108000,20549531.71796600
13/01/2025 04:00,94500.07000000,94269.23000000,94595.79000000,94202.76000000,201.13931000,18987283.99682690,13/01/2025 04:14,39658,115.68796000,10917433.38490280
13/01/2025 04:15,94807.18000000,94500.07000000,94880.00000000,94482.00000000,107.34371000,10164668.48767280,13/01/2025 04:29,32872,60.87067000,5764013.76067990
13/01/2025 04:30,94581.34000000,94807.18000000,94913.03000000,94581.33000000,99.32781000,9407528.42254520,13/01/2025 04:44,28512,35.82959000,3393729.07796700
13/01/2025 04:45,94503.34000000,94581.33000000,94601.05000000,94434.05000000,97.29677000,9196375.07084920,13/01/2025 04:59,23014,40.41201000,3819985.53592910
13/01/2025 05:00,94334.39000000,94503.34000000,94543.28000000,94246.25000000,97.01044000,9154220.04978630,13/01/2025 05:14,28105,39.06177000,3685904.13156950
13/01/2025 05:15,94249.27000000,94334.39000000,94466.46000000,94200.00000000,68.81968000,6492465.68074660,13/01/2025 05:29,20281,29.56209000,2789418.70115320
13/01/2025 05:30,94196.84000000,94249.27000000,94275.95000000,94110.07000000,138.89547000,13080250.61401360,13/01/2025 05:44,26607,85.42291000,8044301.74489300
13/01/2025 05:45,94181.37000000,94196.84000000,94271.73000000,94045.45000000,110.91853000,10442817.41429660,13/01/2025 05:59,24846,68.05646000,6407420.17332560
13/01/2025 06:00,94250.01000000,94181.37000000,94327.35000000,94101.00000000,78.84740000,7427830.55985700,13/01/2025 06:14,28551,43.08423000,4059050.65270000
13/01/2025 06:15,94114.00000000,94250.00000000,94252.36000000,94072.06000000,134.20331000,12640816.76669090,13/01/2025 06:29,21191,44.42179000,4183753.47261410
13/01/2025 06:30,93861.82000000,94114.00000000,94123.81000000,93857.00000000,191.37588000,17982914.70262900,13/01/2025 06:44,34487,63.94434000,6008526.43462340
13/01/2025 06:45,93637.37000000,93861.82000000,93893.45000000,93281.00000000,667.16208000,62369644.58707080,13/01/2025 06:59,77564,262.83559000,24562799.95646020
13/01/2025 07:00,93606.06000000,93637.38000000,93789.91000000,93480.00000000,234.93336000,22006471.70036760,13/01/2025 07:14,40503,122.11778000,11440788.96894940
13/01/2025 07:15,93702.23000000,93606.06000000,93733.90000000,93469.20000000,137.13286000,12838215.28021080,13/01/2025 07:29,22221,57.73684000,5405383.73069450
13/01/2025 07:30,93808.00000000,93702.23000000,93947.30000000,93643.42000000,177.22217000,16623404.25542050,13/01/2025 07:44,31233,119.31230000,11192997.58423630
13/01/2025 07:45,93590.24000000,93808.00000000,93808.00000000,93536.09000000,110.20982000,10321165.11795730,13/01/2025 07:59,18589,33.98293000,3182370.30829840
13/01/2025 08:00,93439.93000000,93590.24000000,93661.55000000,93342.49000000,167.00015000,15610867.58463320,13/01/2025 08:14,28288,54.30081000,5076986.58157350
13/01/2025 08:15,93237.25000000,93439.93000000,93526.51000000,92904.35000000,447.99216000,41723983.33329710,13/01/2025 08:29,65880,199.46289000,18577428.63427710
13/01/2025 08:30,93269.28000000,93237.24000000,93336.26000000,93120.53000000,230.72288000,21513721.77014650,13/01/2025 08:44,38662,99.35188000,9264375.15566720
13/01/2025 08:45,93039.10000000,93269.28000000,93315.83000000,92950.01000000,260.59879000,24252545.92140250,13/01/2025 08:59,35389,114.75261000,10679398.02404670
13/01/2025 09:00,92948.53000000,93039.11000000,93195.99000000,92886.44000000,313.20754000,29139438.72165950,13/01/2025 09:14,74018,161.29635000,15005989.56123840
13/01/2025 09:15,92813.86000000,92948.52000000,93053.00000000,92762.00000000,315.40433000,29301918.89888150,13/01/2025 09:29,75223,128.93922000,11978995.45326310
13/01/2025 09:30,92935.89000000,92813.86000000,93185.34000000,92644.11000000,462.12158000,42933194.55538460,13/01/2025 09:44,89874,269.97056000,25089924.63490450
13/01/2025 09:45,92846.79000000,92935.88000000,93097.17000000,92846.79000000,217.58230000,20229822.58635460,13/01/2025 09:59,41439,118.41031000,11009205.42057740
13/01/2025 10:00,92652.97000000,92846.79000000,92889.06000000,92560.00000000,559.11559000,51825010.27902250,13/01/2025 10:14,81286,175.51619000,16265957.36622470
13/01/2025 10:15,92006.73000000,92652.98000000,92652.98000000,91889.78000000,1065.81790000,98272736.36822630,13/01/2025 10:29,116255,433.75429000,39980630.29171180
13/01/2025 10:30,91610.01000000,92006.73000000,92006.73000000,91555.00000000,920.79438000,84488637.22959210,13/01/2025 10:44,102955,365.04605000,33497393.20663500
13/01/2025 10:45,91644.96000000,91610.01000000,91790.00000000,91372.17000000,915.85145000,83837141.00770930,13/01/2025 10:59,81043,404.87674000,37070701.11249310
13/01/2025 11:00,91390.01000000,91644.96000000,91760.00000000,91369.84000000,685.06428000,62717890.63488350,13/01/2025 11:14,82619,245.21222000,22455954.78168900
13/01/2025 11:15,91462.93000000,91390.00000000,91776.04000000,91305.35000000,762.23923000,69755383.57125260,13/01/2025 11:29,71048,245.49185000,22470210.25834560
13/01/2025 11:30,91000.00000000,91462.92000000,91532.59000000,90833.12000000,1805.76543000,164669604.22239490,13/01/2025 11:44,121942,565.92184000,51619379.60304530
13/01/2025 11:45,90851.22000000,90999.99000000,91385.21000000,90850.00000000,941.36636000,85817357.82498150,13/01/2025 11:59,66109,443.70992000,40458097.67873220
13/01/2025 12:00,90981.13000000,90851.23000000,91350.00000000,90555.00000000,1324.55772000,120465502.61666640,13/01/2025 12:14,99772,529.34583000,48174691.35144640
13/01/2025 12:15,90849.15000000,90981.13000000,91120.00000000,90690.92000000,628.59316000,57132986.82514380,13/01/2025 12:29,71337,276.10965000,25101695.48563770
13/01/2025 12:30,90828.22000000,90849.16000000,90877.02000000,90300.00000000,1014.18753000,91818744.63100490,13/01/2025 12:44,90376,374.21245000,33887540.73787130
13/01/2025 12:45,90732.00000000,90828.21000000,91017.41000000,90511.22000000,880.22637000,79902871.53441340,13/01/2025 12:59,88617,345.77015000,31395088.52353160
13/01/2025 13:00,91400.58000000,90732.00000000,91480.11000000,90583.24000000,1153.88615000,105131941.57596100,13/01/2025 13:14,91948,572.66022000,52188372.46775700
13/01/2025 13:15,91409.96000000,91400.58000000,91780.00000000,91300.93000000,604.39475000,55361903.89420020,13/01/2025 13:29,69724,325.04785000,29774355.83922980
13/01/2025 13:30,91214.27000000,91409.96000000,91529.41000000,91119.97000000,439.54350000,40149689.71918340,13/01/2025 13:44,63925,164.64023000,15042148.51403970
13/01/2025 13:45,91131.41000000,91214.28000000,91220.00000000,91000.00000000,437.78402000,39891440.83261060,13/01/2025 13:59,52389,245.28167000,22348217.76714760
13/01/2025 14:00,90833.73000000,91131.41000000,91155.46000000,90651.13000000,642.61127000,58384965.09767810,13/01/2025 14:14,83494,267.56587000,24306296.07278010
13/01/2025 14:15,90947.74000000,90833.73000000,91112.00000000,90783.29000000,440.59047000,40061468.36211580,13/01/2025 14:29,69889,212.67817000,19338249.27921160
13/01/2025 14:30,91245.66000000,90947.73000000,91589.41000000,89256.69000000,3508.58472000,316909106.56103820,13/01/2025 14:44,212767,1548.29829000,140029725.68958500
13/01/2025 14:45,91833.03000000,91245.67000000,92300.00000000,90929.96000000,1700.15294000,155806847.10786070,13/01/2025 14:59,130924,836.10424000,76632491.99658950
13/01/2025 15:00,92397.73000000,91833.03000000,92506.35000000,91570.00000000,1032.96401000,95134693.15874590,13/01/2025 15:14,92840,552.81751000,50935665.52724540
13/01/2025 15:15,92215.11000000,92397.73000000,93100.00000000,92022.99000000,938.54100000,86966641.19581140,13/01/2025 15:29,92706,440.74338000,40845503.81181650
13/01/2025 15:30,92659.26000000,92215.11000000,92720.00000000,91933.49000000,625.07322000,57752887.41448980,13/01/2025 15:44,78465,271.46164000,25085965.24437500
13/01/2025 15:45,92123.75000000,92659.26000000,92689.33000000,92123.73000000,397.13636000,36697624.38512080,13/01/2025 15:59,65969,172.05862000,15900296.46684880
13/01/2025 16:00,91816.81000000,92123.75000000,92289.07000000,91609.86000000,558.76713000,51395897.39770850,13/01/2025 16:14,84872,237.28331000,21823326.19135670
13/01/2025 16:15,91693.49000000,91816.81000000,91957.17000000,91450.62000000,526.38813000,48276164.10359190,13/01/2025 16:29,78077,241.79274000,22178286.41514630
13/01/2025 16:30,92065.74000000,91693.49000000,92094.22000000,91432.15000000,483.68026000,44390786.85814470,13/01/2025 16:44,60093,261.61936000,24019517.89509320
13/01/2025 16:45,91343.20000000,92065.74000000,92189.04000000,91250.00000000,398.63538000,36539531.83679740,13/01/2025 16:59,60273,181.25041000,16608474.57898140
13/01/2025 17:00,91735.63000000,91343.21000000,92058.33000000,91250.00000000,427.57717000,39160168.10435430,13/01/2025 17:14,66538,243.41357000,22300428.78860400
13/01/2025 17:15,92027.84000000,91735.47000000,92133.60000000,91729.17000000,328.77381000,30219529.33111410,13/01/2025 17:29,57493,173.06763000,15908525.79085830
13/01/2025 17:30,91710.12000000,92027.84000000,92300.00000000,91631.11000000,285.14656000,26234255.59964200,13/01/2025 17:44,62451,134.88443000,12411511.55665690
13/01/2025 17:45,91983.96000000,91710.37000000,92000.00000000,91581.19000000,251.34040000,23074313.02799450,13/01/2025 17:59,63330,137.16997000,12589859.02803840
13/01/2025 18:00,92043.02000000,91983.96000000,92405.39000000,91852.45000000,299.47562000,27601383.94477660,13/01/2025 18:14,67141,166.91347000,15384258.46691140
13/01/2025 18:15,91717.09000000,92043.02000000,92050.88000000,91593.85000000,280.41921000,25726924.80605180,13/01/2025 18:29,64362,128.73532000,11810575.26278160
13/01/2025 18:30,91813.61000000,91717.09000000,92234.29000000,91717.09000000,296.86848000,27303090.74107520,13/01/2025 18:44,68316,147.08874000,13527499.90086580
13/01/2025 18:45,92077.65000000,91813.61000000,92244.17000000,91725.07000000,269.48472000,24807158.45128290,13/01/2025 18:59,62323,130.71221000,12030587.91103730
13/01/2025 19:00,91965.57000000,92077.65000000,92332.00000000,91962.00000000,307.57702000,28352911.29129870,13/01/2025 19:14,65350,144.25907000,13298248.88725000
13/01/2025 19:15,92172.00000000,91965.57000000,92200.00000000,91600.00000000,280.70480000,25787123.54189480,13/01/2025 19:29,62861,148.83730000,13674476.86927810
13/01/2025 19:30,92390.90000000,92172.00000000,92420.00000000,92007.60000000,302.67256000,27916361.31699970,13/01/2025 19:44,59913,153.88250000,14191455.90239820
13/01/2025 19:45,92312.18000000,92390.91000000,92534.10000000,92037.04000000,299.61572000,27650217.55907450,13/01/2025 19:59,65107,142.87036000,13185046.80184870
13/01/2025 20:00,91966.81000000,92312.18000000,92394.95000000,91966.80000000,231.85245000,21370786.69120990,13/01/2025 20:14,61102,110.74905000,10208027.79495390
13/01/2025 20:15,92129.32000000,91966.80000000,92358.80000000,91908.20000000,198.69108000,18306869.82052660,13/01/2025 20:29,51771,103.52711000,9537653.42549860
13/01/2025 20:30,92965.10000000,92129.33000000,92993.24000000,92105.89000000,341.97182000,31680618.04608660,13/01/2025 20:44,58869,175.48681000,16258431.40724650
13/01/2025 20:45,93575.53000000,92965.10000000,93783.12000000,92962.16000000,990.74775000,92581191.29387660,13/01/2025 20:59,101539,522.85892000,48843851.18612050
13/01/2025 21:00,93773.12000000,93575.53000000,93938.37000000,93401.84000000,578.99151000,54273544.69929400,13/01/2025 21:14,74607,292.49124000,27418651.00316530
13/01/2025 21:15,93855.98000000,93773.11000000,93896.26000000,93518.12000000,292.08904000,27377261.50792160,13/01/2025 21:29,47999,148.58601000,13930462.92173490
13/01/2025 21:30,94451.52000000,93855.98000000,94454.51000000,93738.75000000,544.29478000,51198149.23565560,13/01/2025 21:44,76481,260.30879000,24495847.52202580
13/01/2025 21:45,94193.49000000,94451.53000000,94472.00000000,94127.16000000,347.35556000,32745633.21886770,13/01/2025 21:59,48250,113.58198000,10706285.56099120
13/01/2025 22:00,94650.00000000,94193.49000000,94650.00000000,94152.00000000,381.82385000,36054355.97210880,13/01/2025 22:14,52979,237.95972000,22471402.68757420
13/01/2025 22:15,94555.61000000,94650.00000000,94727.15000000,94405.40000000,233.30718000,22069359.93136670,13/01/2025 22:29,35732,111.99869000,10593977.60627520
13/01/2025 22:30,94361.96000000,94555.61000000,94593.92000000,94200.00000000,178.16259000,16810596.70780070,13/01/2025 22:44,37096,81.24921000,7665043.56930410
13/01/2025 22:45,94399.98000000,94361.96000000,94452.00000000,94232.23000000,125.52556000,11843277.34148270,13/01/2025 22:59,16555,63.85453000,6024892.18755690
13/01/2025 23:00,94430.22000000,94399.99000000,94486.63000000,94164.77000000,154.62289000,14589966.38701800,13/01/2025 23:14,26893,74.35099000,7016638.36866730
13/01/2025 23:15,94265.55000000,94430.22000000,94453.27000000,94200.00000000,115.94722000,10936342.67203000,13/01/2025 23:29,18897,35.76124000,3373143.91914020
13/01/2025 23:30,94417.41000000,94265.54000000,94448.37000000,94244.88000000,141.60371000,13360175.87602270,13/01/2025 23:44,21025,64.91588000,6125274.20353630
13/01/2025 23:45,94536.10000000,94417.40000000,94612.70000000,94336.01000000,187.58250000,17723368.96066050,13/01/2025 23:59,26362,103.33862000,9764655.21531320
14/01/2025 00:00,94418.09000000,94536.11000000,94563.11000000,94369.15000000,141.40130000,13358139.70251120,14/01/2025 00:14,30163,66.38829000,6271727.98216010
14/01/2025 00:15,94584.48000000,94418.10000000,94880.00000000,94418.10000000,466.16201000,44137608.94151150,14/01/2025 00:29,45749,277.01742000,26230496.47880870
14/01/2025 00:30,94354.81000000,94584.48000000,94638.04000000,94346.22000000,344.55638000,32549305.07099310,14/01/2025 00:44,35838,155.71857000,14708145.42162220
14/01/2025 00:45,94470.77000000,94354.80000000,94564.00000000,94347.18000000,137.67661000,13003935.22558120,14/01/2025 00:59,21537,64.43597000,6084734.35311500
14/01/2025 01:00,94991.59000000,94470.76000000,95024.50000000,94462.59000000,285.38867000,27068079.44328130,14/01/2025 01:14,49142,183.71215000,17429463.28474970
14/01/2025 01:15,94928.50000000,94991.59000000,95041.17000000,94651.84000000,213.19480000,20218231.17542010,14/01/2025 01:29,41276,106.96278000,10146975.70467680
14/01/2025 01:30,94681.88000000,94928.51000000,94991.60000000,94666.00000000,152.69698000,14470216.37915020,14/01/2025 01:44,28280,72.01079000,6823532.66973430
14/01/2025 01:45,94834.50000000,94681.88000000,94856.68000000,94588.51000000,142.65373000,13515734.21061450,14/01/2025 01:59,32625,53.19936000,5040603.71216050
14/01/2025 02:00,94941.16000000,94834.50000000,95000.00000000,94749.57000000,156.71343000,14869854.17548300,14/01/2025 02:14,31419,91.69075000,8699504.80256000
14/01/2025 02:15,95209.98000000,94941.17000000,95280.80000000,94923.91000000,381.89445000,36332023.93882260,14/01/2025 02:29,47239,258.15947000,24557936.87381340
14/01/2025 02:30,95015.41000000,95209.99000000,95222.00000000,94981.72000000,199.73315000,18993758.59178320,14/01/2025 02:44,36034,80.96937000,7700568.45662290
14/01/2025 02:45,94882.65000000,95015.40000000,95037.43000000,94865.38000000,122.81254000,11659383.08182320,14/01/2025 02:59,20750,35.95095000,3412392.29530980
14/01/2025 03:00,94979.12000000,94882.65000000,95013.46000000,94828.46000000,111.91334000,10621048.95048820,14/01/2025 03:14,18512,42.47721000,4031496.23495880
14/01/2025 03:15,95038.78000000,94979.12000000,95112.61000000,94860.49000000,189.73947000,18023292.36258650,14/01/2025 03:29,25557,83.62405000,7942804.18971300
14/01/2025 03:30,94945.01000000,95038.78000000,95093.75000000,94873.00000000,147.58584000,14012405.25369930,14/01/2025 03:44,23819,59.46494000,5645111.92674740
14/01/2025 03:45,94861.40000000,94945.01000000,94972.33000000,94842.10000000,109.16108000,10358783.88491660,14/01/2025 03:59,15923,46.49725000,4411858.10532260
14/01/2025 04:00,95132.00000000,94861.39000000,95133.35000000,94861.39000000,196.00904000,18624102.08424480,14/01/2025 04:14,29088,94.54315000,8982106.17947980
14/01/2025 04:15,94938.32000000,95133.33000000,95149.32000000,94927.91000000,136.03274000,12928256.74478850,14/01/2025 04:29,16291,40.58050000,3856575.52596090
14/01/2025 04:30,94964.02000000,94938.33000000,94999.48000000,94830.25000000,107.52150000,10202758.92545790,14/01/2025 04:44,14069,48.30733000,4583851.19610520
14/01/2025 04:45,95119.19000000,94964.01000000,95122.00000000,94953.90000000,113.05885000,10745003.62169930,14/01/2025 04:59,13819,51.82932000,4925313.26588650
14/01/2025 05:00,95450.40000000,95119.18000000,95464.71000000,95105.80000000,312.50397000,29788673.02509260,14/01/2025 05:14,29680,163.91859000,15625290.70034260
14/01/2025 05:15,95171.79000000,95450.41000000,95450.41000000,95126.00000000,149.92157000,14284244.09562970,14/01/2025 05:29,20298,57.30678000,5459446.06759880
14/01/2025 05:30,95101.62000000,95171.80000000,95233.30000000,95072.26000000,130.82449000,12446949.99940390,14/01/2025 05:44,17057,46.10686000,4387092.52982300
14/01/2025 05:45,94916.08000000,95101.61000000,95101.61000000,94861.39000000,87.38693000,8299964.36264080,14/01/2025 05:59,15564,24.84477000,2359771.17405250
14/01/2025 06:00,94851.15000000,94916.08000000,94990.51000000,94786.26000000,167.52628000,15892080.41647750,14/01/2025 06:14,26079,64.86440000,6153592.60865540
14/01/2025 06:15,94823.11000000,94851.15000000,94923.58000000,94757.30000000,102.67947000,9737202.73082240,14/01/2025 06:29,21786,43.53988000,4128996.96334380
14/01/2025 06:30,94940.28000000,94823.11000000,94957.55000000,94753.42000000,104.16935000,9883656.46514820,14/01/2025 06:44,19793,55.29541000,5246185.23026540
14/01/2025 06:45,95031.94000000,94940.29000000,95031.94000000,94842.35000000,154.46390000,14665291.41344310,14/01/2025 06:59,14418,124.21256000,11794307.82120430
14/01/2025 07:00,95069.98000000,95031.93000000,95168.60000000,95005.32000000,167.11775000,15892909.24329330,14/01/2025 07:14,23829,72.06179000,6853296.73281790
14/01/2025 07:15,95030.83000000,95069.98000000,95079.99000000,94962.47000000,202.84365000,19272782.37548040,14/01/2025 07:29,18259,63.45319000,6028682.01963850
14/01/2025 07:30,94850.01000000,95030.84000000,95100.00000000,94842.71000000,136.03926000,12917855.22312220,14/01/2025 07:44,19046,65.66178000,6235420.76813860
14/01/2025 07:45,94864.00000000,94850.01000000,94910.08000000,94838.56000000,90.66145000,8601671.34465020,14/01/2025 07:59,15076,34.93989000,3314985.52698950
14/01/2025 08:00,95536.46000000,94863.99000000,95585.06000000,94860.11000000,386.93312000,36873627.65380060,14/01/2025 08:14,45388,295.35276000,28145451.57615590
14/01/2025 08:15,95350.99000000,95536.46000000,95750.00000000,95257.34000000,472.40625000,45129603.36513150,14/01/2025 08:29,50311,244.31452000,23342447.50732690
14/01/2025 08:30,95642.02000000,95350.99000000,95686.73000000,95247.81000000,397.42276000,37928806.73125010,14/01/2025 08:44,47146,192.46179000,18371689.80453920
14/01/2025 08:45,95488.50000000,95642.02000000,95819.70000000,95480.69000000,298.50659000,28554032.48401490,14/01/2025 08:59,39482,182.47547000,17454020.83285380
14/01/2025 09:00,95861.45000000,95488.51000000,95861.45000000,95469.51000000,671.73055000,64271673.54048430,14/01/2025 09:14,48458,469.65738000,44937738.56815640
14/01/2025 09:15,96407.72000000,95861.46000000,96475.44000000,95806.06000000,625.58722000,60152911.24848340,14/01/2025 09:29,71774,393.40158000,37814338.46920000
14/01/2025 09:30,96789.99000000,96407.72000000,96882.36000000,96265.40000000,524.13279000,50642539.37932170,14/01/2025 09:44,83968,319.06692000,30828387.98152090
14/01/2025 09:45,97159.44000000,96790.00000000,97371.00000000,96712.00000000,898.59560000,87273154.86997720,14/01/2025 09:59,106953,497.69465000,48326607.93895940
14/01/2025 10:00,96737.57000000,97159.43000000,97194.26000000,96663.74000000,530.44665000,51409219.56067740,14/01/2025 10:14,80929,209.02502000,20260857.23085580
14/01/2025 10:15,96753.68000000,96737.57000000,96940.00000000,96644.51000000,330.25312000,31971200.50359350,14/01/2025 10:29,50679,184.61032000,17871934.95559860
14/01/2025 10:30,96768.14000000,96753.68000000,96778.71000000,96580.01000000,303.90641000,29377836.07172360,14/01/2025 10:44,42046,150.03183000,14502377.23477740
14/01/2025 10:45,96697.08000000,96768.13000000,96814.13000000,96579.31000000,229.89343000,22225087.09735680,14/01/2025 10:59,28893,123.19774000,11910501.39636190
14/01/2025 11:00,96596.00000000,96686.09000000,96687.15000000,96555.01000000,151.40629000,14627541.45546180,14/01/2025 11:14,28025,78.95818000,7627905.82918220
14/01/2025 11:15,96462.80000000,96595.99000000,96642.97000000,96336.92000000,294.09923000,28370640.62572320,14/01/2025 11:29,33800,108.64339000,10479349.11528100
14/01/2025 11:30,96649.11000000,96462.80000000,96680.00000000,96382.00000000,204.33367000,19723136.24371090,14/01/2025 11:44,29923,126.80380000,12239837.79055890
14/01/2025 11:45,96548.04000000,96649.12000000,96654.00000000,96506.23000000,176.17343000,17011897.53999690,14/01/2025 11:59,24276,58.37468000,5636325.85169080
14/01/2025 12:00,96322.00000000,96548.04000000,96700.00000000,96258.32000000,644.80977000,62164052.13752460,14/01/2025 12:14,39031,220.39132000,21257290.57269630
14/01/2025 12:15,96168.88000000,96322.00000000,96363.49000000,95972.58000000,362.99968000,34907997.73948910,14/01/2025 12:29,50447,124.63288000,11984236.05107340
14/01/2025 12:30,96152.45000000,96168.88000000,96320.97000000,96095.64000000,172.04997000,16548829.92491170,14/01/2025 12:44,31804,76.52995000,7361031.58363780
14/01/2025 12:45,95988.00000000,96152.45000000,96243.79000000,95988.00000000,190.08632000,18275024.46608990,14/01/2025 12:59,30036,75.28787000,7239336.67782610
14/01/2025 13:00,96001.87000000,95988.01000000,96110.00000000,95851.25000000,229.54628000,22035477.12437450,14/01/2025 13:14,43381,116.19566000,11155351.45295030
14/01/2025 13:15,95898.65000000,96001.87000000,96029.86000000,95748.93000000,273.99014000,26277197.60331970,14/01/2025 13:29,47694,91.11913000,8739319.58632750
14/01/2025 13:30,96296.00000000,95898.66000000,97263.02000000,95898.65000000,1657.22052000,160392875.69807020,14/01/2025 13:44,163927,964.23787000,93320562.17071000
14/01/2025 13:45,96336.00000000,96296.01000000,96689.71000000,96276.35000000,383.29988000,36966187.17975510,14/01/2025 13:59,85689,197.53938000,19052083.19301060
14/01/2025 14:00,96324.00000000,96336.00000000,96426.08000000,96029.73000000,345.90923000,33285221.62710720,14/01/2025 14:14,84155,152.68168000,14693611.00983450
14/01/2025 14:15,96791.75000000,96323.99000000,96839.99000000,96228.59000000,275.80266000,26630283.08971420,14/01/2025 14:29,58988,160.45451000,15491687.09916860
14/01/2025 14:30,96815.98000000,96791.75000000,97265.48000000,96640.55000000,1025.64258000,99431541.17165210,14/01/2025 14:44,135421,591.60834000,57352456.63720810
14/01/2025 14:45,96293.60000000,96815.99000000,96889.14000000,96140.60000000,488.28918000,47143111.52546310,14/01/2025 14:59,114198,247.64141000,23913641.23606720
14/01/2025 15:00,96805.62000000,96293.61000000,96894.88000000,96184.02000000,623.49092000,60231815.80235590,14/01/2025 15:14,91346,301.83157000,29159441.81118780
14/01/2025 15:15,96494.95000000,96805.61000000,96974.82000000,96317.62000000,337.41714000,32607633.05419380,14/01/2025 15:29,82283,162.02607000,15654578.13423770
14/01/2025 15:30,96873.88000000,96494.96000000,96900.00000000,96390.00000000,547.88141000,52945608.93249920,14/01/2025 15:44,91361,343.86843000,33234037.99449490
14/01/2025 15:45,96471.65000000,96873.88000000,96873.88000000,96459.49000000,835.89655000,80789139.97208180,14/01/2025 15:59,88669,508.67929000,49167760.50243850
14/01/2025 16:00,96045.56000000,96471.65000000,96471.66000000,95650.01000000,925.62498000,88790394.19752760,14/01/2025 16:14,139358,464.14976000,44513552.98883350
14/01/2025 16:15,95867.98000000,96045.56000000,96328.89000000,95823.07000000,427.12776000,41029470.90438560,14/01/2025 16:29,94982,224.04765000,21524364.86194150
14/01/2025 16:30,95442.13000000,95867.98000000,95989.50000000,95365.07000000,457.87180000,43817982.08515310,14/01/2025 16:44,103010,204.54158000,19579888.69717360
14/01/2025 16:45,95745.43000000,95442.14000000,95837.97000000,95351.76000000,408.62278000,39074380.60098450,14/01/2025 16:59,94087,222.36939000,21266157.42706960
14/01/2025 17:00,96058.01000000,95745.42000000,96140.00000000,95584.83000000,318.65355000,30535068.50687040,14/01/2025 17:14,77772,167.04933000,16009792.68764790
14/01/2025 17:15,96038.81000000,96058.00000000,96215.86000000,95728.61000000,273.91450000,26284056.55784740,14/01/2025 17:29,68679,124.08723000,11905993.47517670
14/01/2025 17:30,96164.48000000,96038.82000000,96278.05000000,95708.44000000,195.94403000,18809339.44139450,14/01/2025 17:44,69933,98.20466000,9425433.28694700
14/01/2025 17:45,96527.96000000,96164.49000000,96550.46000000,96101.11000000,261.98056000,25241596.40577960,14/01/2025 17:59,59158,133.77896000,12888932.93324150
14/01/2025 18:00,96335.02000000,96527.96000000,96676.20000000,96335.02000000,318.60830000,30747705.64968600,14/01/2025 18:14,66917,170.14520000,16419698.45152990
14/01/2025 18:15,96642.25000000,96335.03000000,96697.48000000,96290.85000000,241.03391000,23262583.23189200,14/01/2025 18:29,60059,132.86513000,12823391.51619910
14/01/2025 18:30,96765.74000000,96642.25000000,96877.88000000,96561.53000000,214.58931000,20761497.38959540,14/01/2025 18:44,64000,97.24674000,9408948.36029530
14/01/2025 18:45,96777.80000000,96766.09000000,96958.97000000,96667.27000000,222.40053000,21542907.54603100,14/01/2025 18:59,49842,107.15337000,10380149.84287840
14/01/2025 19:00,96930.77000000,96777.79000000,96930.77000000,96619.82000000,212.33525000,20540159.26094600,14/01/2025 19:14,56122,101.70368000,9839156.91187840
14/01/2025 19:15,96872.00000000,96930.76000000,97033.76000000,96795.81000000,227.09415000,22017947.37234040,14/01/2025 19:29,38539,134.89880000,13080769.03198670
14/01/2025 19:30,96895.99000000,96871.99000000,97088.57000000,96828.75000000,181.28277000,17580516.69929790,14/01/2025 19:44,44468,74.01409000,7178430.83713970
14/01/2025 19:45,96537.80000000,96896.00000000,96917.86000000,96466.03000000,247.49836000,23934639.66928550,14/01/2025 19:59,59185,79.77918000,7713627.07011790
14/01/2025 20:00,96449.99000000,96537.23000000,96595.43000000,96152.31000000,287.78867000,27732882.15797980,14/01/2025 20:14,92059,144.35925000,13910283.98348960
14/01/2025 20:15,96897.91000000,96450.00000000,96921.13000000,96450.00000000,211.11827000,20417709.41651300,14/01/2025 20:29,59879,119.46737000,11553327.42633550
14/01/2025 20:30,96578.12000000,96897.91000000,96913.79000000,96365.95000000,203.35301000,19638397.02089300,14/01/2025 20:44,51678,81.86057000,7903168.51322810
14/01/2025 20:45,96505.04000000,96578.11000000,96726.28000000,96355.14000000,328.85219000,31754425.93301140,14/01/2025 20:59,65841,161.30457000,15574059.89528840
14/01/2025 21:00,96561.88000000,96505.98000000,96678.18000000,96450.00000000,203.30835000,19630662.80315610,14/01/2025 21:14,39423,99.26059000,9583961.41869250
14/01/2025 21:15,96517.22000000,96561.89000000,96658.14000000,96517.21000000,133.59300000,12902282.47119820,14/01/2025 21:29,25493,57.97332000,5599475.58794560
14/01/2025 21:30,96451.72000000,96517.21000000,96517.21000000,96315.38000000,121.19287000,11683208.06400000,14/01/2025 21:44,22064,43.14756000,4158871.14670030
14/01/2025 21:45,96486.09000000,96451.72000000,96486.10000000,96346.76000000,103.44692000,9972854.62246820,14/01/2025 21:59,17675,46.51129000,4483989.50454360
14/01/2025 22:00,96533.98000000,96486.10000000,96599.99000000,96450.00000000,84.99394000,8204208.76696500,14/01/2025 22:14,18417,43.17961000,4167907.94244240
14/01/2025 22:15,96650.00000000,96533.99000000,96657.78000000,96483.38000000,60.84738000,5875406.42942010,14/01/2025 22:29,11835,27.60208000,2665185.41355860
14/01/2025 22:30,96640.00000000,96650.23000000,96699.00000000,96535.89000000,82.52038000,7974291.99862820,14/01/2025 22:44,19775,41.01403000,3963164.53212810
14/01/2025 22:45,96691.91000000,96640.00000000,96741.95000000,96579.98000000,82.27118000,7952315.48147850,14/01/2025 22:59,19613,29.76779000,2877031.09392330
14/01/2025 23:00,96583.36000000,96691.91000000,96780.02000000,96569.74000000,75.33005000,7284683.22324000,14/01/2025 23:14,30621,37.61115000,3637044.74219300
14/01/2025 23:15,96522.08000000,96583.36000000,96678.65000000,96512.68000000,60.25838000,5820752.99915060,14/01/2025 23:29,16409,24.22239000,2339770.41173820
14/01/2025 23:30,96678.51000000,96522.07000000,96721.68000000,96500.49000000,60.59332000,5852391.76765120,14/01/2025 23:44,13699,31.84100000,3074991.22680330
14/01/2025 23:45,96560.86000000,96678.50000000,96719.02000000,96536.95000000,60.36376000,5831643.80280980,14/01/2025 23:59,13835,24.99793000,2415125.87616250
15/01/2025 00:00,96853.45000000,96560.85000000,96864.61000000,96500.00000000,168.22771000,16264703.93056940,15/01/2025 00:14,37494,103.28318000,9986190.86277670
15/01/2025 00:15,97208.22000000,96853.46000000,97266.36000000,96766.21000000,352.38186000,34212526.40037660,15/01/2025 00:29,42298,216.88717000,21055701.65197190
15/01/2025 00:30,96858.11000000,97208.21000000,97332.52000000,96800.01000000,333.30008000,32357917.34884160,15/01/2025 00:44,40333,155.91340000,15139133.90312810
15/01/2025 00:45,96889.36000000,96858.11000000,97000.00000000,96766.02000000,145.03037000,14050748.01839460,15/01/2025 00:59,34141,52.20138000,5057130.45220480
15/01/2025 01:00,97006.89000000,96889.36000000,97213.95000000,96789.38000000,191.27256000,18556868.37821630,15/01/2025 01:14,41047,113.96217000,11057150.34193470
15/01/2025 01:15,97116.45000000,97006.88000000,97200.00000000,96852.96000000,134.90144000,13086141.60757410,15/01/2025 01:29,30191,58.34527000,5659832.61550570
15/01/2025 01:30,97279.31000000,97116.45000000,97444.00000000,96993.35000000,297.30461000,28909232.22510530,15/01/2025 01:44,51964,162.91351000,15841439.67960320
15/01/2025 01:45,97349.62000000,97279.31000000,97554.63000000,97042.36000000,378.66456000,36846896.24115680,15/01/2025 01:59,43813,210.62027000,20490813.52368070
15/01/2025 02:00,97155.76000000,97349.61000000,97464.80000000,97106.03000000,211.74725000,20596076.32629080,15/01/2025 02:14,39797,112.81346000,10974374.43197240
15/01/2025 02:15,96948.84000000,97155.77000000,97172.00000000,96943.96000000,147.24272000,14286036.73446390,15/01/2025 02:29,24966,54.77681000,5314909.19893890
15/01/2025 02:30,96900.03000000,96948.85000000,96980.00000000,96746.71000000,171.40794000,16603609.58332440,15/01/2025 02:44,28819,84.75579000,8209756.74482000
15/01/2025 02:45,96824.06000000,96900.02000000,97062.83000000,96824.06000000,116.96586000,11339005.86053630,15/01/2025 02:59,19722,49.37794000,4786904.76476180
15/01/2025 03:00,97064.61000000,96824.06000000,97225.00000000,96824.06000000,117.46755000,11396540.40424180,15/01/2025 03:14,23380,59.42152000,5764668.64746650
15/01/2025 03:15,96926.65000000,97064.61000000,97162.73000000,96751.47000000,245.61944000,23797950.11684520,15/01/2025 03:29,20156,74.78390000,7246394.63209470
15/01/2025 03:30,97076.40000000,96926.65000000,97176.93000000,96917.48000000,148.81492000,14447662.52802270,15/01/2025 03:44,17561,64.42979000,6254949.26499030
15/01/2025 03:45,97317.12000000,97076.40000000,97324.00000000,97014.94000000,129.62064000,12595296.24633100,15/01/2025 03:59,17969,51.53142000,5007634.78156960
15/01/2025 04:00,97296.57000000,97317.12000000,97724.96000000,97250.36000000,523.26160000,51040341.82259430,15/01/2025 04:14,54477,300.05725000,29266835.71265660
15/01/2025 04:15,97260.96000000,97296.57000000,97430.96000000,97072.70000000,180.55216000,17558853.52661430,15/01/2025 04:29,26561,57.60619000,5601681.41075780
15/01/2025 04:30,97227.59000000,97260.96000000,97374.38000000,97164.94000000,316.28695000,30758221.84309850,15/01/2025 04:44,19611,78.93605000,7677351.97470180
15/01/2025 04:45,97189.71000000,97227.59000000,97250.00000000,97152.86000000,105.88661000,10292243.60904720,15/01/2025 04:59,12995,34.75618000,3378240.64686710
15/01/2025 05:00,96861.77000000,97189.71000000,97242.29000000,96818.08000000,303.51015000,29438551.48122950,15/01/2025 05:14,28743,86.62514000,8401334.90653130
15/01/2025 05:15,96973.31000000,96861.78000000,97002.00000000,96750.00000000,369.52843000,35799959.02250490,15/01/2025 05:29,24598,89.11241000,8632576.32172860
15/01/2025 05:30,96989.97000000,96973.31000000,97013.22000000,96885.61000000,83.66351000,8111043.62427420,15/01/2025 05:44,11888,33.69587000,3266701.86593950
15/01/2025 05:45,97029.97000000,96989.97000000,97077.72000000,96987.88000000,52.96630000,5139941.39866970,15/01/2025 05:59,9783,18.35403000,1781017.80357280
15/01/2025 06:00,96902.31000000,97029.97000000,97100.00000000,96900.00000000,142.66324000,13841172.53610530,15/01/2025 06:14,15592,68.25670000,6622819.87236710
15/01/2025 06:15,96860.00000000,96902.30000000,97043.97000000,96859.99000000,84.28975000,8170931.78437680,15/01/2025 06:29,15886,25.88275000,2509389.64269910
15/01/2025 06:30,96968.67000000,96860.00000000,97011.11000000,96851.50000000,129.78131000,12577249.12690770,15/01/2025 06:44,11544,75.60442000,7325609.18525460
15/01/2025 06:45,97105.48000000,96968.67000000,97147.95000000,96965.49000000,100.51407000,9755618.06941880,15/01/2025 06:59,13494,46.69174000,4531776.44134000
15/01/2025 07:00,97160.87000000,97105.48000000,97244.01000000,97105.47000000,89.28446000,8676305.67071620,15/01/2025 07:14,14655,46.49940000,4518551.44815760
15/01/2025 07:15,97539.57000000,97160.87000000,97566.32000000,97160.87000000,235.56433000,22951490.42072170,15/01/2025 07:29,27328,137.54441000,13401424.27425790
15/01/2025 07:30,97250.00000000,97539.57000000,97600.31000000,97250.00000000,228.71787000,22283829.90944210,15/01/2025 07:44,29649,80.82476000,7876073.63419830
15/01/2025 07:45,97301.35000000,97250.00000000,97341.04000000,97173.32000000,113.38785000,11026868.61215430,15/01/2025 07:59,30852,53.34018000,5187139.67652670
15/01/2025 08:00,97342.44000000,97301.35000000,97462.82000000,97224.70000000,153.80585000,14971863.41246830,15/01/2025 08:14,30452,65.00263000,6327706.07110950
15/01/2025 08:15,97487.42000000,97342.44000000,97487.42000000,97153.48000000,292.19828000,28429262.31534770,15/01/2025 08:29,33138,69.90681000,6801465.01525750
15/01/2025 08:30,97386.77000000,97487.42000000,97524.00000000,97343.96000000,211.07249000,20570233.52289800,15/01/2025 08:44,31521,74.44021000,7254495.42790290
15/01/2025 08:45,97202.26000000,97386.77000000,97386.78000000,97184.61000000,119.80709000,11653493.13920470,15/01/2025 08:59,20497,41.21409000,4008159.18300100
15/01/2025 09:00,97325.01000000,97202.27000000,97366.11000000,97158.40000000,184.78531000,17975328.26134830,15/01/2025 09:14,25440,118.45878000,11524858.17059230
15/01/2025 09:15,96889.15000000,97325.01000000,97358.57000000,96889.14000000,174.53987000,16952381.68680120,15/01/2025 09:29,28431,43.24432000,4201762.58991280
15/01/2025 09:30,97054.22000000,96889.14000000,97054.23000000,96883.96000000,186.88732000,18119823.20637960,15/01/2025 09:44,32214,88.10105000,8541656.33890190
15/01/2025 09:45,96816.47000000,97054.23000000,97054.23000000,96766.57000000,229.50712000,22233498.87153370,15/01/2025 09:59,37346,88.90816000,8613108.40602350
15/01/2025 10:00,96891.49000000,96816.47000000,97011.39000000,96721.39000000,161.99395000,15689304.25374010,15/01/2025 10:14,33289,78.74083000,7626496.01198130
15/01/2025 10:15,97072.01000000,96891.16000000,97100.00000000,96842.08000000,150.35787000,14582414.30210800,15/01/2025 10:29,16663,79.94588000,7754387.84745040
15/01/2025 10:30,97006.80000000,97072.01000000,97136.28000000,96978.44000000,86.75079000,8421482.18075330,15/01/2025 10:44,14117,30.70881000,2981053.06941380
15/01/2025 10:45,96933.59000000,97006.81000000,97054.14000000,96889.14000000,88.27077000,8558820.04476510,15/01/2025 10:59,11269,30.38057000,2945625.14374630
15/01/2025 11:00,96798.37000000,96933.59000000,96942.37000000,96668.12000000,157.82582000,15273707.72715190,15/01/2025 11:14,23680,65.80534000,6367646.54623930
15/01/2025 11:15,96641.12000000,96798.37000000,96806.00000000,96521.00000000,248.10126000,23971072.71914360,15/01/2025 11:29,30567,109.60623000,10590085.50296650
15/01/2025 11:30,96686.98000000,96641.11000000,96735.30000000,96552.00000000,132.90429000,12847812.97564800,15/01/2025 11:44,20761,56.51924000,5463384.15622170
15/01/2025 11:45,96762.18000000,96686.99000000,96781.90000000,96653.31000000,83.89560000,8114833.43993770,15/01/2025 11:59,18375,45.34615000,4386183.54614840
15/01/2025 12:00,96627.83000000,96762.19000000,96795.14000000,96619.82000000,102.20101000,9883812.06232010,15/01/2025 12:14,23442,45.91054000,4439904.17033890
15/01/2025 12:15,96591.96000000,96627.82000000,96646.77000000,96539.77000000,142.05142000,13719927.78532990,15/01/2025 12:29,23471,61.28289000,5918701.31581540
15/01/2025 12:30,97096.91000000,96591.97000000,97194.35000000,96575.51000000,261.66868000,25354850.54140070,15/01/2025 12:44,39326,156.67224000,15186997.27914340
15/01/2025 12:45,96942.93000000,97096.91000000,97096.91000000,96900.23000000,142.15501000,13783629.72348960,15/01/2025 12:59,19668,70.77719000,6862723.30257900
15/01/2025 13:00,96944.34000000,96942.92000000,97075.60000000,96924.68000000,148.13843000,14369275.78091130,15/01/2025 13:14,25775,65.53050000,6355886.15487750
15/01/2025 13:15,97286.61000000,96944.33000000,97333.00000000,96852.38000000,309.76336000,30097889.70903840,15/01/2025 13:29,33804,189.21735000,18382965.73981050
15/01/2025 13:30,98511.99000000,97286.60000000,98692.04000000,97276.91000000,3092.71103000,303997466.33216990,15/01/2025 13:44,203978,1976.57210000,194252947.38518960
15/01/2025 13:45,98964.00000000,98512.00000000,99073.39000000,98504.00000000,1298.62125000,128411077.12094420,15/01/2025 13:59,93378,786.01006000,77712467.80129560
15/01/2025 14:00,98942.95000000,98963.99000000,99451.00000000,98800.35000000,1052.97501000,104420744.13463580,15/01/2025 14:14,93990,521.22959000,51700294.95946230
15/01/2025 14:15,98729.41000000,98942.95000000,99153.66000000,98613.99000000,683.60803000,67607378.52264740,15/01/2025 14:29,80527,382.12818000,37796080.36174510
15/01/2025 14:30,98993.11000000,98729.41000000,99090.40000000,98644.78000000,732.41858000,72426669.33561770,15/01/2025 14:44,92632,388.94837000,38461408.20577290
15/01/2025 14:45,99434.41000000,98993.10000000,99499.00000000,98831.45000000,709.76295000,70427897.93947190,15/01/2025 14:59,79001,460.09330000,45661871.36716290
15/01/2025 15:00,99263.20000000,99434.80000000,99696.00000000,99225.86000000,981.16378000,97639359.82748320,15/01/2025 15:14,92522,435.14028000,43312043.91296470
15/01/2025 15:15,99714.21000000,99263.20000000,99799.98000000,99135.48000000,925.26927000,92006721.06082280,15/01/2025 15:29,94565,582.04540000,57905436.63790440
15/01/2025 15:30,99270.83000000,99712.45000000,99712.45000000,99250.00000000,575.13827000,57201659.40532730,15/01/2025 15:44,74350,258.71864000,25735087.14152330
15/01/2025 15:45,98992.42000000,99270.83000000,99482.89000000,98964.71000000,421.30489000,41812713.14994500,15/01/2025 15:59,66211,181.88155000,18051930.59558520
15/01/2025 16:00,99434.94000000,98992.42000000,99479.53000000,98992.42000000,450.99361000,44767056.64919120,15/01/2025 16:14,56907,223.83461000,22216084.38842630
15/01/2025 16:15,99274.64000000,99434.94000000,99467.69000000,99084.67000000,301.26183000,29913139.07452260,15/01/2025 16:29,55185,148.88698000,14785122.56508800
15/01/2025 16:30,99004.98000000,99274.64000000,99274.64000000,98888.98000000,402.64917000,39882246.75220230,15/01/2025 16:44,52119,174.49488000,17281094.69075520
15/01/2025 16:45,98995.58000000,99004.97000000,99128.00000000,98922.04000000,253.07807000,25059806.56292640,15/01/2025 16:59,36353,137.51040000,13615942.33504480
15/01/2025 17:00,99277.31000000,98995.58000000,99316.41000000,98976.37000000,286.38910000,28400182.70511320,15/01/2025 17:14,36548,112.50878000,11159282.10896480
15/01/2025 17:15,99102.01000000,99277.31000000,99335.91000000,99017.29000000,228.22370000,22630237.54786530,15/01/2025 17:29,32582,93.99826000,9320165.92207590
15/01/2025 17:30,99091.33000000,99102.02000000,99307.69000000,99030.00000000,211.27459000,20953221.40305200,15/01/2025 17:44,27514,79.35718000,7870386.77121880
15/01/2025 17:45,98645.65000000,99091.34000000,99128.09000000,98602.05000000,365.15694000,36082757.24766750,15/01/2025 17:59,38456,125.38933000,12389727.77481440
15/01/2025 18:00,98903.98000000,98645.65000000,98905.96000000,98645.65000000,197.80083000,19545950.45513250,15/01/2025 18:14,22688,109.21724000,10791006.54208860
15/01/2025 18:15,99087.21000000,98903.99000000,99152.67000000,98903.99000000,126.85394000,12568706.08437670,15/01/2025 18:29,19662,60.56256000,5999815.07295850
15/01/2025 18:30,99236.40000000,99087.21000000,99271.56000000,99000.01000000,181.41436000,17978273.56628180,15/01/2025 18:44,26967,72.50923000,7185566.37464970
15/01/2025 18:45,99446.14000000,99236.41000000,99483.87000000,99221.90000000,294.92468000,29300165.09515450,15/01/2025 18:59,27932,188.18816000,18697892.73001940
15/01/2025 19:00,99377.62000000,99446.15000000,99600.00000000,99346.15000000,433.12980000,43090467.41340640,15/01/2025 19:14,33128,245.25417000,24402086.82896310
15/01/2025 19:15,99365.92000000,99378.42000000,99476.43000000,99297.41000000,258.49813000,25689216.45700920,15/01/2025 19:29,23185,142.36081000,14147461.11349640
15/01/2025 19:30,99434.31000000,99365.93000000,99712.99000000,99347.29000000,474.16502000,47211395.52655250,15/01/2025 19:44,38370,257.01667000,25588582.28931650
15/01/2025 19:45,99844.90000000,99434.32000000,99990.00000000,99416.10000000,572.00600000,57054596.17224480,15/01/2025 19:59,45143,347.53227000,34666235.57434040
15/01/2025 20:00,100245.70000000,99844.91000000,100399.99000000,99733.49000000,905.33847000,90597525.74360750,15/01/2025 20:14,73307,564.54386000,56490844.02991680
15/01/2025 20:15,100179.63000000,100245.70000000,100681.94000000,100123.54000000,616.05975000,61880882.25092580,15/01/2025 20:29,67211,310.84541000,31227941.03027180
15/01/2025 20:30,99755.30000000,100179.62000000,100200.02000000,99684.32000000,466.13650000,46586902.08021450,15/01/2025 20:44,55771,189.94549000,18984809.81888990
15/01/2025 20:45,99566.40000000,99755.30000000,99821.78000000,99460.80000000,477.11208000,47519530.71048690,15/01/2025 20:59,51746,189.18370000,18841759.13481820
15/01/2025 21:00,99766.79000000,99566.34000000,99800.00000000,99476.16000000,260.38344000,25943583.42172800,15/01/2025 21:14,32355,124.88192000,12442986.46471790
15/01/2025 21:15,99782.70000000,99766.79000000,99876.40000000,99642.83000000,206.77201000,20627775.44472820,15/01/2025 21:29,24184,95.18815000,9498585.22720090
15/01/2025 21:30,99589.35000000,99782.71000000,99797.02000000,99589.35000000,144.73004000,14430695.17940620,15/01/2025 21:44,14683,49.47081000,4933572.94061020
15/01/2025 21:45,99672.00000000,99589.35000000,99838.77000000,99568.73000000,197.34310000,19674645.19932910,15/01/2025 21:59,24619,109.66095000,10932299.08326870
15/01/2025 22:00,99615.76000000,99671.99000000,99701.20000000,99564.00000000,131.88152000,13137395.77091140,15/01/2025 22:14,15606,56.27070000,5605118.06090890
15/01/2025 22:15,99580.03000000,99615.77000000,99649.99000000,99570.06000000,96.13894000,9575041.61288870,15/01/2025 22:29,9555,45.14626000,4496271.46521070
15/01/2025 22:30,99782.70000000,99580.02000000,99798.07000000,99580.02000000,160.35763000,15992124.83346370,15/01/2025 22:44,15838,79.85338000,7962202.24012780
15/01/2025 22:45,99713.46000000,99782.70000000,99838.28000000,99684.43000000,146.17312000,14580706.93605530,15/01/2025 22:59,13852,60.78263000,6062213.04231510
15/01/2025 23:00,99672.30000000,99713.45000000,99774.80000000,99632.73000000,164.73517000,16424022.86251400,15/01/2025 23:14,27596,79.11182000,7887388.02156260
15/01/2025 23:15,100138.26000000,99672.29000000,100161.73000000,99672.29000000,289.98202000,28964182.77013030,15/01/2025 23:29,26828,166.14850000,16597116.10201540
15/01/2025 23:30,100296.00000000,100138.25000000,100300.00000000,99901.85000000,358.53983000,35902505.79617280,15/01/2025 23:44,29172,206.10583000,20640318.47786630
15/01/2025 23:45,100497.35000000,100296.00000000,100510.05000000,100103.44000000,259.00565000,25981204.66258260,15/01/2025 23:59,27176,140.12605000,14058018.41339420
16/01/2025 00:00,100299.13000000,100497.35000000,100866.66000000,100298.15000000,655.67553000,65959376.50075140,16/01/2025 00:14,72497,347.26407000,34936229.55325150
16/01/2025 00:15,100353.38000000,100299.12000000,100543.48000000,100070.13000000,309.83773000,31078575.52895170,16/01/2025 00:29,62700,130.98997000,13140234.57704650
16/01/2025 00:30,99848.19000000,100353.39000000,100427.89000000,99658.78000000,727.74081000,72693938.82327300,16/01/2025 00:44,91835,338.21497000,33779287.84401960
16/01/2025 00:45,99869.26000000,99848.20000000,99918.25000000,99671.25000000,350.63209000,34989244.14234350,16/01/2025 00:59,56519,151.62846000,15130615.24006240
16/01/2025 01:00,100018.64000000,99869.26000000,100119.71000000,99814.91000000,412.53819000,41244729.48781940,16/01/2025 01:14,48761,209.49374000,20943760.84267560
16/01/2025 01:15,99982.09000000,100018.64000000,100076.00000000,99835.87000000,155.65268000,15556808.90963670,16/01/2025 01:29,33469,66.77530000,6673560.13186930
16/01/2025 01:30,100090.04000000,99982.09000000,100150.00000000,99867.17000000,165.55016000,16562160.04633510,16/01/2025 01:44,35825,93.41762000,9345792.76799550
16/01/2025 01:45,100082.35000000,100090.04000000,100200.00000000,99985.21000000,246.95168000,24720586.21405610,16/01/2025 01:59,30238,144.05700000,14420451.37633470
16/01/2025 02:00,100040.00000000,100082.35000000,100112.00000000,99911.38000000,182.78848000,18285859.35719550,16/01/2025 02:14,33151,70.76466000,7079296.15716930
16/01/2025 02:15,99729.07000000,100040.00000000,100040.01000000,99724.02000000,153.01289000,15279750.20543400,16/01/2025 02:29,26266,39.23560000,3918079.74993880
16/01/2025 02:30,99608.36000000,99729.06000000,99882.95000000,99558.66000000,303.99132000,30309440.44527910,16/01/2025 02:44,27337,88.99169000,8872461.68189160
16/01/2025 02:45,99637.77000000,99608.35000000,99680.42000000,99471.48000000,232.66713000,23162952.09692640,16/01/2025 02:59,29256,108.83033000,10835590.85963870
16/01/2025 03:00,99700.94000000,99637.78000000,99848.00000000,99576.01000000,177.15844000,17664086.20745890,16/01/2025 03:14,28195,93.24012000,9295547.96342900
16/01/2025 03:15,99540.00000000,99700.95000000,99726.91000000,99513.49000000,157.52032000,15686306.87488540,16/01/2025 03:29,25654,66.94330000,6666656.36137500
16/01/2025 03:30,99457.55000000,99540.00000000,99545.45000000,99170.00000000,371.78377000,36938437.84803630,16/01/2025 03:44,45382,130.65565000,12982188.55133880
16/01/2025 03:45,99478.03000000,99457.56000000,99538.06000000,99375.87000000,161.25227000,16040641.11146480,16/01/2025 03:59,17269,53.58684000,5329420.47348210
16/01/2025 04:00,99628.99000000,99478.04000000,99688.75000000,99478.03000000,139.75127000,13919528.15630980,16/01/2025 04:14,15357,76.82986000,7652215.29033700
16/01/2025 04:15,99610.02000000,99628.99000000,99650.87000000,99560.01000000,129.72261000,12922105.01323620,16/01/2025 04:29,12819,41.12263000,4095829.26443340
16/01/2025 04:30,99600.00000000,99610.01000000,99698.70000000,99596.32000000,112.48521000,11207345.14440320,16/01/2025 04:44,10411,34.98453000,3485774.35380120
16/01/2025 04:45,99610.00000000,99600.01000000,99610.00000000,99554.54000000,81.44070000,8110057.17376180,16/01/2025 04:59,9499,38.24801000,3808747.51046760
16/01/2025 05:00,99381.76000000,99610.00000000,99610.00000000,99374.01000000,138.31984000,13761906.13099950,16/01/2025 05:14,13508,36.76953000,3657930.81559860
16/01/2025 05:15,99516.00000000,99381.75000000,99560.00000000,99355.23000000,82.96055000,8252505.68237210,16/01/2025 05:29,10768,43.16931000,4294970.65449590
16/01/2025 05:30,99433.67000000,99515.99000000,99613.99000000,99396.42000000,100.00786000,9949365.93482080,16/01/2025 05:44,11143,29.68980000,2953938.23082710
16/01/2025 05:45,99382.11000000,99433.67000000,99498.27000000,99372.50000000,83.49153000,8302020.56209580,16/01/2025 05:59,8297,28.96461000,2879610.35663150
16/01/2025 06:00,99472.07000000,99382.11000000,99480.12000000,99322.19000000,86.79788000,8628504.17832360,16/01/2025 06:14,15793,43.29556000,4304312.04478600
16/01/2025 06:15,99680.46000000,99472.07000000,99680.46000000,99416.09000000,147.42503000,14671539.76278810,16/01/2025 06:29,12881,95.70076000,9523722.61044330
16/01/2025 06:30,99810.41000000,99680.45000000,99921.86000000,99680.45000000,350.93836000,35025549.62720480,16/01/2025 06:44,21629,228.76053000,22829834.59801110
16/01/2025 06:45,99801.23000000,99810.42000000,99827.31000000,99703.78000000,114.93879000,11466484.85416510,16/01/2025 06:59,13026,84.18341000,8398091.86147170
16/01/2025 07:00,99767.44000000,99801.22000000,99850.00000000,99715.51000000,114.40231000,11413218.79672000,16/01/2025 07:14,14352,45.93532000,4582745.47801380
16/01/2025 07:15,99715.52000000,99767.44000000,99825.89000000,99650.33000000,91.41435000,9115695.73010450,16/01/2025 07:29,11717,47.75276000,4761837.23912900
16/01/2025 07:30,99756.96000000,99715.52000000,99789.70000000,99665.70000000,115.02327000,11469476.09298390,16/01/2025 07:44,12651,70.35943000,7015677.37783930
16/01/2025 07:45,99799.99000000,99756.96000000,99800.00000000,99692.01000000,82.73882000,8252375.88130850,16/01/2025 07:59,10507,37.03732000,3694095.65268480
16/01/2025 08:00,99790.50000000,99800.00000000,99816.34000000,99715.51000000,175.45273000,17502680.27997290,16/01/2025 08:14,18182,104.95051000,10469051.82570260
16/01/2025 08:15,99549.99000000,99790.49000000,99820.00000000,99410.23000000,147.72057000,14708887.30688540,16/01/2025 08:29,22142,71.26447000,7096180.90649160
16/01/2025 08:30,99052.09000000,99549.99000000,99550.00000000,99005.00000000,340.06521000,33740291.74152380,16/01/2025 08:44,29433,115.48333000,11457679.81722860
16/01/2025 08:45,98955.80000000,99052.08000000,99130.00000000,98617.55000000,801.82811000,79252545.18827140,16/01/2025 08:59,60121,297.98748000,29454992.01841240
16/01/2025 09:00,98838.45000000,98955.81000000,99079.99000000,98649.41000000,406.45684000,40167463.06615170,16/01/2025 09:14,37739,166.49987000,16457461.97006170
16/01/2025 09:15,98947.46000000,98838.44000000,99060.62000000,98699.99000000,509.39664000,50363899.77356400,16/01/2025 09:29,23460,288.22773000,28495997.71817790
16/01/2025 09:30,99067.25000000,98947.45000000,99119.99000000,98824.19000000,177.35301000,17556708.59986590,16/01/2025 09:44,19764,122.52101000,12130332.71046140
16/01/2025 09:45,99152.93000000,99067.25000000,99315.00000000,99056.31000000,162.12604000,16084346.03944060,16/01/2025 09:59,19353,95.78941000,9502185.97877980
16/01/2025 10:00,99237.40000000,99152.93000000,99300.00000000,99122.07000000,145.77859000,14463332.13715820,16/01/2025 10:14,19862,70.54146000,6998212.60056750
16/01/2025 10:15,99345.62000000,99237.41000000,99368.00000000,99159.11000000,155.70815000,15461103.66376240,16/01/2025 10:29,13618,119.82540000,11898620.78517740
16/01/2025 10:30,99223.90000000,99345.63000000,99405.74000000,99217.80000000,104.94022000,10424974.62415590,16/01/2025 10:44,12821,47.09009000,4678370.66385860
16/01/2025 10:45,99214.25000000,99223.90000000,99308.23000000,99200.01000000,52.79119000,5239362.18648330,16/01/2025 10:59,9396,21.24590000,2108468.08956040
16/01/2025 11:00,99202.24000000,99214.26000000,99333.24000000,99030.84000000,210.81779000,20913000.38746580,16/01/2025 11:14,30222,100.33899000,9953449.69240860
16/01/2025 11:15,99064.80000000,99202.24000000,99219.53000000,98699.99000000,560.76771000,55457895.87171090,16/01/2025 11:29,43687,283.72534000,28059095.98951300
16/01/2025 11:30,99076.10000000,99064.80000000,99192.90000000,98924.63000000,129.88403000,12866191.39084500,16/01/2025 11:44,29840,54.23648000,5373005.80031630
16/01/2025 11:45,99158.71000000,99076.10000000,99277.72000000,99040.86000000,143.40921000,14220503.70534670,16/01/2025 11:59,27464,77.32370000,7666052.12828510
16/01/2025 12:00,99261.22000000,99158.70000000,99303.61000000,98886.95000000,212.61164000,21063279.09404930,16/01/2025 12:14,39495,120.10800000,11901435.36576660
16/01/2025 12:15,99210.12000000,99261.22000000,99474.40000000,99188.00000000,218.16270000,21670544.78777030,16/01/2025 12:29,40383,123.92814000,12310508.68975730
16/01/2025 12:30,99362.30000000,99210.12000000,99517.93000000,99203.10000000,211.18390000,20983969.01219370,16/01/2025 12:44,36966,112.54056000,11182187.57885250
16/01/2025 12:45,99392.09000000,99362.30000000,99500.01000000,99268.98000000,218.86512000,21749817.62840660,16/01/2025 12:59,29016,116.35738000,11563130.73876240
16/01/2025 13:00,98907.26000000,99392.09000000,99424.81000000,98857.98000000,335.44560000,33237658.98892460,16/01/2025 13:14,62674,167.41597000,16587398.67985580
16/01/2025 13:15,98830.70000000,98907.26000000,99176.00000000,98777.87000000,282.29368000,27945773.32904640,16/01/2025 13:29,41188,140.44473000,13902166.62849190
16/01/2025 13:30,99391.59000000,98830.71000000,99461.93000000,98830.70000000,606.39158000,60091372.15564050,16/01/2025 13:44,95304,328.79747000,32583942.23489650
16/01/2025 13:45,99084.04000000,99391.59000000,99432.00000000,99054.45000000,261.64483000,25955241.75623850,16/01/2025 13:59,56160,109.74768000,10886854.62922390
16/01/2025 14:00,99134.69000000,99084.05000000,99164.81000000,98860.44000000,283.85569000,28107788.93128330,16/01/2025 14:14,52235,158.01903000,15650676.11077860
16/01/2025 14:15,99345.27000000,99134.70000000,99424.96000000,99134.25000000,235.72447000,23400862.00592240,16/01/2025 14:29,35102,160.99580000,15985100.94457840
16/01/2025 14:30,98260.61000000,99345.27000000,99345.27000000,98222.15000000,814.83683000,80438520.10658360,16/01/2025 14:44,125986,289.29642000,28564133.16604160
16/01/2025 14:45,97618.89000000,98262.00000000,98262.00000000,97489.74000000,1690.44761000,165316418.67654770,16/01/2025 14:59,153275,795.50748000,77786659.10729770
16/01/2025 15:00,97813.15000000,97618.88000000,98292.29000000,97335.13000000,1163.21812000,113684290.93922090,16/01/2025 15:14,127205,633.28091000,61907347.27848210
16/01/2025 15:15,98414.57000000,97813.16000000,98436.82000000,97741.05000000,487.20117000,47818923.25282560,16/01/2025 15:29,87118,278.40510000,27325387.95227630
16/01/2025 15:30,98321.09000000,98414.57000000,98533.00000000,98041.66000000,356.43205000,35038922.34837240,16/01/2025 15:44,85148,175.76556000,17277123.44929400
16/01/2025 15:45,99296.17000000,98321.08000000,99299.00000000,98208.73000000,574.61503000,56758122.82075550,16/01/2025 15:59,87059,345.10498000,34092514.22302570
16/01/2025 16:00,99418.82000000,99296.17000000,99815.27000000,99180.99000000,786.54795000,78281338.23038630,16/01/2025 16:14,107005,424.40609000,42242552.59831020
16/01/2025 16:15,99714.85000000,99418.81000000,99726.63000000,99079.05000000,435.84500000,43313826.89994660,16/01/2025 16:29,78728,204.48661000,20324340.43126240
16/01/2025 16:30,99310.75000000,99714.85000000,99873.37000000,99280.81000000,459.79669000,45814666.14058050,16/01/2025 16:44,79568,237.08338000,23631208.15596750
16/01/2025 16:45,99346.39000000,99310.76000000,99511.11000000,99179.10000000,363.03926000,36073231.13282230,16/01/2025 16:59,55172,163.42452000,16238794.69923150
16/01/2025 17:00,99394.40000000,99346.39000000,99500.00000000,99178.30000000,246.17942000,24454800.19192670,16/01/2025 17:14,49046,137.54711000,13662378.97681210
16/01/2025 17:15,99868.92000000,99394.39000000,99884.66000000,99264.00000000,210.93286000,21000751.00948570,16/01/2025 17:29,56978,129.19818000,12867924.37127920
16/01/2025 17:30,99995.98000000,99868.92000000,100361.54000000,99820.89000000,621.50478000,62202461.17352730,16/01/2025 17:44,89573,313.29156000,31351339.13283250
16/01/2025 17:45,99838.54000000,99995.98000000,100100.00000000,99728.00000000,301.05250000,30070650.74635310,16/01/2025 17:59,50411,146.22814000,14604369.35995040
16/01/2025 18:00,99647.54000000,99838.55000000,100070.80000000,99632.22000000,297.75334000,29730926.29154240,16/01/2025 18:14,33351,128.93058000,12874746.09205060
16/01/2025 18:15,99495.33000000,99647.53000000,99674.25000000,99461.52000000,193.54554000,19266867.59746490,16/01/2025 18:29,33476,72.38328000,7205506.89787040
16/01/2025 18:30,99395.98000000,99495.33000000,99581.00000000,99290.47000000,223.52080000,22234109.06605950,16/01/2025 18:44,52197,125.60947000,12493545.42886540
16/01/2025 18:45,99584.24000000,99395.98000000,99647.75000000,99260.45000000,194.78580000,19374702.64366770,16/01/2025 18:59,37408,97.10643000,9657863.80854890
16/01/2025 19:00,99738.52000000,99584.23000000,99789.00000000,99408.00000000,166.41897000,16578105.03351510,16/01/2025 19:14,31898,66.46373000,6620916.31137180
16/01/2025 19:15,99772.05000000,99738.53000000,99862.66000000,99577.48000000,142.57012000,14220245.97848120,16/01/2025 19:29,31198,61.77501000,6161292.18380660
16/01/2025 19:30,100027.70000000,99772.05000000,100060.30000000,99698.71000000,269.63082000,26947925.87018130,16/01/2025 19:44,32028,127.81727000,12775344.66531280
16/01/2025 19:45,100417.20000000,100027.70000000,100448.72000000,100026.25000000,432.59224000,43378607.24680960,16/01/2025 19:59,34587,248.39107000,24907806.46342270
16/01/2025 20:00,100413.92000000,100417.20000000,100598.21000000,100256.85000000,552.75554000,55520928.57710050,16/01/2025 20:14,48464,270.18976000,27143841.29859580
16/01/2025 20:15,100615.64000000,100413.92000000,100615.65000000,100259.14000000,307.75490000,30910321.82480870,16/01/2025 20:29,47394,139.64111000,14027070.24352290
16/01/2025 20:30,100501.90000000,100615.64000000,100641.99000000,100464.00000000,271.83741000,27336426.89866880,16/01/2025 20:44,40909,111.90090000,11252925.57740870
16/01/2025 20:45,100343.99000000,100501.90000000,100607.10000000,100290.60000000,375.34992000,37719005.59574040,16/01/2025 20:59,50747,183.98692000,18487675.66120160
16/01/2025 21:00,100210.04000000,100344.00000000,100399.33000000,100149.81000000,190.40273000,19085065.95425670,16/01/2025 21:14,28269,69.39101000,6954627.66271360
16/01/2025 21:15,99880.09000000,100210.05000000,100230.42000000,99717.60000000,331.03101000,33082829.46975410,16/01/2025 21:29,38620,108.38399000,10829651.97803530
16/01/2025 21:30,100187.99000000,99880.09000000,100210.33000000,99815.16000000,150.58485000,15059622.21353890,16/01/2025 21:44,23147,81.95545000,8198332.87629360
16/01/2025 21:45,100156.98000000,100187.99000000,100230.76000000,99912.49000000,189.90231000,19009479.51019190,16/01/2025 21:59,23527,81.64678000,8173127.72273420
16/01/2025 22:00,99915.37000000,100156.98000000,100156.98000000,99858.62000000,165.29179000,16522421.78024440,16/01/2025 22:14,17995,52.84357000,5281645.13132860
16/01/2025 22:15,99596.80000000,99915.37000000,99990.00000000,99567.82000000,121.91260000,12159515.06791890,16/01/2025 22:29,19306,36.38059000,3627760.45922680
16/01/2025 22:30,99551.80000000,99596.80000000,99625.20000000,99377.00000000,147.12991000,14640919.45943150,16/01/2025 22:44,25763,69.71281000,6936592.85492230
16/01/2025 22:45,99838.25000000,99551.81000000,99842.69000000,99506.76000000,109.24471000,10885804.48637910,16/01/2025 22:59,17514,56.18883000,5598846.22351680
16/01/2025 23:00,100002.14000000,99838.25000000,100100.00000000,99746.00000000,336.36751000,33616746.49857760,16/01/2025 23:14,32539,212.15321000,21205555.83317040
16/01/2025 23:15,99891.23000000,100002.15000000,100115.87000000,99828.16000000,161.95294000,16187395.23123260,16/01/2025 23:29,23857,84.70559000,8465983.31937560
16/01/2025 23:30,100099.99000000,99891.23000000,100115.87000000,99821.19000000,87.07776000,8704277.02333760,16/01/2025 23:44,16401,36.25670000,3624343.47015950
16/01/2025 23:45,99987.30000000,100100.00000000,100100.00000000,99974.13000000,74.50326000,7452801.47803700,16/01/2025 23:59,15549,24.39835000,2440478.79535390
17/01/2025 00:00,100277.80000000,99987.30000000,100350.00000000,99950.77000000,203.64377000,20394252.99812680,17/01/2025 00:14,29878,115.27815000,11544439.91562640
17/01/2025 00:15,100156.00000000,100277.79000000,100434.96000000,100065.24000000,328.07930000,32877738.53772810,17/01/2025 00:29,29149,165.90605000,16626815.21298910
17/01/2025 00:30,100190.30000000,100155.99000000,100300.00000000,100113.90000000,122.52174000,12275353.02775120,17/01/2025 00:44,23518,58.06244000,5816697.69033300
17/01/2025 00:45,100120.58000000,100190.31000000,100190.31000000,100064.85000000,79.24785000,7933972.29297290,17/01/2025 00:59,12901,33.36576000,3340225.02785060
17/01/2025 01:00,100080.79000000,100120.58000000,100300.00000000,100060.35000000,177.16957000,17748299.93513270,17/01/2025 01:14,20887,89.69424000,8985880.72921330
17/01/2025 01:15,100215.07000000,100080.78000000,100256.00000000,100050.00000000,135.51660000,13569851.29504790,17/01/2025 01:29,17754,67.70155000,6779458.48077360
17/01/2025 01:30,101635.49000000,100215.07000000,101666.00000000,100204.83000000,1792.29109000,181194345.49286570,17/01/2025 01:44,130600,1281.45392000,129527987.24024490
17/01/2025 01:45,101659.80000000,101635.50000000,101833.28000000,101210.89000000,1024.05979000,104027952.03142850,17/01/2025 01:59,87696,438.55158000,44550801.01078470
17/01/2025 02:00,101812.49000000,101659.80000000,101812.50000000,101467.36000000,385.03160000,39129287.68521500,17/01/2025 02:14,56076,248.31684000,25234990.12162500
17/01/2025 02:15,101858.15000000,101812.49000000,102148.13000000,101803.13000000,968.02958000,98728320.33239330,17/01/2025 02:29,78898,647.49216000,66037250.19479220
17/01/2025 02:30,101563.96000000,101858.15000000,101928.64000000,101549.52000000,427.32874000,43458551.98952170,17/01/2025 02:44,44457,173.79330000,17675273.21190220
17/01/2025 02:45,101100.00000000,101563.95000000,101563.96000000,100780.54000000,488.99312000,49431478.59831690,17/01/2025 02:59,72450,215.64593000,21790911.02064120
17/01/2025 03:00,101013.99000000,101100.00000000,101271.74000000,100986.79000000,236.32106000,23904270.55899400,17/01/2025 03:14,28335,105.99192000,10721913.21776880
17/01/2025 03:15,100983.56000000,101013.98000000,101129.69000000,100943.77000000,162.75214000,16440041.93410780,17/01/2025 03:29,21396,91.44615000,9237473.44143110
17/01/2025 03:30,101041.61000000,100983.57000000,101258.17000000,100983.56000000,183.09895000,18508879.63706930,17/01/2025 03:44,23326,107.15098000,10832631.50826530
17/01/2025 03:45,101051.73000000,101041.61000000,101142.82000000,100982.26000000,177.45924000,17934984.83632360,17/01/2025 03:59,17952,79.98824000,8084056.82838140
17/01/2025 04:00,101000.81000000,101051.73000000,101282.76000000,100965.67000000,180.12529000,18210096.81598540,17/01/2025 04:14,19825,105.05211000,10620649.72527420
17/01/2025 04:15,101194.00000000,101000.81000000,101219.10000000,100952.10000000,213.31666000,21570325.82682740,17/01/2025 04:29,20967,127.25415000,12867978.08677970
17/01/2025 04:30,101180.32000000,101194.00000000,101223.13000000,101030.00000000,108.04333000,10923445.36398340,17/01/2025 04:44,15057,48.03369000,4855912.24821050
17/01/2025 04:45,101481.29000000,101180.32000000,101490.78000000,101132.13000000,183.97109000,18643199.30655750,17/01/2025 04:59,21024,133.55200000,13534467.08234120
17/01/2025 05:00,101668.51000000,101481.28000000,101778.94000000,101404.16000000,278.25730000,28275925.79192960,17/01/2025 05:14,25517,184.85559000,18785360.89918470
17/01/2025 05:15,101624.99000000,101668.52000000,101782.02000000,101603.67000000,174.62589000,17753472.49968510,17/01/2025 05:29,20180,84.50848000,8592641.21500470
17/01/2025 05:30,101400.00000000,101624.99000000,101698.85000000,101343.33000000,206.57006000,20974610.41986050,17/01/2025 05:44,24824,65.90863000,6693615.07247420
17/01/2025 05:45,101334.05000000,101399.99000000,101520.00000000,101301.40000000,246.40359000,24985092.89255350,17/01/2025 05:59,18395,83.65668000,8484347.48657420
17/01/2025 06:00,101532.14000000,101334.06000000,101537.86000000,101334.05000000,130.54531000,13244668.57784370,17/01/2025 06:14,14159,67.42444000,6840254.26146670
17/01/2025 06:15,101435.39000000,101532.15000000,101586.96000000,101435.39000000,80.13427000,8135267.92129860,17/01/2025 06:29,12563,38.00130000,3857843.28135760
17/01/2025 06:30,101457.92000000,101435.39000000,101481.58000000,101402.56000000,98.38789000,9980020.99569930,17/01/2025 06:44,13144,28.31865000,2872542.66181330
17/01/2025 06:45,101408.99000000,101457.91000000,101457.92000000,101302.60000000,104.80921000,10625790.99551960,17/01/2025 06:59,12217,36.53579000,3703947.28049450
17/01/2025 07:00,101618.83000000,101409.00000000,101661.00000000,101408.99000000,226.49787000,22993342.98386340,17/01/2025 07:14,17456,165.78063000,16829729.73155740
17/01/2025 07:15,101629.72000000,101618.83000000,101697.99000000,101563.82000000,100.09613000,10172572.93773550,17/01/2025 07:29,13287,58.06820000,5901455.41609550
17/01/2025 07:30,101668.51000000,101629.72000000,101899.49000000,101442.27000000,484.94703000,49288047.78232460,17/01/2025 07:44,37258,243.01997000,24699053.31537610
17/01/2025 07:45,101440.50000000,101668.51000000,101737.20000000,101401.00000000,381.75438000,38765775.04777280,17/01/2025 07:59,24737,154.62826000,15700099.86765550
17/01/2025 08:00,101696.01000000,101440.51000000,101772.36000000,101439.77000000,356.70861000,36256228.10709760,17/01/2025 08:14,23324,196.67642000,19988325.55523150
17/01/2025 08:15,101899.99000000,101696.02000000,101900.00000000,101645.33000000,356.50413000,36292430.04680590,17/01/2025 08:29,28141,257.66673000,26233308.97074010
17/01/2025 08:30,101964.60000000,101900.00000000,102190.00000000,101880.01000000,726.71451000,74145412.06505880,17/01/2025 08:44,45621,458.10711000,46738838.81724200
17/01/2025 08:45,102136.01000000,101964.61000000,102220.14000000,101695.00000000,524.86126000,53512305.67642720,17/01/2025 08:59,40601,304.41590000,31045063.96818640
17/01/2025 09:00,102182.19000000,102136.00000000,102288.00000000,102079.72000000,389.66068000,39823075.54903050,17/01/2025 09:14,39907,230.30756000,23536639.63766510
17/01/2025 09:15,102026.07000000,102182.19000000,102217.66000000,101992.37000000,341.30838000,34836017.53653530,17/01/2025 09:29,28415,175.35771000,17897366.70729450
17/01/2025 09:30,101801.53000000,102026.07000000,102038.53000000,101784.76000000,238.25027000,24273188.94738650,17/01/2025 09:44,28330,129.43296000,13186093.56725300
17/01/2025 09:45,101861.26000000,101801.53000000,101940.12000000,101743.19000000,207.99874000,21181404.74570380,17/01/2025 09:59,23099,92.67770000,9437765.01075690
17/01/2025 10:00,102057.60000000,101861.26000000,102149.34000000,101794.14000000,299.60821000,30549511.06999680,17/01/2025 10:14,35439,161.21812000,16440026.76086930
17/01/2025 10:15,102232.64000000,102057.61000000,102250.00000000,102000.52000000,371.80069000,37968396.02091580,17/01/2025 10:29,31354,215.21022000,21976157.06983340
17/01/2025 10:30,102372.23000000,102232.64000000,102581.45000000,102173.59000000,694.88598000,71158933.56506220,17/01/2025 10:44,49236,450.88915000,46168523.18968000
17/01/2025 10:45,102321.53000000,102372.23000000,102411.78000000,102255.27000000,183.29456000,18755725.36508780,17/01/2025 10:59,26097,82.99159000,8491524.63126110
17/01/2025 11:00,102211.13000000,102321.54000000,102321.54000000,102082.64000000,252.35471000,25785468.08249340,17/01/2025 11:14,25553,79.48540000,8121080.60286510
17/01/2025 11:15,102338.66000000,102211.12000000,102443.50000000,102195.89000000,145.66084000,14908986.51182380,17/01/2025 11:29,18115,80.13949000,8201237.42513730
17/01/2025 11:30,102312.02000000,102338.66000000,102385.49000000,102211.45000000,174.70896000,17873731.80208700,17/01/2025 11:44,20380,78.25081000,8005381.82923380
17/01/2025 11:45,102237.60000000,102312.02000000,102312.03000000,102225.95000000,116.16264000,11879750.17970970,17/01/2025 11:59,17810,61.08815000,6247294.11212300
17/01/2025 12:00,102519.99000000,102237.60000000,102568.99000000,102195.90000000,225.11747000,23046976.65669680,17/01/2025 12:14,25120,134.75312000,13795154.82009190
17/01/2025 12:15,102529.24000000,102519.99000000,102666.00000000,102429.24000000,230.50460000,23640778.69223110,17/01/2025 12:29,25506,114.54929000,11749145.69979350
17/01/2025 12:30,102711.44000000,102529.24000000,102789.00000000,102374.25000000,486.11257000,49874736.21383090,17/01/2025 12:44,34565,300.20633000,30803131.56803850
17/01/2025 12:45,102745.69000000,102711.43000000,102959.66000000,102705.35000000,425.90550000,43801861.29427290,17/01/2025 12:59,43042,214.92103000,22102135.22233130
17/01/2025 13:00,102772.00000000,102745.68000000,102980.00000000,102745.68000000,226.57726000,23307300.49723710,17/01/2025 13:14,28957,105.37169000,10839740.76667180
17/01/2025 13:15,102552.00000000,102772.00000000,102834.22000000,102513.03000000,307.25339000,31535182.68788180,17/01/2025 13:29,34097,147.40948000,15128024.68301420
17/01/2025 13:30,102771.95000000,102552.01000000,102839.02000000,102422.45000000,359.27798000,36876503.73175800,17/01/2025 13:44,39206,197.42184000,20263723.20257470
17/01/2025 13:45,102474.14000000,102771.95000000,102815.92000000,102431.56000000,197.93445000,20308756.79581220,17/01/2025 13:59,29645,67.83122000,6958424.89339850
17/01/2025 14:00,102543.04000000,102474.14000000,102713.80000000,102470.81000000,213.94472000,21950632.45681290,17/01/2025 14:14,30229,110.69165000,11356434.79138630
17/01/2025 14:15,102751.39000000,102543.05000000,102782.20000000,102530.11000000,287.52848000,29529041.90618020,17/01/2025 14:29,32201,171.09075000,17571277.20822210
17/01/2025 14:30,102546.33000000,102751.38000000,103200.00000000,102279.41000000,1418.09392000,145771010.47630450,17/01/2025 14:44,153729,710.73410000,73100743.87299490
17/01/2025 14:45,103378.95000000,102546.34000000,103395.47000000,102537.27000000,947.82540000,97593510.74482100,17/01/2025 14:59,110837,592.55860000,61019446.62017590
17/01/2025 15:00,104055.18000000,103379.23000000,104224.00000000,103285.79000000,1638.37906000,170128125.88408510,17/01/2025 15:14,144903,1020.22901000,105942872.95848130
17/01/2025 15:15,103963.32000000,104055.17000000,104254.19000000,103508.54000000,1041.29414000,108190708.86928690,17/01/2025 15:29,111344,471.07571000,48944690.90952950
17/01/2025 15:30,103920.38000000,103963.32000000,104127.91000000,103648.59000000,838.94601000,87192536.34018530,17/01/2025 15:44,83556,444.61727000,46212754.55590830
17/01/2025 15:45,104000.00000000,103920.38000000,104000.00000000,103665.40000000,453.68013000,47124731.19418440,17/01/2025 15:59,55223,229.36026000,23823988.62386140
17/01/2025 16:00,104450.63000000,104000.00000000,104463.13000000,103841.18000000,815.43258000,84908021.87395510,17/01/2025 16:14,67826,477.60262000,49738276.32720280
17/01/2025 16:15,104601.95000000,104450.63000000,104777.00000000,104419.20000000,1124.69832000,117596720.94424570,17/01/2025 16:29,89303,665.98063000,69624454.27331160
17/01/2025 16:30,104810.07000000,104601.95000000,104945.00000000,104500.00000000,598.88116000,62752100.12195120,17/01/2025 16:44,61388,328.22491000,34395152.70760460
17/01/2025 16:45,104972.81000000,104810.07000000,105000.00000000,104615.61000000,542.01408000,56840041.95777650,17/01/2025 16:59,55943,251.35919000,26365261.89266300
17/01/2025 17:00,104753.34000000,104972.81000000,104996.00000000,104650.34000000,474.51942000,49757181.72410020,17/01/2025 17:14,59841,169.00025000,17720576.10212170
17/01/2025 17:15,105015.11000000,104753.34000000,105269.24000000,104700.01000000,877.48527000,92153014.38869340,17/01/2025 17:29,64609,484.54900000,50886225.95095260
17/01/2025 17:30,104257.52000000,105015.12000000,105152.52000000,104194.00000000,825.46670000,86302803.55150300,17/01/2025 17:44,78816,277.93182000,29058921.71162580
17/01/2025 17:45,104125.46000000,104259.18000000,104477.86000000,104025.49000000,456.96970000,47622323.49346710,17/01/2025 17:59,52613,186.85507000,19475701.11899190
17/01/2025 18:00,104387.98000000,104125.46000000,104405.00000000,104039.05000000,381.34323000,39743412.87655520,17/01/2025 18:14,44213,203.72307000,21229386.45275900
17/01/2025 18:15,104613.95000000,104387.98000000,104740.00000000,104348.88000000,331.32604000,34653074.44772700,17/01/2025 18:29,49323,169.44996000,17719510.49184140
17/01/2025 18:30,104723.21000000,104613.96000000,104852.56000000,104514.15000000,291.50777000,30517297.60335790,17/01/2025 18:44,37212,129.20398000,13527538.08466280
17/01/2025 18:45,104835.68000000,104723.20000000,104946.01000000,104702.53000000,303.55584000,31826068.10085480,17/01/2025 18:59,36353,153.00475000,16040719.48971220
17/01/2025 19:00,105128.92000000,104835.68000000,105128.92000000,104684.21000000,372.49491000,39075584.36387510,17/01/2025 19:14,44015,220.11911000,23095992.56445180
17/01/2025 19:15,105409.29000000,105128.92000000,105772.98000000,105061.58000000,981.84680000,103563326.64808970,17/01/2025 19:29,83147,607.33343000,64055169.06878730
17/01/2025 19:30,105634.32000000,105409.29000000,105650.00000000,105140.95000000,423.11273000,44571820.24069140,17/01/2025 19:44,45884,186.84569000,19687517.07484210
17/01/2025 19:45,105834.93000000,105634.31000000,105865.22000000,105493.98000000,536.19910000,56686061.12389420,17/01/2025 19:59,46160,270.60706000,28610237.32154160
17/01/2025 20:00,105449.99000000,105834.93000000,105847.02000000,105286.94000000,504.27356000,53218825.69504930,17/01/2025 20:14,58226,226.88366000,23939348.17522790
17/01/2025 20:15,105310.01000000,105449.99000000,105561.88000000,105260.09000000,587.44094000,61929226.14274100,17/01/2025 20:29,45503,279.24595000,29437642.55086140
17/01/2025 20:30,105033.63000000,105310.01000000,105338.77000000,104873.95000000,605.41891000,63646189.17917390,17/01/2025 20:44,63424,264.70975000,27827511.71618820
17/01/2025 20:45,104692.70000000,105033.63000000,105048.46000000,104539.18000000,549.34371000,57586422.66931860,17/01/2025 20:59,54732,287.23489000,30110587.16472120
17/01/2025 21:00,104779.99000000,104692.70000000,104900.01000000,104539.64000000,638.24545000,66820108.45620750,17/01/2025 21:14,41077,284.90917000,29829190.41612730
17/01/2025 21:15,104988.67000000,104779.99000000,105041.05000000,104705.48000000,288.14637000,30218309.48192180,17/01/2025 21:29,29774,132.72661000,13919352.98216260
17/01/2025 21:30,104820.01000000,104988.66000000,105027.21000000,104680.00000000,236.77325000,24819442.15337550,17/01/2025 21:44,27646,84.10855000,8815286.92080440
17/01/2025 21:45,104604.49000000,104820.02000000,104905.15000000,104462.02000000,267.95850000,28033945.63871840,17/01/2025 21:59,24236,111.26790000,11640419.00029500
17/01/2025 22:00,104401.20000000,104604.49000000,104694.42000000,104372.60000000,242.86616000,25391370.86163580,17/01/2025 22:14,23433,87.91825000,9192276.82394940
17/01/2025 22:15,104586.30000000,104401.10000000,104586.31000000,104344.00000000,210.69632000,22004549.03687020,17/01/2025 22:29,18280,120.97472000,12635159.25119610
17/01/2025 22:30,104580.79000000,104586.30000000,104650.00000000,104445.06000000,180.29349000,18853027.22509600,17/01/2025 22:44,17817,77.82149000,8137844.13358990
17/01/2025 22:45,104410.39000000,104580.80000000,104580.80000000,104204.00000000,204.49844000,21344458.93191330,17/01/2025 22:59,30691,87.71786000,9154169.60292390
17/01/2025 23:00,104448.21000000,104410.40000000,104467.99000000,104240.66000000,169.85383000,17725195.15817120,17/01/2025 23:14,24255,76.78730000,8013297.29829110
17/01/2025 23:15,104425.24000000,104448.21000000,104526.32000000,104408.22000000,119.01124000,12431899.01986430,17/01/2025 23:29,14808,50.50277000,5275175.90646040
17/01/2025 23:30,104263.70000000,104425.24000000,104425.24000000,104263.70000000,102.81379000,10725829.34175450,17/01/2025 23:44,12137,36.10792000,3766815.11164700
17/01/2025 23:45,104077.48000000,104263.71000000,104263.71000000,104065.25000000,158.47762000,16504135.96725950,17/01/2025 23:59,14757,51.33152000,5345554.78119880
18/01/2025 00:00,104359.99000000,104077.47000000,104401.06000000,104075.34000000,303.52601000,31636403.80604420,18/01/2025 00:14,28469,176.03039000,18348477.31602980
18/01/2025 00:15,104224.88000000,104360.00000000,104476.55000000,104210.52000000,123.19799000,12853129.83593340,18/01/2025 00:29,18615,61.68446000,6435788.74721210
18/01/2025 00:30,104578.83000000,104224.88000000,104608.41000000,104210.52000000,125.25118000,13078187.56741970,18/01/2025 00:44,21772,72.12437000,7531664.22649340
18/01/2025 00:45,104656.87000000,104578.84000000,104656.87000000,104535.19000000,86.80193000,9077520.43481830,18/01/2025 00:59,17688,44.16625000,4618841.81309170
18/01/2025 01:00,104438.60000000,104656.87000000,104656.87000000,104431.22000000,157.73103000,16482444.45125950,18/01/2025 01:14,23173,60.04306000,6274524.21886140
18/01/2025 01:15,104585.01000000,104438.60000000,104636.21000000,104312.95000000,204.19447000,21339778.87897080,18/01/2025 01:29,25864,104.68166000,10939344.24954470
18/01/2025 01:30,104282.01000000,104585.01000000,104585.01000000,104282.01000000,184.22353000,19233821.16815410,18/01/2025 01:44,20514,39.67432000,4140854.48538670
18/01/2025 01:45,104268.14000000,104282.01000000,104282.02000000,104082.19000000,287.28834000,29931655.58071130,18/01/2025 01:59,25795,100.05750000,10425216.09530770
18/01/2025 02:00,104377.53000000,104268.14000000,104425.91000000,104268.14000000,100.99780000,10541206.38725880,18/01/2025 02:14,14809,44.22574000,4615489.91123350
18/01/2025 02:15,104398.00000000,104377.54000000,104460.60000000,104377.53000000,80.80495000,8437388.87164950,18/01/2025 02:29,11824,32.75839000,3420486.63363720
18/01/2025 02:30,104406.03000000,104398.00000000,104480.74000000,104362.00000000,102.20468000,10670255.90439060,18/01/2025 02:44,11452,36.60269000,3821292.14383870
18/01/2025 02:45,104327.98000000,104406.03000000,104500.00000000,104259.98000000,148.63907000,15513343.44927810,18/01/2025 02:59,18755,40.40413000,4216592.63001410
18/01/2025 03:00,104413.04000000,104327.99000000,104479.31000000,104300.99000000,122.95902000,12835239.80456390,18/01/2025 03:14,21591,64.51096000,6734250.84889370
18/01/2025 03:15,104190.72000000,104413.03000000,104413.04000000,104073.99000000,214.04024000,22308983.11420430,18/01/2025 03:29,25385,74.58872000,7770971.14125150
18/01/2025 03:30,103290.80000000,104190.71000000,104235.22000000,103000.25000000,763.51217000,79079502.72001830,18/01/2025 03:44,75819,232.43713000,24078934.07403350
18/01/2025 03:45,103559.82000000,103291.07000000,103686.00000000,103220.01000000,513.45317000,53162620.33270190,18/01/2025 03:59,57968,264.46325000,27381631.23812780
18/01/2025 04:00,103501.35000000,103559.82000000,103726.23000000,103460.09000000,261.51872000,27097900.01675740,18/01/2025 04:14,29022,136.22366000,14116922.33270360
18/01/2025 04:15,103010.34000000,103501.35000000,103501.35000000,102666.55000000,750.90788000,77343848.57326790,18/01/2025 04:29,65837,373.23638000,38430179.98564470
18/01/2025 04:30,103460.81000000,103010.34000000,103533.90000000,103010.34000000,251.43710000,25990619.66780930,18/01/2025 04:44,35433,131.32153000,13572200.13985990
18/01/2025 04:45,103599.27000000,103460.80000000,103600.00000000,103281.25000000,202.12092000,20910103.21292080,18/01/2025 04:59,26518,81.12339000,8393678.72023480
18/01/2025 05:00,103398.50000000,103599.27000000,103758.18000000,103312.51000000,282.28284000,29228536.16655360,18/01/2025 05:14,36226,105.90922000,10973333.57878610
18/01/2025 05:15,103660.77000000,103398.51000000,103771.21000000,103309.48000000,271.49493000,28125621.30494350,18/01/2025 05:29,34428,174.37438000,18066820.64090490
18/01/2025 05:30,103449.15000000,103660.77000000,103696.00000000,103367.34000000,196.80292000,20370098.87238040,18/01/2025 05:44,33922,86.07014000,8907220.36104760
18/01/2025 05:45,102829.27000000,103449.15000000,103571.44000000,102818.00000000,627.50401000,64761918.20080860,18/01/2025 05:59,56786,218.99295000,22595032.52563310
18/01/2025 06:00,103236.55000000,102829.27000000,103288.00000000,102822.16000000,314.53747000,32427638.58565670,18/01/2025 06:14,48718,177.43154000,18290893.81271060
18/01/2025 06:15,103182.66000000,103236.55000000,103390.00000000,103160.05000000,235.30934000,24297509.86995630,18/01/2025 06:29,27127,102.36906000,10570651.57199810
18/01/2025 06:30,103390.39000000,103182.65000000,103636.91000000,103014.62000000,383.31355000,39617515.36683130,18/01/2025 06:44,39261,216.69965000,22392962.58676400
18/01/2025 06:45,103440.39000000,103390.40000000,103586.21000000,103368.34000000,196.31889000,20316772.72743870,18/01/2025 06:59,21288,105.63264000,10931113.25653020
18/01/2025 07:00,103030.86000000,103440.39000000,103488.90000000,103030.85000000,173.23448000,17894744.18149300,18/01/2025 07:14,23477,62.20696000,6428131.26035610
18/01/2025 07:15,103193.66000000,103030.85000000,103279.61000000,102958.93000000,232.93408000,24021469.03052370,18/01/2025 07:29,26452,140.03318000,14443603.70053360
18/01/2025 07:30,102823.43000000,103193.66000000,103193.67000000,102722.61000000,291.68275000,30012378.75016360,18/01/2025 07:44,33270,109.99788000,11315931.99899670
18/01/2025 07:45,102821.75000000,102823.44000000,102885.39000000,102602.48000000,265.73152000,27296403.17809670,18/01/2025 07:59,30164,110.25383000,11327253.56031590
18/01/2025 08:00,102587.98000000,102821.75000000,102821.75000000,102277.55000000,484.12512000,49614407.22859740,18/01/2025 08:14,57926,187.88629000,19253889.48960920
18/01/2025 08:15,102804.00000000,102587.99000000,102804.00000000,102336.00000000,414.06943000,42457658.03220080,18/01/2025 08:29,50151,216.17284000,22167654.70521020
18/01/2025 08:30,103194.43000000,102803.99000000,103209.55000000,102787.20000000,387.71048000,39956729.76781540,18/01/2025 08:44,46063,227.80732000,23473765.49161500
18/01/2025 08:45,103272.00000000,103194.43000000,103344.70000000,103112.00000000,209.82895000,21658580.41830420,18/01/2025 08:59,30464,125.21974000,12925252.51856070
18/01/2025 09:00,103232.23000000,103271.99000000,103321.70000000,103177.00000000,199.69560000,20618180.64541900,18/01/2025 09:14,23950,96.22771000,9935107.52430730
18/01/2025 09:15,103455.17000000,103232.22000000,103455.89000000,103160.50000000,266.54186000,27539990.66260820,18/01/2025 09:29,36242,116.14841000,12001545.71511080
18/01/2025 09:30,103121.23000000,103455.17000000,103455.18000000,103059.11000000,170.21168000,17573313.23254220,18/01/2025 09:44,31185,62.72644000,6475515.99122100
18/01/2025 09:45,103159.29000000,103121.24000000,103223.69000000,103072.06000000,107.56665000,11097598.10023820,18/01/2025 09:59,17344,46.98836000,4847810.88168800
18/01/2025 10:00,102900.96000000,103159.29000000,103294.35000000,102850.00000000,174.06144000,17941374.78798350,18/01/2025 10:14,30004,67.11952000,6918742.38980570
18/01/2025 10:15,103167.32000000,102900.96000000,103258.66000000,102828.95000000,223.19327000,22996956.82381600,18/01/2025 10:29,34478,130.48163000,13445183.66748000
18/01/2025 10:30,102979.58000000,103167.33000000,103233.05000000,102870.06000000,284.73137000,29345112.53045940,18/01/2025 10:44,39852,120.44503000,12417048.99194150
18/01/2025 10:45,103184.64000000,102979.49000000,103278.28000000,102837.19000000,223.15274000,23000834.79918140,18/01/2025 10:59,37000,142.83662000,14720396.41398400
18/01/2025 11:00,103012.54000000,103184.64000000,103184.64000000,102932.01000000,134.60957000,13870277.71947350,18/01/2025 11:14,36726,64.35330000,6631149.37072920
18/01/2025 11:15,103355.17000000,103012.54000000,103387.96000000,102981.64000000,187.59556000,19360712.18119910,18/01/2025 11:29,25761,106.98499000,11041489.11026900
18/01/2025 11:30,103691.44000000,103355.18000000,103691.45000000,103230.24000000,348.44701000,36070898.53537940,18/01/2025 11:44,36690,215.38724000,22299936.97321790
18/01/2025 11:45,103589.29000000,103691.45000000,103883.01000000,103567.52000000,298.57475000,30971334.87236100,18/01/2025 11:59,35746,134.23459000,13926259.89587250
18/01/2025 12:00,103626.19000000,103589.29000000,103700.00000000,103500.00000000,140.45663000,14549599.95761870,18/01/2025 12:14,31328,68.70904000,7116797.55802760
18/01/2025 12:15,103609.45000000,103626.18000000,104035.28000000,103603.59000000,378.83358000,39333094.87531880,18/01/2025 12:29,35049,235.06115000,24408125.48090770
18/01/2025 12:30,103533.97000000,103609.44000000,103688.88000000,103372.08000000,220.11319000,22789243.16615770,18/01/2025 12:44,36512,92.19273000,9546102.41746620
18/01/2025 12:45,103457.34000000,103533.98000000,103615.99000000,103457.33000000,112.40782000,11639411.88582050,18/01/2025 12:59,21579,41.61036000,4308813.31670290
18/01/2025 13:00,103310.60000000,103457.34000000,103500.00000000,103107.65000000,253.70800000,26215473.93315400,18/01/2025 13:14,36350,85.96073000,8884716.50429760
18/01/2025 13:15,103488.98000000,103310.60000000,103520.00000000,103224.26000000,105.16562000,10874362.73596860,18/01/2025 13:29,23705,67.85315000,7016836.13700060
18/01/2025 13:30,103860.00000000,103488.98000000,103968.01000000,103456.78000000,280.04346000,29070206.49785550,18/01/2025 13:44,41967,184.83264000,19184191.87807970
18/01/2025 13:45,104365.81000000,103860.00000000,104395.92000000,103793.31000000,524.83010000,54629327.93738960,18/01/2025 13:59,42963,340.58126000,35449217.89016440
18/01/2025 14:00,104203.89000000,104365.81000000,104562.50000000,104123.09000000,383.65862000,40014926.73669410,18/01/2025 14:14,53358,194.97731000,20337658.82314710
18/01/2025 14:15,104187.87000000,104203.89000000,104511.99000000,104176.52000000,266.72839000,27832675.72791860,18/01/2025 14:29,37676,125.53500000,13101283.61347990
18/01/2025 14:30,103885.13000000,104187.87000000,104187.88000000,103722.00000000,409.33020000,42548336.19347620,18/01/2025 14:44,49498,176.78017000,18372212.06812360
18/01/2025 14:45,103993.03000000,103885.12000000,104095.47000000,103830.76000000,287.32963000,29875752.58565200,18/01/2025 14:59,33024,149.82801000,15580474.53899160
18/01/2025 15:00,104134.48000000,103993.02000000,104169.67000000,103761.05000000,467.83287000,48619842.65200690,18/01/2025 15:14,46016,197.99473000,20581292.35219450
18/01/2025 15:15,104253.18000000,104134.48000000,104350.34000000,104100.00000000,298.10348000,31069611.07555440,18/01/2025 15:29,52963,147.66957000,15389303.24897760
18/01/2025 15:30,104668.54000000,104253.17000000,104875.62000000,104215.03000000,433.98699000,45385772.98722640,18/01/2025 15:44,67026,264.08066000,27616933.47680420
18/01/2025 15:45,104568.96000000,104668.54000000,104988.88000000,104568.96000000,439.64943000,46088835.74352930,18/01/2025 15:59,74961,214.79656000,22517402.51766280
18/01/2025 16:00,104334.00000000,104568.96000000,104719.29000000,104289.24000000,466.99049000,48814221.35111690,18/01/2025 16:14,97751,235.62319000,24631995.73138070
18/01/2025 16:15,103973.69000000,104334.01000000,104377.46000000,103777.84000000,595.98013000,62015947.16733560,18/01/2025 16:29,97524,217.96868000,22677943.50599540
18/01/2025 16:30,103386.00000000,103973.69000000,104199.74000000,103381.57000000,526.51464000,54615691.15326070,18/01/2025 16:44,84128,199.13928000,20661489.76364340
18/01/2025 16:45,103253.66000000,103386.00000000,103568.00000000,103156.02000000,359.11671000,37116905.37809800,18/01/2025 16:59,53065,166.27907000,17186745.70309840
18/01/2025 17:00,103876.95000000,103253.65000000,103878.82000000,103253.65000000,281.24322000,29128397.96849840,18/01/2025 17:14,52839,166.48310000,17244694.37847760
18/01/2025 17:15,103894.74000000,103876.94000000,104091.32000000,103815.78000000,205.86443000,21398456.88361550,18/01/2025 17:29,52542,101.07725000,10506393.67848550
18/01/2025 17:30,104093.33000000,103894.74000000,104093.34000000,103799.73000000,178.49868000,18559161.27912470,18/01/2025 17:44,44987,89.86353000,9343518.80666150
18/01/2025 17:45,103826.16000000,104093.34000000,104207.97000000,103775.93000000,140.34660000,14600668.25526030,18/01/2025 17:59,34043,67.86715000,7061406.09445400
18/01/2025 18:00,104110.60000000,103826.16000000,104114.38000000,103812.71000000,207.19932000,21546794.29291300,18/01/2025 18:14,36697,132.95095000,13825473.03866130
18/01/2025 18:15,104004.07000000,104110.60000000,104117.00000000,103779.76000000,201.14373000,20912502.03813690,18/01/2025 18:29,34559,72.51115000,7537870.23041720
18/01/2025 18:30,104225.50000000,104004.07000000,104260.74000000,104004.07000000,245.13617000,25532480.36570350,18/01/2025 18:44,32676,139.04678000,14480966.69013830
18/01/2025 18:45,104084.74000000,104225.50000000,104395.92000000,103961.82000000,206.59930000,21523275.09300510,18/01/2025 18:59,35376,95.39290000,9939810.84053970
18/01/2025 19:00,104160.59000000,104084.74000000,104276.71000000,104084.73000000,139.60426000,14545739.22923230,18/01/2025 19:14,32261,66.15090000,6891768.85013420
18/01/2025 19:15,104156.01000000,104160.60000000,104295.79000000,104080.71000000,159.10022000,16578531.40217780,18/01/2025 19:29,26679,73.67246000,7676090.02070830
18/01/2025 19:30,104439.29000000,104156.00000000,104467.27000000,104116.58000000,123.58507000,12891567.36867180,18/01/2025 19:44,30177,65.73999000,6857592.82061390
18/01/2025 19:45,104382.01000000,104439.29000000,104486.93000000,104335.19000000,160.23275000,16732185.90656770,18/01/2025 19:59,25068,65.59616000,6849639.42509240
18/01/2025 20:00,104396.19000000,104382.00000000,104488.00000000,104340.51000000,123.78085000,12926673.50674320,18/01/2025 20:14,22383,82.79373000,8646472.04592770
18/01/2025 20:15,103921.06000000,104396.13000000,104396.13000000,103808.14000000,251.48364000,26164410.59163770,18/01/2025 20:29,40346,89.16051000,9274781.93993420
18/01/2025 20:30,103965.87000000,103921.05000000,104091.29000000,103920.00000000,149.74716000,15573972.23942580,18/01/2025 20:44,27017,71.73994000,7460675.75471740
18/01/2025 20:45,104035.42000000,103965.86000000,104035.42000000,103765.44000000,253.46748000,26335863.48162860,18/01/2025 20:59,30360,115.70087000,12023669.38397440
18/01/2025 21:00,104188.03000000,104035.42000000,104276.34000000,104003.43000000,144.73662000,15070020.53112160,18/01/2025 21:14,24568,62.90177000,6549590.73049200
18/01/2025 21:15,104131.40000000,104188.04000000,104271.30000000,104000.65000000,197.11977000,20527052.52321510,18/01/2025 21:29,29866,92.27056000,9608233.88340370
18/01/2025 21:30,104005.20000000,104131.39000000,104131.40000000,103878.87000000,184.33758000,19168623.41175100,18/01/2025 21:44,25608,67.36943000,7005470.89700630
18/01/2025 21:45,103889.29000000,104005.20000000,104096.66000000,103889.29000000,81.14895000,8439190.54385520,18/01/2025 21:59,16572,38.96808000,4052884.63910560
18/01/2025 22:00,104072.18000000,103888.96000000,104072.19000000,103860.91000000,156.59125000,16276629.52529870,18/01/2025 22:14,22614,65.13341000,6771114.27674830
18/01/2025 22:15,104199.61000000,104072.19000000,104200.48000000,104072.18000000,101.98384000,10620425.29362500,18/01/2025 22:29,15781,68.01169000,7082600.12822470
18/01/2025 22:30,104156.15000000,104199.60000000,104307.00000000,104156.00000000,109.22148000,11383682.56745750,18/01/2025 22:44,14481,57.54606000,5997420.79412520
18/01/2025 22:45,104291.30000000,104156.15000000,104292.77000000,104148.00000000,50.38588000,5252099.06838150,18/01/2025 22:59,8070,33.20014000,3460684.07677730
18/01/2025 23:00,104585.57000000,104291.30000000,104585.58000000,104291.30000000,225.08953000,23512692.80764240,18/01/2025 23:14,29284,135.50511000,14155824.33804880
18/01/2025 23:15,104464.99000000,104585.58000000,104750.00000000,104460.33000000,250.38477000,26187862.88032290,18/01/2025 23:29,34344,114.70807000,11998237.44518400
18/01/2025 23:30,104488.34000000,104465.00000000,104692.89000000,104460.31000000,137.19957000,14349268.92456910,18/01/2025 23:44,29863,62.27054000,6512137.79234010
18/01/2025 23:45,104556.23000000,104488.33000000,104556.23000000,104351.77000000,121.74542000,12716131.30823360,18/01/2025 23:59,20654,65.05778000,6795329.91167300
19/01/2025 00:00,104313.86000000,104556.23000000,104556.23000000,104290.01000000,184.62510000,19280696.72464790,19/01/2025 00:14,23865,70.84330000,7397446.55524030
19/01/2025 00:15,104267.94000000,104313.85000000,104421.63000000,104175.22000000,156.10758000,16282924.68371470,19/01/2025 00:29,20249,74.20436000,7740477.85618710
19/01/2025 00:30,104283.22000000,104267.93000000,104371.84000000,104189.72000000,145.92080000,15213826.85675570,19/01/2025 00:44,21883,60.08391000,6265045.50972490
19/01/2025 00:45,104108.00000000,104283.21000000,104411.64000000,104108.00000000,145.12975000,15131395.52832970,19/01/2025 00:59,21517,62.33768000,6502323.50395750
19/01/2025 01:00,104224.17000000,104108.01000000,104291.14000000,104108.00000000,120.13551000,12519123.17599210,19/01/2025 01:14,24480,66.85382000,6966523.59989080
19/01/2025 01:15,104410.40000000,104224.17000000,104410.40000000,104013.51000000,118.48600000,12341969.77100230,19/01/2025 01:29,24215,64.21498000,6690613.45807120
19/01/2025 01:30,104541.71000000,104410.39000000,104684.22000000,104410.39000000,202.30816000,21151210.33122880,19/01/2025 01:44,25777,118.42598000,12380440.15916750
19/01/2025 01:45,104486.83000000,104541.71000000,104584.61000000,104485.91000000,90.97418000,9508357.01544930,19/01/2025 01:59,13388,43.28507000,4523663.39528310
19/01/2025 02:00,104841.99000000,104486.83000000,104848.00000000,104486.83000000,218.36987000,22862760.54065000,19/01/2025 02:14,20655,115.01733000,12044646.02155110
19/01/2025 02:15,105190.62000000,104842.00000000,105315.23000000,104787.23000000,502.48582000,52782099.76617170,19/01/2025 02:29,43485,344.34224000,36168940.35330650
19/01/2025 02:30,105116.54000000,105190.61000000,105458.55000000,105110.00000000,335.60229000,35325034.75985280,19/01/2025 02:44,42688,149.00366000,15686357.38210440
19/01/2025 02:45,104877.96000000,105116.54000000,105216.54000000,104821.02000000,215.40735000,22617962.05934470,19/01/2025 02:59,32605,76.69543000,8054742.97092480
19/01/2025 03:00,104665.94000000,104877.97000000,104999.00000000,104560.00000000,239.08174000,25055145.41921530,19/01/2025 03:14,27203,112.53641000,11792768.58547410
19/01/2025 03:15,104783.49000000,104665.95000000,104816.21000000,104592.00000000,169.08466000,17705141.92741530,19/01/2025 03:29,25508,89.66474000,9388283.17313010
19/01/2025 03:30,104839.67000000,104783.49000000,104970.43000000,104741.08000000,199.22915000,20891917.72718700,19/01/2025 03:44,23714,110.89037000,11627154.05951730
19/01/2025 03:45,104984.01000000,104839.68000000,105183.51000000,104839.68000000,228.38636000,23990457.75358720,19/01/2025 03:59,26783,108.96576000,11446203.07579810
19/01/2025 04:00,105170.06000000,104984.01000000,105181.11000000,104891.09000000,304.38395000,31968462.98500880,19/01/2025 04:14,30227,190.52179000,20009056.41820630
19/01/2025 04:15,105052.01000000,105170.07000000,105267.67000000,104676.48000000,337.93363000,35484848.71390160,19/01/2025 04:29,57617,154.30409000,16200105.81335620
19/01/2025 04:30,104997.26000000,105052.01000000,105089.82000000,104804.47000000,266.61390000,27988509.68496290,19/01/2025 04:44,40391,130.46803000,13695602.64324120
19/01/2025 04:45,105032.03000000,104997.26000000,105079.00000000,104831.99000000,270.44011000,28386630.95686720,19/01/2025 04:59,35942,131.71477000,13825126.37314690
19/01/2025 05:00,104482.44000000,105032.04000000,105032.04000000,104429.55000000,404.13253000,42301919.84056260,19/01/2025 05:14,42284,148.81192000,15578065.82575630
19/01/2025 05:15,104739.13000000,104482.44000000,104755.07000000,104191.19000000,368.00096000,38443060.17602230,19/01/2025 05:29,37225,203.32898000,21246502.32373080
19/01/2025 05:30,104810.96000000,104739.12000000,104838.97000000,104673.00000000,175.49945000,18385867.14813110,19/01/2025 05:44,22694,63.88321000,6691955.37744450
19/01/2025 05:45,105116.52000000,104810.96000000,105131.70000000,104665.41000000,252.59264000,26509164.75400600,19/01/2025 05:59,34769,145.16259000,15235236.51085400
19/01/2025 06:00,105134.01000000,105116.51000000,105194.10000000,105032.43000000,177.29055000,18634139.10769880,19/01/2025 06:14,22043,96.27535000,10119207.34089330
19/01/2025 06:15,105308.37000000,105134.01000000,105345.50000000,105030.00000000,271.84064000,28592125.41060340,19/01/2025 06:29,20948,195.36653000,20552209.32096410
19/01/2025 06:30,105467.80000000,105308.36000000,105478.58000000,105223.90000000,351.61418000,37042889.06494830,19/01/2025 06:44,25611,190.93736000,20117555.55141230
19/01/2025 06:45,105568.29000000,105467.80000000,105634.78000000,105369.03000000,407.53951000,42990368.50600100,19/01/2025 06:59,27993,272.56849000,28755069.19108810
19/01/2025 07:00,105394.52000000,105568.29000000,105594.63000000,105205.56000000,295.60812000,31146836.43551080,19/01/2025 07:14,33235,134.61521000,14183042.61133600
19/01/2025 07:15,105259.47000000,105394.52000000,105447.79000000,105239.46000000,281.31080000,29633525.93928780,19/01/2025 07:29,32850,126.49856000,13325636.36017980
19/01/2025 07:30,105075.43000000,105259.47000000,105260.67000000,105015.19000000,300.92206000,31632013.53254930,19/01/2025 07:44,29812,92.95570000,9770155.21174070
19/01/2025 07:45,105167.12000000,105075.44000000,105316.19000000,104960.26000000,319.79019000,33615635.83762780,19/01/2025 07:59,33393,122.95285000,12927213.08439750
19/01/2025 08:00,104822.58000000,105167.11000000,105167.12000000,104822.57000000,241.91810000,25387181.49105590,19/01/2025 08:14,29768,118.87437000,12473038.97307790
19/01/2025 08:15,104644.75000000,104822.58000000,104849.40000000,104622.40000000,378.15348000,39596982.00727590,19/01/2025 08:29,54119,203.50992000,21309722.52434460
19/01/2025 08:30,104726.09000000,104644.76000000,104965.96000000,104630.00000000,345.41952000,36198886.12031450,19/01/2025 08:44,43105,170.23724000,17842256.98575750
19/01/2025 08:45,104428.24000000,104726.09000000,104742.86000000,104305.36000000,636.12234000,66441505.38610810,19/01/2025 08:59,62250,268.58064000,28048829.38549060
19/01/2025 09:00,104121.85000000,104428.23000000,104497.52000000,103904.48000000,820.79209000,85606459.04177420,19/01/2025 09:14,97846,363.00656000,37862913.89198140
19/01/2025 09:15,104307.56000000,104121.85000000,104338.31000000,103450.69000000,1064.51415000,110485886.80293880,19/01/2025 09:29,120126,451.09036000,46835813.65004920
19/01/2025 09:30,104566.99000000,104307.56000000,104711.33000000,104247.39000000,518.15483000,54139250.59151670,19/01/2025 09:44,69453,294.25078000,30745473.89218720
19/01/2025 09:45,105299.81000000,104566.99000000,105496.03000000,104384.62000000,831.76916000,87419448.38843400,19/01/2025 09:59,91957,494.83395000,52004516.12725640
19/01/2025 10:00,104863.21000000,105299.81000000,105299.81000000,104730.66000000,324.38026000,34045600.00670020,19/01/2025 10:14,53614,149.95328000,15733669.98139050
19/01/2025 10:15,104495.97000000,104863.22000000,105048.88000000,104405.13000000,378.88459000,39689470.24425240,19/01/2025 10:29,43294,173.57834000,18187859.88070280
19/01/2025 10:30,105002.45000000,104495.97000000,105044.00000000,104468.42000000,329.18395000,34478590.35621710,19/01/2025 10:44,48183,178.87644000,18730602.01384840
19/01/2025 10:45,104823.86000000,105002.45000000,105176.00000000,104823.78000000,367.21981000,38560576.68456320,19/01/2025 10:59,41077,147.46522000,15485995.43758570
19/01/2025 11:00,105100.33000000,104823.86000000,105209.26000000,104823.86000000,332.61176000,34952088.73893470,19/01/2025 11:14,41894,181.49764000,19069952.24174540
19/01/2025 11:15,104936.15000000,105100.33000000,105350.00000000,104916.00000000,351.81042000,36990585.33499760,19/01/2025 11:29,38410,170.12769000,17885734.68415100
19/01/2025 11:30,104539.66000000,104936.15000000,105028.59000000,104448.00000000,447.34439000,46819783.46638540,19/01/2025 11:44,58058,197.52456000,20674301.69186250
19/01/2025 11:45,104363.23000000,104539.65000000,104715.65000000,104209.56000000,527.59529000,55122476.04873790,19/01/2025 11:59,71621,153.01172000,15989387.92213290
19/01/2025 12:00,104781.71000000,104363.24000000,104879.68000000,104300.75000000,465.40975000,48710275.39166980,19/01/2025 12:14,75315,248.40389000,25994259.92841070
19/01/2025 12:15,104441.76000000,104781.72000000,104804.49000000,104399.24000000,430.48990000,45009762.74705940,19/01/2025 12:29,62903,168.83485000,17654111.86583080
19/01/2025 12:30,104739.52000000,104441.76000000,104800.00000000,104343.70000000,252.71384000,26436648.33964490,19/01/2025 12:44,36359,128.00458000,13394063.79029570
19/01/2025 12:45,104936.54000000,104739.53000000,105040.30000000,104700.00000000,227.51019000,23861621.46439160,19/01/2025 12:59,41160,107.71245000,11295109.30138080
19/01/2025 13:00,105202.43000000,104936.54000000,105280.00000000,104850.58000000,389.34541000,40929614.77491000,19/01/2025 13:14,48159,186.27128000,19583465.01333950
19/01/2025 13:15,105052.87000000,105202.42000000,105321.87000000,104975.14000000,247.82533000,26064889.60837730,19/01/2025 13:29,34582,108.13789000,11374554.03904790
19/01/2025 13:30,105163.43000000,105052.88000000,105179.33000000,104876.31000000,193.04962000,20267100.36920940,19/01/2025 13:44,31660,88.22332000,9262040.52869240
19/01/2025 13:45,104964.71000000,105163.43000000,105222.00000000,104922.00000000,317.81700000,33396200.82705030,19/01/2025 13:59,43927,137.25525000,14422421.61223610
19/01/2025 14:00,104865.71000000,104964.72000000,105024.76000000,104816.75000000,447.13913000,46913313.79489390,19/01/2025 14:14,67884,223.12603000,23409093.88689610
19/01/2025 14:15,105448.02000000,104865.71000000,105706.48000000,104789.60000000,714.08364000,75102463.25499850,19/01/2025 14:29,84887,391.04346000,41134870.43500210
19/01/2025 14:30,104995.65000000,105448.03000000,105618.50000000,104978.63000000,527.02956000,55471685.84922730,19/01/2025 14:44,66955,247.26422000,26020430.91406760
19/01/2025 14:45,105160.00000000,104995.66000000,105211.91000000,104900.00000000,302.84990000,31827335.12630140,19/01/2025 14:59,48126,145.37216000,15277900.12423340
19/01/2025 15:00,104771.21000000,105159.99000000,105247.40000000,104500.01000000,691.25399000,72399363.44741760,19/01/2025 15:14,68265,262.90930000,27543874.01839810
19/01/2025 15:15,105042.85000000,104771.22000000,105059.24000000,104569.01000000,267.63294000,28042998.19099830,19/01/2025 15:29,40225,146.67727000,15371042.72741500
19/01/2025 15:30,105112.70000000,105042.84000000,105216.67000000,104980.29000000,233.98057000,24593901.41373620,19/01/2025 15:44,23991,109.97903000,11557928.69596790
19/01/2025 15:45,104936.35000000,105112.96000000,105113.64000000,104675.05000000,317.98398000,33355452.21691040,19/01/2025 15:59,32616,136.56999000,14323487.30744410
19/01/2025 16:00,104782.67000000,104936.35000000,105057.43000000,104725.94000000,214.28073000,22474829.49756850,19/01/2025 16:14,26580,96.67940000,10141661.72969420
19/01/2025 16:15,105158.63000000,104782.67000000,105159.00000000,104725.68000000,281.22264000,29517338.52972670,19/01/2025 16:29,23673,198.75580000,20862259.92391480
19/01/2025 16:30,104903.73000000,105158.62000000,105228.27000000,104884.00000000,204.44902000,21477890.76206350,19/01/2025 16:44,24058,104.26886000,10951134.74824060
19/01/2025 16:45,104963.11000000,104903.73000000,105011.05000000,104836.00000000,150.62408000,15805136.20455870,19/01/2025 16:59,19203,61.25201000,6427232.13836880
19/01/2025 17:00,104600.00000000,104963.11000000,104963.12000000,104599.99000000,271.90145000,28474065.89609130,19/01/2025 17:14,24425,119.61320000,12528836.58100600
19/01/2025 17:15,104556.00000000,104599.99000000,104772.73000000,104556.00000000,288.36133000,30175797.61631840,19/01/2025 17:29,28978,172.87211000,18088714.61950860
19/01/2025 17:30,104647.56000000,104556.01000000,104682.84000000,104520.01000000,111.61916000,11676033.69408280,19/01/2025 17:44,22449,46.66444000,4881404.74526630
19/01/2025 17:45,105115.80000000,104647.56000000,105148.42000000,104613.64000000,229.06600000,24046930.93027980,19/01/2025 17:59,25997,149.99704000,15745699.53611340
19/01/2025 18:00,105204.98000000,105115.80000000,105250.00000000,105038.94000000,185.30739000,19484708.53866930,19/01/2025 18:14,23926,87.61548000,9212941.52280170
19/01/2025 18:15,105084.12000000,105204.97000000,105247.01000000,105028.00000000,164.65281000,17313790.63295860,19/01/2025 18:29,20315,86.14349000,9058195.96887560
19/01/2025 18:30,105051.79000000,105084.12000000,105107.97000000,104972.19000000,134.78664000,14157488.84470860,19/01/2025 18:44,17143,71.90497000,7552580.13776260
19/01/2025 18:45,105042.90000000,105051.79000000,105118.37000000,104902.27000000,120.35566000,12637155.62694430,19/01/2025 18:59,18042,71.78149000,7535746.92554120
19/01/2025 19:00,105251.98000000,105042.90000000,105291.65000000,104967.66000000,190.22801000,19996809.76630650,19/01/2025 19:14,20465,129.97413000,13662902.28538370
19/01/2025 19:15,105189.66000000,105250.78000000,105329.09000000,105184.12000000,109.56366000,11531442.56149920,19/01/2025 19:29,13407,65.51425000,6895605.60082260
19/01/2025 19:30,105495.67000000,105189.66000000,105510.27000000,105152.36000000,283.59031000,29879626.78530150,19/01/2025 19:44,30485,143.60226000,15128373.84170630
19/01/2025 19:45,106200.00000000,105495.67000000,106200.74000000,105475.87000000,639.78667000,67733001.57244800,19/01/2025 19:59,59709,464.10085000,49141556.99267120
19/01/2025 20:00,106074.32000000,106200.00000000,106361.39000000,106000.04000000,578.13950000,61386487.93167580,19/01/2025 20:14,63574,312.63721000,33196149.81474000
19/01/2025 20:15,105894.84000000,106074.32000000,106074.56000000,105486.00000000,385.77602000,40826785.74771570,19/01/2025 20:29,49185,176.44135000,18667919.71019040
19/01/2025 20:30,106180.08000000,105894.84000000,106300.00000000,105833.22000000,280.06258000,29715368.86868770,19/01/2025 20:44,40673,141.83742000,15048376.65382790
19/01/2025 20:45,106275.49000000,106180.09000000,106422.43000000,105803.26000000,385.02964000,40869799.91494360,19/01/2025 20:59,51474,164.48842000,17463808.00151910
19/01/2025 21:00,106001.28000000,106275.49000000,106368.33000000,105783.76000000,338.43458000,35873294.83484870,19/01/2025 21:14,54107,154.54013000,16380204.57396520
19/01/2025 21:15,104389.99000000,106001.27000000,106001.27000000,104130.98000000,848.88702000,89109753.49227290,19/01/2025 21:29,97616,344.10090000,36119246.76697930
19/01/2025 21:30,104402.39000000,104390.01000000,105301.00000000,104359.00000000,1183.65613000,123944966.74719010,19/01/2025 21:44,133365,563.06328000,58965537.38909400
19/01/2025 21:45,103684.44000000,104402.39000000,104543.56000000,103684.21000000,1222.36311000,127124146.64064850,19/01/2025 21:59,155129,576.40234000,59955719.52970700
19/01/2025 22:00,104047.99000000,103684.43000000,104048.00000000,102714.64000000,1914.90289000,197774399.04119670,19/01/2025 22:14,199654,840.87316000,86861147.03652190
19/01/2025 22:15,104177.47000000,104048.00000000,104500.00000000,103565.96000000,778.62371000,80992506.65979180,19/01/2025 22:29,108865,406.04949000,42235110.62061460
19/01/2025 22:30,103356.46000000,104177.48000000,104199.99000000,102923.96000000,581.18717000,60154382.16253650,19/01/2025 22:44,86193,262.17086000,27121314.00406030
19/01/2025 22:45,103414.00000000,103356.46000000,103414.49000000,101104.71000000,1781.70631000,182159808.14861880,19/01/2025 22:59,219354,723.96397000,74049808.10346050
19/01/2025 23:00,101268.00000000,103414.00000000,103414.00000000,100989.77000000,1549.86711000,157588953.06275070,19/01/2025 23:14,227735,733.19420000,74533780.00652720
19/01/2025 23:15,100538.35000000,101268.00000000,101746.02000000,100300.00000000,1845.67194000,186505798.57346810,19/01/2025 23:29,214339,947.16255000,95747969.37559860
19/01/2025 23:30,101211.07000000,100538.02000000,101273.43000000,99651.60000000,2863.50899000,287217722.28064350,19/01/2025 23:44,300409,1350.24196000,135481043.89751410
19/01/2025 23:45,101331.57000000,101211.07000000,101963.43000000,100985.41000000,1300.83429000,132064330.18250020,19/01/2025 23:59,154555,691.66965000,70222695.13064780
20/01/2025 00:00,101408.00000000,101331.57000000,101677.71000000,100654.80000000,1300.20163000,131529282.70444520,20/01/2025 00:14,170249,631.00334000,63828928.48295840
20/01/2025 00:15,101088.00000000,101407.99000000,101548.78000000,100706.00000000,943.40641000,95423627.42355930,20/01/2025 00:29,160749,437.92235000,44285997.46303470
20/01/2025 00:30,100762.71000000,101088.00000000,101232.66000000,99550.00000000,1819.57094000,182648778.04090910,20/01/2025 00:44,214693,843.73819000,84696622.77168170
20/01/2025 00:45,99794.51000000,100762.71000000,100802.41000000,99652.00000000,1671.71858000,167227653.68675080,20/01/2025 00:59,179637,818.78654000,81893814.02628360
20/01/2025 01:00,100214.58000000,99794.51000000,100500.00000000,99629.86000000,1282.43138000,128246268.71188060,20/01/2025 01:14,162316,668.15728000,66826741.50141100
20/01/2025 01:15,100320.00000000,100214.58000000,100518.05000000,99745.00000000,741.72525000,74280733.19959420,20/01/2025 01:29,129164,379.68779000,38032821.27686940
20/01/2025 01:30,100082.26000000,100320.00000000,100999.99000000,99965.60000000,794.75278000,79881858.04526000,20/01/2025 01:44,139261,406.58197000,40885500.45179260
20/01/2025 01:45,100692.82000000,100082.27000000,100724.00000000,100033.10000000,547.75498000,54947976.62016810,20/01/2025 01:59,96480,244.34698000,24510345.73919110
20/01/2025 02:00,101016.41000000,100692.82000000,101221.75000000,100600.00000000,609.03134000,61464700.72025380,20/01/2025 02:14,91326,324.88087000,32784109.59300850
20/01/2025 02:15,101713.58000000,101016.41000000,101713.59000000,100892.96000000,748.48884000,75898445.00489770,20/01/2025 02:29,100292,299.24250000,30337962.62486570
20/01/2025 02:30,101657.32000000,101713.59000000,102321.42000000,101388.64000000,696.53670000,70947121.21693060,20/01/2025 02:44,118263,323.65547000,32977775.16440580
20/01/2025 02:45,101926.42000000,101657.33000000,102215.26000000,101509.82000000,658.59967000,67078325.06373360,20/01/2025 02:59,101690,332.56266000,33873902.69961420
20/01/2025 03:00,101795.90000000,101926.56000000,101984.88000000,101465.08000000,457.30516000,46547148.27368580,20/01/2025 03:14,87820,210.06491000,21384613.94703270
20/01/2025 03:15,101653.97000000,101795.90000000,102211.08000000,101495.17000000,607.36498000,61819675.35652280,20/01/2025 03:29,98030,251.26819000,25571730.00115450
20/01/2025 03:30,101580.00000000,101653.97000000,101890.91000000,101487.42000000,479.16728000,48703963.15185790,20/01/2025 03:44,80706,195.54967000,19879172.00766270
20/01/2025 03:45,101891.93000000,101579.99000000,101958.65000000,101411.20000000,581.20432000,59099856.65554510,20/01/2025 03:59,63609,283.42462000,28830985.23043180
20/01/2025 04:00,101789.32000000,101891.94000000,101899.94000000,101535.28000000,291.79611000,29681225.38795940,20/01/2025 04:14,60192,140.87397000,14329259.28036060
20/01/2025 04:15,101768.23000000,101789.32000000,102070.57000000,101594.78000000,398.84402000,40604261.70875680,20/01/2025 04:29,72126,128.25081000,13058891.26708650
20/01/2025 04:30,102317.14000000,101768.24000000,102378.07000000,101678.31000000,224.07554000,22854718.95223580,20/01/2025 04:44,59210,139.28608000,14211207.99343110
20/01/2025 04:45,102232.34000000,102317.13000000,102800.27000000,102232.33000000,439.60423000,45063248.90594960,20/01/2025 04:59,71421,274.60618000,28152367.41372290
20/01/2025 05:00,102485.74000000,102232.34000000,102784.00000000,102127.99000000,341.21876000,34975578.44286610,20/01/2025 05:14,72149,166.22021000,17039938.28408570
20/01/2025 05:15,102480.01000000,102485.74000000,102825.73000000,102420.13000000,383.58652000,39351775.95886550,20/01/2025 05:29,67260,200.47805000,20567536.05555770
20/01/2025 05:30,102615.56000000,102480.01000000,102615.57000000,102332.00000000,258.36369000,26472781.66328830,20/01/2025 05:44,57882,119.57115000,12253323.38212180
20/01/2025 05:45,102344.20000000,102615.56000000,102772.30000000,102297.86000000,248.02855000,25419979.33127360,20/01/2025 05:59,50387,120.07196000,12309417.20672200
20/01/2025 06:00,102500.37000000,102344.20000000,102623.05000000,102220.80000000,256.55352000,26278865.39008220,20/01/2025 06:14,53495,140.45554000,14387433.75671240
20/01/2025 06:15,102640.00000000,102500.36000000,102785.75000000,102444.31000000,279.10544000,28646669.32796190,20/01/2025 06:29,55777,163.33441000,16765991.32275370
20/01/2025 06:30,104689.49000000,102640.00000000,104740.00000000,102606.03000000,1030.92606000,106818372.06213710,20/01/2025 06:44,133560,706.34816000,73215693.87448750
20/01/2025 06:45,107486.50000000,104689.92000000,109588.00000000,104689.92000000,8331.19740200,896120052.90091850,20/01/2025 06:59,606234,4919.50986200,528949825.17071560
20/01/2025 07:00,108975.42000000,107482.36000000,109499.99000000,107357.22000000,4569.74251000,496662897.73606830,20/01/2025 07:14,412950,2363.09988000,256853792.80267970
20/01/2025 07:15,108706.15000000,108975.43000000,109081.13000000,107701.01000000,1807.37669000,195852409.65372160,20/01/2025 07:29,191851,879.45161000,95310214.97825750
20/01/2025 07:30,107948.97000000,108706.15000000,108928.58000000,107801.63000000,1383.77024000,149856904.68715590,20/01/2025 07:44,118544,577.67691000,62561187.72614760
20/01/2025 07:45,107120.65000000,107948.97000000,108080.00000000,106923.00000000,960.39838000,103412438.91433520,20/01/2025 07:59,116365,450.78632000,48551738.13918210
20/01/2025 08:00,107862.48000000,107120.65000000,108000.00000000,107093.33000000,843.53017000,90769418.29132420,20/01/2025 08:14,87665,447.84847000,48186764.52458100
20/01/2025 08:15,108038.55000000,107862.48000000,108288.00000000,107658.73000000,523.76791000,56573137.73818670,20/01/2025 08:29,72842,290.30493000,31352558.38295640
20/01/2025 08:30,108228.21000000,108038.55000000,108300.00000000,107821.74000000,716.78804000,77495645.30291580,20/01/2025 08:44,70033,371.46385000,40158011.58780930
20/01/2025 08:45,108320.01000000,108228.21000000,108381.92000000,107894.44000000,389.21015000,42102679.73306740,20/01/2025 08:59,51829,203.75683000,22043255.23814340
20/01/2025 09:00,108756.62000000,108320.00000000,109193.23000000,108185.27000000,1243.95133000,135364770.91076350,20/01/2025 09:14,117340,688.57186000,74921269.63782690
20/01/2025 09:15,108238.04000000,108756.63000000,108907.28000000,107964.95000000,771.42086000,83630230.34127350,20/01/2025 09:29,90562,309.68601000,33582161.38592140
20/01/2025 09:30,107966.31000000,108238.03000000,108325.24000000,107548.00000000,705.29579000,76107556.33231580,20/01/2025 09:44,83932,328.78234000,35471704.58716240
20/01/2025 09:45,108132.05000000,107966.31000000,108200.00000000,107846.15000000,546.54823000,59056141.77374500,20/01/2025 09:59,58254,315.51899000,34090028.20664990
20/01/2025 10:00,108078.72000000,108132.05000000,108282.11000000,107911.29000000,342.56906000,37022546.07381380,20/01/2025 10:14,60038,176.57865000,19083833.94753500
20/01/2025 10:15,108501.80000000,108078.71000000,108731.92000000,108057.98000000,485.58375000,52651485.72927580,20/01/2025 10:29,68352,251.96246000,27319182.42927500
20/01/2025 10:30,108456.48000000,108501.80000000,108630.40000000,108142.23000000,400.58067000,43430973.76688490,20/01/2025 10:44,56494,187.08151000,20282476.76540630
20/01/2025 10:45,107964.56000000,108456.48000000,108560.84000000,107769.18000000,492.35486000,53278249.77202990,20/01/2025 10:59,69757,208.03580000,22513443.24258120
20/01/2025 11:00,108095.79000000,107964.56000000,108184.13000000,107780.51000000,361.24125000,39011568.35978270,20/01/2025 11:14,69545,166.89543000,18026061.14366100
20/01/2025 11:15,108405.33000000,108095.79000000,108550.00000000,108037.23000000,429.78517000,46562033.36743100,20/01/2025 11:29,68289,247.07373000,26766987.45179190
20/01/2025 11:30,108143.62000000,108405.34000000,108535.90000000,108088.00000000,399.64077000,43284901.58611710,20/01/2025 11:44,57980,179.34388000,19426989.83040280
20/01/2025 11:45,108239.19000000,108143.61000000,108332.50000000,108038.24000000,358.62984000,38804464.29151810,20/01/2025 11:59,50548,159.08273000,17214413.22487950
20/01/2025 12:00,107373.15000000,108239.19000000,108700.01000000,107000.01000000,1118.68716000,120551376.81241000,20/01/2025 12:14,120074,463.56256000,49985923.17087900
20/01/2025 12:15,106655.98000000,107373.16000000,107600.00000000,105472.95000000,2301.25670000,244568633.26382930,20/01/2025 12:29,253449,1084.21768000,115240209.14110510
20/01/2025 12:30,106476.00000000,106655.98000000,107000.00000000,106020.00000000,748.93441000,79777797.06019470,20/01/2025 12:44,142657,358.26162000,38175841.50966280
20/01/2025 12:45,106917.59000000,106476.00000000,107347.58000000,106471.09000000,687.89738000,73596768.70668060,20/01/2025 12:59,118938,359.46826000,38457871.43928790
20/01/2025 13:00,106971.73000000,106918.83000000,107245.11000000,106651.11000000,536.17195000,57360126.16903770,20/01/2025 13:14,98642,291.78416000,31213541.01276940
20/01/2025 13:15,107338.17000000,106971.73000000,107476.00000000,106836.67000000,456.62505000,48950487.98554380,20/01/2025 13:29,103059,253.49592000,27177985.19793520
20/01/2025 13:30,107689.47000000,107338.16000000,108112.79000000,107221.27000000,901.33595000,97046726.65412540,20/01/2025 13:44,153052,487.06989000,52441413.69319610
20/01/2025 13:45,107956.31000000,107689.47000000,108125.00000000,107580.00000000,503.38823000,54295113.40973750,20/01/2025 13:59,98313,273.34411000,29479637.29145680
20/01/2025 14:00,107667.42000000,107956.31000000,108130.08000000,107420.69000000,494.43019000,53301485.44131560,20/01/2025 14:14,93050,266.04953000,28679015.78739560
20/01/2025 14:15,107486.02000000,107667.43000000,108000.72000000,107441.44000000,559.03027000,60231706.12221760,20/01/2025 14:29,81284,272.24264000,29344111.40141460
20/01/2025 14:30,107733.67000000,107486.02000000,107888.90000000,107277.28000000,470.34123000,50596838.15632300,20/01/2025 14:44,81177,235.45623000,25332804.87107790
20/01/2025 14:45,107866.65000000,107733.67000000,108075.60000000,107528.00000000,496.57825000,53560459.54459130,20/01/2025 14:59,66087,322.08756000,34739397.08980500
20/01/2025 15:00,107393.99000000,107866.65000000,107990.00000000,107393.99000000,444.73801000,47889736.56216390,20/01/2025 15:14,94136,198.79340000,21405236.14027460
20/01/2025 15:15,107020.14000000,107393.99000000,107519.34000000,106250.03000000,1273.24794000,135911393.80767480,20/01/2025 15:29,163455,620.81298000,66259751.75656750
20/01/2025 15:30,106460.01000000,107020.14000000,107021.50000000,106343.75000000,748.21075000,79798684.50500940,20/01/2025 15:44,124042,353.02860000,37652098.43215050
20/01/2025 15:45,104957.99000000,106460.01000000,106460.01000000,104480.00000000,1970.36966000,207676690.75826080,20/01/2025 15:59,203791,874.12127000,92132357.34050630
20/01/2025 16:00,104513.09000000,104957.99000000,105831.52000000,103708.00000000,1810.54024000,189888525.54766720,20/01/2025 16:14,208035,969.31222000,101703905.72667620
20/01/2025 16:15,105620.01000000,104513.10000000,105659.64000000,104332.00000000,1415.96123000,148608505.73561140,20/01/2025 16:29,170042,799.83254000,83960419.46162780
20/01/2025 16:30,106520.89000000,105620.01000000,107050.00000000,105285.00000000,1224.76053000,129912143.43088570,20/01/2025 16:44,158219,695.93823000,73836277.81679880
20/01/2025 16:45,106670.38000000,106520.89000000,106870.62000000,106246.96000000,747.95013000,79740958.32222540,20/01/2025 16:59,115543,425.83735000,45402638.83292920
20/01/2025 17:00,104231.73000000,106670.37000000,106778.05000000,101401.01000000,4765.41320000,496483108.65854970,20/01/2025 17:14,433107,2341.17490000,243967545.45434400
20/01/2025 17:15,104176.54000000,104231.73000000,105628.57000000,103886.50000000,2338.77493000,245117634.56369670,20/01/2025 17:29,285014,1141.14688000,119635851.09938340
20/01/2025 17:30,100786.25000000,104176.53000000,104753.43000000,100333.00000000,4375.57818000,447819988.75970260,20/01/2025 17:44,420047,2011.66061000,206032981.63718730
20/01/2025 17:45,102963.32000000,100789.01000000,104618.84000000,100636.89000000,3461.68844000,356052561.88814130,20/01/2025 17:59,404574,1616.21378000,166158856.85678880
20/01/2025 18:00,103923.06000000,102963.31000000,104133.01000000,102738.23000000,1417.95989000,146693205.08733950,20/01/2025 18:14,196932,697.60223000,72172212.97159930
20/01/2025 18:15,103724.00000000,103923.06000000,104091.72000000,103114.23000000,846.33176000,87734897.55549950,20/01/2025 18:29,137241,330.53860000,34265642.64684210
20/01/2025 18:30,103972.33000000,103724.00000000,104270.67000000,103500.00000000,707.44933000,73490800.07384650,20/01/2025 18:44,121611,379.76955000,39456835.23223480
20/01/2025 18:45,103930.66000000,103972.34000000,104469.15000000,103888.00000000,763.25744000,79528732.90521160,20/01/2025 18:59,106891,388.82289000,40510299.20283730
20/01/2025 19:00,103706.70000000,103930.66000000,103964.43000000,103084.57000000,722.84646000,74789813.19278560,20/01/2025 19:14,117785,322.71283000,33391302.06161610
20/01/2025 19:15,103231.82000000,103706.70000000,103838.53000000,103017.71000000,476.94001000,49329170.62564150,20/01/2025 19:29,102301,207.04272000,21411032.11777830
20/01/2025 19:30,103269.95000000,103231.82000000,103493.22000000,102733.77000000,539.13749000,55574508.41218970,20/01/2025 19:44,103369,236.07821000,24333504.34731690
20/01/2025 19:45,103691.63000000,103269.96000000,103959.99000000,103261.67000000,348.31334000,36125362.84401850,20/01/2025 19:59,93145,180.53211000,18725583.15680330
20/01/2025 20:00,103750.51000000,103691.64000000,103920.77000000,103352.00000000,378.61013000,39249630.79245550,20/01/2025 20:14,88258,176.96282000,18340459.12808150
20/01/2025 20:15,103958.40000000,103750.52000000,104296.40000000,103505.19000000,297.31259000,30894694.38897830,20/01/2025 20:29,78924,144.32198000,14996538.35863190
20/01/2025 20:30,103861.61000000,103958.40000000,104331.00000000,103820.00000000,217.89201000,22676559.09618560,20/01/2025 20:44,56886,95.25014000,9916572.73603220
20/01/2025 20:45,103647.16000000,103861.62000000,104119.99000000,103632.26000000,207.00366000,21516342.84169520,20/01/2025 20:59,46832,92.31209000,9594639.46057990
20/01/2025 21:00,103855.12000000,103647.16000000,104000.00000000,103603.85000000,134.59301000,13976371.35358850,20/01/2025 21:14,48948,66.03999000,6857018.14972420
20/01/2025 21:15,103710.18000000,103854.76000000,104080.00000000,103632.40000000,168.55850000,17499405.89479150,20/01/2025 21:29,44198,68.67656000,7131213.68935760
20/01/2025 21:30,103358.62000000,103710.18000000,103889.96000000,103220.00000000,436.79589000,45236782.72786690,20/01/2025 21:44,59342,165.33040000,17114270.22896230
20/01/2025 21:45,102596.00000000,103358.61000000,103379.31000000,102562.99000000,499.08207000,51421193.10080710,20/01/2025 21:59,80710,188.85134000,19457261.84250010
20/01/2025 22:00,102583.26000000,102596.00000000,102976.72000000,101846.15000000,666.61063000,68219741.10633740,20/01/2025 22:14,112655,296.85449000,30390691.84978700
20/01/2025 22:15,103099.99000000,102583.27000000,103200.00000000,102553.38000000,337.10152000,34691248.82267430,20/01/2025 22:29,61249,179.89044000,18513287.10153510
20/01/2025 22:30,103400.00000000,103099.99000000,103582.04000000,102938.80000000,329.97129000,34090053.87156620,20/01/2025 22:44,59410,171.04133000,17672422.17617120
20/01/2025 22:45,103608.00000000,103400.00000000,103815.98000000,103368.10000000,209.81671000,21741998.98748860,20/01/2025 22:59,31533,136.97337000,14195843.13986790
20/01/2025 23:00,102726.00000000,103607.99000000,103728.52000000,102722.00000000,468.22823000,48356582.61644520,20/01/2025 23:14,80608,203.91812000,21066048.57847480
20/01/2025 23:15,103232.90000000,102726.00000000,103244.00000000,102252.98000000,303.00157000,31117145.31780110,20/01/2025 23:29,73585,146.58283000,15059630.39188510
20/01/2025 23:30,103300.01000000,103232.90000000,103383.77000000,102983.20000000,204.11182000,21069072.33284790,20/01/2025 23:44,55312,110.63963000,11420974.52496810
20/01/2025 23:45,102260.01000000,103300.01000000,103377.59000000,101701.01000000,841.65062000,86062900.23704230,20/01/2025 23:59,123277,395.99000000,40486316.03856950
21/01/2025 00:00,102403.56000000,102260.00000000,102580.00000000,101720.49000000,533.08465000,54422365.41806930,21/01/2025 00:14,110435,250.53486000,25576205.95218170
21/01/2025 00:15,101974.50000000,102403.56000000,102526.37000000,101738.78000000,614.70406000,62841407.82164530,21/01/2025 00:29,101487,325.82684000,33304822.12655780
21/01/2025 00:30,102300.00000000,101974.51000000,102396.23000000,101652.14000000,809.47774000,82624293.51937660,21/01/2025 00:44,123561,376.29042000,38414770.83583990
21/01/2025 00:45,101187.75000000,102300.00000000,102672.00000000,101086.12000000,859.48722000,87375497.88077860,21/01/2025 00:59,152683,396.27709000,40302696.37523930
21/01/2025 01:00,102149.10000000,101187.75000000,102233.26000000,101078.03000000,810.02188000,82466569.37420920,21/01/2025 01:14,129142,441.55648000,44951428.39611440
21/01/2025 01:15,100480.00000000,102149.09000000,102150.00000000,100200.00000000,1097.87960000,110954070.33245520,21/01/2025 01:29,128021,404.88252000,40960187.53285990
21/01/2025 01:30,101242.68000000,100480.00000000,101472.10000000,100119.04000000,1370.02027000,138243686.46008240,21/01/2025 01:44,160913,757.04613000,76420947.48604400
21/01/2025 01:45,101498.24000000,101242.69000000,101864.85000000,101104.03000000,546.01495000,55410680.52212110,21/01/2025 01:59,92001,270.06237000,27406035.90761990
21/01/2025 02:00,102386.01000000,101498.23000000,102442.00000000,101064.87000000,634.34384000,64527050.88508290,21/01/2025 02:14,102132,306.90697000,31238680.25674260
21/01/2025 02:15,102428.14000000,102386.00000000,102763.33000000,101962.00000000,656.18735000,67124479.52661070,21/01/2025 02:29,89185,387.34680000,39619200.87750510
21/01/2025 02:30,102099.47000000,102428.13000000,102556.00000000,101955.49000000,353.30598000,36128442.77357260,21/01/2025 02:44,75379,161.06738000,16472581.99837420
21/01/2025 02:45,102545.56000000,102099.47000000,102674.40000000,101805.57000000,408.12219000,41759135.23518090,21/01/2025 02:59,76498,236.01630000,24158655.80300150
21/01/2025 03:00,102699.27000000,102545.57000000,102974.75000000,102300.00000000,404.11150000,41466937.78434860,21/01/2025 03:14,69733,223.60818000,22950834.55917580
21/01/2025 03:15,102898.00000000,102699.27000000,103260.10000000,102453.94000000,390.86835000,40226324.86279320,21/01/2025 03:29,71385,236.08312000,24296192.84431430
21/01/2025 03:30,103061.27000000,102898.01000000,103230.76000000,102752.32000000,407.53921000,41973199.14007510,21/01/2025 03:44,61058,237.71261000,24483069.29229910
21/01/2025 03:45,102936.01000000,103061.27000000,103175.52000000,102866.23000000,238.52420000,24576973.45124960,21/01/2025 03:59,44283,105.34214000,10854750.82214200
21/01/2025 04:00,102676.20000000,102936.01000000,102936.01000000,102376.49000000,413.43804000,42427172.43112010,21/01/2025 04:14,64609,194.20818000,19926846.85395820
21/01/2025 04:15,102716.60000000,102676.20000000,102974.14000000,102543.10000000,311.84641000,32048217.55288930,21/01/2025 04:29,43733,160.98099000,16544522.74649530
21/01/2025 04:30,102333.31000000,102716.60000000,102716.60000000,101928.58000000,443.70249000,45340165.83904260,21/01/2025 04:44,83485,218.24680000,22298543.35545430
21/01/2025 04:45,102344.20000000,102333.32000000,102538.46000000,102161.65000000,208.71640000,21362463.02109790,21/01/2025 04:59,49229,109.03406000,11159669.27713870
21/01/2025 05:00,102000.01000000,102344.21000000,102527.39000000,101903.80000000,228.75568000,23379024.75890680,21/01/2025 05:14,47907,109.51924000,11192855.84243130
21/01/2025 05:15,101995.99000000,102000.01000000,102109.20000000,101801.80000000,457.49028000,46637226.45279400,21/01/2025 05:29,58693,206.76558000,21080315.79571160
21/01/2025 05:30,101687.29000000,101995.99000000,102056.00000000,101343.23000000,386.83299000,39300821.48278750,21/01/2025 05:44,62278,185.38436000,18833508.21172150
21/01/2025 05:45,101365.98000000,101687.29000000,101801.87000000,101339.49000000,289.78710000,29410831.26208770,21/01/2025 05:59,51665,144.20657000,14638241.41247540
21/01/2025 06:00,101780.00000000,101365.98000000,101895.51000000,101111.68000000,608.54006000,61821858.93908420,21/01/2025 06:14,79375,282.73991000,28721442.87233570
21/01/2025 06:15,101824.00000000,101780.01000000,101989.67000000,101705.21000000,263.93552000,26890971.17184280,21/01/2025 06:29,50770,164.58477000,16769384.72905890
21/01/2025 06:30,101504.00000000,101823.99000000,101947.83000000,101388.00000000,236.45382000,24029515.59751440,21/01/2025 06:44,49401,136.17268000,13835919.09969890
21/01/2025 06:45,102176.04000000,101503.99000000,102186.15000000,101425.44000000,413.89977000,42131983.79975810,21/01/2025 06:59,58546,268.18936000,27302763.73396290
21/01/2025 07:00,102373.32000000,102176.04000000,102476.09000000,102032.62000000,418.01401000,42752870.38031550,21/01/2025 07:14,66914,231.66831000,23701104.51887720
21/01/2025 07:15,102446.21000000,102373.33000000,102480.00000000,102304.00000000,185.05640000,18949022.18160780,21/01/2025 07:29,39394,97.69778000,10004553.62580380
21/01/2025 07:30,102161.24000000,102446.21000000,102446.22000000,102082.39000000,249.59100000,25520213.57201740,21/01/2025 07:44,36745,91.63688000,9368333.36376270
21/01/2025 07:45,101989.05000000,102161.24000000,102256.00000000,101799.57000000,284.09861000,28977096.56342090,21/01/2025 07:59,38970,134.45010000,13714159.48383440
21/01/2025 08:00,102380.67000000,101989.06000000,102490.13000000,101740.82000000,359.89426000,36777362.56730590,21/01/2025 08:14,51824,219.51998000,22435478.94263720
21/01/2025 08:15,102237.65000000,102380.68000000,102443.65000000,102150.00000000,154.43286000,15796551.74097170,21/01/2025 08:29,39543,67.80619000,6935666.97973810
21/01/2025 08:30,102173.52000000,102237.66000000,102403.34000000,102001.00000000,207.92498000,21259107.71073300,21/01/2025 08:44,47684,105.44257000,10780603.18614830
21/01/2025 08:45,102466.81000000,102173.51000000,102496.74000000,102002.17000000,465.07017000,47588471.60973280,21/01/2025 08:59,51199,273.39342000,27971444.10632160
21/01/2025 09:00,102543.37000000,102466.82000000,102894.29000000,102327.58000000,658.16413000,67545081.70552420,21/01/2025 09:14,77000,323.34643000,33181159.20496910
21/01/2025 09:15,102338.48000000,102543.37000000,102621.14000000,102072.13000000,494.37288000,50579230.07276380,21/01/2025 09:29,47901,151.94394000,15548485.47578560
21/01/2025 09:30,102493.35000000,102338.98000000,102555.55000000,102302.33000000,512.79668000,52533266.33898570,21/01/2025 09:44,45170,136.19507000,13951768.69908130
21/01/2025 09:45,102707.08000000,102493.35000000,102807.25000000,102460.00000000,361.43057000,37110791.35495250,21/01/2025 09:59,40945,136.96956000,14066444.26561100
21/01/2025 10:00,102698.16000000,102707.07000000,102861.00000000,102582.00000000,435.69453000,44740545.73052750,21/01/2025 10:14,51263,171.08207000,17568618.19460710
21/01/2025 10:15,103182.64000000,102698.16000000,103226.90000000,102691.61000000,329.16119000,33880148.64142760,21/01/2025 10:29,48324,191.54091000,19719580.08371220
21/01/2025 10:30,102996.01000000,103182.63000000,103182.64000000,102966.47000000,245.17120000,25270844.45869730,21/01/2025 10:44,51141,112.56388000,11602335.76180720
21/01/2025 10:45,103160.85000000,102996.01000000,103364.74000000,102961.22000000,293.28740000,30255852.42011960,21/01/2025 10:59,42930,195.38110000,20155335.27355160
21/01/2025 11:00,103570.02000000,103160.85000000,103600.00000000,103073.86000000,281.72091000,29114183.96239820,21/01/2025 11:14,45331,174.41780000,18024703.22021760
21/01/2025 11:15,103676.28000000,103570.02000000,103850.00000000,103488.78000000,560.09000000,58067371.85023980,21/01/2025 11:29,65981,342.48086000,35507551.17310400
21/01/2025 11:30,103863.42000000,103676.29000000,103970.23000000,103468.62000000,520.51704000,53991288.66578780,21/01/2025 11:44,73188,275.06624000,28529900.50343170
21/01/2025 11:45,103758.25000000,103863.42000000,103973.02000000,103708.73000000,355.93193000,36970534.85101610,21/01/2025 11:59,51230,174.01333000,18073728.62724170
21/01/2025 12:00,103978.00000000,103758.25000000,103978.00000000,103610.77000000,368.57945000,38266062.30804390,21/01/2025 12:14,49601,177.79159000,18460753.06124830
21/01/2025 12:15,104454.70000000,103977.99000000,104708.41000000,103977.99000000,785.86181000,82048168.07747310,21/01/2025 12:29,86878,476.40355000,49724588.44760540
21/01/2025 12:30,104445.56000000,104454.70000000,104700.00000000,104332.00000000,493.00533000,51526477.08133860,21/01/2025 12:44,61788,254.07221000,26554855.15517410
21/01/2025 12:45,104519.98000000,104445.57000000,104579.99000000,104310.00000000,379.75947000,39649867.59591410,21/01/2025 12:59,44465,186.95247000,19521538.37994110
21/01/2025 13:00,104628.01000000,104519.98000000,104661.35000000,104149.18000000,478.99699000,49999415.23376960,21/01/2025 13:14,59997,217.62111000,22717711.39201530
21/01/2025 13:15,104646.35000000,104628.01000000,104999.99000000,104460.09000000,556.75543000,58342670.78654900,21/01/2025 13:29,65237,263.21467000,27590646.89737050
21/01/2025 13:30,104663.98000000,104646.35000000,104735.62000000,104463.62000000,308.72067000,32286278.99973180,21/01/2025 13:44,47509,118.81406000,12425948.63241780
21/01/2025 13:45,104457.07000000,104663.98000000,104833.69000000,104360.02000000,254.58949000,26629115.48473620,21/01/2025 13:59,39567,108.18763000,11316017.99338020
21/01/2025 14:00,104524.61000000,104457.08000000,104688.00000000,104404.01000000,228.18408000,23848473.00083670,21/01/2025 14:14,47930,109.82781000,11478149.00606030
21/01/2025 14:15,105240.37000000,104524.62000000,105270.36000000,104524.62000000,529.25834000,55557664.02291170,21/01/2025 14:29,66492,309.43715000,32477507.19998040
21/01/2025 14:30,103758.61000000,105240.38000000,105320.00000000,103266.56000000,1507.70589000,156732062.96527850,21/01/2025 14:44,192187,725.05226000,75359338.89778570
21/01/2025 14:45,103260.91000000,103758.60000000,104264.00000000,103001.00000000,1100.56007000,113967717.18997290,21/01/2025 14:59,162767,512.29131000,53053365.84734570
21/01/2025 15:00,103073.70000000,103260.90000000,103463.56000000,102803.43000000,1189.02686000,122554298.60799160,21/01/2025 15:14,157758,530.80196000,54726315.85357740
21/01/2025 15:15,103720.08000000,103073.71000000,103826.73000000,103020.00000000,715.74504000,74037759.56156290,21/01/2025 15:29,105452,381.72175000,39481568.09735300
21/01/2025 15:30,103814.25000000,103720.08000000,104109.98000000,103360.17000000,630.84945000,65452055.98914020,21/01/2025 15:44,110371,369.81846000,38372865.61961420
21/01/2025 15:45,103943.00000000,103813.86000000,104021.99000000,103466.66000000,371.65229000,38562780.17233310,21/01/2025 15:59,89816,198.90831000,20640191.72058010
21/01/2025 16:00,106043.46000000,103942.99000000,106300.00000000,103822.02000000,1746.63991000,183967402.86724630,21/01/2025 16:14,174519,1081.16454000,113867497.27540640
21/01/2025 16:15,105412.85000000,106043.45000000,106500.99000000,105199.05000000,1580.21011000,167536901.18282310,21/01/2025 16:29,183292,718.32027000,76174858.08020510
21/01/2025 16:30,105104.46000000,105412.86000000,105867.99000000,104828.50000000,676.21144000,71197771.04429550,21/01/2025 16:44,111520,293.32657000,30890332.24448730
21/01/2025 16:45,104965.99000000,105104.47000000,105728.07000000,104822.27000000,363.90675000,38302363.93371570,21/01/2025 16:59,74439,171.12573000,18013842.82891430
21/01/2025 17:00,105490.18000000,104965.99000000,105527.80000000,104888.24000000,357.53949000,37612563.02011800,21/01/2025 17:14,67616,222.23606000,23380552.10073420
21/01/2025 17:15,105685.88000000,105490.18000000,105815.50000000,105400.00000000,295.41849000,31196628.50317900,21/01/2025 17:29,59516,142.60854000,15059588.43827440
21/01/2025 17:30,105838.44000000,105684.47000000,105986.64000000,105512.03000000,253.65730000,26823677.38309520,21/01/2025 17:44,56943,138.49117000,14647838.21040190
21/01/2025 17:45,106173.26000000,105838.44000000,106400.00000000,105806.34000000,824.61244000,87496186.81107490,21/01/2025 17:59,109069,441.80375000,46879008.20542400
21/01/2025 18:00,106093.59000000,106173.27000000,106239.00000000,105892.00000000,383.51859000,40685024.27187430,21/01/2025 18:14,77535,211.85081000,22474184.63161550
21/01/2025 18:15,106395.74000000,106093.59000000,106500.00000000,106010.04000000,455.23427000,48384984.74091760,21/01/2025 18:29,73686,235.88950000,25072096.46609910
21/01/2025 18:30,106832.89000000,106395.73000000,107240.81000000,106260.88000000,1120.15664000,119724771.02255700,21/01/2025 18:44,125381,643.90136000,68807098.90444980
21/01/2025 18:45,106861.18000000,106832.89000000,107100.00000000,106746.41000000,363.28144000,38854668.67538510,21/01/2025 18:59,63284,176.73509000,18902175.26461050
21/01/2025 19:00,106347.98000000,106861.18000000,106900.00000000,106347.50000000,406.16110000,43330294.96648560,21/01/2025 19:14,69978,151.58316000,16173447.52828520
21/01/2025 19:15,106877.63000000,106347.99000000,106958.95000000,106263.84000000,342.86731000,36548970.81964360,21/01/2025 19:29,56530,183.36858000,19552535.56595490
21/01/2025 19:30,106643.99000000,106877.64000000,106877.99000000,106476.81000000,314.11483000,33499605.26581180,21/01/2025 19:44,41134,115.33794000,12301625.50779170
21/01/2025 19:45,107031.34000000,106643.99000000,107150.00000000,106628.39000000,273.70367000,29276119.48438830,21/01/2025 19:59,54620,155.17740000,16598189.47871020
21/01/2025 20:00,106875.79000000,107031.34000000,107199.99000000,106756.00000000,351.84506000,37640269.12276320,21/01/2025 20:14,54834,172.28279000,18428668.32829650
21/01/2025 20:15,107027.96000000,106875.79000000,107163.48000000,106686.39000000,421.17336000,45057788.90149890,21/01/2025 20:29,56640,264.32539000,28278844.60188330
21/01/2025 20:30,106072.00000000,107027.97000000,107092.00000000,105924.24000000,470.74495000,50059524.75029990,21/01/2025 20:44,79214,212.15330000,22556994.23720150
21/01/2025 20:45,106137.51000000,106072.00000000,106303.59000000,105963.40000000,395.48583000,41975320.41649340,21/01/2025 20:59,71894,199.73658000,21198592.26191190
21/01/2025 21:00,106018.40000000,106137.51000000,106415.33000000,106008.74000000,246.89215000,26225865.73826760,21/01/2025 21:14,41176,118.39365000,12576587.11548950
21/01/2025 21:15,106235.31000000,106018.41000000,106383.47000000,105772.00000000,322.64526000,34217660.69053850,21/01/2025 21:29,48890,184.65802000,19592312.86313310
21/01/2025 21:30,106506.58000000,106235.30000000,106561.17000000,106220.00000000,341.52165000,36352306.84144770,21/01/2025 21:44,37217,235.59009000,25077350.15054480
21/01/2025 21:45,106772.23000000,106506.58000000,106814.37000000,106377.87000000,280.79065000,29925264.09294830,21/01/2025 21:59,47628,148.00314000,15774100.42693480
21/01/2025 22:00,106463.73000000,106772.23000000,106772.24000000,106387.09000000,200.69667000,21391144.15102500,21/01/2025 22:14,36610,92.61036000,9870970.34883380
21/01/2025 22:15,106448.00000000,106463.74000000,106656.00000000,106358.36000000,148.34340000,15794968.84723890,21/01/2025 22:29,22335,70.82450000,7541012.20125690
21/01/2025 22:30,106168.71000000,106448.00000000,106478.86000000,106066.41000000,142.44514000,15139708.89092020,21/01/2025 22:44,27110,59.81624000,6358169.81360300
21/01/2025 22:45,105996.01000000,106168.71000000,106359.98000000,105971.99000000,98.57894000,10464623.13486760,21/01/2025 22:59,18289,38.37428000,4073538.97954960
21/01/2025 23:00,105698.95000000,105996.01000000,106109.79000000,105420.00000000,491.66028000,51996044.13924320,21/01/2025 23:14,83415,181.76746000,19223385.56200470
21/01/2025 23:15,105724.15000000,105700.00000000,106079.66000000,105667.24000000,234.03775000,24769490.64083440,21/01/2025 23:29,53755,103.59594000,10962865.72302250
21/01/2025 23:30,106015.39000000,105724.15000000,106056.00000000,105724.12000000,169.41907000,17944699.04980480,21/01/2025 23:44,39714,105.37411000,11161660.88171080
21/01/2025 23:45,106143.82000000,106015.39000000,106284.00000000,105818.97000000,198.74312000,21077574.00299300,21/01/2025 23:59,37118,112.47566000,11926942.39783050
22/01/2025 00:00,105989.41000000,106143.82000000,106218.73000000,105871.15000000,215.14039000,22815159.07870450,22/01/2025 00:14,44469,97.07510000,10295500.16399690
22/01/2025 00:15,105986.60000000,105989.40000000,106322.00000000,105834.36000000,225.77561000,23945143.23169100,22/01/2025 00:29,49701,113.17594000,12005292.17361390
22/01/2025 00:30,105931.99000000,105986.60000000,106061.07000000,105830.29000000,165.79500000,17559972.76350680,22/01/2025 00:44,36432,76.02132000,8051219.46264540
22/01/2025 00:45,105948.00000000,105931.99000000,106041.83000000,105807.08000000,178.99982000,18956106.85056740,22/01/2025 00:59,38256,72.52056000,7679570.23424870
22/01/2025 01:00,105821.57000000,105948.01000000,106394.46000000,105758.97000000,262.59863000,27855695.85142090,22/01/2025 01:14,53769,143.81431000,15259054.09862460
22/01/2025 01:15,105684.44000000,105821.57000000,105968.60000000,105625.34000000,145.79754000,15427321.81435590,22/01/2025 01:29,40980,72.01450000,7620029.33101000
22/01/2025 01:30,105462.63000000,105684.44000000,105784.00000000,105448.99000000,198.04006000,20917977.13168970,22/01/2025 01:44,32753,83.83555000,8855180.88675010
22/01/2025 01:45,105799.99000000,105462.64000000,105891.01000000,105462.64000000,143.02047000,15118198.85045710,22/01/2025 01:59,28146,77.10259000,8150363.57967310
22/01/2025 02:00,105876.02000000,105800.00000000,105906.82000000,105663.79000000,131.02665000,13862107.36668740,22/01/2025 02:14,31395,61.88300000,6547118.41057920
22/01/2025 02:15,106027.32000000,105876.01000000,106202.82000000,105823.46000000,312.33584000,33093303.93614470,22/01/2025 02:29,30320,146.78509000,15553415.65243860
22/01/2025 02:30,105871.18000000,106027.33000000,106110.48000000,105870.37000000,253.95015000,26917363.53926290,22/01/2025 02:44,34736,86.27694000,9144744.49387400
22/01/2025 02:45,105583.89000000,105871.19000000,105886.00000000,105556.05000000,186.29465000,19697824.98009440,22/01/2025 02:59,24170,92.41134000,9771049.69387720
22/01/2025 03:00,105815.11000000,105583.90000000,105822.02000000,105583.89000000,161.06868000,17026435.24759580,22/01/2025 03:14,25644,81.35853000,8600650.87618260
22/01/2025 03:15,105839.06000000,105815.11000000,105912.18000000,105760.55000000,199.06004000,21069059.11835670,22/01/2025 03:29,27440,72.36723000,7659392.21814230
22/01/2025 03:30,105685.55000000,105839.05000000,105839.06000000,105680.34000000,129.84445000,13727019.30685500,22/01/2025 03:44,20737,60.91317000,6439464.90825180
22/01/2025 03:45,105600.01000000,105685.56000000,105749.99000000,105600.00000000,110.51035000,11677910.02341430,22/01/2025 03:59,16181,51.86996000,5481200.68588830
22/01/2025 04:00,105714.76000000,105600.01000000,105780.00000000,105566.75000000,140.19373000,14819740.00516750,22/01/2025 04:14,19782,74.62546000,7888124.21409290
22/01/2025 04:15,105749.00000000,105714.75000000,105793.11000000,105620.53000000,99.19725000,10485909.52919840,22/01/2025 04:29,18925,50.26527000,5313293.68034810
22/01/2025 04:30,105416.61000000,105749.00000000,105812.00000000,105277.24000000,196.37636000,20730833.05818250,22/01/2025 04:44,29284,83.06565000,8767413.09549110
22/01/2025 04:45,105578.41000000,105416.61000000,105600.00000000,105400.60000000,128.54758000,13562413.39097570,22/01/2025 04:59,22293,79.49841000,8386623.31418400
22/01/2025 05:00,105753.85000000,105578.41000000,105760.00000000,105498.83000000,180.05857000,19025334.69228960,22/01/2025 05:14,26925,79.50779000,8401342.56543240
22/01/2025 05:15,105628.01000000,105753.84000000,105882.89000000,105628.00000000,195.35179000,20659289.60016490,22/01/2025 05:29,22221,79.62699000,8421328.09949390
22/01/2025 05:30,105629.98000000,105628.00000000,105650.01000000,105500.00000000,119.58801000,12623384.73360210,22/01/2025 05:44,13586,71.84314000,7582711.34489760
22/01/2025 05:45,105689.15000000,105629.98000000,105767.44000000,105531.26000000,174.61927000,18455668.69207370,22/01/2025 05:59,24061,68.20856000,7208316.79731630
22/01/2025 06:00,105885.31000000,105689.15000000,105952.00000000,105621.03000000,287.85248000,30465615.44022200,22/01/2025 06:14,27573,146.39717000,15491239.44993260
22/01/2025 06:15,105515.36000000,105885.32000000,105885.32000000,105359.02000000,214.20187000,22623180.80842900,22/01/2025 06:29,31300,115.04128000,12148254.84672320
22/01/2025 06:30,105390.00000000,105515.36000000,105594.99000000,105320.23000000,192.49923000,20292418.05822500,22/01/2025 06:44,30447,75.22321000,7930249.25629220
22/01/2025 06:45,105379.81000000,105390.00000000,105428.00000000,105186.71000000,179.96952000,18954210.38973020,22/01/2025 06:59,28474,82.12964000,8649159.12852990
22/01/2025 07:00,105564.00000000,105379.82000000,105564.00000000,105320.00000000,98.31672000,10369355.91730440,22/01/2025 07:14,21192,44.26828000,4668707.67944030
22/01/2025 07:15,105476.10000000,105563.99000000,105678.57000000,105353.82000000,146.92808000,15501737.66992820,22/01/2025 07:29,27808,67.47368000,7118561.96046860
22/01/2025 07:30,105087.92000000,105476.10000000,105476.11000000,105043.88000000,236.00433000,24827498.50578580,22/01/2025 07:44,34043,71.43446000,7516053.91650340
22/01/2025 07:45,105084.77000000,105087.91000000,105274.82000000,105055.47000000,304.88796000,32056779.03636200,22/01/2025 07:59,34182,95.49099000,10039877.56687790
22/01/2025 08:00,105019.99000000,105084.77000000,105163.14000000,104939.39000000,266.26829000,27964820.71855560,22/01/2025 08:14,36958,115.54867000,12135022.08094790
22/01/2025 08:15,104805.01000000,105020.00000000,105060.35000000,104730.72000000,254.63899000,26710787.96407300,22/01/2025 08:29,40773,103.74529000,10884287.94949020
22/01/2025 08:30,105080.01000000,104805.01000000,105124.30000000,104700.00000000,223.89651000,23483899.88426840,22/01/2025 08:44,45450,85.26296000,8943936.75535690
22/01/2025 08:45,105270.03000000,105080.01000000,105343.28000000,105040.44000000,294.87274000,31027470.82943760,22/01/2025 08:59,43943,115.59378000,12162424.51799570
22/01/2025 09:00,105000.42000000,105270.03000000,105270.03000000,104916.43000000,170.78687000,17940578.80458080,22/01/2025 09:14,28904,58.62372000,6158086.44669400
22/01/2025 09:15,105015.42000000,105000.42000000,105152.24000000,104937.80000000,132.33955000,13899246.28916340,22/01/2025 09:29,24174,70.82057000,7437999.54460020
22/01/2025 09:30,105182.32000000,105015.42000000,105198.00000000,104956.00000000,79.95224000,8398200.45549220,22/01/2025 09:44,21858,26.19101000,2751715.36313840
22/01/2025 09:45,104984.83000000,105182.32000000,105184.00000000,104947.51000000,103.09128000,10827384.16369010,22/01/2025 09:59,21384,37.57729000,3946624.90890850
22/01/2025 10:00,104823.12000000,104984.82000000,105003.50000000,104647.75000000,184.86852000,19374061.59641940,22/01/2025 10:14,32351,81.07207000,8494852.01205750
22/01/2025 10:15,104983.00000000,104823.13000000,105010.48000000,104756.00000000,162.22995000,17015078.98736970,22/01/2025 10:29,24780,85.93988000,9013205.91337000
22/01/2025 10:30,105046.01000000,104983.01000000,105078.09000000,104881.33000000,123.27950000,12945503.27760220,22/01/2025 10:44,26729,50.10684000,5261344.93407980
22/01/2025 10:45,105142.76000000,105046.01000000,105161.76000000,104980.19000000,68.97346000,7247818.79806330,22/01/2025 10:59,19936,35.00690000,3678630.00022780
22/01/2025 11:00,105040.57000000,105142.14000000,105148.51000000,104992.40000000,213.46723000,22433578.98859250,22/01/2025 11:14,21930,118.40285000,12442912.97819480
22/01/2025 11:15,104795.34000000,105042.23000000,105247.20000000,104758.62000000,266.55635000,27980434.11298070,22/01/2025 11:29,32523,89.46553000,9392671.32644080
22/01/2025 11:30,105080.89000000,104795.34000000,105122.43000000,104789.99000000,176.69623000,18543708.65605630,22/01/2025 11:44,22933,105.30370000,11053336.99214580
22/01/2025 11:45,105100.39000000,105080.90000000,105464.83000000,105020.00000000,286.09691000,30109019.48091170,22/01/2025 11:59,40448,132.34692000,13928771.48335690
22/01/2025 12:00,105473.91000000,105100.38000000,105473.91000000,105060.35000000,307.70376000,32393863.88153070,22/01/2025 12:14,33011,184.82302000,19459448.78156390
22/01/2025 12:15,105365.55000000,105473.91000000,105584.23000000,105365.54000000,241.37055000,25460726.06042940,22/01/2025 12:29,29235,99.77615000,10524672.36997850
22/01/2025 12:30,105464.35000000,105365.55000000,105464.35000000,105252.35000000,112.40251000,11842745.87106180,22/01/2025 12:44,20535,59.85446000,6306546.03216190
22/01/2025 12:45,105275.86000000,105464.34000000,105464.35000000,105275.86000000,77.69116000,8184273.11140560,22/01/2025 12:59,18749,23.27797000,2452149.62938790
22/01/2025 13:00,104947.17000000,105275.87000000,105363.76000000,104900.00000000,188.74603000,19835857.35204440,22/01/2025 13:14,38627,79.76081000,8383316.72459530
22/01/2025 13:15,104907.10000000,104947.16000000,105070.50000000,104867.22000000,313.58293000,32914881.95499200,22/01/2025 13:29,35566,123.90112000,13004242.76732370
22/01/2025 13:30,104620.00000000,104907.10000000,104953.92000000,104283.67000000,503.29377000,52646518.82411920,22/01/2025 13:44,76280,176.42696000,18447326.47331390
22/01/2025 13:45,104073.94000000,104620.00000000,104642.00000000,103768.14000000,574.61531000,59833148.60815840,22/01/2025 13:59,102662,226.49191000,23581401.57434350
22/01/2025 14:00,104090.01000000,104074.43000000,104177.25000000,103700.00000000,549.70275000,57125867.16358600,22/01/2025 14:14,103049,257.33223000,26747059.83839330
22/01/2025 14:15,104662.98000000,104090.01000000,104687.66000000,104047.78000000,391.54896000,40873983.58761530,22/01/2025 14:29,69841,217.57224000,22710580.69087180
22/01/2025 14:30,104202.10000000,104662.97000000,104949.00000000,104066.70000000,535.32890000,55909012.98546010,22/01/2025 14:44,144411,242.68128000,25344544.87386060
22/01/2025 14:45,104393.66000000,104202.10000000,104715.06000000,103662.58000000,759.03018000,79003117.74390140,22/01/2025 14:59,129736,363.32145000,37814228.65030820
22/01/2025 15:00,104949.99000000,104393.67000000,104950.00000000,104121.14000000,433.19680000,45294068.69164860,22/01/2025 15:14,127995,262.77516000,27484608.16270380
22/01/2025 15:15,104387.02000000,104950.00000000,105148.95000000,104384.61000000,443.19200000,46462413.32964730,22/01/2025 15:29,114735,260.82977000,27350757.54466170
22/01/2025 15:30,104294.45000000,104387.01000000,104520.00000000,103982.00000000,365.98616000,38165337.17072380,22/01/2025 15:44,96580,184.33747000,19221860.15221340
22/01/2025 15:45,104180.01000000,104294.45000000,104663.97000000,104060.00000000,210.45689000,21953596.85485270,22/01/2025 15:59,69559,91.64669000,9559324.11672620
22/01/2025 16:00,103809.55000000,104180.01000000,104232.64000000,103700.00000000,540.31748000,56122369.43363030,22/01/2025 16:14,106024,247.70301000,25729389.41868740
22/01/2025 16:15,103987.21000000,103809.55000000,104099.25000000,103713.09000000,250.96240000,26086217.37185820,22/01/2025 16:29,67620,107.32962000,11156631.25229330
22/01/2025 16:30,103437.96000000,103987.21000000,104063.21000000,103339.12000000,538.38487000,55824747.99772920,22/01/2025 16:44,98000,177.70572000,18426187.00980800
22/01/2025 16:45,103704.64000000,103437.96000000,103875.37000000,103369.31000000,352.97763000,36583604.83901070,22/01/2025 16:59,81354,191.51432000,19847843.73808710
22/01/2025 17:00,104124.00000000,103704.65000000,104231.10000000,103665.73000000,417.47590000,43428272.84074700,22/01/2025 17:14,79230,284.59549000,29606100.29938610
22/01/2025 17:15,104265.98000000,104124.00000000,104384.50000000,104036.00000000,163.78173000,17071567.58986990,22/01/2025 17:29,47420,79.04566000,8239247.07597060
22/01/2025 17:30,104426.00000000,104265.98000000,104604.76000000,104135.19000000,249.83357000,26087263.16124820,22/01/2025 17:44,63217,142.03283000,14831232.39624410
22/01/2025 17:45,104345.80000000,104426.00000000,104583.00000000,104127.44000000,234.98867000,24524373.64208330,22/01/2025 17:59,55522,116.03225000,12107955.86442960
22/01/2025 18:00,104516.00000000,104345.80000000,104684.00000000,104273.57000000,227.54667000,23773932.26597980,22/01/2025 18:14,70665,127.40512000,13310287.77738010
22/01/2025 18:15,104310.00000000,104516.00000000,104535.99000000,104068.96000000,158.87101000,16564571.20825190,22/01/2025 18:29,59077,88.58234000,9235294.25408250
22/01/2025 18:30,104374.94000000,104310.01000000,104572.12000000,104284.48000000,159.18458000,16620837.16496530,22/01/2025 18:44,40359,85.83581000,8961534.18848120
22/01/2025 18:45,103896.01000000,104374.93000000,104428.21000000,103756.48000000,253.72477000,26422056.01830390,22/01/2025 18:59,71078,132.01519000,13747616.65564100
22/01/2025 19:00,104291.77000000,103896.01000000,104332.34000000,103853.66000000,137.87539000,14358649.04265710,22/01/2025 19:14,59710,72.52634000,7551512.00999630
22/01/2025 19:15,104490.00000000,104291.78000000,104734.21000000,104291.77000000,188.02025000,19660565.30370740,22/01/2025 19:29,43316,114.43012000,11965413.64892430
22/01/2025 19:30,104465.62000000,104489.99000000,104754.64000000,104301.13000000,273.38189000,28590922.64888220,22/01/2025 19:44,66926,139.79009000,14621608.81127940
22/01/2025 19:45,104630.00000000,104465.62000000,104720.00000000,104456.89000000,215.14428000,22506426.98808320,22/01/2025 19:59,44742,116.80697000,12218618.69847740
22/01/2025 20:00,104572.23000000,104630.00000000,104830.12000000,104385.66000000,408.26850000,42706181.25318170,22/01/2025 20:14,61602,231.31367000,24192806.80563690
22/01/2025 20:15,104456.57000000,104572.23000000,104604.00000000,104316.00000000,226.65412000,23679512.98826310,22/01/2025 20:29,49854,90.62070000,9467317.39900660
22/01/2025 20:30,104201.36000000,104456.56000000,104612.00000000,104148.00000000,298.25993000,31126496.57335140,22/01/2025 20:44,53977,138.35053000,14439106.31302990
22/01/2025 20:45,104321.10000000,104201.35000000,104524.30000000,104070.61000000,319.94670000,33354232.97352750,22/01/2025 20:59,74307,156.39336000,16303708.77854800
22/01/2025 21:00,103891.76000000,104321.11000000,104369.12000000,103779.84000000,224.89315000,23397602.01752950,22/01/2025 21:14,52959,88.55789000,9214251.99046260
22/01/2025 21:15,103902.27000000,103891.76000000,103952.11000000,103611.66000000,250.53097000,26003698.78380860,22/01/2025 21:29,35805,130.46096000,13539175.63878540
22/01/2025 21:30,104017.68000000,103902.28000000,104133.22000000,103902.28000000,148.91529000,15489418.65035440,22/01/2025 21:44,25860,76.70010000,7976982.06232600
22/01/2025 21:45,104088.03000000,104017.68000000,104139.63000000,103900.00000000,85.54125000,8900528.58334870,22/01/2025 21:59,25431,50.15200000,5218038.20951930
22/01/2025 22:00,104005.11000000,104086.95000000,104110.71000000,103902.92000000,117.99115000,12274598.37039190,22/01/2025 22:14,24584,53.29846000,5544796.66020090
22/01/2025 22:15,104013.42000000,104005.11000000,104025.87000000,103770.01000000,116.37930000,12088545.40284940,22/01/2025 22:29,23938,57.29120000,5951191.23855060
22/01/2025 22:30,104297.70000000,104013.42000000,104514.80000000,104013.42000000,214.26976000,22353132.51928620,22/01/2025 22:44,38946,107.75789000,11237799.83389100
22/01/2025 22:45,103866.79000000,104297.70000000,104342.80000000,103813.33000000,106.80796000,11121432.61218560,22/01/2025 22:59,33047,38.59103000,4018090.16707610
22/01/2025 23:00,103940.00000000,103866.79000000,104143.99000000,103679.46000000,201.78150000,20969392.57788000,22/01/2025 23:14,74997,101.21900000,10518647.88958550
22/01/2025 23:15,103845.00000000,103940.01000000,104069.00000000,103773.02000000,83.68793000,8694776.92947420,22/01/2025 23:29,37624,43.33658000,4502525.02684180
22/01/2025 23:30,103898.88000000,103845.01000000,103982.46000000,103752.33000000,67.69382000,7030411.80831780,22/01/2025 23:44,33763,37.58068000,3902991.97819320
22/01/2025 23:45,103706.66000000,103898.89000000,103911.50000000,103654.00000000,84.88576000,8807326.28094200,22/01/2025 23:59,20211,37.27635000,3867033.52160230
23/01/2025 00:00,103678.76000000,103706.66000000,103819.99000000,103570.00000000,174.37579000,18080176.72813420,23/01/2025 00:14,35542,96.50066000,10005690.06528670
23/01/2025 00:15,103376.13000000,103678.76000000,103678.77000000,103102.00000000,399.28176000,41258602.72766460,23/01/2025 00:29,50145,144.23611000,14903845.00547350
23/01/2025 00:30,103235.60000000,103376.14000000,103634.09000000,103223.60000000,148.27138000,15336894.89523050,23/01/2025 00:44,39240,72.52148000,7503014.01244160
23/01/2025 00:45,103307.51000000,103235.61000000,103459.99000000,103052.82000000,237.74774000,24535496.92304200,23/01/2025 00:59,39104,102.89101000,10618778.44077300
23/01/2025 01:00,103224.59000000,103307.51000000,103420.00000000,103105.05000000,204.01341000,21061996.58134110,23/01/2025 01:14,28036,111.26449000,11486157.64370180
23/01/2025 01:15,103540.82000000,103224.60000000,103578.14000000,103135.51000000,205.77931000,21258564.25357140,23/01/2025 01:29,30136,136.94371000,14147041.28619880
23/01/2025 01:30,103363.48000000,103540.82000000,103653.84000000,103342.33000000,131.37354000,13596579.34631860,23/01/2025 01:44,24163,63.91181000,6613502.92637350
23/01/2025 01:45,102931.94000000,103363.48000000,103380.00000000,102588.15000000,731.09472000,75196940.87581160,23/01/2025 01:59,81690,308.53365000,31728417.02028370
23/01/2025 02:00,102519.19000000,102931.94000000,102983.39000000,102353.04000000,694.17637000,71210569.19099320,23/01/2025 02:14,66489,241.55884000,24775652.20285410
23/01/2025 02:15,102391.09000000,102519.78000000,102546.19000000,102129.31000000,582.16101000,59556810.23695070,23/01/2025 02:29,65209,276.77707000,28316450.01394640
23/01/2025 02:30,102459.99000000,102391.09000000,102500.66000000,102100.00000000,418.17814000,42776447.93737720,23/01/2025 02:44,45209,203.86915000,20859961.22809740
23/01/2025 02:45,102655.34000000,102459.99000000,102775.86000000,102408.78000000,248.62255000,25513066.97447980,23/01/2025 02:59,45734,138.00838000,14161700.87069630
23/01/2025 03:00,102943.35000000,102655.34000000,103004.58000000,102608.69000000,236.04285000,24284927.57431000,23/01/2025 03:14,33860,119.39285000,12283444.94287700
23/01/2025 03:15,102973.84000000,102943.35000000,102996.60000000,102794.59000000,139.25566000,14330172.11155910,23/01/2025 03:29,27006,70.18142000,7222232.37870910
23/01/2025 03:30,102964.00000000,102973.83000000,103007.75000000,102912.84000000,97.69921000,10058543.14354690,23/01/2025 03:44,14769,48.69292000,5012944.80126970
23/01/2025 03:45,102461.25000000,102963.99000000,102964.00000000,102197.34000000,312.20820000,31994852.34878260,23/01/2025 03:59,43866,115.47014000,11827345.23396480
23/01/2025 04:00,102256.35000000,102461.24000000,102493.15000000,102177.00000000,186.97424000,19133363.56873970,23/01/2025 04:14,27728,83.47970000,8542910.00957420
23/01/2025 04:15,101810.00000000,102256.34000000,102256.34000000,101780.00000000,781.53814000,79682370.42693120,23/01/2025 04:29,68305,216.55537000,22071661.69843500
23/01/2025 04:30,101829.98000000,101809.99000000,102017.93000000,101575.50000000,295.62574000,30079678.38958950,23/01/2025 04:44,50477,117.60948000,11971281.21908410
23/01/2025 04:45,102075.22000000,101829.98000000,102142.40000000,101829.97000000,364.98476000,37235725.06666600,23/01/2025 04:59,45279,245.15620000,25010878.16542060
23/01/2025 05:00,102212.00000000,102075.21000000,102225.61000000,102000.00000000,176.75693000,18053340.43808360,23/01/2025 05:14,36597,95.73008000,9778274.07771190
23/01/2025 05:15,102025.89000000,102211.65000000,102263.93000000,102000.00000000,171.56356000,17523241.53146750,23/01/2025 05:29,35124,78.32243000,7999489.35810840
23/01/2025 05:30,102487.56000000,102025.89000000,102560.00000000,102021.35000000,348.88182000,35722271.53105880,23/01/2025 05:44,42706,205.97658000,21091519.88246360
23/01/2025 05:45,102532.52000000,102487.57000000,102639.36000000,102382.18000000,193.08971000,19794767.30951960,23/01/2025 05:59,24152,101.67436000,10425085.86544060
23/01/2025 06:00,102889.95000000,102532.52000000,102968.31000000,102532.51000000,155.33331000,15960017.62058180,23/01/2025 06:14,39251,94.07370000,9665876.17264240
23/01/2025 06:15,102857.24000000,102889.95000000,102895.38000000,102700.00000000,133.04301000,13677352.56168210,23/01/2025 06:29,26257,71.24217000,7323561.65063060
23/01/2025 06:30,102627.01000000,102857.24000000,102857.25000000,102611.81000000,109.35351000,11231870.85677250,23/01/2025 06:44,26077,42.72424000,4388218.90805150
23/01/2025 06:45,102256.70000000,102627.01000000,102638.01000000,102209.23000000,198.38339000,20313918.37229120,23/01/2025 06:59,37118,73.94339000,7571207.89914040
23/01/2025 07:00,102390.10000000,102256.71000000,102420.00000000,102084.51000000,154.40415000,15785197.27979930,23/01/2025 07:14,34918,78.79788000,8056016.97180960
23/01/2025 07:15,102325.33000000,102390.11000000,102523.50000000,102241.65000000,169.59705000,17367990.69470820,23/01/2025 07:29,27054,66.81186000,6842516.25170980
23/01/2025 07:30,102431.04000000,102325.33000000,102551.76000000,102149.82000000,159.65830000,16348376.15486330,23/01/2025 07:44,33172,87.04923000,8914028.83792830
23/01/2025 07:45,102710.27000000,102431.04000000,102803.20000000,102431.04000000,322.99291000,33165315.30454250,23/01/2025 07:59,32722,255.64137000,26249402.08295120
23/01/2025 08:00,102481.75000000,102710.28000000,102724.94000000,102387.93000000,200.62825000,20576752.18871930,23/01/2025 08:14,26979,93.25903000,9563874.53598990
23/01/2025 08:15,102394.95000000,102481.75000000,102598.83000000,102284.00000000,107.02938000,10965318.24958070,23/01/2025 08:29,29536,67.02923000,6867206.72792580
23/01/2025 08:30,102457.41000000,102394.95000000,102464.96000000,102250.00000000,145.68459000,14914910.51100480,23/01/2025 08:44,31165,93.99134000,9622665.11863370
23/01/2025 08:45,102215.75000000,102457.41000000,102517.24000000,102060.00000000,159.96955000,16355384.52716800,23/01/2025 08:59,37253,59.44092000,6076290.38246260
23/01/2025 09:00,102432.57000000,102215.75000000,102467.73000000,102184.20000000,120.79182000,12363009.60906020,23/01/2025 09:14,34348,77.14924000,7895472.29917870
23/01/2025 09:15,102307.25000000,102433.11000000,102441.37000000,102210.33000000,168.08056000,17201636.05443000,23/01/2025 09:29,26658,44.31218000,4534447.91438180
23/01/2025 09:30,101905.08000000,102307.26000000,102307.26000000,101832.13000000,342.66299000,34951961.83067950,23/01/2025 09:44,53253,134.19951000,13685362.64260790
23/01/2025 09:45,101672.01000000,101905.08000000,101984.38000000,101650.00000000,264.84967000,26951674.97294610,23/01/2025 09:59,37040,96.30218000,9800414.73141880
23/01/2025 10:00,101896.30000000,101672.00000000,101896.30000000,101600.66000000,206.62893000,21021714.14335790,23/01/2025 10:14,37854,115.60229000,11762765.17575180
23/01/2025 10:15,101950.01000000,101896.29000000,102072.72000000,101836.00000000,182.46940000,18604360.84508110,23/01/2025 10:29,30010,107.53954000,10964524.47485440
23/01/2025 10:30,101290.18000000,101950.00000000,102027.31000000,101262.28000000,434.10254000,44106650.40306080,23/01/2025 10:44,58522,124.84626000,12691208.59744740
23/01/2025 10:45,101683.61000000,101290.18000000,101683.61000000,101290.18000000,199.01857000,20192524.24571850,23/01/2025 10:59,49478,106.13887000,10768347.90991120
23/01/2025 11:00,101979.99000000,101683.61000000,102002.42000000,101683.60000000,233.67044000,23799343.90696100,23/01/2025 11:14,42866,156.02668000,15892251.65071450
23/01/2025 11:15,102025.41000000,101979.99000000,102158.93000000,101929.73000000,221.68593000,22621077.74527180,23/01/2025 11:29,36276,125.70962000,12827141.73772000
23/01/2025 11:30,101946.60000000,102025.40000000,102195.03000000,101862.06000000,126.79167000,12941690.83018630,23/01/2025 11:44,25376,62.27049000,6356481.31868170
23/01/2025 11:45,101944.49000000,101946.60000000,102008.63000000,101854.86000000,99.89746000,10182349.38505090,23/01/2025 11:59,22723,61.50183000,6268905.18335100
23/01/2025 12:00,101755.51000000,101944.50000000,102135.05000000,101755.50000000,187.70430000,19136901.05889560,23/01/2025 12:14,36515,100.36944000,10232346.40816910
23/01/2025 12:15,101706.59000000,101755.51000000,101778.61000000,101401.31000000,278.20970000,28251089.04009750,23/01/2025 12:29,54259,97.07160000,9857329.65905660
23/01/2025 12:30,101578.94000000,101706.58000000,101942.52000000,101500.00000000,242.71305000,24688091.69554990,23/01/2025 12:44,43725,139.13218000,14156210.06744570
23/01/2025 12:45,101635.58000000,101578.95000000,101732.15000000,101460.48000000,169.99592000,17271103.60732210,23/01/2025 12:59,37386,91.75158000,9322574.49609160
23/01/2025 13:00,101720.44000000,101635.59000000,101784.00000000,101515.99000000,140.60448000,14296360.39421960,23/01/2025 13:14,43007,69.55071000,7072402.36757740
23/01/2025 13:15,101523.19000000,101720.44000000,101741.44000000,101281.62000000,222.90241000,22619828.29838430,23/01/2025 13:29,47880,100.30653000,10178198.72784510
23/01/2025 13:30,102164.90000000,101523.19000000,102212.46000000,101523.18000000,459.46875000,46844459.78484390,23/01/2025 13:44,78348,271.44594000,27673197.03356120
23/01/2025 13:45,102512.28000000,102164.90000000,102709.93000000,102136.24000000,465.59858000,47685787.36772060,23/01/2025 13:59,84780,278.82023000,28557212.46109640
23/01/2025 14:00,102294.00000000,102512.28000000,102535.01000000,102213.61000000,193.22681000,19778425.54274600,23/01/2025 14:14,54604,85.34692000,8736932.44265350
23/01/2025 14:15,102442.48000000,102293.99000000,102443.06000000,101989.81000000,245.27621000,25073468.86118230,23/01/2025 14:29,52067,121.05308000,12377693.98996840
23/01/2025 14:30,104940.95000000,102442.48000000,105076.92000000,102352.83000000,2671.82443000,278247648.70529910,23/01/2025 14:44,271181,1490.70707000,155191260.46012710
23/01/2025 14:45,105213.50000000,104940.94000000,106050.86000000,104700.00000000,2747.13852000,289480448.21008110,23/01/2025 14:59,237320,1395.58797000,147116690.66845530
23/01/2025 15:00,103537.99000000,105213.60000000,105792.00000000,102643.49000000,4022.99599000,418411094.56515710,23/01/2025 15:14,348117,1916.20343000,199319796.80274940
23/01/2025 15:15,104214.49000000,103537.99000000,104464.51000000,102872.00000000,2694.13084000,279770956.04342760,23/01/2025 15:29,245688,1295.03501000,134482051.17201660
23/01/2025 15:30,105041.55000000,104217.41000000,105082.52000000,104214.28000000,1352.48212000,141678347.11461470,23/01/2025 15:44,157883,770.25454000,80707436.84234240
23/01/2025 15:45,105263.52000000,105041.55000000,105429.85000000,104675.00000000,1146.75600000,120505419.00765780,23/01/2025 15:59,138313,624.91057000,65669040.07421160
23/01/2025 16:00,106500.00000000,105263.52000000,106579.99000000,105052.00000000,1977.71521000,209420693.86322720,23/01/2025 16:14,173978,1209.73792000,128098220.28629930
23/01/2025 16:15,105965.28000000,106499.99000000,106850.00000000,105290.83000000,1606.82341000,170366131.65697110,23/01/2025 16:29,171488,703.55601000,74628374.52090500
23/01/2025 16:30,106074.01000000,105965.27000000,106178.31000000,105568.63000000,736.66012000,77995399.35097880,23/01/2025 16:44,88668,398.40961000,42173403.98200610
23/01/2025 16:45,105139.18000000,106074.01000000,106438.29000000,105028.00000000,839.67077000,88706630.50640990,23/01/2025 16:59,113870,406.55562000,42963119.22365850
23/01/2025 17:00,104741.33000000,105139.18000000,105147.99000000,104211.00000000,681.36193000,71309469.80180090,23/01/2025 17:14,117381,298.59268000,31249121.28674880
23/01/2025 17:15,105286.94000000,104741.33000000,105364.55000000,104666.93000000,383.73654000,40291349.11634910,23/01/2025 17:29,61474,231.39607000,24299412.62070800
23/01/2025 17:30,105591.68000000,105286.94000000,105680.00000000,105224.13000000,450.04338000,47466274.65667700,23/01/2025 17:44,64376,169.22890000,17844718.76851010
23/01/2025 17:45,105927.78000000,105591.68000000,106230.42000000,105555.20000000,464.24396000,49184717.29243490,23/01/2025 17:59,71790,227.14609000,24063506.94342470
23/01/2025 18:00,105217.31000000,105927.78000000,106142.46000000,105170.46000000,344.79177000,36435105.35946160,23/01/2025 18:14,58707,142.45867000,15062788.09877940
23/01/2025 18:15,105755.08000000,105217.32000000,105878.93000000,105205.66000000,308.71357000,32587862.94666110,23/01/2025 18:29,53755,152.44934000,16089446.31868350
23/01/2025 18:30,105189.48000000,105755.08000000,105927.92000000,105100.00000000,275.69431000,29104845.13034620,23/01/2025 18:44,46622,109.02560000,11510892.07571040
23/01/2025 18:45,105424.39000000,105189.48000000,105608.55000000,105183.54000000,264.71354000,27907444.75595580,23/01/2025 18:59,52504,135.01783000,14234438.86799370
23/01/2025 19:00,104975.41000000,105424.39000000,105514.73000000,104821.41000000,395.05540000,41534125.60617870,23/01/2025 19:14,62232,192.47897000,20233962.50548740
23/01/2025 19:15,104890.37000000,104975.41000000,105148.70000000,104448.27000000,449.26741000,47067819.38892020,23/01/2025 19:29,87051,222.46752000,23305872.37436690
23/01/2025 19:30,104782.40000000,104890.37000000,104915.23000000,104496.34000000,227.26872000,23799725.89538730,23/01/2025 19:44,66084,109.28746000,11443697.88265110
23/01/2025 19:45,103770.04000000,104782.40000000,104793.11000000,103399.98000000,769.50513000,79964936.09172990,23/01/2025 19:59,128944,327.91450000,34065586.36018490
23/01/2025 20:00,104846.04000000,103770.05000000,105973.00000000,103150.00000000,1727.15428000,180446740.38101230,23/01/2025 20:14,227967,915.58782000,95651580.73372450
23/01/2025 20:15,105769.22000000,104846.03000000,106421.03000000,103733.10000000,3315.95996000,349271906.29602590,23/01/2025 20:29,333448,1772.98884000,186847646.70059540
23/01/2025 20:30,104818.42000000,105769.21000000,105834.59000000,104453.99000000,1724.36424000,181190341.84782910,23/01/2025 20:44,214620,895.89187000,94142531.37268140
23/01/2025 20:45,103284.48000000,104818.41000000,104974.29000000,102559.20000000,2534.68189000,262727478.10595110,23/01/2025 20:59,273095,1258.27963000,130444632.06391090
23/01/2025 21:00,102939.99000000,103284.01000000,103410.57000000,102658.21000000,816.09312000,84040190.20172750,23/01/2025 21:14,126353,452.08570000,46557721.65190250
23/01/2025 21:15,102734.00000000,102940.00000000,103289.68000000,102195.70000000,881.09923000,90551004.61585800,23/01/2025 21:29,112530,433.37744000,44558196.11407020
23/01/2025 21:30,103008.12000000,102734.00000000,103268.37000000,102298.91000000,543.44784000,55870708.07222570,23/01/2025 21:44,83909,295.93323000,30430010.33175920
23/01/2025 21:45,103079.08000000,103008.12000000,103283.26000000,102509.87000000,329.16117000,33870850.12734270,23/01/2025 21:59,55632,172.94031000,17799971.49723900
23/01/2025 22:00,103658.15000000,103079.08000000,103735.72000000,102981.07000000,350.39010000,36227860.50173780,23/01/2025 22:14,52420,202.23399000,20910347.39436620
23/01/2025 22:15,104140.00000000,103658.15000000,104181.02000000,103296.60000000,668.94230000,69456173.48124960,23/01/2025 22:29,73746,357.29298000,37101105.33081440
23/01/2025 22:30,104008.89000000,104140.00000000,104700.00000000,103847.73000000,454.16958000,47376323.27595160,23/01/2025 22:44,64595,214.10118000,22338436.05875240
23/01/2025 22:45,103978.82000000,104008.88000000,104248.73000000,103657.16000000,371.74786000,38625428.31678610,23/01/2025 22:59,31593,151.10777000,15706098.81647750
23/01/2025 23:00,104142.76000000,103978.82000000,104349.59000000,103776.06000000,255.89993000,26650380.35765200,23/01/2025 23:14,47775,149.38606000,15559166.62690440
23/01/2025 23:15,104299.99000000,104142.76000000,104544.48000000,104142.41000000,178.14242000,18597255.28232620,23/01/2025 23:29,31852,109.44546000,11425446.69849330
23/01/2025 23:30,104134.71000000,104299.99000000,104344.15000000,104114.00000000,119.08522000,12410923.00243840,23/01/2025 23:44,25455,45.39548000,4731095.54831520
23/01/2025 23:45,103910.34000000,104134.70000000,104134.71000000,103848.44000000,170.06397000,17689525.14414830,23/01/2025 23:59,19924,45.74817000,4758560.31731100
24/01/2025 00:00,103831.13000000,103910.35000000,104157.98000000,103793.72000000,230.51743000,23960704.57641880,24/01/2025 00:14,36816,110.23878000,11458841.61950430
24/01/2025 00:15,103661.36000000,103831.14000000,103959.99000000,103520.09000000,243.78391000,25288244.11159350,24/01/2025 00:29,39404,102.99126000,10684322.79154220
24/01/2025 00:30,103620.50000000,103661.37000000,103777.37000000,103564.00000000,158.18155000,16392708.97758490,24/01/2025 00:44,26121,61.39176000,6362390.24219790
24/01/2025 00:45,103446.62000000,103620.50000000,103780.00000000,103424.58000000,162.24489000,16803019.30965900,24/01/2025 00:59,31118,74.54817000,7722686.92525250
24/01/2025 01:00,103624.73000000,103446.62000000,103692.00000000,103420.56000000,169.13784000,17514495.50555130,24/01/2025 01:14,31831,87.81075000,9093104.47566610
24/01/2025 01:15,103632.05000000,103624.73000000,103900.00000000,103505.72000000,157.18278000,16294412.05289380,24/01/2025 01:29,36613,73.40613000,7610436.28766080
24/01/2025 01:30,103380.14000000,103632.05000000,103672.52000000,103361.37000000,142.92181000,14793585.01593650,24/01/2025 01:44,36942,63.73676000,6597984.72850340
24/01/2025 01:45,103234.30000000,103380.67000000,103385.77000000,103039.87000000,263.80488000,27221846.63468740,24/01/2025 01:59,40708,123.68570000,12764359.30503360
24/01/2025 02:00,103252.65000000,103234.30000000,103327.00000000,103004.26000000,180.91967000,18665845.63027110,24/01/2025 02:14,39274,104.65902000,10798240.93160060
24/01/2025 02:15,103386.51000000,103252.66000000,103487.77000000,103237.26000000,244.09841000,25232920.07372620,24/01/2025 02:29,42273,161.34173000,16677487.42388840
24/01/2025 02:30,103284.62000000,103386.51000000,103545.39000000,103271.00000000,124.54885000,12879878.37316980,24/01/2025 02:44,28419,49.77011000,5147193.66166010
24/01/2025 02:45,103016.01000000,103284.01000000,103309.80000000,102956.72000000,241.05263000,24853162.48405530,24/01/2025 02:59,45066,103.13281000,10634389.22399020
24/01/2025 03:00,103206.73000000,103016.00000000,103463.00000000,103016.00000000,230.49815000,23797589.71132870,24/01/2025 03:14,53267,135.30555000,13972672.00120650
24/01/2025 03:15,103479.98000000,103206.73000000,103812.86000000,102750.00000000,442.54611000,45702378.48341880,24/01/2025 03:29,74548,187.43805000,19354836.43602970
24/01/2025 03:30,104110.82000000,103479.97000000,104298.00000000,103430.65000000,607.03973000,63101309.12506110,24/01/2025 03:44,93887,324.25369000,33700980.32558820
24/01/2025 03:45,103891.75000000,104110.82000000,104186.42000000,103869.23000000,186.75505000,19420731.81556810,24/01/2025 03:59,51912,79.20121000,8236954.38282760
24/01/2025 04:00,104002.29000000,103891.75000000,104134.58000000,103804.77000000,152.20338000,15821265.03494260,24/01/2025 04:14,37889,77.72149000,8079941.17166540
24/01/2025 04:15,103988.50000000,104002.28000000,104107.67000000,103863.72000000,142.49115000,14815527.45465270,24/01/2025 04:29,31888,60.46055000,6286525.54597570
24/01/2025 04:30,104421.96000000,103988.50000000,104500.00000000,103900.01000000,227.77762000,23748234.76686040,24/01/2025 04:44,46743,145.58868000,15179366.77745750
24/01/2025 04:45,104631.99000000,104421.97000000,104924.40000000,104409.77000000,402.18346000,42070653.97323870,24/01/2025 04:59,67098,202.94999000,21232899.22920330
24/01/2025 05:00,104861.72000000,104631.98000000,105052.00000000,104543.21000000,292.07545000,30622728.81629660,24/01/2025 05:14,63926,172.60230000,18100139.58210240
24/01/2025 05:15,104879.77000000,104861.72000000,105036.42000000,104661.95000000,213.91346000,22430528.44399510,24/01/2025 05:29,51978,127.02058000,13319676.51420060
24/01/2025 05:30,104916.00000000,104879.77000000,104998.99000000,104853.66000000,136.92864000,14368721.31716980,24/01/2025 05:44,35777,70.62766000,7411492.12536860
24/01/2025 05:45,105222.15000000,104916.01000000,105262.13000000,104808.17000000,242.78009000,25502079.03143190,24/01/2025 05:59,46615,143.17511000,15041604.35262170
24/01/2025 06:00,104924.73000000,105222.15000000,105355.00000000,104857.55000000,239.88107000,25204238.66228580,24/01/2025 06:14,52236,79.17930000,8319023.61158200
24/01/2025 06:15,104901.34000000,104924.74000000,105030.00000000,104800.00000000,170.34251000,17873334.97034810,24/01/2025 06:29,40877,71.97857000,7552590.35507700
24/01/2025 06:30,104860.22000000,104901.35000000,104950.98000000,104628.00000000,166.52464000,17446742.74495370,24/01/2025 06:44,38064,90.35092000,9465714.60854190
24/01/2025 06:45,104991.01000000,104860.22000000,104997.59000000,104843.06000000,101.16004000,10614165.80930010,24/01/2025 06:59,25864,62.04777000,6510034.95050490
24/01/2025 07:00,104812.41000000,104991.01000000,105181.82000000,104737.58000000,173.08348000,18173392.65017860,24/01/2025 07:14,39990,72.84735000,7650389.26645200
24/01/2025 07:15,104719.75000000,104812.41000000,104848.49000000,104660.00000000,108.15442000,11330570.78739360,24/01/2025 07:29,27110,56.19513000,5886961.87211900
24/01/2025 07:30,104818.19000000,104719.75000000,104853.29000000,104668.00000000,156.73176000,16418859.79018460,24/01/2025 07:44,42111,89.01522000,9324913.98407290
24/01/2025 07:45,105046.80000000,104818.18000000,105089.30000000,104818.18000000,216.26574000,22706107.07312340,24/01/2025 07:59,43549,126.55891000,13287425.15895890
24/01/2025 08:00,105229.99000000,105046.79000000,105251.25000000,104922.41000000,157.01232000,16497401.43918980,24/01/2025 08:14,31770,81.81346000,8597740.46607130
24/01/2025 08:15,105546.62000000,105230.00000000,105560.67000000,105175.27000000,268.33305000,28271359.67764070,24/01/2025 08:29,53000,156.04999000,16445106.55307310
24/01/2025 08:30,105343.17000000,105546.61000000,105650.00000000,105332.50000000,334.91648000,35323485.69958230,24/01/2025 08:44,51823,152.24604000,16057710.13022390
24/01/2025 08:45,105500.76000000,105343.16000000,105592.00000000,105260.00000000,178.38689000,18804016.87455450,24/01/2025 08:59,30927,95.58637000,10075636.72634860
24/01/2025 09:00,105472.83000000,105500.76000000,105520.66000000,105381.91000000,225.38874000,23768254.78652290,24/01/2025 09:14,41043,85.82335000,9050579.23068930
24/01/2025 09:15,105611.99000000,105472.84000000,105759.00000000,105463.43000000,196.18647000,20723847.81158520,24/01/2025 09:29,42553,107.01021000,11302606.50564930
24/01/2025 09:30,105297.10000000,105611.99000000,105625.08000000,105207.10000000,241.94738000,25495862.71328400,24/01/2025 09:44,42299,108.89685000,11471987.71216760
24/01/2025 09:45,105146.67000000,105297.09000000,105297.09000000,105053.80000000,189.60311000,19937082.36404130,24/01/2025 09:59,41189,96.07609000,10101770.43485810
24/01/2025 10:00,105220.02000000,105146.67000000,105325.08000000,105051.46000000,116.72346000,12275863.93986570,24/01/2025 10:14,33673,60.06222000,6316488.50569730
24/01/2025 10:15,105270.00000000,105220.02000000,105286.56000000,105058.79000000,120.59928000,12682959.35035050,24/01/2025 10:29,25905,66.64952000,7008788.23041020
24/01/2025 10:30,105362.39000000,105270.01000000,105428.00000000,105193.49000000,278.49694000,29329585.95779720,24/01/2025 10:44,42287,142.66969000,15024522.33859990
24/01/2025 10:45,105416.75000000,105362.40000000,105419.67000000,105110.09000000,156.07776000,16429016.37449280,24/01/2025 10:59,30517,87.76513000,9237954.83331510
24/01/2025 11:00,105375.67000000,105416.75000000,105476.91000000,105326.88000000,127.66102000,13453690.21777070,24/01/2025 11:14,26552,58.96083000,6213777.73428970
24/01/2025 11:15,105374.90000000,105375.67000000,105527.69000000,105374.90000000,100.46653000,10593396.22084020,24/01/2025 11:29,20154,47.66951000,5026589.80984680
24/01/2025 11:30,105237.79000000,105374.91000000,105376.01000000,105214.15000000,123.83033000,13036041.87403940,24/01/2025 11:44,24476,60.03379000,6319046.61011870
24/01/2025 11:45,105420.10000000,105237.78000000,105474.29000000,105229.20000000,164.76444000,17358732.17073540,24/01/2025 11:59,31254,77.97045000,8212406.50013570
24/01/2025 12:00,105257.98000000,105420.11000000,105586.29000000,105183.65000000,177.21920000,18676507.31811780,24/01/2025 12:14,44697,70.59190000,7441385.53034100
24/01/2025 12:15,105316.54000000,105257.98000000,105416.99000000,105236.67000000,178.06606000,18755633.88503580,24/01/2025 12:29,34404,86.59441000,9120719.61044860
24/01/2025 12:30,105384.79000000,105316.54000000,105455.33000000,105300.00000000,134.19012000,14141977.90288170,24/01/2025 12:44,25062,67.70670000,7135702.95024850
24/01/2025 12:45,105526.58000000,105384.79000000,105535.49000000,105384.79000000,137.93957000,14547962.16305000,24/01/2025 12:59,23722,81.79338000,8626543.08454540
24/01/2025 13:00,105259.35000000,105526.58000000,105793.61000000,105196.73000000,245.58474000,25909783.65897900,24/01/2025 13:14,55729,106.46099000,11235540.45359420
24/01/2025 13:15,105279.97000000,105259.35000000,105370.99000000,104982.03000000,198.92708000,20918028.22537260,24/01/2025 13:29,38266,91.53156000,9626273.10164150
24/01/2025 13:30,105064.81000000,105279.98000000,105290.00000000,104993.50000000,136.98647000,14402799.00972710,24/01/2025 13:44,31625,70.13789000,7374665.18937570
24/01/2025 13:45,105118.07000000,105064.80000000,105279.77000000,104996.00000000,171.11241000,17988916.57217530,24/01/2025 13:59,39076,78.97015000,8302182.76863950
24/01/2025 14:00,105010.18000000,105118.06000000,105237.15000000,104880.00000000,184.47628000,19380516.31197360,24/01/2025 14:14,47168,69.75131000,7327071.90370030
24/01/2025 14:15,105266.02000000,105010.18000000,105322.23000000,105010.18000000,186.05016000,19569087.64363600,24/01/2025 14:29,45728,85.46709000,8989533.64069310
24/01/2025 14:30,106222.00000000,105266.01000000,106222.00000000,104669.17000000,1097.02725000,115760271.26416530,24/01/2025 14:44,194074,696.69099000,73555884.68031140
24/01/2025 14:45,105758.00000000,106221.99000000,106321.66000000,105552.14000000,742.79122000,78649097.31698610,24/01/2025 14:59,155477,383.64262000,40618764.68292950
24/01/2025 15:00,105552.97000000,105758.00000000,105946.73000000,105505.90000000,294.19537000,31100074.84901470,24/01/2025 15:14,104189,127.76443000,13504877.61660840
24/01/2025 15:15,105665.03000000,105552.97000000,105990.50000000,105259.49000000,498.65483000,52710079.08152660,24/01/2025 15:29,111139,237.87168000,25130378.11288760
24/01/2025 15:30,105640.31000000,105665.03000000,105972.90000000,105420.00000000,307.66798000,32527914.71493530,24/01/2025 15:44,96235,144.87631000,15316084.33509330
24/01/2025 15:45,105859.98000000,105640.32000000,105968.99000000,105588.00000000,231.42629000,24491910.03613630,24/01/2025 15:59,72398,124.90225000,13217539.73682080
24/01/2025 16:00,105957.27000000,105859.99000000,106126.06000000,105720.87000000,380.97663000,40372249.05202390,24/01/2025 16:14,92759,184.14707000,19512651.75954850
24/01/2025 16:15,105989.41000000,105957.27000000,106125.40000000,105828.04000000,388.10029000,41140776.34664340,24/01/2025 16:29,76897,203.09388000,21527254.96939470
24/01/2025 16:30,105988.97000000,105989.41000000,106174.99000000,105860.86000000,249.73634000,26473841.56392050,24/01/2025 16:44,62197,119.57245000,12674811.93449080
24/01/2025 16:45,105645.89000000,105988.41000000,106129.33000000,105589.00000000,413.70262000,43821476.51495040,24/01/2025 16:59,57131,228.81519000,24232059.67583540
24/01/2025 17:00,105963.97000000,105645.88000000,106019.78000000,105612.00000000,293.64879000,31069198.85877840,24/01/2025 17:14,66932,166.24851000,17589408.93739150
24/01/2025 17:15,106478.23000000,105963.97000000,106498.41000000,105959.90000000,401.34335000,42651270.54776880,24/01/2025 17:29,53993,221.46876000,23540759.92161760
24/01/2025 17:30,106320.00000000,106478.22000000,106498.20000000,106224.13000000,220.62428000,23457493.69757240,24/01/2025 17:44,56105,104.11874000,11070480.06041720
24/01/2025 17:45,106458.46000000,106320.00000000,106699.99000000,106258.65000000,456.91392000,48688334.49087790,24/01/2025 17:59,75103,283.28360000,30185731.56347940
24/01/2025 18:00,106644.00000000,106458.47000000,106987.58000000,106426.12000000,668.23708000,71351486.75904830,24/01/2025 18:14,106805,359.79166000,38418297.29411870
24/01/2025 18:15,106917.98000000,106644.00000000,107120.00000000,106644.00000000,528.18154000,56489462.03544260,24/01/2025 18:29,82134,364.16225000,38951170.39282950
24/01/2025 18:30,106641.54000000,106917.99000000,106983.29000000,106591.21000000,225.01159000,24033450.94638360,24/01/2025 18:44,64105,99.82504000,10661830.90055850
24/01/2025 18:45,106327.72000000,106641.54000000,106655.18000000,106056.95000000,333.70586000,35497450.40064250,24/01/2025 18:59,65882,147.10917000,15645467.71671690
24/01/2025 19:00,106105.61000000,106327.31000000,106606.01000000,105875.40000000,335.89555000,35658230.30634890,24/01/2025 19:14,72655,143.40344000,15224933.99175420
24/01/2025 19:15,106369.85000000,106105.61000000,106454.99000000,106105.60000000,144.75464000,15387729.37767050,24/01/2025 19:29,47219,78.23535000,8316478.14109370
24/01/2025 19:30,105910.48000000,106369.85000000,106434.21000000,105882.68000000,199.95641000,21235596.15067500,24/01/2025 19:44,47150,83.87521000,8910282.94410750
24/01/2025 19:45,105760.94000000,105910.29000000,105910.29000000,105687.00000000,242.58143000,25661939.33770060,24/01/2025 19:59,43307,81.29428000,8600174.61518680
24/01/2025 20:00,105668.00000000,105760.93000000,105781.00000000,105599.52000000,200.34000000,21169627.56282180,24/01/2025 20:14,35895,92.08113000,9730721.37233840
24/01/2025 20:15,105205.11000000,105668.01000000,105668.01000000,105100.69000000,347.82107000,36634050.77229430,24/01/2025 20:29,74913,132.52885000,13960246.15659220
24/01/2025 20:30,105033.80000000,105205.12000000,105298.40000000,104819.12000000,460.40352000,48363439.84590460,24/01/2025 20:44,85492,186.76016000,19620383.78106190
24/01/2025 20:45,104859.11000000,105032.73000000,105404.45000000,104736.84000000,333.00512000,34983454.96822630,24/01/2025 20:59,87343,168.28741000,17681341.50129090
24/01/2025 21:00,105094.66000000,104859.40000000,105252.91000000,104859.40000000,279.69486000,29382721.80363130,24/01/2025 21:14,53147,154.07058000,16186398.91244630
24/01/2025 21:15,105289.33000000,105094.67000000,105391.47000000,105028.74000000,178.29934000,18757248.78422170,24/01/2025 21:29,30536,92.98950000,9782279.52841200
24/01/2025 21:30,105146.56000000,105289.33000000,105382.88000000,105030.51000000,146.90823000,15461767.25413220,24/01/2025 21:44,32896,58.64949000,6172466.68165520
24/01/2025 21:45,105124.61000000,105146.56000000,105292.29000000,105061.12000000,144.08116000,15148583.07967900,24/01/2025 21:59,24837,74.04793000,7784918.28929070
24/01/2025 22:00,105201.07000000,105124.61000000,105477.00000000,105045.00000000,202.89643000,21354430.00847310,24/01/2025 22:14,29053,97.25059000,10233240.62344280
24/01/2025 22:15,104971.97000000,105201.07000000,105306.41000000,104950.01000000,115.22097000,12111728.53049260,24/01/2025 22:29,21497,48.50282000,5098715.35891390
24/01/2025 22:30,105218.97000000,104971.96000000,105218.97000000,104971.96000000,114.53604000,12037854.50007160,24/01/2025 22:44,16040,58.22454000,6118572.86374710
24/01/2025 22:45,104777.25000000,105218.97000000,105229.90000000,104706.08000000,107.63801000,11298015.92323980,24/01/2025 22:59,20332,26.75749000,2807925.25447240
24/01/2025 23:00,104572.28000000,104777.25000000,104925.20000000,104461.53000000,350.52699000,36671166.05917540,24/01/2025 23:14,60974,175.12466000,18319790.52801180
24/01/2025 23:15,104580.16000000,104572.29000000,104687.54000000,104456.89000000,114.09849000,11929731.99430470,24/01/2025 23:29,21467,47.02773000,4917482.88041250
24/01/2025 23:30,104713.21000000,104580.15000000,104760.24000000,104488.42000000,92.68252000,9702337.86208910,24/01/2025 23:44,23750,46.43586000,4860788.02636570
24/01/2025 23:45,104870.50000000,104713.22000000,104872.16000000,104680.00000000,107.27727000,11241288.40525700,24/01/2025 23:59,22015,65.00899000,6812517.18404460
25/01/2025 00:00,104527.83000000,104870.51000000,104870.51000000,104508.51000000,159.37960000,16684803.77149100,25/01/2025 00:14,34016,58.99494000,6176911.68333510
25/01/2025 00:15,104623.93000000,104527.82000000,104800.00000000,104507.99000000,196.83549000,20600933.78257840,25/01/2025 00:29,32370,80.55191000,8431281.10067630
25/01/2025 00:30,104578.83000000,104623.93000000,104748.00000000,104456.89000000,204.60963000,21403864.93964960,25/01/2025 00:44,41344,114.36173000,11964005.26733800
25/01/2025 00:45,104419.59000000,104578.84000000,104636.73000000,104361.89000000,211.60083000,22107699.65999350,25/01/2025 00:59,32513,69.45800000,7259582.11081540
25/01/2025 01:00,104549.07000000,104419.58000000,104640.00000000,104380.15000000,171.22900000,17900066.52576160,25/01/2025 01:14,26520,125.48045000,13117646.04819170
25/01/2025 01:15,104712.12000000,104549.08000000,104751.18000000,104517.35000000,106.65164000,11160908.25375950,25/01/2025 01:29,25201,57.52669000,6020025.98851020
25/01/2025 01:30,104772.41000000,104712.12000000,104815.01000000,104672.41000000,92.82334000,9724485.98947910,25/01/2025 01:44,18183,47.30703000,4955990.57558260
25/01/2025 01:45,104738.00000000,104772.42000000,104800.01000000,104678.62000000,79.25964000,8301445.81698620,25/01/2025 01:59,13437,40.96861000,4290978.24269280
25/01/2025 02:00,104699.53000000,104738.01000000,104738.01000000,104550.00000000,62.32722000,6521424.81438400,25/01/2025 02:14,12867,30.28150000,3168075.19264170
25/01/2025 02:15,104668.22000000,104699.53000000,104830.27000000,104608.00000000,59.55567000,6236088.38109350,25/01/2025 02:29,16222,37.36405000,3911948.86753840
25/01/2025 02:30,104595.15000000,104668.22000000,104741.45000000,104580.00000000,53.99408000,5651588.65645930,25/01/2025 02:44,11421,24.70332000,2585828.94504780
25/01/2025 02:45,104559.54000000,104595.15000000,104652.30000000,104473.67000000,91.09029000,9524098.78821720,25/01/2025 02:59,15317,42.60137000,4454652.43772930
25/01/2025 03:00,104525.40000000,104559.54000000,104617.99000000,104467.45000000,93.28962000,9753064.27561590,25/01/2025 03:14,14976,50.12933000,5241389.33784230
25/01/2025 03:15,104696.70000000,104525.40000000,104760.37000000,104461.00000000,75.23430000,7871077.68186480,25/01/2025 03:29,16090,46.58137000,4873565.19245920
25/01/2025 03:30,104867.03000000,104696.70000000,104996.47000000,104696.70000000,149.46292000,15675008.03150570,25/01/2025 03:44,20203,87.42439000,9167934.67014340
25/01/2025 03:45,105202.40000000,104867.03000000,105280.82000000,104841.32000000,222.51512000,23379381.76521610,25/01/2025 03:59,29635,142.37394000,14957875.25074130
25/01/2025 04:00,105008.88000000,105202.40000000,105202.40000000,104981.33000000,91.24924000,9588864.49840490,25/01/2025 04:14,15744,46.40664000,4876257.27497470
25/01/2025 04:15,104905.12000000,105008.89000000,105008.89000000,104844.82000000,66.29473000,6957091.65712420,25/01/2025 04:29,13484,29.77814000,3124718.80063290
25/01/2025 04:30,104829.99000000,104905.11000000,104905.13000000,104776.65000000,93.56542000,9808341.90284140,25/01/2025 04:44,11664,40.86920000,4284319.30686690
25/01/2025 04:45,104648.00000000,104830.00000000,104870.20000000,104620.00000000,81.10678000,8494324.61891850,25/01/2025 04:59,14740,25.74873000,2696059.48418980
25/01/2025 05:00,104476.65000000,104647.99000000,104701.18000000,104384.65000000,99.39883000,10391253.76463270,25/01/2025 05:14,30748,40.65614000,4250852.99946780
25/01/2025 05:15,104623.16000000,104476.66000000,104639.84000000,104380.85000000,66.51488000,6953177.69191270,25/01/2025 05:29,21371,35.34468000,3695251.75742880
25/01/2025 05:30,104554.00000000,104623.16000000,104671.01000000,104500.00000000,62.01815000,6486833.25023670,25/01/2025 05:44,17740,28.01578000,2930612.24491200
25/01/2025 05:45,104365.97000000,104554.00000000,104569.40000000,104236.95000000,140.29117000,14642285.68621830,25/01/2025 05:59,20415,56.77010000,5926003.88867120
25/01/2025 06:00,104440.22000000,104365.96000000,104480.00000000,104289.71000000,87.88787000,9174029.72113170,25/01/2025 06:14,22698,39.48715000,4122057.31954560
25/01/2025 06:15,104367.80000000,104440.21000000,104464.51000000,104216.81000000,136.33477000,14222195.28125570,25/01/2025 06:29,33029,58.65892000,6119299.68677960
25/01/2025 06:30,104358.61000000,104367.81000000,104386.09000000,104246.01000000,134.55693000,14034593.57924320,25/01/2025 06:44,21761,55.16747000,5754130.68640640
25/01/2025 06:45,104308.00000000,104358.60000000,104358.60000000,104234.18000000,106.08787000,11064388.72312760,25/01/2025 06:59,19296,45.03024000,4696622.71038560
25/01/2025 07:00,104453.22000000,104308.00000000,104471.50000000,104287.24000000,85.47126000,8921074.40648780,25/01/2025 07:14,19117,43.25297000,4514429.37463120
25/01/2025 07:15,104448.23000000,104452.80000000,104523.25000000,104383.70000000,62.75322000,6554942.04784380,25/01/2025 07:29,20165,28.81305000,3009645.30790530
25/01/2025 07:30,104387.99000000,104448.23000000,104499.50000000,104370.68000000,33.86375000,3536651.45818220,25/01/2025 07:44,12837,18.36381000,1917781.43246830
25/01/2025 07:45,104385.98000000,104388.00000000,104447.17000000,104369.99000000,59.80965000,6244092.45899440,25/01/2025 07:59,8528,36.23519000,3782757.46718270
25/01/2025 08:00,104436.00000000,104385.99000000,104450.12000000,104301.09000000,99.38696000,10374996.50027660,25/01/2025 08:14,14433,45.54180000,4754824.57690460
25/01/2025 08:15,104340.04000000,104435.99000000,104497.54000000,104308.00000000,74.20390000,7747249.07768360,25/01/2025 08:29,15392,40.24350000,4201826.86637550
25/01/2025 08:30,104305.59000000,104340.04000000,104340.65000000,104135.71000000,123.93792000,12921074.84499990,25/01/2025 08:44,22621,53.73361000,5601635.64908610
25/01/2025 08:45,104341.98000000,104305.60000000,104358.11000000,104241.37000000,62.65592000,6535102.00671790,25/01/2025 08:59,13178,31.34189000,3268863.05656560
25/01/2025 09:00,104279.30000000,104341.99000000,104401.15000000,104276.41000000,98.02304000,10227714.69424360,25/01/2025 09:14,16017,54.84722000,5723061.90700860
25/01/2025 09:15,104300.00000000,104279.30000000,104432.99000000,104279.30000000,41.56331000,4337217.28308360,25/01/2025 09:29,12708,20.59931000,2149385.21187370
25/01/2025 09:30,104413.79000000,104300.01000000,104450.48000000,104286.71000000,71.91843000,7506693.86194860,25/01/2025 09:44,13637,49.98987000,5217352.94101910
25/01/2025 09:45,104366.63000000,104413.80000000,104428.00000000,104313.65000000,50.95166000,5317430.46907800,25/01/2025 09:59,14824,21.99074000,2294887.32177470
25/01/2025 10:00,104315.81000000,104366.62000000,104458.34000000,104106.09000000,151.04538000,15746471.70560090,25/01/2025 10:14,31617,62.22392000,6488271.60955750
25/01/2025 10:15,104272.60000000,104315.81000000,104398.18000000,104211.36000000,75.86816000,7912998.82136590,25/01/2025 10:29,20474,44.86356000,4679009.78137690
25/01/2025 10:30,104445.98000000,104272.60000000,104453.41000000,104272.60000000,54.60484000,5700233.94123500,25/01/2025 10:44,18290,30.21303000,3153543.62714520
25/01/2025 10:45,104540.00000000,104445.98000000,104661.04000000,104428.00000000,86.15003000,9006474.09766700,25/01/2025 10:59,22007,54.03442000,5648629.81083020
25/01/2025 11:00,104500.00000000,104540.00000000,104618.25000000,104500.00000000,84.58848000,8844385.75689390,25/01/2025 11:14,13580,28.67221000,2998471.38919030
25/01/2025 11:15,104446.20000000,104500.01000000,104500.01000000,104391.27000000,54.20205000,5660814.57750180,25/01/2025 11:29,11014,25.65141000,2678900.55503050
25/01/2025 11:30,104527.09000000,104446.20000000,104529.24000000,104431.14000000,41.05105000,4289717.51316890,25/01/2025 11:44,12375,24.12547000,2521042.74755010
25/01/2025 11:45,104670.99000000,104527.10000000,104700.01000000,104527.09000000,84.44577000,8836798.48322550,25/01/2025 11:59,17511,54.12635000,5663762.40345390
25/01/2025 12:00,104574.18000000,104670.99000000,104676.33000000,104509.49000000,66.07627000,6910140.40317590,25/01/2025 12:14,15663,24.44835000,2556808.71899280
25/01/2025 12:15,104456.00000000,104574.18000000,104637.42000000,104456.00000000,47.28882000,4943216.66282930,25/01/2025 12:29,13798,16.95147000,1772333.94937710
25/01/2025 12:30,104641.25000000,104456.01000000,104691.69000000,104456.00000000,55.71917000,5827840.50047700,25/01/2025 12:44,14490,38.03953000,3978331.99330740
25/01/2025 12:45,104753.07000000,104641.24000000,104792.00000000,104607.96000000,89.78675000,9403092.37575950,25/01/2025 12:59,19187,61.78328000,6470512.11444140
25/01/2025 13:00,104819.99000000,104753.08000000,104861.35000000,104682.15000000,169.95965000,17811359.41101350,25/01/2025 13:14,24396,111.63780000,11699552.11660490
25/01/2025 13:15,104725.61000000,104820.00000000,104868.00000000,104715.01000000,123.03479000,12893101.87476330,25/01/2025 13:29,17456,60.29002000,6318507.61435210
25/01/2025 13:30,104753.99000000,104725.60000000,104799.63000000,104708.49000000,52.72151000,5522488.99441870,25/01/2025 13:44,16294,30.17157000,3160224.45069420
25/01/2025 13:45,104717.04000000,104754.00000000,104789.79000000,104629.31000000,49.91859000,5226766.73211160,25/01/2025 13:59,16100,24.20555000,2534575.39471800
25/01/2025 14:00,104568.65000000,104717.05000000,104721.99000000,104541.50000000,66.50313000,6957434.58669370,25/01/2025 14:14,21589,28.48285000,2980009.65064440
25/01/2025 14:15,104606.48000000,104568.66000000,104648.00000000,104555.51000000,56.61157000,5921464.15014690,25/01/2025 14:29,14238,25.07347000,2622677.18330800
25/01/2025 14:30,104547.99000000,104606.48000000,104644.00000000,104473.16000000,57.09459000,5969892.07063530,25/01/2025 14:44,15175,20.94462000,2189885.09217590
25/01/2025 14:45,104600.01000000,104548.00000000,104620.26000000,104489.63000000,88.69908000,9273238.34726020,25/01/2025 14:59,13956,40.28453000,4211109.64458640
25/01/2025 15:00,104923.11000000,104600.00000000,104968.75000000,104594.01000000,177.35107000,18580528.42518620,25/01/2025 15:14,32040,100.85330000,10566659.63436270
25/01/2025 15:15,104929.53000000,104923.12000000,105111.11000000,104801.73000000,200.36545000,21032664.35558310,25/01/2025 15:29,37372,92.12871000,9670512.17895760
25/01/2025 15:30,104819.38000000,104929.52000000,105031.98000000,104788.64000000,98.84104000,10370002.03436910,25/01/2025 15:44,26599,41.99346000,4405361.18748910
25/01/2025 15:45,104897.79000000,104819.37000000,104921.38000000,104751.46000000,64.14514000,6724674.50460650,25/01/2025 15:59,16974,27.27772000,2859624.04841880
25/01/2025 16:00,104915.40000000,104897.79000000,104989.49000000,104827.25000000,81.22727000,8522365.31631760,25/01/2025 16:14,25412,43.76713000,4591949.76517730
25/01/2025 16:15,104786.48000000,104915.41000000,104960.01000000,104726.29000000,91.51445000,9596267.69838570,25/01/2025 16:29,24386,41.19870000,4320749.00393260
25/01/2025 16:30,104638.00000000,104786.49000000,104815.99000000,104599.39000000,152.54530000,15973735.37750200,25/01/2025 16:44,25535,61.79645000,6471843.73822940
25/01/2025 16:45,104654.90000000,104637.99000000,104741.76000000,104591.67000000,99.10955000,10372985.82654950,25/01/2025 16:59,18839,45.50115000,4762082.94084660
25/01/2025 17:00,104610.53000000,104654.91000000,104691.44000000,104548.09000000,89.72253000,9386199.73908780,25/01/2025 17:14,18007,43.47292000,4547491.46498230
25/01/2025 17:15,104780.01000000,104610.53000000,104850.01000000,104449.75000000,220.54701000,23088591.12246800,25/01/2025 17:29,27342,132.37464000,13858845.10412060
25/01/2025 17:30,104619.10000000,104780.01000000,104809.92000000,104568.11000000,127.39610000,13335561.65453790,25/01/2025 17:44,23259,54.67440000,5722973.89153000
25/01/2025 17:45,104899.71000000,104619.10000000,104934.39000000,104563.35000000,108.69151000,11387631.04490970,25/01/2025 17:59,21535,61.90127000,6485199.52611080
25/01/2025 18:00,104871.99000000,104899.72000000,105094.08000000,104871.99000000,129.79264000,13623157.37844890,25/01/2025 18:14,26386,58.43972000,6133921.37044060
25/01/2025 18:15,105038.08000000,104871.99000000,105076.92000000,104843.25000000,142.52325000,14960976.13783240,25/01/2025 18:29,15562,51.62287000,5419300.30031800
25/01/2025 18:30,104981.49000000,105038.08000000,105286.52000000,104968.19000000,151.27306000,15906803.63331950,25/01/2025 18:44,24283,63.41824000,6668972.60451220
25/01/2025 18:45,104983.49000000,104981.49000000,105072.10000000,104917.11000000,62.66354000,6578864.93785300,25/01/2025 18:59,16401,32.49109000,3411311.04260860
25/01/2025 19:00,105076.01000000,104983.50000000,105186.64000000,104983.49000000,146.18513000,15362464.84710910,25/01/2025 19:14,16839,88.65396000,9315102.39561790
25/01/2025 19:15,105002.91000000,105076.02000000,105187.50000000,104987.06000000,114.88529000,12077196.55365120,25/01/2025 19:29,15496,54.89920000,5771757.10106280
25/01/2025 19:30,105002.40000000,105002.95000000,105050.46000000,104972.94000000,53.71531000,5640463.31236600,25/01/2025 19:44,9489,22.89107000,2403633.31950400
25/01/2025 19:45,105055.16000000,105002.41000000,105071.17000000,104909.09000000,59.78581000,6276551.39381570,25/01/2025 19:59,12086,23.75693000,2494018.20613490
25/01/2025 20:00,105125.85000000,105055.16000000,105173.90000000,105031.31000000,44.55882000,4683321.09706890,25/01/2025 20:14,11421,23.44130000,2463565.45241660
25/01/2025 20:15,105086.95000000,105125.85000000,105200.00000000,105050.23000000,55.85488000,5872178.60448490,25/01/2025 20:29,12148,27.13478000,2852867.17335450
25/01/2025 20:30,105057.40000000,105086.95000000,105170.00000000,104976.01000000,63.15688000,6636091.26217140,25/01/2025 20:44,14108,32.32588000,3396528.11088050
25/01/2025 20:45,104965.71000000,105057.40000000,105116.00000000,104965.70000000,52.86042000,5552198.09822710,25/01/2025 20:59,10537,16.51757000,1735063.71133220
25/01/2025 21:00,104920.82000000,104965.71000000,105000.00000000,104866.66000000,119.20946000,12509894.75933930,25/01/2025 21:14,13060,39.64171000,4159712.68788240
25/01/2025 21:15,104973.55000000,104920.83000000,104991.30000000,104899.53000000,52.94660000,5556934.50342160,25/01/2025 21:29,10524,27.41238000,2876946.20830020
25/01/2025 21:30,104959.96000000,104973.56000000,104995.16000000,104891.73000000,53.97558000,5664115.28037230,25/01/2025 21:44,11234,28.57492000,2998538.80889360
25/01/2025 21:45,105102.84000000,104959.97000000,105123.50000000,104898.96000000,165.30535000,17359755.94262860,25/01/2025 21:59,13644,131.47708000,13806686.00969120
25/01/2025 22:00,105081.16000000,105102.84000000,105250.00000000,105072.29000000,92.87856000,9771151.34800340,25/01/2025 22:14,15513,41.18556000,4333115.22821520
25/01/2025 22:15,105030.07000000,105081.17000000,105121.82000000,105030.06000000,43.38589000,4559225.86349490,25/01/2025 22:29,7098,10.86776000,1142049.60025930
25/01/2025 22:30,105065.07000000,105030.06000000,105172.80000000,105004.53000000,52.19410000,5484639.25121850,25/01/2025 22:44,12156,22.54412000,2368917.22107940
25/01/2025 22:45,105077.54000000,105065.07000000,105127.16000000,105046.63000000,32.68908000,3435242.23090380,25/01/2025 22:59,10349,13.24114000,1391404.48647550
25/01/2025 23:00,104973.75000000,105077.54000000,105134.90000000,104860.00000000,92.31449000,9692341.10194820,25/01/2025 23:14,25139,36.24964000,3805040.70023020
25/01/2025 23:15,104978.97000000,104973.76000000,105000.00000000,104952.29000000,37.68773000,3956234.82939430,25/01/2025 23:29,10232,19.36896000,2033144.79193070
25/01/2025 23:30,104892.45000000,104978.96000000,104978.97000000,104889.52000000,30.62215000,3213080.00887050,25/01/2025 23:44,10592,11.85764000,1244109.51369910
25/01/2025 23:45,104746.85000000,104892.46000000,104905.50000000,104696.00000000,91.32960000,9571950.25776830,25/01/2025 23:59,13496,28.43282000,2979509.81541980
26/01/2025 00:00,104741.62000000,104746.86000000,104841.84000000,104699.00000000,95.72400000,10029919.11753840,26/01/2025 00:14,15848,45.39496000,4756521.03806030
26/01/2025 00:15,104664.36000000,104741.62000000,104800.48000000,104637.55000000,88.11890000,9226593.67192190,26/01/2025 00:29,11726,42.80947000,4481538.23199720
26/01/2025 00:30,104648.76000000,104664.36000000,104720.00000000,104546.80000000,117.73316000,12319314.60929370,26/01/2025 00:44,10293,42.40138000,4437291.56670850
26/01/2025 00:45,104599.96000000,104648.77000000,104736.00000000,104515.44000000,77.76960000,8138792.47018970,26/01/2025 00:59,14352,34.16316000,3575598.11191630
26/01/2025 01:00,104602.75000000,104599.95000000,104651.97000000,104503.70000000,141.59592000,14807294.80512660,26/01/2025 01:14,14542,62.97360000,6585072.37141210
26/01/2025 01:15,104701.57000000,104602.75000000,104701.58000000,104584.04000000,71.64311000,7497165.87601650,26/01/2025 01:29,8223,56.82448000,5946484.23254030
26/01/2025 01:30,104624.74000000,104701.57000000,104772.00000000,104618.90000000,50.50463000,5287050.59501480,26/01/2025 01:44,14195,21.15777000,2214857.79303440
26/01/2025 01:45,104621.37000000,104624.75000000,104669.64000000,104552.00000000,44.16058000,4620235.63914900,26/01/2025 01:59,12831,23.60728000,2469683.32688930
26/01/2025 02:00,104599.06000000,104621.37000000,104621.38000000,104520.03000000,60.97162000,6375104.96034590,26/01/2025 02:14,13246,28.85231000,3016505.20572930
26/01/2025 02:15,104699.99000000,104599.05000000,104700.00000000,104583.05000000,37.64012000,3938773.30627430,26/01/2025 02:29,13338,22.73693000,2379247.59069900
26/01/2025 02:30,104641.63000000,104699.99000000,104718.16000000,104576.00000000,48.67928000,5094000.60311460,26/01/2025 02:44,9829,24.06947000,2518658.38151040
26/01/2025 02:45,104696.25000000,104641.64000000,104696.25000000,104568.00000000,27.61529000,2888854.74883010,26/01/2025 02:59,9157,18.37524000,1922300.88300170
26/01/2025 03:00,104781.11000000,104696.25000000,104808.00000000,104696.24000000,51.40633000,5385430.78559150,26/01/2025 03:14,13346,29.89849000,3132384.24100760
26/01/2025 03:15,104786.64000000,104781.11000000,104844.83000000,104749.74000000,44.83216000,4697376.27873130,26/01/2025 03:29,14063,28.63771000,3000456.31036320
26/01/2025 03:30,105084.13000000,104786.64000000,105100.00000000,104777.89000000,193.06717000,20270479.89879300,26/01/2025 03:44,22460,167.89515000,17628532.20735650
26/01/2025 03:45,105062.42000000,105084.13000000,105273.24000000,105007.27000000,164.14555000,17262686.88523130,26/01/2025 03:59,29888,74.34000000,7816672.36178070
26/01/2025 04:00,105097.35000000,105062.41000000,105148.24000000,104978.82000000,119.83294000,12587854.55434630,26/01/2025 04:14,18604,78.41234000,8236168.04027590
26/01/2025 04:15,105380.00000000,105097.35000000,105500.00000000,105064.90000000,199.58608000,21017107.88724210,26/01/2025 04:29,27418,139.19934000,14657203.71823570
26/01/2025 04:30,105193.06000000,105380.00000000,105392.74000000,105169.38000000,88.61871000,9329838.12465760,26/01/2025 04:44,27186,30.85791000,3248993.09263610
26/01/2025 04:45,105174.27000000,105193.06000000,105244.15000000,105115.76000000,64.06011000,6737234.80160350,26/01/2025 04:59,15007,35.70173000,3754977.85474760
26/01/2025 05:00,105138.36000000,105174.28000000,105200.00000000,105062.13000000,80.35235000,8446502.45450400,26/01/2025 05:14,12256,25.47161000,2677837.26012590
26/01/2025 05:15,105055.14000000,105138.37000000,105189.66000000,105023.00000000,82.17884000,8634746.28119530,26/01/2025 05:29,10070,27.71101000,2912113.16116120
26/01/2025 05:30,105096.67000000,105055.13000000,105096.67000000,105013.60000000,64.92381000,6820222.97046690,26/01/2025 05:44,11665,46.17932000,4851211.89948900
26/01/2025 05:45,105094.12000000,105096.66000000,105190.00000000,105094.12000000,77.18682000,8115456.61113340,26/01/2025 05:59,10205,51.54285000,5419324.50006830
26/01/2025 06:00,105087.61000000,105094.13000000,105118.78000000,105035.08000000,50.97098000,5355826.94238540,26/01/2025 06:14,8871,25.65456000,2695794.95159790
26/01/2025 06:15,105055.80000000,105087.61000000,105099.99000000,105037.52000000,51.85329000,5447798.66822170,26/01/2025 06:29,11136,13.54111000,1422555.50123820
26/01/2025 06:30,104971.99000000,105055.81000000,105073.00000000,104959.20000000,87.72787000,9212957.21418900,26/01/2025 06:44,12035,15.83246000,1662681.22877780
26/01/2025 06:45,104990.75000000,104971.99000000,105036.02000000,104971.99000000,53.29857000,5597192.05495090,26/01/2025 06:59,6175,22.99539000,2414872.88009500
26/01/2025 07:00,104965.01000000,104990.75000000,105028.00000000,104965.01000000,38.71306000,4064915.70563600,26/01/2025 07:14,10914,20.24739000,2125939.39780720
26/01/2025 07:15,105013.70000000,104965.01000000,105100.00000000,104950.00000000,89.56295000,9403806.02302930,26/01/2025 07:29,12412,50.96346000,5351161.28508630
26/01/2025 07:30,105008.53000000,105013.69000000,105050.00000000,104960.00000000,55.19627000,5795471.89029580,26/01/2025 07:44,12315,36.11965000,3792373.22879060
26/01/2025 07:45,104998.35000000,105008.54000000,105038.03000000,104987.54000000,24.88444000,2613018.08674070,26/01/2025 07:59,6134,11.55081000,1212934.28557880
26/01/2025 08:00,105085.67000000,104998.36000000,105221.36000000,104890.56000000,148.56823000,15611047.91586420,26/01/2025 08:14,22865,93.85746000,9864153.14885870
26/01/2025 08:15,104985.73000000,105085.68000000,105137.45000000,104985.73000000,39.02479000,4099378.10101730,26/01/2025 08:29,14557,18.82431000,1977527.41983370
26/01/2025 08:30,104988.80000000,104985.74000000,105000.19000000,104863.31000000,53.22321000,5586071.05892600,26/01/2025 08:44,13910,25.52132000,2678590.26064550
26/01/2025 08:45,105030.40000000,104988.80000000,105125.59000000,104958.65000000,42.68601000,4484258.00950050,26/01/2025 08:59,11949,28.25524000,2968377.27616000
26/01/2025 09:00,104958.86000000,105030.40000000,105030.41000000,104908.90000000,42.31502000,4441395.19493780,26/01/2025 09:14,8834,15.52467000,1629327.41166790
26/01/2025 09:15,104856.08000000,104958.85000000,105000.39000000,104800.00000000,59.25973000,6215977.11750650,26/01/2025 09:29,13578,23.31595000,2445790.44237920
26/01/2025 09:30,104629.16000000,104856.08000000,104856.09000000,104444.01000000,430.08217000,44983988.43741750,26/01/2025 09:44,51276,165.47475000,17305619.36244740
26/01/2025 09:45,104630.03000000,104629.15000000,104681.46000000,104539.61000000,89.58031000,9369888.83078990,26/01/2025 09:59,17415,46.70379000,4885058.74807880
26/01/2025 10:00,104687.51000000,104630.02000000,104699.99000000,104622.21000000,59.22451000,6198651.12154390,26/01/2025 10:14,11383,34.35345000,3595529.97326120
26/01/2025 10:15,104621.90000000,104687.51000000,104687.99000000,104522.69000000,52.45257000,5486163.77957810,26/01/2025 10:29,11516,23.69674000,2478516.29992800
26/01/2025 10:30,104500.01000000,104621.90000000,104700.00000000,104500.00000000,80.50751000,8421155.60174390,26/01/2025 10:44,14946,32.72581000,3423568.99205170
26/01/2025 10:45,104715.29000000,104500.01000000,104722.90000000,104500.00000000,60.41897000,6316985.55077720,26/01/2025 10:59,12672,39.49492000,4129358.30292850
26/01/2025 11:00,104799.99000000,104715.29000000,104814.81000000,104683.67000000,50.58145000,5298515.82888150,26/01/2025 11:14,13554,26.98585000,2826772.57996340
26/01/2025 11:15,104700.00000000,104800.00000000,104847.69000000,104679.91000000,50.25478000,5266223.73549050,26/01/2025 11:29,14812,20.41495000,2139305.11093550
26/01/2025 11:30,104751.38000000,104700.00000000,104801.21000000,104662.05000000,42.19182000,4419397.64453770,26/01/2025 11:44,13510,18.51511000,1939489.98364110
26/01/2025 11:45,104818.69000000,104751.38000000,104837.88000000,104678.59000000,40.19578000,4211043.02383390,26/01/2025 11:59,13383,17.52420000,1835732.57504240
26/01/2025 12:00,104720.01000000,104818.68000000,104818.69000000,104720.00000000,32.25331000,3379191.28840210,26/01/2025 12:14,8080,13.45054000,1409227.70470900
26/01/2025 12:15,104761.49000000,104720.01000000,104782.97000000,104703.58000000,55.49350000,5812638.79006890,26/01/2025 12:29,10698,23.43644000,2454724.09786420
26/01/2025 12:30,104715.52000000,104761.50000000,104761.50000000,104713.80000000,28.47206000,2981837.09811760,26/01/2025 12:44,8259,12.40169000,1298803.31574370
26/01/2025 12:45,104890.00000000,104715.53000000,104890.00000000,104715.52000000,78.25929000,8201385.17687360,26/01/2025 12:59,10030,50.05090000,5245642.15006580
26/01/2025 13:00,104992.62000000,104890.00000000,105126.11000000,104858.57000000,336.73110000,35349181.62160570,26/01/2025 13:14,26823,270.95257000,28444592.56562670
26/01/2025 13:15,104922.99000000,104992.62000000,105026.45000000,104838.43000000,66.59407000,6987263.96041000,26/01/2025 13:29,15214,24.44483000,2564845.95023460
26/01/2025 13:30,104929.23000000,104922.99000000,105049.34000000,104880.81000000,66.75098000,7005150.45375060,26/01/2025 13:44,16058,34.47255000,3617862.18591540
26/01/2025 13:45,104961.73000000,104929.23000000,104961.74000000,104848.72000000,53.55681000,5617915.26976960,26/01/2025 13:59,14282,25.10096000,2632946.48223290
26/01/2025 14:00,104834.57000000,104961.74000000,104961.75000000,104804.00000000,65.43838000,6861739.16300570,26/01/2025 14:14,14651,21.81045000,2287089.30621720
26/01/2025 14:15,104844.82000000,104834.58000000,104896.00000000,104804.00000000,34.80076000,3649194.75644830,26/01/2025 14:29,13440,18.34185000,1923302.37814770
26/01/2025 14:30,104958.91000000,104844.82000000,104960.35000000,104843.97000000,33.96201000,3562984.65196780,26/01/2025 14:44,12714,16.79240000,1761639.32656000
26/01/2025 14:45,104944.00000000,104958.91000000,105003.54000000,104899.99000000,79.05202000,8296900.03162050,26/01/2025 14:59,12727,44.84891000,4707197.25822870
26/01/2025 15:00,104992.62000000,104944.00000000,105033.32000000,104887.70000000,43.83355000,4601186.07715360,26/01/2025 15:14,12777,21.49957000,2256850.09984640
26/01/2025 15:15,105010.01000000,104992.61000000,105093.22000000,104992.61000000,61.56288000,6466789.64929800,26/01/2025 15:29,14736,34.32275000,3605408.43956590
26/01/2025 15:30,104981.69000000,105010.01000000,105075.75000000,104961.02000000,71.30806000,7488545.34909030,26/01/2025 15:44,16166,34.85816000,3660766.57876130
26/01/2025 15:45,104967.01000000,104981.69000000,105025.60000000,104967.01000000,28.88921000,3033446.96309250,26/01/2025 15:59,7311,13.84491000,1453813.08718700
26/01/2025 16:00,104907.55000000,104967.02000000,105022.07000000,104907.55000000,45.75823000,4802856.06097840,26/01/2025 16:14,14503,18.84110000,1977690.46971340
26/01/2025 16:15,104952.32000000,104907.55000000,104973.79000000,104896.00000000,38.30559000,4019373.62137540,26/01/2025 16:29,9857,16.31839000,1712279.52624340
26/01/2025 16:30,105016.65000000,104952.32000000,105024.32000000,104952.32000000,35.28878000,3704964.17355460,26/01/2025 16:44,9149,14.54172000,1526775.78778080
26/01/2025 16:45,104938.02000000,105016.65000000,105040.64000000,104938.00000000,46.61511000,4893078.45774880,26/01/2025 16:59,11587,13.49619000,1416691.62231270
26/01/2025 17:00,104999.99000000,104938.01000000,104999.99000000,104912.53000000,53.26086000,5589136.04099350,26/01/2025 17:14,9297,28.28724000,2968416.07521280
26/01/2025 17:15,104950.00000000,104999.98000000,105023.24000000,104950.00000000,38.62968000,4055613.60346820,26/01/2025 17:29,8775,13.98591000,1468327.22455770
26/01/2025 17:30,104970.24000000,104950.00000000,105050.00000000,104946.47000000,40.38013000,4239768.19479330,26/01/2025 17:44,10214,18.35293000,1927049.45167220
26/01/2025 17:45,104945.11000000,104970.24000000,105050.00000000,104945.11000000,50.11097000,5261804.53537490,26/01/2025 17:59,12235,31.28747000,3285216.85652840
26/01/2025 18:00,105086.17000000,104945.12000000,105161.75000000,104906.89000000,147.50208000,15496980.65596400,26/01/2025 18:14,23147,74.98548000,7878733.31193460
26/01/2025 18:15,105194.02000000,105086.18000000,105260.36000000,105086.17000000,133.40343000,14034105.25735560,26/01/2025 18:29,24222,87.19429000,9172528.79986830
26/01/2025 18:30,105156.01000000,105194.01000000,105256.38000000,105156.00000000,41.58364000,4374823.10052040,26/01/2025 18:44,11924,14.87403000,1564872.03642540
26/01/2025 18:45,105175.11000000,105156.00000000,105175.11000000,105090.00000000,32.61032000,3428248.75971190,26/01/2025 18:59,9161,15.21904000,1599915.14188540
26/01/2025 19:00,105099.62000000,105175.11000000,105240.00000000,105099.62000000,38.58855000,4058199.84932040,26/01/2025 19:14,10160,15.59976000,1640519.22352150
26/01/2025 19:15,105080.01000000,105099.63000000,105121.89000000,105052.53000000,43.56337000,4578432.99780730,26/01/2025 19:29,7861,13.15927000,1382925.89709040
26/01/2025 19:30,105087.08000000,105080.01000000,105156.00000000,105040.00000000,37.86621000,3980007.28396530,26/01/2025 19:44,8734,16.71817000,1757050.03444740
26/01/2025 19:45,105081.63000000,105087.07000000,105115.64000000,105071.86000000,42.96807000,4515467.91557560,26/01/2025 19:59,8016,16.36996000,1720271.14548090
26/01/2025 20:00,105010.04000000,105081.64000000,105081.64000000,104960.00000000,52.61414000,5525563.58744040,26/01/2025 20:14,9140,16.01465000,1681669.68298710
26/01/2025 20:15,105180.75000000,105010.03000000,105200.00000000,105010.03000000,41.69724000,4383379.43681520,26/01/2025 20:29,11267,24.08685000,2531712.74705460
26/01/2025 20:30,105050.01000000,105180.75000000,105180.76000000,105050.00000000,35.56508000,3738152.29308190,26/01/2025 20:44,11180,12.36553000,1299749.80704770
26/01/2025 20:45,104949.99000000,105050.00000000,105100.00000000,104918.52000000,76.73200000,8056890.44212360,26/01/2025 20:59,14041,18.95500000,1990231.82070550
26/01/2025 21:00,104744.19000000,104949.99000000,104950.00000000,104709.60000000,147.12910000,15419395.99997030,26/01/2025 21:14,26768,50.49164000,5291053.87276130
26/01/2025 21:15,104895.19000000,104744.18000000,105006.00000000,104744.18000000,79.51141000,8340078.86248580,26/01/2025 21:29,17976,39.00559000,4091198.89816900
26/01/2025 21:30,104803.65000000,104895.19000000,104917.42000000,104796.00000000,52.37958000,5492042.29080300,26/01/2025 21:44,11929,18.53880000,1943631.47416810
26/01/2025 21:45,104557.19000000,104803.65000000,104803.66000000,104552.48000000,113.97705000,11927635.44606230,26/01/2025 21:59,19406,47.35834000,4955731.42091990
26/01/2025 22:00,104427.54000000,104557.19000000,104676.82000000,104324.32000000,237.39493000,24801844.53088110,26/01/2025 22:14,33632,63.21083000,6604418.83771330
26/01/2025 22:15,104527.82000000,104427.53000000,104557.45000000,104380.00000000,78.99036000,8252895.73041280,26/01/2025 22:29,12906,45.43261000,4746854.07202880
26/01/2025 22:30,104711.00000000,104527.82000000,104715.52000000,104527.81000000,71.79669000,7512740.96195340,26/01/2025 22:44,19002,41.32532000,4323991.58068700
26/01/2025 22:45,104330.22000000,104711.00000000,104730.98000000,104300.01000000,111.43390000,11639654.45364470,26/01/2025 22:59,23921,39.08128000,4081380.03248810
26/01/2025 23:00,103349.66000000,104330.21000000,104330.21000000,103288.00000000,946.49015000,98194315.21477310,26/01/2025 23:14,131199,319.95558000,33180305.69652450
26/01/2025 23:15,103136.42000000,103349.67000000,103360.00000000,102678.00000000,1099.10102000,113189360.37226610,26/01/2025 23:29,192885,473.82923000,48791270.73350780
26/01/2025 23:30,102963.88000000,103136.42000000,103136.42000000,102742.18000000,360.65810000,37111442.98519780,26/01/2025 23:44,88429,176.50338000,18160918.21941250
26/01/2025 23:45,102620.00000000,102963.88000000,103100.00000000,102520.44000000,418.52725000,43009596.58035150,26/01/2025 23:59,86622,198.85055000,20432333.88085140
27/01/2025 00:00,102987.28000000,102620.01000000,103260.00000000,102313.12000000,690.01303000,70934391.43698620,27/01/2025 00:14,130307,346.38124000,35615661.85058420
27/01/2025 00:15,102840.03000000,102987.28000000,103044.78000000,102744.42000000,272.50887000,28028469.31928830,27/01/2025 00:29,77587,149.08995000,15334849.07199150
27/01/2025 00:30,102500.01000000,102840.03000000,102902.00000000,102500.00000000,328.63427000,33741451.40984100,27/01/2025 00:44,92231,122.86961000,12617786.82629880
27/01/2025 00:45,101728.00000000,102500.01000000,102537.06000000,101600.00000000,1109.38024000,113179355.85007380,27/01/2025 00:59,167893,426.98860000,43556492.68820350
27/01/2025 01:00,101434.01000000,101728.00000000,102085.04000000,101168.80000000,1052.98359000,106970213.51491740,27/01/2025 01:14,167660,461.70065000,46927832.63160470
27/01/2025 01:15,101665.93000000,101434.01000000,101934.00000000,101228.00000000,512.99385000,52148750.43164320,27/01/2025 01:29,111388,256.58957000,26083649.52298360
27/01/2025 01:30,101712.64000000,101665.92000000,101976.19000000,101511.07000000,342.25546000,34815523.73034590,27/01/2025 01:44,78261,175.23066000,17826308.41538660
27/01/2025 01:45,101308.29000000,101712.64000000,101784.21000000,101300.03000000,462.35472000,46956275.05039520,27/01/2025 01:59,68082,222.18882000,22562002.70093290
27/01/2025 02:00,101560.00000000,101308.29000000,101563.68000000,100835.25000000,999.95053000,101144782.79662420,27/01/2025 02:14,147889,444.75791000,45006711.83790090
27/01/2025 02:15,101328.50000000,101559.99000000,101688.00000000,101200.00000000,394.06222000,39977934.07258280,27/01/2025 02:29,73274,188.16441000,19088889.90915150
27/01/2025 02:30,101210.00000000,101328.50000000,101362.31000000,101000.00000000,522.63345000,52865436.46769400,27/01/2025 02:44,109549,181.38506000,18351634.12038150
27/01/2025 02:45,101000.00000000,101210.00000000,101226.12000000,100856.86000000,401.38531000,40535209.71268410,27/01/2025 02:59,70983,200.62478000,20258960.15319080
27/01/2025 03:00,101425.56000000,100999.99000000,101451.00000000,100720.53000000,563.93142000,56998286.97029330,27/01/2025 03:14,83260,256.24955000,25908761.10321960
27/01/2025 03:15,101816.79000000,101425.55000000,101858.19000000,101350.66000000,364.34119000,37027115.99989250,27/01/2025 03:29,53583,171.77198000,17458644.42557810
27/01/2025 03:30,101491.82000000,101816.79000000,101816.79000000,101360.94000000,208.06841000,21126329.40194740,27/01/2025 03:44,40561,87.93197000,8927542.25266100
27/01/2025 03:45,101395.64000000,101491.82000000,101524.00000000,101300.00000000,128.39063000,13019967.07377630,27/01/2025 03:59,31144,55.02515000,5579819.52538800
27/01/2025 04:00,101038.38000000,101395.64000000,101399.99000000,100950.00000000,330.40383000,33421597.44458850,27/01/2025 04:14,56562,109.85991000,11113706.11562660
27/01/2025 04:15,100923.00000000,101038.38000000,101150.00000000,100600.00000000,495.27600000,49948992.99218030,27/01/2025 04:29,86568,195.05242000,19674161.01554200
27/01/2025 04:30,100597.51000000,100923.00000000,101000.59000000,100477.00000000,771.00470000,77587037.09801660,27/01/2025 04:44,93514,232.76963000,23428273.34469930
27/01/2025 04:45,100410.04000000,100597.51000000,100597.51000000,100227.01000000,412.40362000,41405717.52241680,27/01/2025 04:59,81711,179.94748000,18067468.36868700
27/01/2025 05:00,100581.60000000,100410.04000000,100690.99000000,100360.00000000,327.81033000,32955094.27381360,27/01/2025 05:14,66501,188.89682000,18991965.54997880
27/01/2025 05:15,100459.99000000,100581.59000000,100732.00000000,100293.86000000,284.69507000,28612282.02486090,27/01/2025 05:29,56372,126.21825000,12685572.62128600
27/01/2025 05:30,100301.69000000,100460.00000000,100524.00000000,100024.19000000,653.62668000,65539681.41763390,27/01/2025 05:44,78819,316.60669000,31745429.26921120
27/01/2025 05:45,100374.08000000,100301.70000000,100420.00000000,99713.37000000,1363.60105000,136348020.38745990,27/01/2025 05:59,110081,421.38951000,42149745.79877090
27/01/2025 06:00,100261.03000000,100374.07000000,100491.99000000,100166.50000000,460.85060000,46259441.30058930,27/01/2025 06:14,59412,227.15541000,22800587.47041460
27/01/2025 06:15,99980.01000000,100261.03000000,100261.03000000,99736.12000000,864.31854000,86364504.86419810,27/01/2025 06:29,79344,404.11040000,40368795.43638240
27/01/2025 06:30,99110.00000000,99980.02000000,99980.02000000,99010.09000000,1258.52716000,125104121.86212560,27/01/2025 06:44,140752,491.78608000,48877979.97154310
27/01/2025 06:45,98956.32000000,99110.00000000,99398.11000000,98721.00000000,1249.89856000,123785705.78850310,27/01/2025 06:59,145142,519.55273000,51462086.54167340
27/01/2025 07:00,98977.21000000,98956.31000000,99239.00000000,98846.15000000,499.70542000,49502502.10244170,27/01/2025 07:14,101548,253.04952000,25067927.64799280
27/01/2025 07:15,97808.10000000,98977.21000000,99045.29000000,97777.77000000,1678.46695000,165088319.48957190,27/01/2025 07:29,219809,560.96415000,55183305.07202470
27/01/2025 07:30,99158.54000000,97808.10000000,99232.26000000,97792.00000000,1431.67678000,140987167.79152920,27/01/2025 07:44,137869,823.67640000,81123381.12131490
27/01/2025 07:45,99048.02000000,99158.55000000,99415.92000000,98900.00000000,569.36890000,56454768.82084950,27/01/2025 07:59,62056,280.15498000,27781098.31966390
27/01/2025 08:00,99150.63000000,99048.01000000,99208.54000000,98700.00000000,546.32872000,54068751.97047790,27/01/2025 08:14,101519,254.63418000,25198926.30473490
27/01/2025 08:15,99143.50000000,99150.64000000,99367.73000000,98885.66000000,504.03514000,49988764.87658100,27/01/2025 08:29,83343,252.10395000,25005375.99884670
27/01/2025 08:30,98819.72000000,99143.50000000,99143.50000000,98700.00000000,435.75402000,43100780.15054570,27/01/2025 08:44,82960,219.68712000,21733303.14665350
27/01/2025 08:45,99043.77000000,98819.71000000,99068.88000000,98757.60000000,354.36963000,35065336.12404040,27/01/2025 08:59,83390,175.36837000,17354441.95520980
27/01/2025 09:00,99300.46000000,99043.78000000,99486.14000000,98942.85000000,466.25032000,46284622.90354810,27/01/2025 09:14,87029,243.48618000,24168223.40563770
27/01/2025 09:15,98817.70000000,99300.45000000,99533.33000000,98806.00000000,391.19462000,38788992.87041800,27/01/2025 09:29,69984,159.00969000,15770403.50001180
27/01/2025 09:30,99166.37000000,98817.71000000,99362.31000000,98800.00000000,351.51489000,34843084.10980420,27/01/2025 09:44,81846,222.13876000,22018662.93553860
27/01/2025 09:45,99424.38000000,99166.37000000,99436.11000000,99092.00000000,360.90597000,35829974.05558110,27/01/2025 09:59,61911,203.01289000,20155140.16594970
27/01/2025 10:00,99144.51000000,99424.37000000,99454.76000000,99128.01000000,253.60134000,25180316.77904450,27/01/2025 10:14,77062,99.52771000,9881719.16020870
27/01/2025 10:15,99108.01000000,99144.51000000,99322.59000000,98962.51000000,278.77852000,27634941.04983070,27/01/2025 10:29,73778,123.31982000,12225082.56448890
27/01/2025 10:30,98786.15000000,99108.01000000,99153.99000000,98624.01000000,614.70135000,60733135.33324130,27/01/2025 10:44,103602,219.95958000,21734646.19500160
27/01/2025 10:45,98392.74000000,98786.16000000,99050.00000000,98263.49000000,646.59640000,63727083.12516270,27/01/2025 10:59,123645,282.54774000,27847996.20535860
27/01/2025 11:00,98712.79000000,98392.74000000,98936.00000000,98324.01000000,630.95401000,62258363.67696490,27/01/2025 11:14,115192,305.62012000,30155016.46073330
27/01/2025 11:15,99057.06000000,98712.80000000,99131.42000000,98600.00000000,441.51411000,43711562.94071100,27/01/2025 11:29,85405,268.50264000,26582367.38781610
27/01/2025 11:30,98962.36000000,99057.05000000,99362.03000000,98894.84000000,298.86777000,29619453.27023260,27/01/2025 11:44,54029,167.90942000,16642830.14011200
27/01/2025 11:45,98761.13000000,98962.35000000,99053.38000000,98761.12000000,215.02238000,21275093.20759950,27/01/2025 11:59,56045,91.67575000,9071617.33409070
27/01/2025 12:00,99037.03000000,98761.12000000,99250.00000000,98714.28000000,324.71279000,32151613.47305250,27/01/2025 12:14,81294,149.20312000,14769635.97295650
27/01/2025 12:15,99098.01000000,99037.03000000,99163.48000000,98917.01000000,221.94587000,21985066.34696820,27/01/2025 12:29,64280,102.44121000,10147841.01351460
27/01/2025 12:30,99761.99000000,99098.00000000,99768.56000000,99016.16000000,416.07764000,41362667.16071420,27/01/2025 12:44,83599,250.72964000,24929079.37504550
27/01/2025 12:45,100619.68000000,99761.99000000,100910.27000000,99646.01000000,1202.12817000,120518867.41973700,27/01/2025 12:59,165062,708.18677000,70999840.30699790
27/01/2025 13:00,101628.22000000,100619.68000000,101650.01000000,100316.44000000,1248.48637000,126173343.33213720,27/01/2025 13:14,183575,661.05972000,66827500.12723300
27/01/2025 13:15,100882.99000000,101628.21000000,101666.66000000,100617.83000000,1140.23927000,115320304.59179860,27/01/2025 13:29,174089,611.94470000,61901657.69828680
27/01/2025 13:30,100842.53000000,100882.99000000,101244.63000000,100696.00000000,537.39857000,54282734.94918440,27/01/2025 13:44,132003,218.51604000,22071233.40831710
27/01/2025 13:45,100483.99000000,100842.53000000,100959.46000000,100000.00000000,809.57374000,81317320.12942580,27/01/2025 13:59,169234,337.57429000,33907852.47116990
27/01/2025 14:00,100139.96000000,100483.98000000,100588.20000000,100105.54000000,312.81249000,31402329.40392680,27/01/2025 14:14,109529,113.51972000,11398367.89843170
27/01/2025 14:15,100765.40000000,100139.95000000,100830.90000000,100139.95000000,311.42128000,31323829.90207420,27/01/2025 14:29,99446,172.54546000,17357125.06995090
27/01/2025 14:30,101224.00000000,100765.41000000,101428.00000000,100416.00000000,1269.73973000,128227335.43051460,27/01/2025 14:44,254957,657.73674000,66429667.26825700
27/01/2025 14:45,101920.89000000,101224.01000000,102317.94000000,101135.02000000,1218.58124000,124103355.62351080,27/01/2025 14:59,214120,716.39828000,72950090.78690120
27/01/2025 15:00,101523.45000000,101920.88000000,102118.49000000,101502.06000000,852.91895000,86831172.18971950,27/01/2025 15:14,169312,339.65902000,34591637.44334660
27/01/2025 15:15,101658.99000000,101523.46000000,101940.00000000,100852.00000000,633.68688000,64221538.05271740,27/01/2025 15:29,127960,292.95253000,29694162.66120900
27/01/2025 15:30,101341.19000000,101658.98000000,101830.90000000,101299.79000000,579.24915000,58854788.33347420,27/01/2025 15:44,129275,272.20417000,27654411.00858330
27/01/2025 15:45,101112.03000000,101341.19000000,101559.41000000,101100.00000000,267.10246000,27065969.17779560,27/01/2025 15:59,77974,126.56889000,12825271.87248950
27/01/2025 16:00,101045.58000000,101112.03000000,101250.56000000,100850.43000000,464.62869000,46938285.06743760,27/01/2025 16:14,115718,158.06270000,15968417.78495070
27/01/2025 16:15,100829.22000000,101045.58000000,101164.00000000,100564.00000000,403.12713000,40657452.13185910,27/01/2025 16:29,116216,148.71853000,15001248.11513570
27/01/2025 16:30,99976.07000000,100829.17000000,100829.17000000,99566.25000000,1014.31832000,101465363.70858590,27/01/2025 16:44,200335,408.22428000,40819186.38376350
27/01/2025 16:45,99744.00000000,99976.06000000,100275.08000000,99582.00000000,456.99128000,45654561.06947020,27/01/2025 16:59,115127,220.71462000,22052602.52160970
27/01/2025 17:00,99585.87000000,99744.00000000,100050.02000000,99248.26000000,472.68416000,47082736.54116220,27/01/2025 17:14,99245,219.30845000,21843238.23077350
27/01/2025 17:15,99575.13000000,99585.88000000,99660.00000000,99049.98000000,425.31806000,42256262.36252190,27/01/2025 17:29,104512,186.39306000,18516987.08299380
27/01/2025 17:30,99585.99000000,99575.12000000,99980.08000000,99381.57000000,421.11330000,42020439.56997480,27/01/2025 17:44,84142,217.94504000,21746702.21440900
27/01/2025 17:45,99150.01000000,99586.00000000,99805.45000000,99142.46000000,433.54417000,43082872.48354570,27/01/2025 17:59,80494,179.22946000,17811024.53285450
27/01/2025 18:00,99488.68000000,99150.01000000,99584.00000000,99049.94000000,359.33684000,35688768.37707210,27/01/2025 18:14,95490,202.39864000,20105337.83738900
27/01/2025 18:15,99171.43000000,99488.68000000,99753.89000000,99146.36000000,273.82127000,27232862.42061210,27/01/2025 18:29,84857,111.76618000,11119346.26174430
27/01/2025 18:30,99168.35000000,99171.44000000,99545.42000000,99072.28000000,226.13410000,22450809.39684290,27/01/2025 18:44,63515,103.21013000,10248170.22657260
27/01/2025 18:45,99180.00000000,99168.35000000,99399.17000000,98864.00000000,687.67812000,68146725.54197860,27/01/2025 18:59,87813,176.26896000,17470673.55880230
27/01/2025 19:00,99195.99000000,99180.00000000,99693.96000000,99175.03000000,438.84150000,43632940.50724560,27/01/2025 19:14,83356,226.00303000,22475135.85229280
27/01/2025 19:15,99690.00000000,99196.00000000,99779.00000000,99184.94000000,304.65231000,30304484.40583790,27/01/2025 19:29,77486,150.67914000,14992205.53033830
27/01/2025 19:30,99733.99000000,99690.04000000,99952.00000000,99564.19000000,196.92432000,19647136.18835400,27/01/2025 19:44,70442,103.68540000,10344963.59785920
27/01/2025 19:45,99700.02000000,99733.99000000,99743.92000000,99400.71000000,294.48416000,29309775.79438400,27/01/2025 19:59,70638,150.91005000,15019851.03904700
27/01/2025 20:00,99756.01000000,99700.01000000,99935.82000000,99606.46000000,240.68928000,24021341.84072690,27/01/2025 20:14,76726,125.33278000,12509238.79598400
27/01/2025 20:15,100351.68000000,99756.01000000,100412.18000000,99668.02000000,238.02160000,23819483.98179580,27/01/2025 20:29,58854,138.77713000,13884613.50520150
27/01/2025 20:30,100944.51000000,100351.99000000,100952.48000000,100351.99000000,329.50068000,33173558.02082690,27/01/2025 20:44,91177,192.49765000,19377749.36738670
27/01/2025 20:45,101386.50000000,100944.51000000,101750.40000000,100932.23000000,729.39012000,73983376.79286220,27/01/2025 20:59,130098,324.33324000,32891615.31551340
27/01/2025 21:00,102295.12000000,101386.11000000,102405.00000000,101324.63000000,751.72851000,76648145.18048580,27/01/2025 21:14,136483,441.80380000,45056566.79682500
27/01/2025 21:15,101672.55000000,102295.12000000,102370.07000000,101567.00000000,534.84553000,54568348.44890470,27/01/2025 21:29,141499,242.96928000,24787063.48970640
27/01/2025 21:30,101123.99000000,101672.54000000,101724.53000000,100954.00000000,340.25227000,34470674.01792260,27/01/2025 21:44,103506,134.34893000,13608491.74417120
27/01/2025 21:45,101349.67000000,101124.00000000,101503.17000000,101120.00000000,200.74971000,20335235.76631740,27/01/2025 21:59,69296,105.09585000,10647114.70907550
27/01/2025 22:00,101520.28000000,101349.67000000,101677.51000000,101349.67000000,128.92423000,13094228.82379510,27/01/2025 22:14,48488,70.79986000,7190359.36323120
27/01/2025 22:15,101474.00000000,101520.28000000,101592.00000000,101277.77000000,132.29888000,13424016.76478240,27/01/2025 22:29,36801,51.24471000,5200002.15065380
27/01/2025 22:30,101708.12000000,101474.00000000,101717.24000000,101421.36000000,142.75600000,14496310.15244590,27/01/2025 22:44,31887,88.94704000,9031036.73728340
27/01/2025 22:45,101637.18000000,101708.12000000,101961.09000000,101604.00000000,144.23167000,14687738.17904630,27/01/2025 22:59,37274,76.66410000,7809940.73058640
27/01/2025 23:00,101993.52000000,101637.18000000,102123.25000000,101637.18000000,207.83566000,21188577.76045260,27/01/2025 23:14,65877,122.33119000,12471717.32077370
27/01/2025 23:15,101739.95000000,101993.52000000,102107.33000000,101700.21000000,202.78857000,20664745.06239640,27/01/2025 23:29,63224,90.69489000,9240731.85824580
27/01/2025 23:30,101764.05000000,101739.96000000,102039.26000000,101734.40000000,228.60329000,23286160.74672150,27/01/2025 23:44,40387,134.47205000,13698093.76446860
27/01/2025 23:45,102082.83000000,101764.05000000,102183.21000000,101764.05000000,189.93520000,19365965.34257780,27/01/2025 23:59,31786,127.50965000,13002176.47889940
28/01/2025 00:00,102458.67000000,102082.83000000,102892.00000000,102067.80000000,545.78420000,55979159.06929640,28/01/2025 00:14,132029,310.10951000,31804081.45786610
28/01/2025 00:15,102191.00000000,102458.94000000,102535.99000000,102172.83000000,202.02104000,20673704.31744020,28/01/2025 00:29,46017,83.26559000,8520540.84125540
28/01/2025 00:30,102288.11000000,102190.99000000,102350.70000000,102027.21000000,220.18851000,22501330.25273360,28/01/2025 00:44,42492,103.63222000,10590787.51637560
28/01/2025 00:45,101856.01000000,102288.10000000,102339.76000000,101777.00000000,217.97625000,22224513.54967010,28/01/2025 00:59,36727,75.96293000,7745071.31916980
28/01/2025 01:00,101853.09000000,101856.00000000,101900.04000000,101629.62000000,148.64449000,15134296.75569270,28/01/2025 01:14,35383,59.64563000,6072611.90119580
28/01/2025 01:15,101475.05000000,101853.10000000,102000.00000000,101466.00000000,191.14104000,19441232.87271130,28/01/2025 01:29,40865,72.04941000,7329810.09155760
28/01/2025 01:30,101578.01000000,101475.04000000,101728.21000000,101466.00000000,253.22137000,25731894.66489590,28/01/2025 01:44,39048,188.90357000,19195833.69851860
28/01/2025 01:45,101382.67000000,101578.00000000,101844.35000000,101382.66000000,225.88343000,22958985.11043200,28/01/2025 01:59,57022,88.61447000,9007761.47954100
28/01/2025 02:00,101515.99000000,101382.66000000,101590.38000000,101334.55000000,174.33114000,17688537.47577310,28/01/2025 02:14,41935,74.70092000,7578964.05329420
28/01/2025 02:15,101975.84000000,101515.99000000,102104.00000000,101477.60000000,326.01250000,33169894.48064920,28/01/2025 02:29,60851,137.72837000,14019258.82600150
28/01/2025 02:30,102290.25000000,101975.84000000,102320.88000000,101848.89000000,144.52217000,14753502.02727190,28/01/2025 02:44,60197,85.20071000,8699794.95434680
28/01/2025 02:45,102402.01000000,102290.25000000,102436.79000000,102161.07000000,175.14860000,17919800.15865770,28/01/2025 02:59,51026,84.64873000,8660072.54495130
28/01/2025 03:00,102350.91000000,102402.01000000,102443.93000000,102026.02000000,210.53528000,21524397.40102280,28/01/2025 03:14,54002,65.57989000,6703839.12640690
28/01/2025 03:15,102353.14000000,102350.90000000,102459.31000000,102242.42000000,155.04431000,15869489.29162430,28/01/2025 03:29,45155,67.31409000,6890025.61612570
28/01/2025 03:30,102601.99000000,102353.15000000,102606.07000000,102285.48000000,184.04943000,18862052.56403280,28/01/2025 03:44,43883,111.23070000,11399677.63259230
28/01/2025 03:45,102636.32000000,102606.03000000,102880.00000000,102545.45000000,295.73261000,30381187.57738390,28/01/2025 03:59,45825,140.34649000,14417549.03221760
28/01/2025 04:00,102800.00000000,102636.32000000,102862.77000000,102600.00000000,135.82502000,13956776.41996990,28/01/2025 04:14,46394,59.46745000,6110333.84107540
28/01/2025 04:15,103013.79000000,102800.00000000,103022.30000000,102663.61000000,201.35833000,20717368.68928130,28/01/2025 04:29,29178,143.24375000,14741918.81806520
28/01/2025 04:30,103117.73000000,103013.78000000,103371.24000000,103001.71000000,357.71927000,36920448.20396160,28/01/2025 04:44,66319,198.95437000,20532642.98606870
28/01/2025 04:45,102901.45000000,103117.72000000,103133.63000000,102899.90000000,147.40816000,15185397.37196170,28/01/2025 04:59,29011,44.87561000,4622829.23949440
28/01/2025 05:00,102973.53000000,102901.45000000,103168.36000000,102901.45000000,182.91040000,18849918.92971580,28/01/2025 05:14,27697,94.87279000,9777049.14058040
28/01/2025 05:15,103035.99000000,102973.52000000,103092.81000000,102812.90000000,153.83675000,15843220.90160610,28/01/2025 05:29,25084,63.55913000,6545255.81358690
28/01/2025 05:30,103221.81000000,103036.00000000,103283.33000000,102988.14000000,148.13094000,15279502.98658150,28/01/2025 05:44,28202,71.98768000,7427960.43186370
28/01/2025 05:45,103014.59000000,103221.81000000,103339.61000000,102911.20000000,115.44960000,11914649.49330570,28/01/2025 05:59,33230,45.63884000,4709694.89993130
28/01/2025 06:00,102950.83000000,103014.60000000,103200.00000000,102910.53000000,116.26305000,11981502.62407580,28/01/2025 06:14,34822,49.19921000,5071047.81218000
28/01/2025 06:15,102849.98000000,102950.83000000,102980.00000000,102757.17000000,105.81965000,10886063.55025260,28/01/2025 06:29,19373,27.82910000,2863042.13657990
28/01/2025 06:30,102676.97000000,102849.99000000,102911.51000000,102599.20000000,131.75948000,13538613.63315440,28/01/2025 06:44,31411,42.43698000,4361535.02683750
28/01/2025 06:45,102744.38000000,102676.96000000,102872.00000000,102652.00000000,110.25484000,11331050.03849750,28/01/2025 06:59,28993,58.46202000,6007883.30005920
28/01/2025 07:00,103025.84000000,102744.39000000,103065.00000000,102527.39000000,166.46238000,17111214.52221220,28/01/2025 07:14,35377,78.68252000,8089958.40991830
28/01/2025 07:15,103272.66000000,103025.85000000,103320.00000000,103018.96000000,186.97917000,19290341.98416260,28/01/2025 07:29,38575,109.41260000,11287354.66110860
28/01/2025 07:30,102857.83000000,103272.66000000,103343.65000000,102857.83000000,200.06821000,20621980.18540250,28/01/2025 07:44,41126,91.63190000,9445231.33964530
28/01/2025 07:45,102789.72000000,102857.84000000,102924.00000000,102616.23000000,194.21221000,19952017.60589430,28/01/2025 07:59,28235,118.58974000,12182551.14648340
28/01/2025 08:00,102833.51000000,102789.72000000,102913.69000000,102607.34000000,135.76035000,13950177.78983110,28/01/2025 08:14,38722,66.39982000,6822902.23801300
28/01/2025 08:15,102832.99000000,102833.52000000,103028.53000000,102760.22000000,107.41131000,11052678.98825050,28/01/2025 08:29,36812,53.69734000,5525107.19015840
28/01/2025 08:30,102843.10000000,102832.99000000,102878.79000000,102637.75000000,93.29500000,9586101.04824540,28/01/2025 08:44,38700,41.29546000,4242776.35121090
28/01/2025 08:45,102851.23000000,102843.10000000,102878.79000000,102707.35000000,91.57973000,9412877.13888930,28/01/2025 08:59,31761,37.44898000,3848830.81451080
28/01/2025 09:00,102834.17000000,102851.23000000,102965.28000000,102752.01000000,106.65644000,10968578.79109450,28/01/2025 09:14,36030,59.91460000,6161760.10137890
28/01/2025 09:15,102474.87000000,102834.17000000,102856.39000000,102393.94000000,202.11389000,20740112.06470650,28/01/2025 09:29,47500,77.63824000,7966847.44407550
28/01/2025 09:30,102628.78000000,102474.87000000,102800.00000000,102444.11000000,174.80443000,17939625.11574510,28/01/2025 09:44,33726,83.50651000,8569960.85782510
28/01/2025 09:45,102955.99000000,102628.78000000,102962.66000000,102539.24000000,184.82725000,18985306.76811600,28/01/2025 09:59,37255,84.63088000,8695664.41191360
28/01/2025 10:00,102972.93000000,102955.99000000,102989.00000000,102821.71000000,94.44232000,9719804.95864260,28/01/2025 10:14,26390,47.78551000,4917778.99555090
28/01/2025 10:15,102953.89000000,102972.94000000,103181.82000000,102953.89000000,167.91308000,17304428.05257940,28/01/2025 10:29,34625,93.57120000,9642957.12633750
28/01/2025 10:30,102714.65000000,102953.90000000,103000.00000000,102705.83000000,117.46710000,12085789.46787630,28/01/2025 10:44,31255,39.61332000,4076337.91293090
28/01/2025 10:45,102745.36000000,102714.64000000,102760.51000000,102600.79000000,101.16574000,10388754.38380360,28/01/2025 10:59,25182,57.70215000,5925340.53000530
28/01/2025 11:00,102874.21000000,102745.37000000,102934.70000000,102700.50000000,106.22949000,10922790.12020490,28/01/2025 11:14,34357,61.21395000,6294044.09954760
28/01/2025 11:15,102693.47000000,102874.21000000,102943.07000000,102641.87000000,109.20491000,11225409.53487710,28/01/2025 11:29,29146,44.53193000,4577910.04393470
28/01/2025 11:30,102701.53000000,102693.48000000,102739.42000000,102564.77000000,107.62185000,11047606.42995220,28/01/2025 11:44,27393,61.72953000,6336244.53273900
28/01/2025 11:45,102762.01000000,102701.53000000,102870.00000000,102701.53000000,151.10925000,15531779.40040520,28/01/2025 11:59,27699,97.00205000,9969862.59079850
28/01/2025 12:00,102872.82000000,102762.02000000,102988.60000000,102712.61000000,142.79551000,14689566.53052100,28/01/2025 12:14,38651,81.24962000,8358273.55305880
28/01/2025 12:15,102683.79000000,102872.82000000,102901.11000000,102620.00000000,117.85937000,12106370.52076770,28/01/2025 12:29,41761,58.18819000,5977155.91818780
28/01/2025 12:30,102655.49000000,102683.80000000,102727.89000000,102476.63000000,150.42529000,15435365.48366810,28/01/2025 12:44,55430,72.70998000,7461187.11505100
28/01/2025 12:45,102599.99000000,102655.50000000,102702.66000000,102489.06000000,121.22808000,12435318.78586710,28/01/2025 12:59,34466,59.86603000,6141145.98588660
28/01/2025 13:00,102886.19000000,102599.99000000,102886.20000000,102564.00000000,92.74123000,9526644.38972280,28/01/2025 13:14,30404,48.76812000,5010458.54071740
28/01/2025 13:15,102820.00000000,102886.19000000,102938.71000000,102773.20000000,85.70862000,8816789.46881540,28/01/2025 13:29,25074,47.07244000,4842613.75617230
28/01/2025 13:30,102571.65000000,102820.00000000,102820.00000000,102482.35000000,135.83389000,13941704.92779030,28/01/2025 13:44,45899,61.51209000,6313534.30285770
28/01/2025 13:45,102597.36000000,102571.65000000,102713.98000000,102501.60000000,101.53193000,10418718.89554240,28/01/2025 13:59,40925,54.51163000,5593615.88362220
28/01/2025 14:00,101962.98000000,102597.37000000,102597.37000000,101815.26000000,440.03927000,44946488.10980790,28/01/2025 14:14,76930,159.11439000,16248227.98302230
28/01/2025 14:15,102580.26000000,101962.97000000,102619.99000000,101937.22000000,286.49880000,29302424.10359010,28/01/2025 14:29,65059,171.82421000,17573629.63869860
28/01/2025 14:30,102159.99000000,102580.26000000,102891.33000000,102058.99000000,754.24669000,77337402.08887340,28/01/2025 14:44,163153,354.05676000,36303522.28741210
28/01/2025 14:45,102641.99000000,102159.99000000,102805.93000000,102076.93000000,462.04593000,47333105.10348730,28/01/2025 14:59,159790,246.05721000,25207564.00152800
28/01/2025 15:00,102937.33000000,102642.00000000,103315.79000000,102625.01000000,676.65518000,69701056.56671150,28/01/2025 15:14,158820,385.48011000,39707292.28364620
28/01/2025 15:15,103210.22000000,102937.33000000,103280.00000000,102738.46000000,298.86774000,30791326.67781250,28/01/2025 15:29,87730,181.42681000,18692942.26631410
28/01/2025 15:30,102964.93000000,103210.22000000,103800.00000000,102904.62000000,920.23009000,95186828.78404660,28/01/2025 15:44,179403,515.55628000,53338007.29159270
28/01/2025 15:45,102777.99000000,102964.93000000,103116.07000000,102504.00000000,319.74338000,32877113.25037570,28/01/2025 15:59,105274,131.72196000,13546508.67885820
28/01/2025 16:00,102267.40000000,102777.99000000,102907.98000000,102253.52000000,462.40414000,47415815.34622330,28/01/2025 16:14,101629,203.97640000,20919590.39902920
28/01/2025 16:15,102041.99000000,102267.41000000,102440.28000000,101906.24000000,534.80691000,54650986.81663930,28/01/2025 16:29,120942,248.89402000,25437739.99487590
28/01/2025 16:30,102382.00000000,102042.00000000,102411.96000000,102025.00000000,281.12400000,28750760.86447190,28/01/2025 16:44,88383,162.21127000,16588309.43420090
28/01/2025 16:45,102250.01000000,102382.01000000,102576.93000000,101972.84000000,267.79974000,27385657.62601300,28/01/2025 16:59,100748,133.10822000,13610539.90421910
28/01/2025 17:00,103035.90000000,102250.01000000,103084.00000000,102220.07000000,521.17320000,53531739.49421220,28/01/2025 17:14,99484,336.06601000,34513001.37482330
28/01/2025 17:15,102848.86000000,103035.90000000,103098.00000000,102733.33000000,311.18234000,32013215.50676660,28/01/2025 17:29,65638,162.74133000,16742890.64813840
28/01/2025 17:30,102446.01000000,102848.87000000,102928.00000000,102338.00000000,355.90590000,36522148.20631080,28/01/2025 17:44,87134,163.50132000,16776132.52624400
28/01/2025 17:45,102572.82000000,102446.00000000,102748.00000000,102346.01000000,214.03859000,21945003.99547390,28/01/2025 17:59,68090,121.55468000,12462798.68136240
28/01/2025 18:00,103030.41000000,102572.82000000,103085.73000000,102375.00000000,432.62271000,44428966.47039100,28/01/2025 18:14,84338,210.27969000,21599776.62479260
28/01/2025 18:15,102854.56000000,103030.41000000,103108.00000000,102785.56000000,245.22751000,25239058.76103200,28/01/2025 18:29,80237,115.90598000,11929479.25684800
28/01/2025 18:30,102536.32000000,102854.57000000,102955.89000000,102472.49000000,165.47521000,16998399.75835100,28/01/2025 18:44,67526,68.82248000,7068605.60602390
28/01/2025 18:45,102205.79000000,102536.00000000,102542.40000000,102160.00000000,195.60227000,20013087.96143690,28/01/2025 18:59,66437,83.75590000,8568044.37090300
28/01/2025 19:00,102071.99000000,102205.78000000,102235.00000000,101820.15000000,266.10232000,27140727.05555210,28/01/2025 19:14,68213,121.42441000,12385402.02637080
28/01/2025 19:15,102237.13000000,102071.98000000,102400.00000000,101980.99000000,199.06743000,20339691.61435330,28/01/2025 19:29,60015,94.89638000,9695939.42281150
28/01/2025 19:30,102396.38000000,102237.12000000,102397.80000000,102043.53000000,107.59480000,10999778.12784010,28/01/2025 19:44,51672,54.38749000,5560816.29900120
28/01/2025 19:45,102424.24000000,102396.39000000,102660.00000000,102396.39000000,135.92696000,13939101.37721170,28/01/2025 19:59,36944,55.36860000,5677806.47089710
28/01/2025 20:00,102391.99000000,102424.24000000,102538.00000000,102302.11000000,115.80904000,11859622.34820090,28/01/2025 20:14,42738,54.85135000,5616928.85964080
28/01/2025 20:15,101972.09000000,102391.99000000,102392.00000000,101955.49000000,180.05268000,18377822.37206390,28/01/2025 20:29,40427,78.21183000,7982409.34540880
28/01/2025 20:30,101964.45000000,101972.10000000,102150.23000000,101896.40000000,125.21981000,12774638.13742630,28/01/2025 20:44,46408,59.56512000,6076450.28211570
28/01/2025 20:45,101264.48000000,101964.45000000,101966.96000000,101197.04000000,544.05064000,55217467.70015710,28/01/2025 20:59,98477,186.15662000,18890883.00303080
28/01/2025 21:00,101293.02000000,101264.02000000,101476.02000000,101090.71000000,319.55171000,32369698.44205360,28/01/2025 21:14,73434,165.83435000,16799032.13657640
28/01/2025 21:15,101470.95000000,101293.03000000,101547.22000000,101228.27000000,159.00561000,16124238.97399340,28/01/2025 21:29,41509,90.27722000,9155628.43235380
28/01/2025 21:30,100761.99000000,101470.94000000,101496.66000000,100598.22000000,434.30864000,43856272.75715950,28/01/2025 21:44,93451,175.85167000,17758437.96897760
28/01/2025 21:45,100334.01000000,100761.98000000,100918.38000000,100272.68000000,461.83586000,46412176.19745990,28/01/2025 21:59,88546,179.46923000,18034789.38364180
28/01/2025 22:00,100877.47000000,100334.00000000,100877.47000000,100274.96000000,280.63227000,28197543.36555570,28/01/2025 22:14,91859,157.60604000,15838791.71891830
28/01/2025 22:15,100735.81000000,100877.47000000,101119.54000000,100570.36000000,290.44491000,29297954.19862730,28/01/2025 22:29,71880,145.58778000,14689038.65909590
28/01/2025 22:30,101053.24000000,100735.80000000,101100.09000000,100568.01000000,129.32379000,13041434.41207720,28/01/2025 22:44,42598,66.32886000,6690233.90023310
28/01/2025 22:45,101265.63000000,101053.25000000,101404.00000000,100923.07000000,155.77815000,15765418.73641180,28/01/2025 22:59,45045,74.93218000,7582753.96351010
28/01/2025 23:00,101229.54000000,101265.63000000,101424.07000000,101000.00000000,178.00170000,18028763.33710080,28/01/2025 23:14,62930,94.24538000,9545983.26240670
28/01/2025 23:15,100953.78000000,101229.55000000,101284.62000000,100908.51000000,153.02538000,15472989.73494780,28/01/2025 23:29,51690,49.99182000,5055126.68036180
28/01/2025 23:30,101171.62000000,100953.78000000,101186.05000000,100750.00000000,191.33994000,19314039.37199350,28/01/2025 23:44,45987,82.30548000,8309248.65465850
28/01/2025 23:45,101335.52000000,101171.62000000,101450.00000000,101161.76000000,124.87652000,12651016.51875850,28/01/2025 23:59,23429,73.96408000,7493067.17806520
29/01/2025 00:00,101534.89000000,101335.52000000,101587.49000000,101328.01000000,146.27438000,14835481.03270710,29/01/2025 00:14,35749,81.56669000,8272065.64421870
29/01/2025 00:15,101478.01000000,101534.88000000,101682.58000000,101430.23000000,154.88314000,15730382.88802810,29/01/2025 00:29,43722,86.22568000,8758233.91161740
29/01/2025 00:30,101768.81000000,101478.01000000,101768.81000000,101396.00000000,105.95483000,10763181.69414150,29/01/2025 00:44,32263,54.82663000,5571052.93472800
29/01/2025 00:45,101702.59000000,101768.98000000,101819.67000000,101645.75000000,96.47473000,9815512.71209030,29/01/2025 00:59,30427,40.09811000,4079462.90480780
29/01/2025 01:00,101762.49000000,101702.60000000,101993.68000000,101702.60000000,111.97503000,11408106.77062040,29/01/2025 01:14,44609,61.92467000,6308912.17408470
29/01/2025 01:15,101677.15000000,101762.49000000,101848.84000000,101616.39000000,91.47455000,9304278.38553460,29/01/2025 01:29,27679,40.10007000,4078282.65141260
29/01/2025 01:30,101717.99000000,101677.14000000,101733.04000000,101461.12000000,139.24088000,14147583.70699130,29/01/2025 01:44,26524,32.32233000,3283855.81428980
29/01/2025 01:45,101845.02000000,101717.99000000,101884.00000000,101692.46000000,122.86919000,12507276.24290880,29/01/2025 01:59,24372,65.70896000,6688835.40097470
29/01/2025 02:00,102034.43000000,101845.02000000,102319.69000000,101845.01000000,196.68707000,20080318.06810000,29/01/2025 02:14,47542,118.06962000,12053887.11773420
29/01/2025 02:15,101848.55000000,102034.43000000,102034.43000000,101787.92000000,92.34371000,9408427.12584920,29/01/2025 02:29,21900,25.85336000,2633538.72463730
29/01/2025 02:30,101800.03000000,101848.55000000,101978.32000000,101769.23000000,36.31912000,3700374.13770190,29/01/2025 02:44,14743,17.53511000,1786693.51157540
29/01/2025 02:45,101795.40000000,101800.03000000,101811.50000000,101696.01000000,40.44744000,4114973.83573110,29/01/2025 02:59,18781,12.98173000,1320679.61384570
29/01/2025 03:00,101885.01000000,101795.41000000,102089.80000000,101764.24000000,93.02792000,9485596.77668000,29/01/2025 03:14,32253,40.77859000,4157589.27619030
29/01/2025 03:15,102002.18000000,101885.02000000,102008.84000000,101797.45000000,73.33708000,7472779.77054760,29/01/2025 03:29,24717,34.72240000,3538909.10309820
29/01/2025 03:30,102004.01000000,102002.19000000,102136.10000000,101881.03000000,83.93375000,8563754.73346750,29/01/2025 03:44,21980,28.49570000,2907403.47308890
29/01/2025 03:45,102038.20000000,102004.01000000,102162.80000000,101920.36000000,111.14054000,11339969.51693080,29/01/2025 03:59,21843,38.46916000,3924811.62209610
29/01/2025 04:00,102071.15000000,102038.21000000,102130.63000000,101955.51000000,82.08346000,8374440.63297140,29/01/2025 04:14,22169,29.85125000,3045731.20426980
29/01/2025 04:15,102133.33000000,102071.15000000,102146.45000000,102028.52000000,73.80356000,7535088.50438060,29/01/2025 04:29,18160,29.34311000,2995676.61504900
29/01/2025 04:30,102012.23000000,102133.33000000,102190.00000000,101992.63000000,107.58028000,10987584.99940690,29/01/2025 04:44,23338,50.35520000,5143547.71127170
29/01/2025 04:45,102001.06000000,102012.23000000,102074.12000000,101976.19000000,60.04418000,6126218.87254240,29/01/2025 04:59,13899,26.01396000,2654281.51578140
29/01/2025 05:00,102203.80000000,102001.06000000,102384.61000000,101980.27000000,192.31248000,19657904.18445120,29/01/2025 05:14,27835,122.45564000,12515178.82745240
29/01/2025 05:15,102171.99000000,102203.80000000,102256.00000000,102134.62000000,59.68547000,6100101.66914700,29/01/2025 05:29,14023,22.83260000,2333485.14271230
29/01/2025 05:30,102204.61000000,102172.00000000,102308.68000000,102140.87000000,110.88815000,11338380.19608660,29/01/2025 05:44,19366,71.05304000,7265971.36353480
29/01/2025 05:45,102262.00000000,102204.61000000,102284.78000000,102133.90000000,51.83824000,5297394.28663210,29/01/2025 05:59,12352,16.63404000,1700048.71657140
29/01/2025 06:00,102426.23000000,102262.00000000,102426.24000000,102237.05000000,169.53776000,17347123.20530850,29/01/2025 06:14,23831,111.05039000,11362371.89183520
29/01/2025 06:15,102523.08000000,102426.23000000,102600.00000000,102365.10000000,117.46787000,12039092.74009270,29/01/2025 06:29,32756,65.25248000,6687965.10106330
29/01/2025 06:30,102647.24000000,102523.09000000,102853.53000000,102523.08000000,176.38252000,18116372.73980650,29/01/2025 06:44,35509,121.92019000,12523263.16608730
29/01/2025 06:45,102801.64000000,102647.25000000,102801.64000000,102556.00000000,109.08797000,11205254.63078190,29/01/2025 06:59,21983,56.59791000,5814218.75539650
29/01/2025 07:00,102539.99000000,102801.64000000,102815.66000000,102449.97000000,149.09763000,15291572.28876700,29/01/2025 07:14,26421,41.70853000,4277281.21406250
29/01/2025 07:15,102531.52000000,102539.99000000,102613.00000000,102484.62000000,70.52739000,7231717.75427230,29/01/2025 07:29,20185,31.85469000,3266351.83927880
29/01/2025 07:30,102605.87000000,102531.52000000,102605.89000000,102486.85000000,98.26560000,10076831.08634330,29/01/2025 07:44,26431,65.50078000,6717116.98140430
29/01/2025 07:45,102755.82000000,102605.88000000,102755.82000000,102577.16000000,135.60387000,13923140.04371110,29/01/2025 07:59,36393,80.31986000,8246969.91835990
29/01/2025 08:00,102767.99000000,102755.81000000,103000.00000000,102736.17000000,232.52059000,23927190.71844190,29/01/2025 08:14,42206,141.15239000,14526172.74317830
29/01/2025 08:15,102895.36000000,102768.00000000,102906.00000000,102680.00000000,93.80745000,9644326.81334560,29/01/2025 08:29,24383,52.23483000,5370812.36714660
29/01/2025 08:30,102815.99000000,102895.36000000,102976.00000000,102741.02000000,121.86710000,12532863.79092650,29/01/2025 08:44,40492,69.71585000,7169934.29264890
29/01/2025 08:45,102732.03000000,102815.99000000,102871.42000000,102712.00000000,79.47923000,8168132.36730960,29/01/2025 08:59,18644,22.74327000,2337583.36391930
29/01/2025 09:00,102639.98000000,102732.03000000,102770.00000000,102522.97000000,163.21149000,16753173.58820060,29/01/2025 09:14,36612,64.99641000,6671217.75810950
29/01/2025 09:15,102350.00000000,102639.98000000,102650.00000000,102346.67000000,318.47791000,32649130.66256850,29/01/2025 09:29,44757,160.80657000,16492429.99191680
29/01/2025 09:30,102546.79000000,102350.00000000,102546.80000000,102350.00000000,92.63036000,9490250.30506150,29/01/2025 09:44,30171,53.85099000,5516812.98723910
29/01/2025 09:45,102334.40000000,102546.80000000,102555.09000000,102303.68000000,61.83160000,6333632.35613940,29/01/2025 09:59,26117,28.06836000,2874986.84439330
29/01/2025 10:00,102410.37000000,102334.41000000,102499.99000000,102180.65000000,113.39461000,11603950.59309180,29/01/2025 10:14,28575,57.75692000,5912009.62112300
29/01/2025 10:15,102552.95000000,102410.38000000,102700.00000000,102380.00000000,109.31703000,11214381.80871730,29/01/2025 10:29,21323,64.77847000,6644795.75589190
29/01/2025 10:30,102511.63000000,102552.95000000,102726.77000000,102511.63000000,49.43493000,5073158.53649900,29/01/2025 10:44,19627,22.86035000,2346290.70347230
29/01/2025 10:45,102547.01000000,102511.64000000,102581.40000000,102484.62000000,108.37803000,11112540.68693420,29/01/2025 10:59,17949,56.39117000,5781733.03840120
29/01/2025 11:00,102512.00000000,102547.01000000,102598.17000000,102425.87000000,207.04351000,21217053.29427350,29/01/2025 11:14,24396,155.74292000,15959269.63990430
29/01/2025 11:15,102619.99000000,102511.99000000,102620.00000000,102486.00000000,119.69477000,12272571.80285010,29/01/2025 11:29,17409,82.78041000,8486747.04325350
29/01/2025 11:30,102727.53000000,102620.00000000,102809.52000000,102558.28000000,122.40187000,12565332.18391530,29/01/2025 11:44,24300,69.05832000,7088749.39980030
29/01/2025 11:45,102646.00000000,102727.53000000,102746.50000000,102539.88000000,216.22330000,22186963.57766310,29/01/2025 11:59,24646,145.30712000,14908960.68019870
29/01/2025 12:00,102775.67000000,102646.00000000,102775.68000000,102555.39000000,291.07570000,29880289.69977630,29/01/2025 12:14,46223,185.07987000,18998038.36956220
29/01/2025 12:15,102420.00000000,102775.67000000,102842.04000000,102384.00000000,186.56281000,19153657.92772530,29/01/2025 12:29,37760,89.84009000,9225921.68249770
29/01/2025 12:30,102355.25000000,102419.99000000,102544.00000000,102241.39000000,181.41520000,18580743.54989400,29/01/2025 12:44,30580,103.74450000,10627563.49297210
29/01/2025 12:45,102229.85000000,102355.26000000,102430.26000000,102220.13000000,129.61020000,13263176.51632270,29/01/2025 12:59,32718,51.84911000,5305525.55936110
29/01/2025 13:00,102174.01000000,102229.85000000,102330.81000000,101873.36000000,972.63797000,99271343.09825870,29/01/2025 13:14,93631,284.66717000,29048915.35451590
29/01/2025 13:15,101896.01000000,102174.00000000,102174.00000000,101818.25000000,396.53366000,40434366.04640510,29/01/2025 13:29,53615,142.42204000,14516031.32679620
29/01/2025 13:30,101983.74000000,101896.01000000,102112.50000000,101769.78000000,202.66050000,20659291.99260320,29/01/2025 13:44,57526,102.76396000,10476411.76179890
29/01/2025 13:45,101836.23000000,101983.75000000,102060.00000000,101699.59000000,181.39923000,18473545.68024180,29/01/2025 13:59,39284,81.42036000,8292024.63419670
29/01/2025 14:00,102040.00000000,101836.23000000,102050.00000000,101751.53000000,151.22915000,15410798.30623140,29/01/2025 14:14,46401,92.27120000,9402311.67979610
29/01/2025 14:15,102166.65000000,102040.00000000,102186.58000000,101942.38000000,137.84109000,14072428.49927810,29/01/2025 14:29,30250,69.60039000,7104937.88318320
29/01/2025 14:30,102122.33000000,102166.64000000,102380.00000000,101742.00000000,430.30602000,43929638.56919760,29/01/2025 14:44,122042,202.42861000,20663795.01205720
29/01/2025 14:45,102029.93000000,102122.33000000,102124.00000000,101582.37000000,315.42982000,32134836.89751970,29/01/2025 14:59,108542,159.65275000,16263637.49061900
29/01/2025 15:00,102274.00000000,102029.94000000,102531.64000000,101953.52000000,318.79828000,32599286.21900590,29/01/2025 15:14,95903,176.25391000,18025774.66414920
29/01/2025 15:15,101990.00000000,102274.01000000,102359.04000000,101867.31000000,179.60880000,18342505.11893160,29/01/2025 15:29,98069,87.84202000,8971979.47714470
29/01/2025 15:30,101846.11000000,101990.00000000,102100.00000000,101833.81000000,179.30848000,18285251.75159340,29/01/2025 15:44,70253,81.91455000,8354106.46721710
29/01/2025 15:45,101980.78000000,101846.11000000,102112.50000000,101798.01000000,128.24585000,13077243.85850310,29/01/2025 15:59,55814,57.46795000,5859275.74321320
29/01/2025 16:00,101886.03000000,101980.78000000,102122.86000000,101780.61000000,146.80464000,14963502.70000060,29/01/2025 16:14,60901,93.57840000,9537538.02562730
29/01/2025 16:15,101877.99000000,101886.03000000,102023.26000000,101675.62000000,204.44551000,20827595.28046660,29/01/2025 16:29,59171,94.43917000,9622974.14586920
29/01/2025 16:30,102050.00000000,101877.99000000,102108.00000000,101814.18000000,157.30253000,16043327.07621660,29/01/2025 16:44,51313,76.92356000,7846593.18501040
29/01/2025 16:45,102092.01000000,102049.99000000,102150.00000000,101949.02000000,121.59444000,12410411.48426040,29/01/2025 16:59,49318,70.87671000,7233953.01614760
29/01/2025 17:00,102294.00000000,102092.00000000,102307.68000000,101995.37000000,133.23330000,13613783.04164340,29/01/2025 17:14,51953,73.06997000,7466635.30694580
29/01/2025 17:15,102409.10000000,102294.00000000,102444.00000000,102260.84000000,157.27785000,16098652.99631000,29/01/2025 17:29,46675,75.66578000,7744969.93842860
29/01/2025 17:30,102600.00000000,102409.10000000,102777.78000000,102409.10000000,389.76986000,39990913.11167710,29/01/2025 17:44,65645,148.99048000,15285205.67710530
29/01/2025 17:45,102406.98000000,102600.00000000,102660.84000000,102359.37000000,132.07170000,13542097.83146210,29/01/2025 17:59,45154,54.79504000,5618742.12290240
29/01/2025 18:00,102306.61000000,102406.97000000,102496.30000000,102008.00000000,282.90499000,28928180.56512610,29/01/2025 18:14,107388,141.33361000,14450120.29398090
29/01/2025 18:15,102581.40000000,102306.61000000,102590.59000000,102164.33000000,114.10168000,11677145.02596040,29/01/2025 18:29,43005,54.57856000,5586103.11926110
29/01/2025 18:30,102754.76000000,102581.40000000,102843.13000000,102581.39000000,238.11091000,24466188.50040920,29/01/2025 18:44,58061,150.92202000,15506832.78632050
29/01/2025 18:45,102854.15000000,102754.76000000,103000.00000000,102748.46000000,306.82576000,31577464.03532280,29/01/2025 18:59,49494,168.92555000,17385890.33562450
29/01/2025 19:00,102048.00000000,102854.14000000,102896.92000000,101650.75000000,1187.50704000,121369575.24495850,29/01/2025 19:14,216663,537.22642000,54908032.84968980
29/01/2025 19:15,101547.87000000,102048.01000000,102048.99000000,101400.01000000,557.28036000,56639879.21333810,29/01/2025 19:29,140633,248.50205000,25257060.13478890
29/01/2025 19:30,103448.29000000,101547.86000000,103999.00000000,101474.11000000,2115.77321000,218033574.71040510,29/01/2025 19:44,321416,1263.97153000,130249362.69454540
29/01/2025 19:45,103583.99000000,103448.45000000,103916.00000000,103173.60000000,1014.91402000,105185935.61807220,29/01/2025 19:59,203176,555.88131000,57604317.38628100
29/01/2025 20:00,103443.44000000,103584.00000000,103769.00000000,102868.00000000,788.86741000,81498202.78658320,29/01/2025 20:14,188117,360.31935000,37227472.98654880
29/01/2025 20:15,104364.59000000,103443.44000000,104689.17000000,103022.00000000,1134.58717000,118114546.26547870,29/01/2025 20:29,166042,711.35067000,74068090.94604140
29/01/2025 20:30,104273.26000000,104365.99000000,104782.68000000,103945.75000000,627.67146000,65495846.38271400,29/01/2025 20:44,154144,283.71273000,29611242.92631830
29/01/2025 20:45,104193.93000000,104273.26000000,104484.70000000,104016.84000000,407.11200000,42447882.20315690,29/01/2025 20:59,124646,210.13658000,21910466.85986580
29/01/2025 21:00,104216.79000000,104193.92000000,104371.97000000,103743.45000000,708.36183000,73693331.32360800,29/01/2025 21:14,152823,356.87997000,37128860.22134010
29/01/2025 21:15,104111.00000000,104216.78000000,104374.68000000,103940.41000000,368.17693000,38352891.37173460,29/01/2025 21:29,98901,160.58631000,16728491.81932540
29/01/2025 21:30,103899.39000000,104111.00000000,104393.93000000,103889.00000000,245.28297000,25543828.48557730,29/01/2025 21:44,68581,106.95567000,11140488.40135550
29/01/2025 21:45,103741.11000000,103899.39000000,104087.42000000,103715.50000000,192.14492000,19963930.76663950,29/01/2025 21:59,46413,80.22819000,8335558.07720410
29/01/2025 22:00,103523.79000000,103741.11000000,103831.56000000,103414.03000000,212.32992000,21997062.51938040,29/01/2025 22:14,51053,111.10924000,11511678.05055380
29/01/2025 22:15,103771.28000000,103523.79000000,103771.29000000,103405.77000000,132.41727000,13717640.10278580,29/01/2025 22:29,30210,85.28897000,8835108.54552230
29/01/2025 22:30,103485.44000000,103771.29000000,104010.94000000,103459.25000000,306.90171000,31865208.03293180,29/01/2025 22:44,43911,112.70476000,11701377.60392890
29/01/2025 22:45,103492.06000000,103485.45000000,103676.00000000,103440.00000000,64.16674000,6644905.93538380,29/01/2025 22:59,20745,29.58528000,3063710.91801110
29/01/2025 23:00,104121.98000000,103492.07000000,104121.98000000,103460.00000000,265.82305000,27622916.32124390,29/01/2025 23:14,59106,153.12416000,15909614.42906450
29/01/2025 23:15,104194.64000000,104121.97000000,104344.64000000,103959.76000000,161.56994000,16828847.70065070,29/01/2025 23:29,52651,84.75886000,8829818.44927110
29/01/2025 23:30,103823.56000000,104194.65000000,104205.00000000,103807.04000000,115.33249000,11995771.49216040,29/01/2025 23:44,30294,32.29244000,3358642.53269060
29/01/2025 23:45,103733.24000000,103823.56000000,103944.00000000,103646.47000000,111.72808000,11593384.59632050,29/01/2025 23:59,28123,46.57317000,4833253.35658860
30/01/2025 00:00,103576.45000000,103733.25000000,103818.69000000,103518.51000000,278.19054000,28841077.74362880,30/01/2025 00:14,53892,159.68145000,16556211.76496740
30/01/2025 00:15,103546.00000000,103576.45000000,103715.59000000,103486.00000000,106.91338000,11074459.24060010,30/01/2025 00:29,44274,47.60081000,4930439.26140140
30/01/2025 00:30,103638.30000000,103546.00000000,103789.39000000,103278.54000000,230.79062000,23902846.44229820,30/01/2025 00:44,56036,111.93233000,11593538.67734850
30/01/2025 00:45,104026.04000000,103638.31000000,104123.36000000,103616.70000000,181.62472000,18872976.27595230,30/01/2025 00:59,49472,118.16356000,12273905.95476540
30/01/2025 01:00,104162.15000000,104026.05000000,104162.15000000,103925.00000000,105.51152000,10978964.88916080,30/01/2025 01:14,41479,51.07681000,5315210.30751480
30/01/2025 01:15,104372.22000000,104162.14000000,104499.00000000,104136.01000000,229.42631000,23935544.30511250,30/01/2025 01:29,53670,124.43792000,12981155.06307820
30/01/2025 01:30,104336.00000000,104372.23000000,104555.00000000,104148.79000000,329.26541000,34369562.41017060,30/01/2025 01:44,52083,211.56923000,22083875.04308670
30/01/2025 01:45,104264.15000000,104335.99000000,104363.93000000,104180.58000000,109.56021000,11423324.39907670,30/01/2025 01:59,35946,52.39954000,5463018.80669000
30/01/2025 02:00,104122.00000000,104264.15000000,104279.49000000,103994.46000000,129.14057000,13444639.02007170,30/01/2025 02:14,44353,56.93739000,5927128.94290970
30/01/2025 02:15,104360.13000000,104122.00000000,104360.13000000,104048.16000000,157.72229000,16441180.85870470,30/01/2025 02:29,31640,114.47403000,11935539.61476720
30/01/2025 02:30,104393.81000000,104360.13000000,104595.34000000,104300.00000000,297.84860000,31109749.06587640,30/01/2025 02:44,34589,157.00131000,16398783.31114750
30/01/2025 02:45,104663.19000000,104393.81000000,104668.35000000,104325.92000000,239.05357000,24984329.81892120,30/01/2025 02:59,29337,129.11773000,13497314.43464140
30/01/2025 03:00,104724.11000000,104663.19000000,104748.00000000,104493.16000000,201.10090000,21046403.43326710,30/01/2025 03:14,44041,92.71548000,9702501.31248520
30/01/2025 03:15,104683.55000000,104724.10000000,104724.11000000,104550.38000000,167.76461000,17554732.40094520,30/01/2025 03:29,28482,76.01300000,7954060.64328050
30/01/2025 03:30,104904.81000000,104683.56000000,104944.45000000,104676.00000000,261.76131000,27437894.88656390,30/01/2025 03:44,41216,148.35737000,15551223.90091770
30/01/2025 03:45,105196.00000000,104904.81000000,105300.00000000,104877.71000000,851.22861000,89450710.46711770,30/01/2025 03:59,80309,613.41478000,64457725.59707510
30/01/2025 04:00,104972.01000000,105196.00000000,105288.63000000,104897.86000000,214.75050000,22565073.87983700,30/01/2025 04:14,46094,85.62251000,8996563.67504370
30/01/2025 04:15,105069.61000000,104972.00000000,105162.78000000,104900.57000000,148.89649000,15641343.57002090,30/01/2025 04:29,30037,73.89980000,7762285.43175220
30/01/2025 04:30,105182.34000000,105069.62000000,105182.35000000,104842.37000000,157.80808000,16568930.18089500,30/01/2025 04:44,30833,74.61780000,7833739.81186940
30/01/2025 04:45,105478.00000000,105182.34000000,105595.81000000,105094.33000000,337.37805000,35548728.25951040,30/01/2025 04:59,53207,205.60007000,21668056.91066750
30/01/2025 05:00,105373.94000000,105478.00000000,105520.00000000,105210.50000000,266.39101000,28064679.74882950,30/01/2025 05:14,44740,132.24234000,13930468.76995330
30/01/2025 05:15,105304.76000000,105373.93000000,105480.16000000,105236.00000000,116.41349000,12264648.15469500,30/01/2025 05:29,28678,42.07597000,4432773.09570170
30/01/2025 05:30,105188.03000000,105304.76000000,105364.00000000,105118.06000000,122.39377000,12883514.62542690,30/01/2025 05:44,22781,45.02460000,4740006.98562120
30/01/2025 05:45,105375.70000000,105188.02000000,105375.71000000,104996.97000000,300.70193000,31607756.45420620,30/01/2025 05:59,30780,118.80058000,12491569.85096040
30/01/2025 06:00,105506.02000000,105375.70000000,105580.16000000,105346.12000000,245.12620000,25855161.21082380,30/01/2025 06:14,29380,138.48489000,14606596.08449940
30/01/2025 06:15,105212.76000000,105506.01000000,105506.01000000,105208.01000000,92.45157000,9735327.53595930,30/01/2025 06:29,25395,32.78504000,3452072.35738650
30/01/2025 06:30,105181.77000000,105212.76000000,105297.59000000,105163.44000000,108.39371000,11405087.75802430,30/01/2025 06:44,18100,59.11503000,6220121.00010460
30/01/2025 06:45,105184.37000000,105181.77000000,105245.28000000,105164.76000000,106.53499000,11206487.24740210,30/01/2025 06:59,15240,44.36357000,4666690.70192890
30/01/2025 07:00,104895.71000000,105184.38000000,105348.00000000,104831.98000000,230.49006000,24231611.10720520,30/01/2025 07:14,38390,85.35475000,8977314.75697380
30/01/2025 07:15,105007.97000000,104895.72000000,105071.80000000,104895.72000000,100.64721000,10566122.37632280,30/01/2025 07:29,20098,55.67288000,5844494.03810910
30/01/2025 07:30,104913.46000000,105007.96000000,105007.97000000,104799.66000000,133.22000000,13973680.70582750,30/01/2025 07:44,24451,64.64514000,6780938.39004140
30/01/2025 07:45,105132.07000000,104913.46000000,105160.95000000,104873.31000000,113.48788000,11915196.24525470,30/01/2025 07:59,15125,64.04150000,6724307.27378220
30/01/2025 08:00,105011.08000000,105132.07000000,105368.84000000,105004.84000000,213.62875000,22482234.26834460,30/01/2025 08:14,25477,116.07244000,12216659.81260670
30/01/2025 08:15,105167.01000000,105011.07000000,105243.17000000,104925.26000000,89.39997000,9394813.45139570,30/01/2025 08:29,22425,46.93777000,4932407.11877650
30/01/2025 08:30,105120.00000000,105167.01000000,105194.95000000,105014.90000000,75.00874000,7882419.43498950,30/01/2025 08:44,22098,26.74223000,2810379.28389150
30/01/2025 08:45,105060.01000000,105120.01000000,105291.14000000,105060.00000000,94.10070000,9899108.88674420,30/01/2025 08:59,28331,42.71344000,4493530.86352840
30/01/2025 09:00,105187.55000000,105060.01000000,105218.00000000,105021.36000000,106.43489000,11187054.30866180,30/01/2025 09:14,27263,39.73892000,4176531.45012100
30/01/2025 09:15,105293.94000000,105187.55000000,105293.95000000,105162.49000000,97.99571000,10311108.68922290,30/01/2025 09:29,22697,55.34054000,5823419.34362760
30/01/2025 09:30,105436.07000000,105293.95000000,105499.99000000,105278.05000000,151.77316000,15996867.74098460,30/01/2025 09:44,28537,70.26041000,7405236.80339000
30/01/2025 09:45,105412.05000000,105436.07000000,105534.00000000,105373.17000000,144.97213000,15289625.31277420,30/01/2025 09:59,26786,51.46582000,5427674.30998720
30/01/2025 10:00,105213.94000000,105412.05000000,105412.06000000,105117.63000000,168.09649000,17690053.44815060,30/01/2025 10:14,29188,64.33735000,6768667.09786520
30/01/2025 10:15,105258.02000000,105213.93000000,105261.36000000,105132.07000000,85.83923000,9032375.49910030,30/01/2025 10:29,17419,42.32338000,4453688.20140980
30/01/2025 10:30,105226.12000000,105258.01000000,105317.65000000,105186.55000000,48.19504000,5072578.52631740,30/01/2025 10:44,16437,20.98434000,2208627.55082610
30/01/2025 10:45,105345.40000000,105226.12000000,105364.00000000,105200.00000000,61.15985000,6440457.80418350,30/01/2025 10:59,15091,28.64229000,3015837.39867080
30/01/2025 11:00,105136.92000000,105345.41000000,105345.41000000,105078.01000000,105.84935000,11132404.18449740,30/01/2025 11:14,23765,22.50557000,2367032.47853450
30/01/2025 11:15,105123.99000000,105136.92000000,105236.61000000,105080.88000000,66.24839000,6966371.96628770,30/01/2025 11:29,15986,30.78531000,3237199.32781130
30/01/2025 11:30,105264.01000000,105123.99000000,105349.00000000,105109.65000000,60.71271000,6390879.05694720,30/01/2025 11:44,16212,28.25881000,2974609.44784980
30/01/2025 11:45,105300.63000000,105264.01000000,105392.00000000,105207.54000000,120.80072000,12722620.74518750,30/01/2025 11:59,18967,36.60950000,3855103.10081010
30/01/2025 12:00,105112.01000000,105300.63000000,105312.93000000,105112.00000000,97.10953000,10214648.54958980,30/01/2025 12:14,20890,31.40763000,3303826.52085600
30/01/2025 12:15,105036.08000000,105112.00000000,105142.62000000,105000.00000000,119.10374000,12511673.56020560,30/01/2025 12:29,26592,42.85679000,4502007.26928830
30/01/2025 12:30,104894.90000000,105036.09000000,105110.37000000,104880.00000000,129.51711000,13596837.63241190,30/01/2025 12:44,31546,44.75246000,4698561.21518410
30/01/2025 12:45,105020.00000000,104894.91000000,105083.97000000,104836.85000000,94.35418000,9907349.80466430,30/01/2025 12:59,26956,53.22664000,5589231.93878660
30/01/2025 13:00,105074.38000000,105020.01000000,105128.55000000,104929.72000000,96.21418000,10103946.54545460,30/01/2025 13:14,28505,48.50497000,5093618.80118140
30/01/2025 13:15,105259.15000000,105074.39000000,105367.57000000,105074.39000000,235.60120000,24799976.76613430,30/01/2025 13:29,48384,120.06820000,12637362.44607200
30/01/2025 13:30,105043.05000000,105259.14000000,105337.43000000,104915.40000000,255.87522000,26903730.04413640,30/01/2025 13:44,46544,101.56200000,10679995.29098260
30/01/2025 13:45,104879.99000000,105043.04000000,105043.13000000,104836.58000000,218.38002000,22915085.38201550,30/01/2025 13:59,37810,121.34823000,12732916.51946580
30/01/2025 14:00,104836.00000000,104879.99000000,105044.40000000,104660.00000000,310.46567000,32550297.89950020,30/01/2025 14:14,66988,163.87572000,17186064.45625360
30/01/2025 14:15,104909.42000000,104836.00000000,104982.98000000,104733.33000000,192.33444000,20162319.39113420,30/01/2025 14:29,37137,83.48418000,8751003.09087660
30/01/2025 14:30,105157.77000000,104909.42000000,105241.00000000,104768.48000000,316.17834000,33217365.48830590,30/01/2025 14:44,96149,180.69592000,18983948.70831540
30/01/2025 14:45,105920.57000000,105157.15000000,106222.08000000,105148.26000000,1393.15900000,147482443.81909380,30/01/2025 14:59,183421,890.06189000,94213500.42286320
30/01/2025 15:00,106236.47000000,105920.57000000,106457.44000000,105751.01000000,858.98898000,91148935.94471030,30/01/2025 15:14,125577,497.22601000,52764334.01518690
30/01/2025 15:15,105498.30000000,106236.47000000,106236.48000000,105353.85000000,569.32602000,60217495.51564970,30/01/2025 15:29,112176,235.76262000,24940140.38601240
30/01/2025 15:30,105828.81000000,105498.30000000,105989.00000000,105450.00000000,296.04672000,31318373.69132240,30/01/2025 15:44,101910,172.41171000,18240096.21970050
30/01/2025 15:45,105564.00000000,105828.82000000,106165.15000000,105459.64000000,404.15713000,42758709.33646970,30/01/2025 15:59,102685,215.18614000,22769761.34457530
30/01/2025 16:00,105638.30000000,105563.99000000,105849.98000000,105455.30000000,248.85288000,26305774.69642940,30/01/2025 16:14,70165,149.00144000,15751216.85220550
30/01/2025 16:15,105948.73000000,105638.29000000,106004.48000000,105544.00000000,348.59595000,36897518.87473350,30/01/2025 16:29,66912,191.86741000,20307981.88028030
30/01/2025 16:30,105795.68000000,105948.73000000,106013.01000000,105687.01000000,256.51760000,27152062.40803860,30/01/2025 16:44,44977,160.64904000,17006400.57292060
30/01/2025 16:45,105696.96000000,105795.68000000,105843.68000000,105624.53000000,138.34753000,14627504.96737220,30/01/2025 16:59,42218,87.37731000,9238108.32480040
30/01/2025 17:00,105335.41000000,105696.96000000,105698.27000000,105272.72000000,253.25501000,26704542.90857740,30/01/2025 17:14,60889,95.37140000,10054349.97790980
30/01/2025 17:15,105131.77000000,105335.40000000,105452.85000000,105111.00000000,167.74873000,17663208.37850230,30/01/2025 17:29,48240,77.11232000,8120641.25998850
30/01/2025 17:30,105018.14000000,105131.76000000,105216.46000000,104900.14000000,283.62433000,29799602.68014750,30/01/2025 17:44,65566,129.02511000,13557579.02703020
30/01/2025 17:45,105300.01000000,105018.13000000,105333.06000000,105018.13000000,153.85892000,16177525.29503800,30/01/2025 17:59,44697,88.98011000,9356463.88131320
30/01/2025 18:00,105215.69000000,105300.01000000,105330.95000000,105153.14000000,146.18649000,15385754.70082440,30/01/2025 18:14,46750,70.52227000,7421828.23370120
30/01/2025 18:15,104910.75000000,105215.68000000,105261.99000000,104762.59000000,202.95621000,21311386.68811900,30/01/2025 18:29,52606,95.64979000,10046109.44447560
30/01/2025 18:30,105395.19000000,104910.75000000,105496.00000000,104888.85000000,161.35426000,16982718.77815750,30/01/2025 18:44,47919,90.23585000,9495216.53563830
30/01/2025 18:45,105578.95000000,105395.20000000,105583.39000000,105338.00000000,158.97265000,16767745.10665310,30/01/2025 18:59,48774,85.50188000,9017897.23102340
30/01/2025 19:00,105472.86000000,105578.96000000,105632.25000000,105450.98000000,170.06059000,17950186.47545550,30/01/2025 19:14,49319,79.46709000,8387703.56359760
30/01/2025 19:15,105410.77000000,105472.86000000,105504.00000000,105231.58000000,170.27050000,17939309.28685830,30/01/2025 19:29,43054,100.01464000,10536743.35418880
30/01/2025 19:30,105480.36000000,105410.78000000,105480.37000000,105244.47000000,139.59448000,14708520.73805390,30/01/2025 19:44,39662,72.46162000,7633910.23332460
30/01/2025 19:45,105711.27000000,105480.36000000,105776.87000000,105404.00000000,142.55700000,15054855.44477590,30/01/2025 19:59,34004,83.36497000,8804165.95832410
30/01/2025 20:00,105772.32000000,105711.28000000,105810.82000000,105659.92000000,171.35128000,18117685.09022970,30/01/2025 20:14,42531,89.54102000,9467367.67294590
30/01/2025 20:15,105653.05000000,105772.32000000,105821.62000000,105642.06000000,180.49804000,19083637.82344100,30/01/2025 20:29,39815,106.87778000,11299981.66028820
30/01/2025 20:30,104900.00000000,105653.05000000,105669.48000000,104900.00000000,374.05721000,39375776.05386650,30/01/2025 20:44,85467,170.18169000,17915767.35835820
30/01/2025 20:45,104907.15000000,104900.00000000,105280.09000000,104815.82000000,392.52100000,41246812.18229600,30/01/2025 20:59,99294,226.14641000,23763801.23353120
30/01/2025 21:00,104966.28000000,104907.10000000,105054.71000000,104805.15000000,197.96355000,20772879.36125730,30/01/2025 21:14,59996,111.95363000,11748416.91497510
30/01/2025 21:15,105006.73000000,104966.28000000,105200.00000000,104963.11000000,84.01036000,8829620.55653740,30/01/2025 21:29,21278,44.45821000,4672740.25427230
30/01/2025 21:30,105142.01000000,105006.73000000,105217.17000000,104929.86000000,133.57763000,14041376.62011540,30/01/2025 21:44,34528,72.77251000,7650178.54954140
30/01/2025 21:45,105048.89000000,105141.53000000,105159.84000000,104999.30000000,73.30181000,7702375.52542440,30/01/2025 21:59,18640,28.95009000,3042077.58946680
30/01/2025 22:00,105091.28000000,105048.89000000,105106.38000000,104962.11000000,79.90795000,8393492.75979840,30/01/2025 22:14,15681,44.14543000,4637777.12638610
30/01/2025 22:15,105087.17000000,105091.27000000,105126.28000000,105079.69000000,51.23436000,5384499.18260080,30/01/2025 22:29,8644,25.09558000,2637367.38550450
30/01/2025 22:30,105320.01000000,105087.17000000,105351.29000000,105087.16000000,76.08088000,8005325.85978980,30/01/2025 22:44,17969,52.00883000,5472512.02705230
30/01/2025 22:45,105094.56000000,105320.00000000,105320.01000000,105079.20000000,72.30248000,7604638.58252830,30/01/2025 22:59,20410,41.78447000,4394644.53794640
30/01/2025 23:00,105070.91000000,105094.57000000,105240.00000000,105049.94000000,89.28378000,9384322.77815520,30/01/2025 23:14,25986,33.77174000,3550057.75698500
30/01/2025 23:15,105202.44000000,105070.91000000,105254.00000000,105070.90000000,45.95179000,4833895.40481170,30/01/2025 23:29,12236,26.92383000,2831894.88732100
30/01/2025 23:30,104980.00000000,105202.44000000,105202.45000000,104980.00000000,98.41898000,10342221.83010790,30/01/2025 23:44,15201,45.10978000,4741360.14680290
30/01/2025 23:45,104722.94000000,104980.01000000,104980.01000000,104693.82000000,161.84507000,16963919.06164870,30/01/2025 23:59,22550,51.21665000,5368379.55414210
31/01/2025 00:00,104564.92000000,104722.94000000,104850.00000000,104535.00000000,181.55202000,19006045.13825710,31/01/2025 00:14,36838,81.87932000,8572880.22979980
31/01/2025 00:15,104763.56000000,104564.93000000,104828.00000000,104400.00000000,244.44116000,25558064.28024450,31/01/2025 00:29,53319,126.56018000,13234649.44298040
31/01/2025 00:30,104856.29000000,104763.56000000,104901.97000000,104679.41000000,142.16702000,14900549.01326960,31/01/2025 00:44,26443,72.28507000,7575345.99089890
31/01/2025 00:45,104898.49000000,104856.29000000,105029.72000000,104830.57000000,83.85886000,8799438.29938670,31/01/2025 00:59,23063,37.17138000,3900256.91713000
31/01/2025 01:00,104759.60000000,104898.48000000,104908.15000000,104704.92000000,87.80971000,9201999.14878190,31/01/2025 01:14,25207,41.08993000,4305778.61569210
31/01/2025 01:15,104499.17000000,104759.60000000,104770.99000000,104420.97000000,107.81027000,11270741.87851190,31/01/2025 01:29,27912,57.65623000,6024962.94731800
31/01/2025 01:30,104660.71000000,104499.17000000,104691.81000000,104499.16000000,89.85624000,9400239.83597340,31/01/2025 01:44,34035,54.40059000,5690938.54602680
31/01/2025 01:45,104729.58000000,104660.71000000,104767.67000000,104541.01000000,108.27440000,11332579.76564450,31/01/2025 01:59,24665,71.66651000,7500258.48006140
31/01/2025 02:00,104709.71000000,104729.95000000,104851.99000000,104702.60000000,154.32587000,16167773.54632560,31/01/2025 02:14,25800,91.60872000,9597579.48747000
31/01/2025 02:15,104368.72000000,104709.70000000,104723.43000000,104331.00000000,129.99271000,13582455.16177680,31/01/2025 02:29,18174,57.40658000,5995893.77151670
31/01/2025 02:30,104417.00000000,104368.49000000,104485.00000000,104255.01000000,183.35601000,19135177.11875010,31/01/2025 02:44,24630,87.76086000,9158194.85445890
31/01/2025 02:45,104341.72000000,104417.00000000,104484.99000000,104334.82000000,116.11534000,12120852.11001850,31/01/2025 02:59,17345,51.71180000,5398067.30939770
31/01/2025 03:00,104218.92000000,104341.73000000,104341.73000000,103998.30000000,332.74961000,34646112.82475940,31/01/2025 03:14,42763,137.53174000,14318468.42411830
31/01/2025 03:15,104106.01000000,104218.91000000,104218.92000000,103930.09000000,264.40107000,27516127.00065900,31/01/2025 03:29,34029,99.65883000,10370256.14722390
31/01/2025 03:30,104184.70000000,104106.00000000,104235.14000000,104000.00000000,177.71865000,18498184.59135770,31/01/2025 03:44,26082,93.05819000,9687045.07375350
31/01/2025 03:45,104344.46000000,104184.70000000,104377.76000000,104184.70000000,106.11893000,11069820.92284390,31/01/2025 03:59,15797,61.48566000,6413529.35480330
31/01/2025 04:00,104319.20000000,104344.46000000,104360.41000000,104283.03000000,55.04481000,5742383.09886060,31/01/2025 04:14,13418,27.48045000,2866667.03242240
31/01/2025 04:15,104500.36000000,104319.21000000,104547.24000000,104177.16000000,81.58522000,8519243.23743140,31/01/2025 04:29,27950,42.30055000,4416914.96729290
31/01/2025 04:30,104244.00000000,104500.35000000,104520.39000000,104205.59000000,93.97590000,9807460.16113020,31/01/2025 04:44,19881,29.98107000,3128918.24471530
31/01/2025 04:45,104007.58000000,104244.01000000,104244.01000000,103972.13000000,164.44537000,17112504.05340760,31/01/2025 04:59,23792,82.76028000,8609865.67689310
31/01/2025 05:00,104380.01000000,104007.59000000,104467.06000000,104007.59000000,117.79087000,12282984.15421970,31/01/2025 05:14,24487,88.60377000,9239051.57848420
31/01/2025 05:15,104418.86000000,104380.01000000,104484.09000000,104380.00000000,61.51159000,6423289.40840410,31/01/2025 05:29,10995,36.04885000,3764328.63708040
31/01/2025 05:30,104340.33000000,104418.87000000,104441.80000000,104323.91000000,45.69661000,4769334.88814660,31/01/2025 05:44,17952,22.14828000,2311509.06322980
31/01/2025 05:45,104319.87000000,104340.34000000,104364.37000000,104258.29000000,134.47672000,14024651.91990960,31/01/2025 05:59,17946,64.24199000,6700231.44435310
31/01/2025 06:00,104431.38000000,104319.87000000,104500.00000000,104298.73000000,94.87598000,9908298.96842120,31/01/2025 06:14,25584,40.65809000,4245289.36736950
31/01/2025 06:15,104539.84000000,104431.38000000,104557.34000000,104431.37000000,50.19916000,5244526.09955740,31/01/2025 06:29,15975,30.52506000,3189135.74972870
31/01/2025 06:30,104605.44000000,104539.83000000,104631.95000000,104521.08000000,77.19308000,8073182.41361460,31/01/2025 06:44,19481,36.79157000,3847940.69801190
31/01/2025 06:45,104511.02000000,104605.44000000,104745.10000000,104509.80000000,105.58495000,11047401.40696380,31/01/2025 06:59,25248,48.57230000,5082594.20269520
31/01/2025 07:00,104627.46000000,104511.03000000,104638.30000000,104470.58000000,80.70927000,8436991.60925090,31/01/2025 07:14,15592,42.19718000,4411301.99857530
31/01/2025 07:15,104676.71000000,104627.45000000,104814.46000000,104627.45000000,84.08064000,8805706.67069270,31/01/2025 07:29,18425,46.60113000,4880393.68774330
31/01/2025 07:30,104291.07000000,104676.71000000,104676.72000000,104263.47000000,239.82635000,25045110.05969750,31/01/2025 07:44,29297,70.24512000,7334786.48545620
31/01/2025 07:45,104188.56000000,104291.06000000,104291.06000000,104002.01000000,381.94215000,39775219.74916300,31/01/2025 07:59,43697,142.86994000,14879368.12152400
31/01/2025 08:00,104116.04000000,104188.57000000,104321.98000000,104116.03000000,137.74568000,14356041.70283020,31/01/2025 08:14,24675,70.09112000,7305583.68825230
31/01/2025 08:15,104083.56000000,104116.04000000,104318.76000000,104013.63000000,143.00073000,14892365.89599480,31/01/2025 08:29,26440,74.26145000,7734332.45414400
31/01/2025 08:30,104233.23000000,104083.55000000,104252.60000000,104036.90000000,51.89005000,5405059.99949120,31/01/2025 08:44,20888,29.17378000,3038903.40674800
31/01/2025 08:45,104028.78000000,104233.23000000,104233.23000000,104023.91000000,109.35525000,11383442.02520350,31/01/2025 08:59,19421,49.12981000,5113872.48625470
31/01/2025 09:00,103950.23000000,104028.79000000,104138.99000000,103950.01000000,169.61095000,17645548.85154420,31/01/2025 09:14,27498,55.19123000,5742623.94586150
31/01/2025 09:15,104193.63000000,103950.23000000,104230.52000000,103936.54000000,187.49241000,19504842.78638390,31/01/2025 09:29,28302,115.37261000,12001678.73280030
31/01/2025 09:30,104176.01000000,104193.64000000,104329.73000000,104142.58000000,144.42698000,15058405.34590400,31/01/2025 09:44,33361,100.22800000,10450669.53018850
31/01/2025 09:45,104256.56000000,104176.02000000,104262.27000000,104119.15000000,176.40326000,18375483.61908010,31/01/2025 09:59,19087,96.33594000,10034643.63921020
31/01/2025 10:00,104249.99000000,104256.57000000,104310.53000000,104208.00000000,57.53121000,5997745.92686310,31/01/2025 10:14,15609,26.70908000,2784367.51692820
31/01/2025 10:15,104153.96000000,104250.00000000,104310.52000000,104080.10000000,83.14344000,8659565.56308260,31/01/2025 10:29,19433,23.88357000,2488269.33191600
31/01/2025 10:30,104299.99000000,104153.96000000,104300.00000000,104100.64000000,66.98814000,6979313.33823500,31/01/2025 10:44,12770,42.17871000,4394825.03551160
31/01/2025 10:45,104284.10000000,104299.99000000,104431.49000000,104272.00000000,90.91494000,9485486.47456380,31/01/2025 10:59,22728,62.22516000,6492449.60070450
31/01/2025 11:00,104725.02000000,104284.10000000,104732.51000000,104284.10000000,203.22098000,21240996.40870390,31/01/2025 11:14,41254,148.90734000,15562311.32445960
31/01/2025 11:15,104823.50000000,104725.02000000,104848.65000000,104610.06000000,165.81315000,17364475.63986140,31/01/2025 11:29,41357,84.93034000,8894161.15237190
31/01/2025 11:30,104741.12000000,104823.50000000,104823.50000000,104627.92000000,114.39309000,11982708.42711090,31/01/2025 11:44,26820,67.04867000,7023930.27188350
31/01/2025 11:45,104736.00000000,104741.13000000,104817.57000000,104551.35000000,90.87994000,9512531.04541560,31/01/2025 11:59,22399,45.28482000,4739905.94671210
31/01/2025 12:00,104691.88000000,104736.01000000,104757.45000000,104612.07000000,146.05817000,15293205.94118730,31/01/2025 12:14,31055,59.60634000,6240848.54168700
31/01/2025 12:15,104705.89000000,104691.88000000,104918.30000000,104669.55000000,147.89239000,15496218.69076410,31/01/2025 12:29,29583,61.16920000,6409843.34912500
31/01/2025 12:30,104619.74000000,104705.89000000,104726.96000000,104553.71000000,224.70768000,23512997.52774830,31/01/2025 12:44,31214,106.16546000,11107875.21980550
31/01/2025 12:45,104704.68000000,104619.74000000,104773.04000000,104619.73000000,94.83006000,9926358.40844730,31/01/2025 12:59,19079,47.18811000,4939559.23844990
31/01/2025 13:00,104902.05000000,104704.69000000,105036.03000000,104704.68000000,203.89483000,21396580.61846090,31/01/2025 13:14,37445,124.83235000,13099813.35863370
31/01/2025 13:15,104862.74000000,104902.05000000,104951.43000000,104750.01000000,131.56628000,13796013.06750810,31/01/2025 13:29,32162,56.39473000,5913685.30364010
31/01/2025 13:30,104635.84000000,104862.74000000,104939.99000000,104551.09000000,231.37644000,24222652.15976930,31/01/2025 13:44,45076,104.41036000,10930211.15478370
31/01/2025 13:45,104664.02000000,104635.83000000,104732.00000000,104563.04000000,93.23005000,9756443.87107700,31/01/2025 13:59,26170,44.52736000,4660068.72847340
31/01/2025 14:00,104664.06000000,104664.01000000,104760.23000000,104549.01000000,159.25864000,16665781.44181000,31/01/2025 14:14,32448,83.47164000,8735464.70503720
31/01/2025 14:15,104721.31000000,104664.06000000,104768.71000000,104470.58000000,150.28813000,15722508.88573480,31/01/2025 14:29,33734,64.31140000,6729637.70804900
31/01/2025 14:30,104485.11000000,104721.31000000,104860.00000000,104169.00000000,506.36785000,52858427.13540820,31/01/2025 14:44,84041,195.19228000,20380542.74726060
31/01/2025 14:45,104442.79000000,104485.12000000,104523.92000000,104106.00000000,248.70130000,25944059.89368180,31/01/2025 14:59,50062,112.97868000,11786770.02971610
31/01/2025 15:00,104869.49000000,104443.99000000,104981.52000000,104443.99000000,345.15842000,36152740.32544880,31/01/2025 15:14,69413,224.06264000,23470571.80569140
31/01/2025 15:15,105166.25000000,104869.49000000,105200.00000000,104565.21000000,624.76527000,65529210.79107650,31/01/2025 15:29,96195,367.97031000,38603356.67269570
31/01/2025 15:30,105641.98000000,105166.24000000,105848.92000000,105104.53000000,851.26054000,89867310.29315840,31/01/2025 15:44,140009,554.22115000,58508704.43405960
31/01/2025 15:45,105464.01000000,105641.99000000,106012.00000000,105381.53000000,670.29617000,70868741.91571580,31/01/2025 15:59,94221,451.27845000,47721731.49492360
31/01/2025 16:00,105240.00000000,105464.00000000,105574.40000000,105120.01000000,377.52157000,39787349.41901070,31/01/2025 16:14,64141,196.93991000,20756368.10125360
31/01/2025 16:15,104804.01000000,105240.00000000,105312.00000000,104696.23000000,385.44757000,40493375.60029690,31/01/2025 16:29,70649,120.21400000,12628630.09622420
31/01/2025 16:30,104988.04000000,104804.01000000,105098.76000000,104795.26000000,266.84718000,28001907.28222040,31/01/2025 16:44,58160,164.39761000,17250671.17166930
31/01/2025 16:45,105081.87000000,104988.04000000,105101.06000000,104975.00000000,221.35048000,23250210.00920880,31/01/2025 16:59,39002,121.87539000,12801223.20719990
31/01/2025 17:00,104835.36000000,105081.86000000,105081.87000000,104542.00000000,237.53647000,24883709.97291270,31/01/2025 17:14,61939,117.43888000,12301070.62251030
31/01/2025 17:15,104995.75000000,104835.35000000,104995.75000000,104688.00000000,165.57058000,17353409.59338590,31/01/2025 17:29,42043,85.34794000,8946327.02945300
31/01/2025 17:30,104757.30000000,104995.75000000,105025.92000000,104627.45000000,165.50040000,17344733.24536170,31/01/2025 17:44,34939,61.85313000,6482618.41077160
31/01/2025 17:45,104580.87000000,104757.29000000,104823.48000000,104580.87000000,131.89076000,13809105.09413230,31/01/2025 17:59,28790,53.01562000,5550891.83172540
31/01/2025 18:00,104772.31000000,104580.87000000,104772.63000000,104499.37000000,137.89930000,14422117.95533000,31/01/2025 18:14,30403,73.21971000,7657687.80900150
31/01/2025 18:15,104018.68000000,104772.31000000,104820.00000000,104000.00000000,427.66092000,44595221.41279380,31/01/2025 18:29,94430,163.89254000,17091568.87476020
31/01/2025 18:30,103096.27000000,104018.67000000,104018.67000000,103000.01000000,1020.13046000,105572174.75554880,31/01/2025 18:44,199085,387.38385000,40091653.48762480
31/01/2025 18:45,102627.29000000,103096.27000000,103181.81000000,102605.00000000,872.38321000,89732812.09706060,31/01/2025 18:59,173079,354.47930000,36461975.68021810
31/01/2025 19:00,102670.00000000,102627.29000000,103016.66000000,102505.00000000,587.46265000,60335414.93890440,31/01/2025 19:14,139563,279.15439000,28676704.03296650
31/01/2025 19:15,102508.33000000,102670.00000000,102959.37000000,102138.80000000,575.69984000,58966576.16243370,31/01/2025 19:29,133068,253.39207000,25957675.88044540
31/01/2025 19:30,102350.00000000,102508.33000000,102659.45000000,102263.12000000,376.84432000,38623510.28745160,31/01/2025 19:44,116609,148.41655000,15212914.74836410
31/01/2025 19:45,102312.32000000,102350.01000000,102527.92000000,102122.00000000,427.10261000,43683263.23228660,31/01/2025 19:59,111108,207.45979000,21220012.08196830
31/01/2025 20:00,102118.09000000,102312.31000000,102312.31000000,102059.02000000,330.23745000,33741183.08203400,31/01/2025 20:14,101202,151.76358000,15505826.67506360
31/01/2025 20:15,101938.43000000,102118.10000000,102271.67000000,101694.87000000,637.49710000,64979618.57749080,31/01/2025 20:29,135835,269.98581000,27515377.70621260
31/01/2025 20:30,101855.27000000,101938.42000000,102321.42000000,101770.15000000,443.10957000,45202982.16313720,31/01/2025 20:44,116193,210.56497000,21478711.54772610
31/01/2025 20:45,101680.02000000,101855.26000000,102077.77000000,101603.23000000,598.69625000,60953199.66475070,31/01/2025 20:59,102136,254.20378000,25878443.01006570
31/01/2025 21:00,101654.83000000,101680.02000000,101948.96000000,101617.47000000,263.40980000,26796821.53891340,31/01/2025 21:14,63874,115.31257000,11731487.34339900
31/01/2025 21:15,101625.31000000,101654.84000000,101863.15000000,101608.00000000,287.54566000,29243995.94203660,31/01/2025 21:29,49842,141.02688000,14343071.24797910
31/01/2025 21:30,101896.01000000,101625.32000000,101958.88000000,101560.00000000,294.74595000,30004021.18689830,31/01/2025 21:44,47515,149.45517000,15212198.40039650
31/01/2025 21:45,102148.73000000,101896.01000000,102166.11000000,101784.68000000,201.87326000,20599474.94200870,31/01/2025 21:59,45898,97.78765000,9977463.29544130
31/01/2025 22:00,101995.10000000,102148.72000000,102241.64000000,101918.46000000,173.91737000,17754186.25319300,31/01/2025 22:14,38624,82.90288000,8463114.03666550
31/01/2025 22:15,102366.06000000,101995.10000000,102380.66000000,101949.39000000,148.55783000,15184720.82673640,31/01/2025 22:29,23943,100.24417000,10246741.87900290
31/01/2025 22:30,102473.48000000,102366.07000000,102480.00000000,102241.24000000,220.67319000,22595656.97910920,31/01/2025 22:44,26094,108.91384000,11151297.86516130
31/01/2025 22:45,102261.30000000,102473.49000000,102482.94000000,102050.00000000,216.80883000,22164185.62585200,31/01/2025 22:59,29670,107.89176000,11026210.64239560
31/01/2025 23:00,102143.20000000,102261.29000000,102261.29000000,101955.00000000,240.07910000,24508607.78863900,31/01/2025 23:14,37607,79.37145000,8104419.59999860
31/01/2025 23:15,102268.05000000,102143.21000000,102268.05000000,102119.12000000,124.31224000,12706064.69672750,31/01/2025 23:29,14334,92.05155000,9408753.88110200
31/01/2025 23:30,102290.99000000,102268.04000000,102290.99000000,102089.84000000,89.04151000,9100515.63458350,31/01/2025 23:44,21627,48.63473000,4970693.59451260
31/01/2025 23:45,102429.56000000,102290.99000000,102439.31000000,102230.04000000,133.87954000,13706163.68207210,31/01/2025 23:59,20731,75.11890000,7690455.23380250
01/02/2025 00:00,102531.98000000,102429.56000000,102570.64000000,102274.50000000,140.40530000,14384414.55776550,01/02/2025 00:14,33542,76.85983000,7873699.12627080
